note_id,type,title,desc,video_url,time,last_update_time,user_id,nickname,avatar,liked_count,collected_count,comment_count,share_count,ip_location,image_list,tag_list,last_modify_ts,note_url,source_keyword,xsec_token
68c90c5e000000001300f86d,normal,大疆 还是忍不住入手了,"书接上回，自动上下水版本预留柜子装不进去退掉之后，我又买了水箱版！
	
购买原因：预留柜子的尺寸其他家的上下水版本也装不了，只能装水箱版，犹豫很长时间后还是决定买大疆，主要还是相信大疆的工业设计能力和产品体验
	
#扫地机器人[话题]# #大疆ROMO扫地机器人[话题]# #",,1758006366000,1758006367000,5e42b52a0000000001002cbb,watt,https://sns-avatar-qc.xhscdn.com/avatar/5e42b556c1e2f000016f75e6.jpg,1.1万,1020,392,1290,,"http://sns-webpic-qc.xhscdn.com/202511221523/7f10c4131cef45436059040b08e647e5/1040g00831mg0s0fj682g5ni2mkl08b5r0b1jdlg!nd_dft_wgth_webp_3,http://sns-webpic-qc.xhscdn.com/202511221523/187be1039ca16251fb50aa8bd0ae9950/1040g00831mg0s0fj680g5ni2mkl08b5ru50vkog!nd_dft_wgth_webp_3,http://sns-webpic-qc.xhscdn.com/202511221523/17db4c1138a05ad0126c0a385d944f14/1040g00831mg0s0fj68105ni2mkl08b5r0geg858!nd_dft_wgth_webp_3,http://sns-webpic-qc.xhscdn.com/202511221523/a51fe3d55792ebd60ba992b9ef3ea979/1040g00831mg0s0fj681g5ni2mkl08b5rlt8c2eg!nd_dft_wgth_webp_3,http://sns-webpic-qc.xhscdn.com/202511221523/677a1ea4a873612ac0ebc72c4330e6b1/1040g00831mg0s0fj68205ni2mkl08b5rj7mnk08!nd_dft_wlteh_webp_3,http://sns-webpic-qc.xhscdn.com/202511221523/9dc0585ad7dbc9df0731271445b620ce/1040g00831mg0s0fj68005ni2mkl08b5rsm2vsdg!nd_dft_wlteh_webp_3","扫地机器人,大疆ROMO扫地机器人",1763796257895,https://www.xiaohongshu.com/explore/68c90c5e000000001300f86d?xsec_token=ABIfWdWI2eShWSvV-6VlhReBT4Wyaq289Qr_bGZ1KQ3xc=&xsec_source=pc_search,大疆扫地机器人怎么样,ABIfWdWI2eShWSvV-6VlhReBT4Wyaq289Qr_bGZ1KQ3xc=
6896b942000000002500c009,normal,大疆扫地机初体验(啰嗦版),"ROMO P上下水版，很久之前用的还是石头那种只有充电底座的，垃圾拖布啥的都要自己倒自己洗，想重新买挺久了。看大疆出来了扫地机，没敢冲首发，纠结了一天[失望R]，看了一天评测和帖子，决定还是买回来试试哈哈哈
昨天到货就约了师傅上门安装，直接装在阳台了，很顺畅。昨天干了一遍活，早上起来又让它出了干了遍活
	
先说结论，对我来说，够用！我实现光脚自由了哈哈哈，已经决定留下来了
	
然后细说下优缺点
1. 建图很快，昨天建图的时候几分钟就搞定了
2. 边边角角都给我扫到拖到了，而且也都贴得很近，还有我那陈年扫不到的衣柜底部也进去了，感动😂
3. 拖完地面看起来很干净，没水渍，也一下子就干了，可能也跟我家地面材料有关？
4. 越障我觉得还行啊，买之前最纠结就是这个，我家两个槛，都在2cm出头，还有一个推拉门，就怕过不去，回来试了两天，能过哈哈哈。不过还有个点就我是在app关掉了跌落检测的，看提示说能提升越障能力，看好多说越障不行的姐妹感觉也可以关掉试试
5. 洗拖布时间好像有一丢丢久，不过也可能是因为我这两天一直盯着它干活，把我心理时长拉长了[笑哭R]，但是冲着官方宣传的200天免维护，也能接受了，毕竟平时都是我上班它干活，也不会一直呆在那看它
	
暂时先这些了，有啥问题随时问哈哈哈[害羞R]
	
#扫地机器人[话题]# #解放双手的扫地机[话题]# #扫地机器人怎么选[话题]# #扫地[话题]# #拖地[话题]#",,1754708290000,1754708674000,5bb8c8bd3b41e5000138b7cb,TTT,https://sns-avatar-qc.xhscdn.com/avatar/1040g2jo31gbfa3aqj86g4bb7be4brdubpr203io,5435,2261,538,1593,,"http://sns-webpic-qc.xhscdn.com/202511221523/bf4fb5c6183fd2613806ac16fe74620d/notes_pre_post/1040g3k031kus7qm8kk004bb7be4brdubo5mvoq8!nd_dft_wlteh_webp_3,http://sns-webpic-qc.xhscdn.com/202511221523/aab88f7e3b13c141b09525c00f96db06/notes_pre_post/1040g3k031kus7qutjq0g4bb7be4brdubmsn101o!nd_dft_wgth_webp_3,http://sns-webpic-qc.xhscdn.com/202511221523/0b223f340e700dab9d891c7b27d398d1/notes_pre_post/1040g3k031kus7se8jq004bb7be4brdubid8psjo!nd_dft_wlteh_webp_3,http://sns-webpic-qc.xhscdn.com/202511221523/770cbb79a1457d970f9c0b8c900ef63a/notes_pre_post/1040g3k031kus7ru4ia004bb7be4brdubiucudu8!nd_dft_wgth_webp_3,http://sns-webpic-qc.xhscdn.com/202511221523/102a6d7e4e0813db3b1cfd1de651d070/notes_pre_post/1040g3k031kus7rem4k004bb7be4brdublofkem8!nd_dft_wgth_webp_3","扫地机器人,解放双手的扫地机,扫地机器人怎么选,扫地,拖地",1763796257908,https://www.xiaohongshu.com/explore/6896b942000000002500c009?xsec_token=AB9ANBVNVJT5I7PdnK9i8_As0SAJPtJT7dDe3ivDqm9Jo=&xsec_source=pc_search,大疆扫地机器人怎么样,AB9ANBVNVJT5I7PdnK9i8_As0SAJPtJT7dDe3ivDqm9Jo=
68d36e0c000000000e00c3f9,normal,纠结大疆romo扫地机器人好不好的看这里！,"如题！我家之前是石头g10s顶配版。花了5000左右。
最近坏了换了大疆。我说说感受哈！
最大最大的区别！噪音完全无感，之前我老婆总会说太吵，不让开扫地机器人，这个昨天我老婆在房间睡觉，机器人不小心进去了，我老婆居然说不吵，能接受！
2.完全不智障了！目前用了一周，家里地上孩子各种玩具很多，一次都没有卡住过！
3.清扫时间是不快的，但是效率贼高。这话怎么理解？就是我让他去拿扫马上到目的地，速度慢，但是扫的干净啊，边刷，拖把都会伸出来。
4.越障能力大大提升。我家之前有个坎，我装了门槛条，还是过不去，落差大概3-4cm。。大疆它居然会想着斜着一步一步往上爬！聪明！
5.颜值无敌
6.我以前是米粉，现在是大疆粉！
我买的透明机器加普通基座上下水版本，因为我装在阳台外面有柜子。我觉得也够用了。",,1758686732000,1758686733000,5c0958e8000000000501545e,小北,https://sns-avatar-qc.xhscdn.com/avatar/1040g2jo31ijl1oqu02004busllcegl2uoen79i8,4420,1672,542,1424,,"http://sns-webpic-qc.xhscdn.com/202511221523/6c84fe8e5e074aecd4469343208300b1/1040g00831mq57c5i6g0g4busllcegl2uq42kkv0!nd_dft_wlteh_webp_3,http://sns-webpic-qc.xhscdn.com/202511221523/5ca12f3282e00c1fa358624525c415a2/1040g00831mq57c5i6g204busllcegl2uajp32n0!nd_dft_wlteh_webp_3,http://sns-webpic-qc.xhscdn.com/202511221523/69144230108ac53edbed20e82e2740d1/1040g00831mq57c5i6g1g4busllcegl2u611vqfg!nd_dft_wlteh_webp_3,http://sns-webpic-qc.xhscdn.com/202511221523/95b88cd59c564c81d995169a27909af4/1040g00831mq57c5i6g004busllcegl2ui68qou0!nd_dft_wlteh_webp_3,http://sns-webpic-qc.xhscdn.com/202511221523/e6d641bbf7e2e871d3b2f35cc1e59250/1040g00831mq57c5i6g104busllcegl2uelkq9po!nd_dft_wlteh_webp_3",,1763796257913,https://www.xiaohongshu.com/explore/68d36e0c000000000e00c3f9?xsec_token=ABrMKw2SvhXQ0GydyV60Bc6no5DNxv2JIoTqBP6X0_CFw=&xsec_source=pc_search,大疆扫地机器人怎么样,ABrMKw2SvhXQ0GydyV60Bc6no5DNxv2JIoTqBP6X0_CFw=
6900b236000000000700ac85,video,让家从容洁净，家务伙伴大疆 ROMO P,"以前总觉得，维持一个家的洁净，是一场无止境的循环。直到家里多了一个安静忙碌的小帮手——大疆ROMO  P扫地机器人，生活的节奏，忽然就变得从容起来。
#大疆ROMOP[话题]# #大疆ROMO扫地机器人[话题]# #大疆ROMO[话题]# #扫地机器人[话题]# #大疆扫地机器人[话题]# #大疆Romo扫地机器人[话题]##清洁电器[话题]# #智能家居[话题]# #家的养成计划[话题]# #每一种生活都值得记录[话题]#",http://sns-video-bd.xhscdn.com/pre_post/1040g0cg31o6bjbvo52l05oq3rif6bji5e4an4og,1761711834000,1761653303000,6343dc9e000000001901ce45,当然爱生活,https://sns-avatar-qc.xhscdn.com/avatar/1040g2jo31mrssabj50105oq3rif6bji5erkd61g,4415,2371,94,19,陕西,http://sns-webpic-qc.xhscdn.com/202511221523/8c3655ae2a2254318fc8636865963692/1040g00831o6bjbvql0005oq3rif6bji5gfihlp0!nd_dft_wlteh_webp_3,"大疆ROMOP,大疆ROMO扫地机器人,大疆ROMO,扫地机器人,大疆扫地机器人,大疆Romo扫地机器人,清洁电器,智能家居,家的养成计划,每一种生活都值得记录",1763796257925,https://www.xiaohongshu.com/explore/6900b236000000000700ac85?xsec_token=ABeg42dOEEF4C3bXvjw29ePcYtq2wilm-sMpegREJzq1A=&xsec_source=pc_search,大疆扫地机器人怎么样,ABeg42dOEEF4C3bXvjw29ePcYtq2wilm-sMpegREJzq1A=
68ff4c01000000000300d07d,video,二胎家庭清洁难题被大疆ROMO P轻松KO！,"当妈后才知道，什么叫刚打扫完，转身就回到解放前。
我家两个宝儿太会折腾了，饼干渣、泼牛奶…
我每天和地板上的烂摊子斗智斗勇，真的太消耗人了！
直到遇见大疆ROMO P扫地机器人，我才真正被解救出来！
它能聪明避障，清洁到位，就连基站都能自清洁，妥妥的清洁帮手。
现在家里被打扫得干干净净，宝宝光脚乱跑我也不担心啦~
它换来的不只是干净，更是能安心陪娃的宝贵时间和精力
#扫地机器人[话题]##大疆扫地机器人[话题]##大疆ROMO扫地机器人[话题]##大疆ROMO[话题]# P #清洁电器[话题]##智能家居[话题]##带娃好物分享[话题]##宝妈必备[话题]##育儿神器[话题]##我的智能家居[话题]# #科技拯救妈妈[话题]##扫地机器人推荐[话题]# #光脚自由[话题]# #真香现场[话题]#",http://sns-video-bd.xhscdn.com/pre_post/1040g0cg31o4v83246g005nvv3p508l8ni0b1he8,1761570149000,1761561601000,5fff1e4a0000000001005517,Fay夫人（大平层装修中）,https://sns-avatar-qc.xhscdn.com/avatar/1040g2jo31mrs0npu5i005nvv3p508l8nvn3tpbg,4344,853,163,13,湖南,http://sns-webpic-qc.xhscdn.com/202511221523/440166defb0d8c3cdec57a1e336f3041/1040g2sg31o4rgaiumg005oj8j12odcv2csm91io!nd_dft_wlteh_webp_3,"扫地机器人,大疆扫地机器人,大疆ROMO扫地机器人,大疆ROMO,清洁电器,智能家居,带娃好物分享,宝妈必备,育儿神器,我的智能家居,科技拯救妈妈,扫地机器人推荐,光脚自由,真香现场",1763796257942,https://www.xiaohongshu.com/explore/68ff4c01000000000300d07d?xsec_token=ABcbQZhpZdRAbiBGBCMdbnfbRJUL-42zenSd8HFsHVwMU=&xsec_source=pc_search,大疆扫地机器人怎么样,ABcbQZhpZdRAbiBGBCMdbnfbRJUL-42zenSd8HFsHVwMU=
69203cc3000000001e000b53,video,新家已经差不多完工啦～,#大疆ROMO扫地机器人[话题]##扫地机器人[话题]##大疆扫地机器人[话题]#,http://sns-video-bd.xhscdn.com/1040g00g31p54j9h52ce05o9r0qg0kp71c9nmnp0,1763726685000,1763722952000,613b06a000000000020264e1,小豆腐Molly,https://sns-avatar-qc.xhscdn.com/avatar/1040g2jo319chhfc2lq005o9r0qg0kp71tqg9b80,4370,206,149,193,浙江,http://sns-webpic-qc.xhscdn.com/202511221523/7ba3270bc99be783e7381a35431885b2/1040g00831p54j9hkia105o9r0qg0kp7105rl6u0!nd_dft_wlteh_webp_3,"大疆ROMO扫地机器人,扫地机器人,大疆扫地机器人",1763796257950,https://www.xiaohongshu.com/explore/69203cc3000000001e000b53?xsec_token=AB5Ig78hbGgvbHXaO2LMrxtDtv-GEPidLyc7sCyDeUmOI=&xsec_source=pc_search,大疆扫地机器人怎么样,AB5Ig78hbGgvbHXaO2LMrxtDtv-GEPidLyc7sCyDeUmOI=
691ee07b000000000d03d404,video,挑战一整天不闯祸...,是很乘的小狗了～竟然还会用大疆 ROMO P帮妈妈打扫卫生！#小狗[话题]# #小花花的每一天[话题]# #宠物生活月刊[话题]# #扫地机器人[话题]# #大疆扫地机器人[话题]# #大疆ROMOP[话题]# #大疆ROMO扫地机器人[话题]#,http://sns-video-bd.xhscdn.com/pre_post/1040g2t031p3qn6p7iseg5n5b111ls7d7aqom1s0,1763634687000,1763631409000,5cab08430000000017021da7,小花花的每一天,https://sns-avatar-qc.xhscdn.com/avatar/6250407c9a6b6bd137d8ef34.jpg,3677,487,140,341,安徽,http://sns-webpic-qc.xhscdn.com/202511221523/240fba3a921b3829ba1b25caf4887bb6/1040g2sg31p3qn6p72seg5n5b111ls7d7pkfuk1o!nd_dft_wlteh_webp_3,"小狗,小花花的每一天,宠物生活月刊,扫地机器人,大疆扫地机器人,大疆ROMOP,大疆ROMO扫地机器人",1763796257960,https://www.xiaohongshu.com/explore/691ee07b000000000d03d404?xsec_token=ABGcoNxGF7gmRGjE4AbMbcLcv1Z-yBewxKmSZgDZQe7fM=&xsec_source=pc_search,大疆扫地机器人怎么样,ABGcoNxGF7gmRGjE4AbMbcLcv1Z-yBewxKmSZgDZQe7fM=
690482d200000000050105c7,video,大疆ROMO S的黄金三角！懒人必备的瑰宝😍,"看，大疆ROMO S来啦！🤖✨
这家伙可是把无人机的“黑科技”用在了扫地拖地上，堪称地面的“贴地飞行器”！
它有一双毫米级精准的“透视眼”👀，什么数据线、拖鞋、甚至透明玻璃杯都能聪明绕开，彻底告别“车祸现场”。
清洁力也是“大力士”级别，25000Pa飓风吸力💨，配合能外扩8厘米的“灵活小胳膊”，边边角角的灰尘都无处可逃。
最棒的是，它还是个“全自动小管家”，打扫完自己就跑回基站“洗澡烘干”🚿，真正让你实现“光脚自由”🦶，懒人生活幸福指数直接拉满！🎉
#扫地机器人[话题]# #大疆扫地机器人[话题]# #大疆ROMO扫地机器人[话题]# #扫地机器人测评[话题]# #清洁电器[话题]# #家电选购指南[话题]# #智能家居[话题]#",http://sns-video-bd.xhscdn.com/1040g00g31oa33rqgl88g5odo2ae40l2jv0l9780,1761911973000,1761903315000,61b8129c0000000010005453,苏喜家装记,https://sns-avatar-qc.xhscdn.com/avatar/1040g2jo31kbnvpq1iu105odo2ae40l2j9f8afoo,3090,2046,115,16,广东,http://sns-webpic-qc.xhscdn.com/202511221523/65ba9bcd4a423172cb951e2c64b8bd1f/1040g00831oa33r7ql8005odo2ae40l2j8rnjvhg!nd_dft_wlteh_webp_3,"扫地机器人,大疆扫地机器人,大疆ROMO扫地机器人,扫地机器人测评,清洁电器,家电选购指南,智能家居",1763796257972,https://www.xiaohongshu.com/explore/690482d200000000050105c7?xsec_token=ABDzWR6AmJqLpzjApHhYORfu3J7AJRZNfIciLpPt36dDw=&xsec_source=pc_search,大疆扫地机器人怎么样,ABDzWR6AmJqLpzjApHhYORfu3J7AJRZNfIciLpPt36dDw=
6892f751000000000302676b,video,最奇特的大疆产品？DJI ROMO上手,DJI ROMO应该是大疆最奇特的产品之一了，作为大疆的第一款扫地机，你会发现它和我们熟悉的无人机有着非常高的同源性，这一次，我们从智能性、清洁能力和实用性三个维度，来和你一起看看，DJI ROMO用起来到底怎么样。如果你喜欢这期节目，请多多支持我们，并把视频分享给你的朋友们一起看看！ ﻿#科技[话题]#﻿ ﻿#数码[话题]#﻿ ﻿#DJI[话题]#﻿ ﻿#大疆[话题]#﻿ ﻿#大疆新品[话题]#﻿ ﻿#ROMO[话题]#﻿ ﻿#扫地机[话题]#﻿ ﻿#扫地机器人[话题]#﻿﻿,http://sns-video-bd.xhscdn.com/spectrum/1040g35031krcd2aaig0g5n33i644h64j3sqrrdg,1754483426000,1754473786000,5c6391880000000012009893,影视飓风,https://sns-avatar-qc.xhscdn.com/avatar/1000g2jo2mc0g5egju06g5n33i644h64jgr96md8,2871,603,291,1994,,http://sns-webpic-qc.xhscdn.com/202511221523/9d91af07e916fb53f5a450d4e164c2c3/spectrum/1040g0k031kr6pv442a005n33i644h64j0747atg!nd_dft_wlteh_webp_3,"科技,数码,DJI,大疆,大疆新品,ROMO,扫地机,扫地机器人",1763796257991,https://www.xiaohongshu.com/explore/6892f751000000000302676b?xsec_token=ABSBP7LUA_BMhmIXZ0mR6d4lJKGXxGMp_EPqtN5TcKOuA=&xsec_source=pc_search,大疆扫地机器人怎么样,ABSBP7LUA_BMhmIXZ0mR6d4lJKGXxGMp_EPqtN5TcKOuA=
691ee0e1000000001d03aae9,video,带娃脏乱的家，被大疆 ROMO S硬控了！,"育儿师，也怕带娃搞卫生！
之前扫地机吸发卡、漏垃圾！还要监督“上班”
比自己打扫一遍还累
直到入了大疆 ROMO S
才体验到“带着脑子工作”的扫地机器人有多香！
#扫地机器人[话题]# #大疆扫地机器人[话题]# #大疆ROMOS[话题]# #大疆ROMO扫地机器人[话题]##扫地机器人测评[话题]# #清洁电器[话题]# #家电选购指南[话题]# #智能家居[话题]#",http://sns-video-bd.xhscdn.com/pre_post/1040g0cg31p3qpo1328rg5pd2j2e8grnra6r38n0,1763633638000,1763631330000,65a2989c0000000022006efb,博士妈妈-joan,https://sns-avatar-qc.xhscdn.com/avatar/1040g2jo31h4nl05rjc505pd2j2e8grnrc4r4fto,2361,1240,71,8,江西,http://sns-webpic-qc.xhscdn.com/202511221523/051ade895c19e124bf95162ce71a4da8/1040g2sg31p3qpmtli8405pd2j2e8grnr47g61ag!nd_dft_wlteh_webp_3,"扫地机器人,大疆扫地机器人,大疆ROMOS,大疆ROMO扫地机器人,扫地机器人测评,清洁电器,家电选购指南,智能家居",1763796257996,https://www.xiaohongshu.com/explore/691ee0e1000000001d03aae9?xsec_token=ABGcoNxGF7gmRGjE4AbMbcLYsZPSvKS4ni7bFxtWF5yn4=&xsec_source=pc_search,大疆扫地机器人怎么样,ABGcoNxGF7gmRGjE4AbMbcLYsZPSvKS4ni7bFxtWF5yn4=
6903723800000000050121c6,video,买对不买贵，3款网红扫地机器人横测！,"🌟避障全靠撞、洗完还更脏？三款热门扫地机实测，谁能真正解放双手！[鼓掌R][鼓掌R][鼓掌R]
#扫地机器人[话题]# #大疆ROMOS[话题]##大疆扫地机器人[话题]##大疆ROMO扫地机器人[话题]##扫地机器人测评[话题]# #清洁电器[话题]# #家电选购指南[话题]# #智能家居[话题]#",http://sns-video-bd.xhscdn.com/pre_post/1040g2t031o91crm8lmlg5p0dqq8qa58ud4rc0q0,1761879932000,1761833528000,640dd691000000002901151e,阿K设计家,https://sns-avatar-qc.xhscdn.com/avatar/1040g2jo3170qoora440g5p0dqq8qa58ui38d708,2064,1560,76,13,山东,http://sns-webpic-qc.xhscdn.com/202511221523/ff56b1ca2719602bc4506d8fee630685/1040g2sg31o91t06i58e05p0dqq8qa58uirakv2o!nd_dft_wlteh_webp_3,"扫地机器人,大疆ROMOS,大疆扫地机器人,大疆ROMO扫地机器人,扫地机器人测评,清洁电器,家电选购指南,智能家居",1763796258005,https://www.xiaohongshu.com/explore/6903723800000000050121c6?xsec_token=ABF8cIB4su4jed4iO0fushPGwFrKL6xVdQlVMNHvCJD6Y=&xsec_source=pc_search,大疆扫地机器人怎么样,ABF8cIB4su4jed4iO0fushPGwFrKL6xVdQlVMNHvCJD6Y=
691ee41a000000001d03cefb,video,家里3娃1狗也能lay back？😏我们的秘密..㊙️,其实和所有家庭一样 只要你有孩子 家里就注定会变乱 而我们有3个 那就会..乱的非常快！想要保持干净还想要省时省心 那就必须搬出我们的秘密武器—大疆Romo扫地机器人了！出门前把玩具捡一捡 剩下的就交给它啦～#大疆ROMO扫地机器人[话题]# #扫地机器人[话题]# #大疆扫地机器人[话题]#  #vlog日常[话题]# #三胎[话题]# #跨国家庭[话题]#,http://sns-video-bd.xhscdn.com/pre_post/1040g0cg31p3rhgu8i4l040pkgvc5jkog4k4vj58,1763638709000,1763632155000,5575985967bc650d3d34d310,ZoeAndDan,https://sns-avatar-qc.xhscdn.com/avatar/1040g2jo30vst11dg660040pkgvc5jkogd7j9e3o,2074,48,39,18,河南,http://sns-webpic-qc.xhscdn.com/202511221523/fd1d98f5e1bf54b9b8ecceebba429d36/1040g00831p3rhi6ii80040pkgvc5jkog01t6058!nd_dft_wlteh_webp_3,"大疆ROMO扫地机器人,扫地机器人,大疆扫地机器人,vlog日常,三胎,跨国家庭",1763796258013,https://www.xiaohongshu.com/explore/691ee41a000000001d03cefb?xsec_token=ABGcoNxGF7gmRGjE4AbMbcLUqTarhBK2jHV1FR9wLR0vY=&xsec_source=pc_search,大疆扫地机器人怎么样,ABGcoNxGF7gmRGjE4AbMbcLUqTarhBK2jHV1FR9wLR0vY=
68f9ec32000000000301dcef,video,三台爆款扫地机器人实测！解放双手大挑战,"🚀当飞行器技术用在扫地机上，是降维打击还是噱头？
大疆首款扫地机器人ROMO S争议不断，我直接买来实测！
同场加映石牌、追牌爆款，从扫地、拖地到防缠绕，全面对比！
当经过🌀飓风挑战、🍳污渍挑战、🤖0动手能力
才能发现现在的扫地机器人，实力究竟如何
不过我最后还是留下了大疆ROMO S，具体原因看视频吧~
#扫地机器人[话题]# #大疆扫地机器人[话题]# #大疆ROMO扫地机器人[话题]# #扫地机器人测评[话题]##家电[话题]# #家电测评[话题]# #清洁电器[话题]# #清洁[话题]# #智能家电[话题]##家电选购指南[话题]#",http://sns-video-bd.xhscdn.com/pre_post/1040g0cg31nvo09v26g6g5p94o1galeerhkbbv98,1761213438000,1761209559000,6524c060000000002a02b9db,设计师雯雯🏠（别墅软装中）,https://sns-avatar-qc.xhscdn.com/avatar/1040g2jo312o320ffiq6g5p94o1galeero93bij0,1823,790,64,11,江西,http://sns-webpic-qc.xhscdn.com/202511221524/e21e63902cdd91a5544e7904b2065f3c/1040g00831nvo07e4586g5p94o1galeerces8uig!nd_dft_wlteh_webp_3,"扫地机器人,大疆扫地机器人,大疆ROMO扫地机器人,扫地机器人测评,家电,家电测评,清洁电器,清洁,智能家电,家电选购指南",1763796258018,https://www.xiaohongshu.com/explore/68f9ec32000000000301dcef?xsec_token=ABOszpDTZnImWh5id4s8oBKv-ECwZbWjCe9_sx9QjywlE=&xsec_source=pc_search,大疆扫地机器人怎么样,ABOszpDTZnImWh5id4s8oBKv-ECwZbWjCe9_sx9QjywlE=
691ef480000000001e0302ea,video,拒绝隐形家务，把家里交给大疆 ROMO S,"职场妈妈+3岁皮娃，家永远是“即兴战场”！🙌 女儿光脚踩蜡笔、撒乐高、拽充电线，我既想守蒙氏育儿+北欧感悟的自由天性，又要赶双语主持稿，没精力反复打扫。选扫地机认准扫拖性能、覆盖率、免干预“黄金三角”，【大疆 ROMO S】完美契合！[哇R]
	
它搭载【大疆旗舰无人机同款避障技术】+【双目鱼眼视觉传感器+三颗广视角固态激光雷达】，2毫米细线、乐高都能精准避开✅ 25000Pa吸力+0缠绕滚刷吸净垃圾长，边刷拖布钻遍角落无死角；基站200天免维护，不用拆洗超省心。💁‍♀️
现在出门回家地面光溜，娃随便造我安心工作，这才是职场妈妈的带娃底气～💪
#母婴好物[话题]# #扫地机器人[话题]# #育儿神器[话题]# #大疆ROMOS[话题]##挪威[话题]##女性成长[话题]##辣妈育儿经[话题]##松弛感带娃[话题]##主持人[话题]##蒙氏育儿[话题]#",http://sns-video-bd.xhscdn.com/1040g2so31p3tflr32o704augka0dcjnecaqiico,1763697745000,1763636353000,5b9880d694fc3900015d4eee,CC锦鲤（中英主持）,https://sns-avatar-qc.xhscdn.com/avatar/1040g2jo31f0lmrgb6a004augka0dcjnein1oeug,1441,302,107,4,湖南,http://sns-webpic-qc.xhscdn.com/202511221524/a3e43e99dd440be34e8203cb02d3460f/1040g2sg31p3tflrh2se04augka0dcjnerdr8l5o!nd_dft_wlteh_webp_3,"母婴好物,扫地机器人,育儿神器,大疆ROMOS,挪威,女性成长,辣妈育儿经,松弛感带娃,主持人,蒙氏育儿",1763796258026,https://www.xiaohongshu.com/explore/691ef480000000001e0302ea?xsec_token=ABGcoNxGF7gmRGjE4AbMbcLTIQmHfier2PM_PE-JYEtsI=&xsec_source=pc_search,大疆扫地机器人怎么样,ABGcoNxGF7gmRGjE4AbMbcLTIQmHfier2PM_PE-JYEtsI=
691ef6b5000000001e02e485,video,入住200平江景房，大疆 ROMO S实现无痛清洁！,"入住200平江景房 有娃家庭也能实现无痛清洁！
自从等等添加辅食开始，就自带 “干饭艺术家” 属性
米糊抹的到处都是、辅食碎掉满地、玩具物品散落在各个角落....[石化R]
虽然家里每天都看起来像是“灾难现场”，但在我眼里这些都是宝宝成长的信号～🙌
我也不需要时刻紧绷着 “保持整洁” 的神经，因为我有放松底气：大疆 ROMO S 扫地机器人[哇R]
不仅“够智能、够省心、搞得还够干净”✨
毫米级避障技术能精准识别避开各种物品
还有25000Pa 的飓风吸力加上柔性外摆机械臂
轻松拿捏我们家的日常清洁需求！[赞R]
把这些清洁琐事交给工具，我们才能把该专注的时间留给亲子时光～
	
#大疆扫地机器人[话题]# #大疆ROMOS[话题]# #扫地机器人[话题]##亲子生活[话题]##育儿[话题]##大平层[话题]##清洁电器[话题]##母婴好物[话题]##智能家居[话题]#",http://sns-video-bd.xhscdn.com/1040g2so31p3tflr32o7g4augka0dcjnepeph0uo,1763697782000,1763636918000,6301f168000000001200e8e6,海归Crystal,https://sns-avatar-qc.xhscdn.com/avatar/1040g2jo31jbkcl3v32005oo1u5k4hq76e2gnk90,1061,64,97,4,湖南,http://sns-webpic-qc.xhscdn.com/202511221524/41122e0844dc67370c7e44201cd9b953/1040g2sg31p3tflrh2seg4augka0dcjne3bdtt78!nd_dft_wlteh_webp_3,"大疆扫地机器人,大疆ROMOS,扫地机器人,亲子生活,育儿,大平层,清洁电器,母婴好物,智能家居",1763796258038,https://www.xiaohongshu.com/explore/691ef6b5000000001e02e485?xsec_token=ABGcoNxGF7gmRGjE4AbMbcLTW71JJLlgIoLezNOxKmxSI=&xsec_source=pc_search,大疆扫地机器人怎么样,ABGcoNxGF7gmRGjE4AbMbcLTW71JJLlgIoLezNOxKmxSI=
691edc28000000001e00d2be,video,大疆 ROMO S告别隐形家家务,"现在我下班回家，地面永远干净，机器人永远“自理”，不用救、不用洗、不用查岗。原来不是扫地机不行，而是以前我没选大疆 ROMO S！
#扫地机器人[话题]# #大疆扫地机器人[话题]# #大疆ROMOS[话题]##大疆ROMO扫地机器人[话题]##扫地机器人测评[话题]# #清洁电器[话题]# #家电选购指南[话题]# #智能家居[话题]#",http://sns-video-bd.xhscdn.com/pre_post/1040g0cg31p3ppjcoi6705ovpb2b43opi288n888,1763633177000,1763630121000,63f95896000000001001e332,一颗西柚花,https://sns-avatar-qc.xhscdn.com/avatar/1040g2jo31enqnv6dlq005ovpb2b43opid0v9b58,1197,732,44,6,辽宁,http://sns-webpic-qc.xhscdn.com/202511221524/f7e65e282152cfe3eb4eeb39e7989e79/1040g2sg31p3ppjd426fg5ovpb2b43opiaa802gg!nd_dft_wlteh_webp_3,"扫地机器人,大疆扫地机器人,大疆ROMOS,大疆ROMO扫地机器人,扫地机器人测评,清洁电器,家电选购指南,智能家居",1763796258043,https://www.xiaohongshu.com/explore/691edc28000000001e00d2be?xsec_token=ABGcoNxGF7gmRGjE4AbMbcLSImCHnw9VzsuY2W92glDF0=&xsec_source=pc_search,大疆扫地机器人怎么样,ABGcoNxGF7gmRGjE4AbMbcLSImCHnw9VzsuY2W92glDF0=
691edd31000000001e0322b0,video,智慧洁净 | 大疆 ROMO S打开我的精致生活,"终于实现了“躺平”做家务的理想！大疆 ROMO S黄金三角彻底解放双手。现在我每天多出1小时，追剧、放空、陪宝宝，光脚踩在洁净的地板上，心里满满都是幸福感！强烈安利给每一个热爱生活的你。
#扫地机器人[话题]##大疆扫地机器人[话题]##大疆ROMOS[话题]##大疆ROMO扫地机器人[话题]##扫地机器人测评[话题]##清洁电器[话题]##家电选购指南[话题]##智能化家居[话题]# #一键解锁舒心生活[话题]#",http://sns-video-bd.xhscdn.com/1040g2so31p3qhjhj2u1g5o3l8ivg8e2s24su0a8,1763634813000,1763630385000,607544bf000000000100385c,陳夫人的居家生活,https://sns-avatar-qc.xhscdn.com/avatar/1040g2jo31lc1r61v5i005o3l8ivg8e2sjmboq4g,1210,1022,89,5,江苏,http://sns-webpic-qc.xhscdn.com/202511221524/1dded545d7fe7cc1874a2ac1e717ec1a/1040g2sg31p3qhjhl2u705o3l8ivg8e2sjj47qvg!nd_dft_wlteh_webp_3,"扫地机器人,大疆扫地机器人,大疆ROMOS,大疆ROMO扫地机器人,扫地机器人测评,清洁电器,家电选购指南,智能化家居,一键解锁舒心生活",1763796258054,https://www.xiaohongshu.com/explore/691edd31000000001e0322b0?xsec_token=ABGcoNxGF7gmRGjE4AbMbcLSEAFCG8JVV9xpCbC2YaCGg=&xsec_source=pc_search,大疆扫地机器人怎么样,ABGcoNxGF7gmRGjE4AbMbcLSEAFCG8JVV9xpCbC2YaCGg=
691ee1c7000000001f00843f,video,这就是结婚的意义吧,#扫地机器人[话题]# #情侣[话题]##大疆扫地机器人[话题]# #大疆ROMOS[话题]#,http://sns-video-bd.xhscdn.com/pre_post/1040g2t031p3r7o6g2o004bv26ucbh2dta7s0eq0,1763635594000,1763631559000,5c1318b8f7e8b9350fca89bd,陈哆宝,https://sns-avatar-qc.xhscdn.com/avatar/1040g2jo30pkson9u6s004bv26ucbh2dt2448bqo,653,117,89,110,广东,http://sns-webpic-qc.xhscdn.com/202511221524/b5c6d6af85de49e834ca2b82729b6e5d/1040g00831p3kpg7fjc704bv26ucbh2dtfeghk00!nd_dft_wlteh_webp_3,"扫地机器人,情侣,大疆扫地机器人,大疆ROMOS",1763796258069,https://www.xiaohongshu.com/explore/691ee1c7000000001f00843f?xsec_token=ABGcoNxGF7gmRGjE4AbMbcLXvf6DVITkBoSZmvyt2Ihtw=&xsec_source=pc_search,大疆扫地机器人怎么样,ABGcoNxGF7gmRGjE4AbMbcLXvf6DVITkBoSZmvyt2Ihtw=
691ee4e1000000001e035c19,video,告别家务凌乱，我有大疆 ROMO S大救星来帮忙,"作为洁癖人士，有了孩子之后的我，说到地板清洁，我都觉得“天塌了”！
被孩子折腾过的客厅，真的难以形容，这时候我就会淡然的请出我的小帮手：大疆 ROMO S，一起来看看我的救星是怎么帮我告别家务凌乱的吧！
	
#扫地机器人[话题]# #大疆扫地机器人[话题]##大疆ROMO扫地机器人[话题]##扫地机器人[话题]##宝妈[话题]##双十一大促[话题]##家电选购指南[话题]#",http://sns-video-bd.xhscdn.com/1040g00g31p3rha33jc005obu9njnva2erq200fg,1763633548000,1763643986000,617e4de7000000001f03a84e,香香仔崽,https://sns-avatar-qc.xhscdn.com/avatar/1040g2jo31f32ccsnma6g5obu9njnva2eo4re2bg,682,446,8,204,浙江,http://sns-webpic-qc.xhscdn.com/202511221524/623be63287152566b9bb10d013eabbcd/1040g00831p3rha342o005obu9njnva2erb9l1ug!nd_dft_wlteh_webp_3,"扫地机器人,大疆扫地机器人,大疆ROMO扫地机器人,宝妈,双十一大促,家电选购指南",1763796258080,https://www.xiaohongshu.com/explore/691ee4e1000000001e035c19?xsec_token=ABGcoNxGF7gmRGjE4AbMbcLc_4DrYFuLsCK_6X8UbesNI=&xsec_source=pc_search,大疆扫地机器人怎么样,ABGcoNxGF7gmRGjE4AbMbcLc_4DrYFuLsCK_6X8UbesNI=
6892febe000000002501f484,video,大疆发布扫地机器人 ROMO 系列,"大疆发布扫地机器人 ROMO 系列：优雅设计、实力绝尘
	
优雅未来感设计，提升家居格调丨旗舰无人机感知系统，毫米级避障，0 干预通行丨25000 Pa 绝尘吸力，席卷脏污丨柔性双机械臂，100% 贴边无死角丨164 ml 超大容量机载水箱，持续湿拖清除重污丨0 缠绕双滚刷，无惧超长毛发，免维护丨独创高压自冲洗技术，基站 200 天免维护丨独创消音舱设计，过滤 80% 噪音
	
旗舰扫地机器人 DJI ROMO 系列，具备旗舰无人机的精密感知与机电技术，高效覆盖地板和地毯，洁净无死角。加上省心自清洁功能，无需干预，自动包办全流程。强劲性能，助你坐享家中雅静。
﻿#大疆ROMO扫地机器人[话题]#﻿ ﻿#大疆扫地机器人[话题]#﻿ ﻿#大疆首款扫地机器人[话题]#﻿ ﻿#扫地机器人[话题]#﻿ ﻿#大疆[话题]#﻿ ﻿#大疆新品[话题]#﻿",http://sns-video-bd.xhscdn.com/spectrum/1040g0jg31kr6vfs3ig004a502dlqtplt07csl3g,1754481749000,1754463934000,5ae96bae11be10518c71e6bd,DJI大疆创新,https://sns-avatar-qc.xhscdn.com/avatar/6151646e8fb14ef21fdddffb.jpg,508,147,88,624,,http://sns-webpic-qc.xhscdn.com/202511221524/e74ac0538c41cf80751bb8fa940f3f1d/spectrum/1040g34o31kr72amu48104a502dlqtpltvrter8g!nd_dft_wlteh_webp_3,"大疆ROMO扫地机器人,大疆扫地机器人,大疆首款扫地机器人,扫地机器人,大疆,大疆新品",1763796258095,https://www.xiaohongshu.com/explore/6892febe000000002501f484?xsec_token=ABSBP7LUA_BMhmIXZ0mR6d4m0Mv2EqprdcFtxdEv1kvi4=&xsec_source=pc_search,大疆扫地机器人怎么样,ABSBP7LUA_BMhmIXZ0mR6d4m0Mv2EqprdcFtxdEv1kvi4=
691ee4e1000000001e035c19,video,告别家务凌乱，我有大疆 ROMO S大救星来帮忙,"作为洁癖人士，有了孩子之后的我，说到地板清洁，我都觉得“天塌了”！
被孩子折腾过的客厅，真的难以形容，这时候我就会淡然的请出我的小帮手：大疆 ROMO S，一起来看看我的救星是怎么帮我告别家务凌乱的吧！
	
#扫地机器人[话题]# #大疆扫地机器人[话题]##大疆ROMO扫地机器人[话题]##扫地机器人[话题]##宝妈[话题]##双十一大促[话题]##家电选购指南[话题]#",http://sns-video-bd.xhscdn.com/1040g00g31p3rha33jc005obu9njnva2erq200fg,1763633548000,1763643986000,617e4de7000000001f03a84e,香香仔崽,https://sns-avatar-qc.xhscdn.com/avatar/1040g2jo31f32ccsnma6g5obu9njnva2eo4re2bg,684,446,8,204,浙江,http://sns-webpic-qc.xhscdn.com/202511221534/709f2d82cc9c7d89d5f86d3f9536736e/1040g00831p3rha342o005obu9njnva2erb9l1ug!nd_dft_wlteh_webp_3,"扫地机器人,大疆扫地机器人,大疆ROMO扫地机器人,宝妈,双十一大促,家电选购指南",1763796894171,https://www.xiaohongshu.com/explore/691ee4e1000000001e035c19?xsec_token=ABGcoNxGF7gmRGjE4AbMbcLc_4DrYFuLsCK_6X8UbesNI=&xsec_source=pc_search,大疆扫地机器人怎么样,ABGcoNxGF7gmRGjE4AbMbcLc_4DrYFuLsCK_6X8UbesNI=
69098d96000000000700c632,video,懒人终极梦想!自从有了大疆 ROMO我躺平了!,"和大疆ROMO合住一个月，它成了我离不开的神仙室友。颜值拉满，实力在线！避障系统像开了挂，数据线、液体都能精准绕行；边角清洁仿人手，死角直接拿捏。25000Pa超强吸力+零缠绕滚刷，毛发克星！基站自动集尘洗烘，200天免维护，本懒人彻底解放双手。预算够就冲，智能家居必备神器！
#大疆扫地机器人[话题]##大疆ROMO扫地机器人[话题]##智能家居[话题]##家电选购[话题]##扫地机器人测评[话题]##大疆[话题]##DJI[话题]##大疆ROMOP[话题]##扫地机推荐[话题]#",http://sns-video-bd.xhscdn.com/pre_post/1040g0cg31of0ld4ukq705pm0dh77c6sip7iuir0,1762236729000,1763524452000,66c06c4e000000001d021b92,我是开学,https://sns-avatar-qc.xhscdn.com/avatar/1040g2jo31o1cnftml2005pm0dh77c6si3vmsh6g,547,211,49,43,广东,http://sns-webpic-qc.xhscdn.com/202511221534/f4ade9b3644b3ddd4f132fb27c79ef63/spectrum/1040g0k031p286vtj2c005pm0dh77c6sisb8uat8!nd_dft_wlteh_webp_3,"大疆扫地机器人,大疆ROMO扫地机器人,智能家居,家电选购,扫地机器人测评,大疆,DJI,大疆ROMOP,扫地机推荐",1763796894179,https://www.xiaohongshu.com/explore/69098d96000000000700c632?xsec_token=ABGb76bgYpP5zpUSVVZo3RRgMVHx6Hhr9dDM4rTw1KwgY=&xsec_source=pc_search,大疆扫地机器人怎么样,ABGb76bgYpP5zpUSVVZo3RRgMVHx6Hhr9dDM4rTw1KwgY=
68f3242b00000000050392de,normal,大疆ROOM P版水箱扫地机实际使用感受,"在12年用过科沃斯最新款扫地机
功能在当时感觉挺先进
能吸尘和拖地（也有局限：拖地是尾部有个布 拖着地。手动加水和倒尘盒）
总之那个时候对扫地机的感受是：略微扫个灰的玩具
没想到过了十几年 扫地机都进化成带基站的了
由于养猫 特意配了超强戴森G5 每天吸地成为日常 但加上拖地 时间长了真的受不了
听闻大疆出了扫地机 闻着味就来了（因为用云台和麦克风 对大疆的品质还是信得过的）
❗先说结果：大疆ROMO值得入！使用效果达到预期！
主要体现在以下几点：
1️⃣避障确实牛 电线啥的都能识别 遇到障碍物会拍照记录（只用户本人可见）针对液体可以系统选择绕行或者拖地 （有人说：遇到猫呕吐 会判定为不可处理物 自动绕行）这一点我还没验证 最近没吐过 我总不能盼着猫吐
2️⃣吸力智能化 虽然系统里已经可以自定义吸力（有安静 标准 强力） 但是实际使用中 我发现它会在较脏的地方 自己增大吸力 （这个不知道是不是我的错觉 ）整体吸得很干净  一些被挡着的卫生死角还是需要吸尘器介入的  到已经大大降低了手动打扫的频次 爽！
3️⃣拖地清洁强 圆盘旋转式清洁确实强 可以选择拖地1次或者2次或者自动  遇到严重污渍 可以选择重水量和除油污模式拖一遍 再清水拖一遍 整体拖地效果棒 人可以偷懒了！养宠物的最好只能清水拖 清洁剂就留给洗拖把吧
4️⃣基站自清洁🐮 除了耗材到时间app提醒需要更换（基本使用200小时后）或检查及往水箱加水倒污水外 啥也不用管 真的达到解放双手了！好家伙 如果每天基站还得大量清理 这跟手动有啥区别……
❗可能会有人介意的点：
1️⃣水箱换洗频次 如果房屋面积大且每天拖地 那每天加水倒水清洗污水箱就是必须操作的了  但对我来讲很方便 也就加个水和倒个水的事儿 毕竟也是因为没地方才选择的水箱款  如果家里有地方 上下水款会是不错的选择
2️⃣拖把掉毛  这个问题只出现在刚开始 可能会有细微掉毛现象 不过掉的毛都被它吸掉了 而且拖了一次就没掉了 所以只针对新拖布
3️⃣烘干时间长 每次清洁任务完成后 机器人会返回基站进行拖把涮洗和烘干 但是烘干的时间会比较长 需要几小时 不过这对我没啥影响 它烘呗 不影响我随时用它 烘着烘着就干了呗 所以不担心拖把因为长时间湿的而发臭发霉
💰入手价：抖旗舰4299
#DJI[话题]# #DJIROMO扫地机器人[话题]# #大疆[话题]#",,1760764971000,1760764971000,593a60845e87e777c224303d,KING王黑炭,https://sns-avatar-qc.xhscdn.com/avatar/64904c11a532cd27e616499f.jpg,484,110,48,100,,"http://sns-webpic-qc.xhscdn.com/202511221534/c7521551b69a9ee9b339bf209de0f899/note_pre_post_uhdr/1040g3r031np3a27t582g49jdlgg88c1ti2210dg!nd_dft_wlteh_webp_3,http://sns-webpic-qc.xhscdn.com/202511221534/eb47ab3962fbfc2223a39b7413c768d9/note_pre_post_uhdr/1040g3r031np3a27t583049jdlgg88c1tdr7b84o!nd_dft_wlteh_webp_3,http://sns-webpic-qc.xhscdn.com/202511221534/06ce692ab9756538cd370960a551ef39/note_pre_post_uhdr/1040g3r031np3a27t583g49jdlgg88c1tm5knkso!nd_dft_wlteh_webp_3,http://sns-webpic-qc.xhscdn.com/202511221534/80efd3cefb94e4aa1bb9db20fe7af654/notes_pre_post/1040g3k831np3a2825m1049jdlgg88c1tknojnto!nd_dft_wlteh_webp_3,http://sns-webpic-qc.xhscdn.com/202511221534/d44e5015283c985f6335226e5e58ac22/note_pre_post_uhdr/1040g3r031np3a27t584049jdlgg88c1tpdiv6v8!nd_dft_wlteh_webp_3,http://sns-webpic-qc.xhscdn.com/202511221534/d8deffb88b25eabe56ec8f462f1e2eb2/note_pre_post_uhdr/1040g3r031np3a27t584g49jdlgg88c1t0814e9g!nd_dft_wlteh_webp_3","DJI,DJIROMO扫地机器人,大疆",1763796894184,https://www.xiaohongshu.com/explore/68f3242b00000000050392de?xsec_token=ABiYhJ1oOiNb_D_7EmTEQao7nkRBb9ZdM-Kl4tY8h3En8=&xsec_source=pc_search,大疆扫地机器人怎么样,ABiYhJ1oOiNb_D_7EmTEQao7nkRBb9ZdM-Kl4tY8h3En8=
691decec000000001e011dda,video,想买扫地机器人⁉️看完你就知道该怎么选啦！,#扫地机器人[话题]# #大疆扫地机器人[话题]# #家务神器[话题]# #智能家居[话题]# #测评[话题]# #解放双手[话题]# #拖地神器[话题]# #选购攻略[话题]#,http://sns-video-bd.xhscdn.com/pre_post/1040g2t031p2t9faf2ae05o8srsqg9ddntqa591o,1763625924000,1763568877000,611cdf35000000000100b5b7,张师傅评测,https://sns-avatar-qc.xhscdn.com/avatar/1040g2jo31auqb0vqmo6g5o8srsqg9ddnknkrjf0,516,408,43,14,广东,http://sns-webpic-qc.xhscdn.com/202511221534/59be94ac3d43a7238c3cdc95dad1edb5/1040g00831p2t9fac24005o8srsqg9ddn204cb98!nd_dft_wlteh_webp_3,"扫地机器人,大疆扫地机器人,家务神器,智能家居,测评,解放双手,拖地神器,选购攻略",1763796894188,https://www.xiaohongshu.com/explore/691decec000000001e011dda?xsec_token=ABc4HDFF_I7Xk09GK6rieTtVyjJuFUZlAzy_aNLbJWXlE=&xsec_source=pc_search,大疆扫地机器人怎么样,ABc4HDFF_I7Xk09GK6rieTtVyjJuFUZlAzy_aNLbJWXlE=
691150010000000004001be9,video,装修最明智的决定：给大疆ROMO留了个家🏡,"装修的尽头，是做好「空间管理」✨
▫️上半场：让阳台柜+餐边柜一体，管理我的物品与生活动线。
▫️下半场：让扫地机器人入驻，管理我家的地面生态。
一个解决「放」的问题，一个解决「落」的问题。
至此，我的家才真正实现了「管理闭环」，从墙面到地面，所有琐碎都被安排得明明白白。#整墙餐边柜[话题]# #阳台柜设计[话题]#  #家的养成计划[话题]# #换个角度看我家[话题]# #我在小红书搞装修[话题]# #家居新趋势[话题]# #原来家还可以这样[话题]# #原地焕新家[话题]##大疆ROMO扫地机[话题]##扫地机器人[话题]#",http://sns-video-bd.xhscdn.com/pre_post/1040g2t031omj6hua6ml05nogait0bnpoetvqkho,1762760672000,1762742274000,5f1054ba000000000101df38,923,https://sns-avatar-qc.xhscdn.com/avatar/1040g2jo310q2e6hn6m005nogait0bnpoanpm9ho,412,412,25,64,山东,http://sns-webpic-qc.xhscdn.com/202511221534/d8ea78210483299f1b5bb058744aaf23/1040g00831omj6il76m005nogait0bnpodcrs94o!nd_dft_wlteh_webp_3,"整墙餐边柜,阳台柜设计,家的养成计划,换个角度看我家,我在小红书搞装修,家居新趋势,原来家还可以这样,原地焕新家,大疆ROMO扫地机,扫地机器人",1763796894192,https://www.xiaohongshu.com/explore/691150010000000004001be9?xsec_token=ABpeNvV_PNgP-vC7dwt6Yf4WLND8QOGDzzKG6KRXk0T08=&xsec_source=pc_search,大疆扫地机器人怎么样,ABpeNvV_PNgP-vC7dwt6Yf4WLND8QOGDzzKG6KRXk0T08=
691eb28a000000001e03ac70,video,闺蜜第一次来我家，把大疆扫地机器人抢走了！,"说我家这么多好东西，竟然瞒着她偷偷享受！走进客厅，看上了我家的大疆ROMO S扫地机器人！超绝清洁力，超全覆盖面、全自动托管简直就是个全能清洁管家！
#扫地机器人[话题]##大疆扫地机器人[话题]##大疆ROMO[话题]##智能家居[话题]##闺蜜第一次来我家[话题]##理想生活[话题]##懒人神器[话题]##家居好物[话题]#",http://sns-video-bd.xhscdn.com/1040g00g31p3lgv9m2se05pqic98ndum62n7se7o,1763632620000,1763619466000,67526251000000001d02fac6,小丸子梦想家,https://sns-avatar-qc.xhscdn.com/avatar/1040g2jo31f0ibdlf6a5g5pqic98ndum6qusmks0,421,170,5,4,四川,http://sns-webpic-qc.xhscdn.com/202511221534/3d24502f08e2cbae11ca0b47f27c5c82/1040g00831p3lgv9ois005pqic98ndum6eu1h5q8!nd_dft_wlteh_webp_3,"扫地机器人,大疆扫地机器人,大疆ROMO,智能家居,闺蜜第一次来我家,理想生活,懒人神器,家居好物",1763796894197,https://www.xiaohongshu.com/explore/691eb28a000000001e03ac70?xsec_token=ABGcoNxGF7gmRGjE4AbMbcLZIA9xiHi5glow1jfdUnmLw=&xsec_source=pc_search,大疆扫地机器人怎么样,ABGcoNxGF7gmRGjE4AbMbcLZIA9xiHi5glow1jfdUnmLw=
690d81780000000004029e3b,video,选扫地机时这坑千万别踩‼️不然肠子都毁青🥹,#扫地机[话题]# #扫地机器人[话题]# #扫地机推荐[话题]# #男人私房钱[话题]# #这才是家的真痛点[话题]#  #只做懒人不倒灰[话题]# #扫地机测评[话题]##大疆扫地机[话题]# #大疆扫地机器人[话题]#,http://sns-video-bd.xhscdn.com/1040g2so31os5j5gr1qe04a7i1eumtbrpjml15ig,1762495385000,1763428688000,5b59fd6e11be1062033baf79,溪宝的家🏠,https://sns-avatar-qc.xhscdn.com/avatar/1000g2jo2o96o46mk80004a7i1eumtbrpr3052r0,315,67,8,12,河北,http://sns-webpic-qc.xhscdn.com/202511221534/5c5986acc477994964425d5228d3b41d/1040g2sg31p0qgsimius04a7i1eumtbrpcnc1qc0!nd_dft_wlteh_webp_3,"扫地机,扫地机器人,扫地机推荐,男人私房钱,这才是家的真痛点,只做懒人不倒灰,扫地机测评,大疆扫地机,大疆扫地机器人",1763796894203,https://www.xiaohongshu.com/explore/690d81780000000004029e3b?xsec_token=ABvj15MGCzurSJpsDbwcHjuoBwibQm3YUVGzkRaDYg4Ls=&xsec_source=pc_search,大疆扫地机器人怎么样,ABvj15MGCzurSJpsDbwcHjuoBwibQm3YUVGzkRaDYg4Ls=
691fd7ce000000001e02cae7,video,扫地机天花板！大疆 ROMO P让我实现休息自由,"家有小神兽，下班回家地上全是乐高粒、零食渣，之前扫地机跟请祖宗似的，卡桌底要救、缠头发要抠，伺候完娃还得伺候它，真的想躺平！
	
直到双十一挖到这款大疆ROMO P，我才知道什么叫真正的解放双手！
	
它用上了大疆无人机同款的避障技术，火眼金睛超灵敏，乐高颗粒、数据线统统精准绕行，连打翻的牛奶都能智能避开。柔性机械臂超会钻边角，餐桌腿、橱柜缝里的陈年饼干渣都被扫得干干净净✨
	
厨房酱油渍开启除油污模式，来回两遍就锃亮！基站还会自己加清洁液，自己洗澡，200天不用我动手打理，免干预、高覆盖、扫拖强的黄金三角把地面清洁的效率直接拉满，这才是真正的懒癌福音啊～
	
集美们信我！这个双十一入手真的省钱又省心！
	
#扫地机器人[话题]# #大疆扫地机器人[话题]##大疆ROMOP[话题]##大疆ROMO扫地机器人[话题]##扫地机器人测评[话题]# #清洁电器[话题]# #家电选购指南[话题]# #智能家居好物[话题]#",http://sns-video-bd.xhscdn.com/1040g2so31p4p0vki2s705oa2vo7nuj6hb1ria08,1763777975000,1763694542000,6142fe0f000000001f034cd1,七月育儿记,https://sns-avatar-qc.xhscdn.com/avatar/63d778afed0aafa081bfc73d.jpg,276,250,1,3,浙江,http://sns-webpic-qc.xhscdn.com/202511221534/1409f0675672737b99622bba8dfe5910/1040g00831p4p0vkp2u005oa2vo7nuj6hiasbg6o!nd_dft_wlteh_webp_3,"扫地机器人,大疆扫地机器人,大疆ROMOP,大疆ROMO扫地机器人,扫地机器人测评,清洁电器,家电选购指南,智能家居好物",1763796894210,https://www.xiaohongshu.com/explore/691fd7ce000000001e02cae7?xsec_token=ABrk_Hi1AykdhUExxIEhvD3tJ8UW1_rtWHFrFgIORHlkQ=&xsec_source=pc_search,大疆扫地机器人怎么样,ABrk_Hi1AykdhUExxIEhvD3tJ8UW1_rtWHFrFgIORHlkQ=
68aa0297000000001d0109fa,normal,一款精致的遗憾：聊聊大疆扫地机器人的设计,#大疆[话题]# #扫地机器人[话题]# #大疆扫地机器人[话题]# #工业设计[话题]# #产品设计[话题]# #ID设计[话题]# #DJI[话题]#,,1755991813000,1755972248000,6441309d000000000f005a99,VID,https://sns-avatar-qc.xhscdn.com/avatar/1040g2jo31mnp0letlm005p2162ejomkphhmi6io,199,110,64,92,,"http://sns-webpic-qc.xhscdn.com/202511221534/99df90c3789a1a77c8d1c862c9001c94/spectrum/1040g34o31lhmmb6vku0g5p2162ejomkp7ikju88!nd_dft_wlteh_webp_3,http://sns-webpic-qc.xhscdn.com/202511221534/3f6468cc447d69d647c2c2c4cac8100f/spectrum/1040g0k031lhmmome4s005p2162ejomkp9hd7hoo!nd_dft_wlteh_webp_3,http://sns-webpic-qc.xhscdn.com/202511221534/d4d95c379f31eb35523e405f561a51a6/spectrum/1040g0k031lhmmome4s0g5p2162ejomkpmiofh98!nd_dft_wlteh_webp_3,http://sns-webpic-qc.xhscdn.com/202511221534/8717327686796f33eec427732bb647da/spectrum/1040g0k031lhmmome4s105p2162ejomkp55215b8!nd_dft_wlteh_webp_3,http://sns-webpic-qc.xhscdn.com/202511221534/e7eb89d36a63e5778ec1b06916ae71d8/spectrum/1040g0k031lhmmome4s1g5p2162ejomkpmlrsstg!nd_dft_wlteh_webp_3,http://sns-webpic-qc.xhscdn.com/202511221534/1dc822fd47fa415cd534269497471210/spectrum/1040g0k031lhmmome4s205p2162ejomkpcgm2gkg!nd_dft_wlteh_webp_3,http://sns-webpic-qc.xhscdn.com/202511221534/a5d4befdb4f54ffbe3f5be6c1e7e7427/spectrum/1040g0k031lhmmome4s2g5p2162ejomkp8kq4pqo!nd_dft_wlteh_webp_3,http://sns-webpic-qc.xhscdn.com/202511221534/77c6c1766e9a9e2bb92325df22593c75/spectrum/1040g0k031lhmmome4s305p2162ejomkp80r7vug!nd_dft_wlteh_webp_3,http://sns-webpic-qc.xhscdn.com/202511221534/637973f835e8ffbabc7b57ec2317ab87/spectrum/1040g0k031lhmmome4s3g5p2162ejomkpbd6d6qo!nd_dft_wlteh_webp_3,http://sns-webpic-qc.xhscdn.com/202511221534/add28f541c313e1b74f9cb5caffdeddf/spectrum/1040g0k031lhmmome4s405p2162ejomkpn3qn5fg!nd_dft_wlteh_webp_3,http://sns-webpic-qc.xhscdn.com/202511221534/bff12a52ba29a0559468029555126b51/spectrum/1040g0k031lhmmome4s4g5p2162ejomkptv93l0g!nd_dft_wlteh_webp_3,http://sns-webpic-qc.xhscdn.com/202511221534/5f41579cd8f64151e15ef64e7f76fac2/spectrum/1040g0k031lhmmome4s505p2162ejomkpbh6jvag!nd_dft_wlteh_webp_3,http://sns-webpic-qc.xhscdn.com/202511221534/7a200fe2310f3ae7fa7f8098b564ae10/spectrum/1040g0k031lhmmome4s5g5p2162ejomkppb3qes0!nd_dft_wlteh_webp_3,http://sns-webpic-qc.xhscdn.com/202511221534/84b633aa481eaf8535c066c8554df5f0/spectrum/1040g0k031lhmmome4s605p2162ejomkp7qth4pg!nd_dft_wlteh_webp_3","大疆,扫地机器人,大疆扫地机器人,工业设计,产品设计,ID设计,DJI",1763796894213,https://www.xiaohongshu.com/explore/68aa0297000000001d0109fa?xsec_token=ABfTp1kSIhPHdCM9ekZD4H4BHFJp374Odfv2CQjtg9FPo=&xsec_source=pc_search,大疆扫地机器人怎么样,ABfTp1kSIhPHdCM9ekZD4H4BHFJp374Odfv2CQjtg9FPo=
68ac553a000000001d01ae7a,normal,石头VS大疆，10天使用体验，谁去谁留？,"最近备受关注的两款扫地机，无非就是石头和大疆两款新品，石头P20 Ultra Plus和大疆ROMO P，两款我都入手了，正在开展十大对比测试体验，分别是：
1.外观
2.清洁力
3.主机定位和路径规划
4.避障能力
5.越障能力
6.低矮空间覆盖率
7.干湿分离
8.基站维护
9.APP体验
10.耗材价格
我会尽快完成视频制作，最近想买扫地机可以蹲一下[暗中观察R]如果你有还想了解对比的内容，欢迎评论区留言[斜眼R]
#石头扫地机器人[话题]# #石头P20UltraPlus[话题]# #大疆[话题]# #大疆扫地机[话题]# #大疆扫地机ROMO[话题]# #扫地机器人[话题]# #扫地机器人测评[话题]#",,1756124474000,1756124475000,5c2c1e9f00000000070298f6,黑白猪之家,https://sns-avatar-qc.xhscdn.com/avatar/63ee536dde695b691ac9bedb.jpg,196,111,95,107,,"http://sns-webpic-qc.xhscdn.com/202511221534/78f6547747a853db13deb9f4676a56d7/1040g00831ljvgnq95m705n1c3qfht67mfpuukf8!nd_dft_wlteh_webp_3,http://sns-webpic-qc.xhscdn.com/202511221534/a3272750146cdda50ec66d5e123b347a/1040g00831ljvgnq95m805n1c3qfht67mmoq5nqo!nd_dft_wlteh_webp_3,http://sns-webpic-qc.xhscdn.com/202511221534/914bbeb6d5696c22bf94b6f059bd3f2a/1040g00831ljvgnq95m7g5n1c3qfht67mb29rt20!nd_dft_wlteh_webp_3","石头扫地机器人,石头P20UltraPlus,大疆,大疆扫地机,大疆扫地机ROMO,扫地机器人,扫地机器人测评",1763796894218,https://www.xiaohongshu.com/explore/68ac553a000000001d01ae7a?xsec_token=ABVk-vYQZJfb-WsOnpu5IdIETSPPVku-H4upk_CmEming=&xsec_source=pc_search,大疆扫地机器人怎么样,ABVk-vYQZJfb-WsOnpu5IdIETSPPVku-H4upk_CmEming=
68e1ea100000000003013d70,normal,买大疆ROMO前的一些心路十八弯和使用分享,"8月份其实不止大疆一款扫地机发布，但最后纠结来纠结去，翻看用户分享后还是入了大疆ROMO P。说下我考虑多一些点吧。一是自清洁，我觉得以我的勤快程度连地都不想扫，哪来的心情去拆洗机器呢，看了下滚筒机的拆洗经验贴和刮条的脏污图差点吓死，还是大疆吧，就算哪天自清洁不顶事，两片拖布相对也更轻松点。没想到多想了，现在用了也二十几天了，基站和拖布都是干干净净的，还没上手过呢，维护成本真的低。二是避障需要聪明些，后来比较来比较去还是决定相信大疆的避障技术，确实，连充电线都能绕开，这点当时没看到其他品牌用户有分享。第三点，家里边边角角容易被忽略成为卫生死角的地方还是要照顾到的，大疆我用着反正是够我的需求了，餐桌椅的腿那里都可以清理的很干净。外观当时倒没太在意，但透明基站是真漂亮^_^
#大疆ROMO[话题]##大疆扫地机器人[话题]##扫地机器人[话题]##懒人好物分享[话题]##智能家居[话题]#""",,1759635984000,1759636460000,612dae170000000001004c51,Min,https://sns-avatar-qc.xhscdn.com/avatar/612dae170000000001004c51.jpg,179,41,6,25,,"http://sns-webpic-qc.xhscdn.com/202511221534/7df5f15a3f6d4d7264ac26dbe1addf44/1040g00831n89vfidmg105o9dlobg8j2hf52ofd8!nd_dft_wlteh_webp_3,http://sns-webpic-qc.xhscdn.com/202511221534/e64c23730274901df09492cbb7bff4f8/1040g00831n89vfidmg205o9dlobg8j2hp6ue0ng!nd_dft_wlteh_webp_3,http://sns-webpic-qc.xhscdn.com/202511221534/1d26794a499f2a6fa8a882ed06b85047/1040g00831n89vfidmg005o9dlobg8j2hvg8hrsg!nd_dft_wlteh_webp_3,http://sns-webpic-qc.xhscdn.com/202511221534/99b0eb9367bedef6f72bc1e755ed8a70/1040g00831n89vfidmg0g5o9dlobg8j2h7cd6p6g!nd_dft_wlteh_webp_3,http://sns-webpic-qc.xhscdn.com/202511221534/5529c47ec135ccae634357c502ae092a/1040g00831n89vfidmg1g5o9dlobg8j2hcupfv9o!nd_dft_wlteh_webp_3","大疆ROMO,大疆扫地机器人,扫地机器人,懒人好物分享,智能家居",1763796894223,https://www.xiaohongshu.com/explore/68e1ea100000000003013d70?xsec_token=AB6wSJ4JBiQFMDZEU8M_y2R05bRHov5Z5AJuEBNIOyJdM=&xsec_source=pc_search,大疆扫地机器人怎么样,AB6wSJ4JBiQFMDZEU8M_y2R05bRHov5Z5AJuEBNIOyJdM=
689350d9000000002302189f,video,什么？！大疆竟然出了扫地机器人？！,开箱﻿#大疆扫地机器人[话题]#﻿ ﻿#大疆[话题]#﻿,http://sns-video-bd.xhscdn.com/spectrum/1040g35831krhpbcp2a105njhfoh08udg880inmg,1754484953000,1754484953000,5e717e2200000000010079b0,橙红Iris,https://sns-avatar-qc.xhscdn.com/avatar/62ecde0c4efce0eb62e8d974.jpg,180,61,54,94,,http://sns-webpic-qc.xhscdn.com/202511221534/7326eb0a5569a4b17bc06cd073cb7e5e/spectrum/1040g0k031krhpfrnjq005njhfoh08udggov53sg!nd_dft_wlteh_webp_3,"大疆扫地机器人,大疆",1763796894230,https://www.xiaohongshu.com/explore/689350d9000000002302189f?xsec_token=ABAtXApUByHKIOGLx0m0g9uLoU1RIEBux8vcTeLyQBWJU=&xsec_source=pc_search,大疆扫地机器人怎么样,ABAtXApUByHKIOGLx0m0g9uLoU1RIEBux8vcTeLyQBWJU=
68e9e0a60000000004014428,normal,大疆 romo 讲真有点超出预期了,"之前一直用的五年前的科沃斯，虽然功能还是这些功能，但是噪音大，拖地功能基本属于无法用状态，换了大疆 romo 后才发现扫地机器人这个品类进化的还是挺快的和几年前的技术虽说不上天差地别，但它的清洁、避障、自清洁能力达到了让人几乎不用操心的状态，甚至感觉可能一个月都不需要手动维护一下机器？清洁的同时噪音也不大，猫咪也能安然入睡[偷笑R]
总之点赞，期待大疆下一代产品@DJI大疆创新 @大疆ROMO
#大疆romo扫地机器人[话题]#
#ROMO和宠物朋友的合影[话题]#",,1760157862000,1760429712000,5754d1706a6a696651ce4c46,不吃芹菜,https://sns-avatar-qc.xhscdn.com/avatar/63ce97e695912a66502707e7.jpg,142,17,28,6,,"http://sns-webpic-qc.xhscdn.com/202511221534/24ac56d6a27a9c57d3ac081743c348f3/1040g2sg31ng2nboil8e048e8i28n0j26urjgoc0!nd_dft_wlteh_webp_3,http://sns-webpic-qc.xhscdn.com/202511221534/aad3c0ad9fceadc3662de8b6cffb2d9a/notes_pre_post/1040g3k831ng2nbojmm7048e8i28n0j2600p6m00!nd_dft_wlteh_webp_3,http://sns-webpic-qc.xhscdn.com/202511221534/9ded867a8842765e88c4fa9fa18ac3a3/notes_pre_post/1040g3k831ng2nbok6m0048e8i28n0j26fbeenmo!nd_dft_wlteh_webp_3,http://sns-webpic-qc.xhscdn.com/202511221534/087c41a06b12bd60a2ddda6fe750a04b/notes_pre_post/1040g3k831ng2nbok6m0g48e8i28n0j26g4l9c28!nd_dft_wlteh_webp_3,http://sns-webpic-qc.xhscdn.com/202511221534/85e2645fd9039ccfc3ee1b063c3c3b53/notes_pre_post/1040g3k831ng2nbok6m1048e8i28n0j2661cult8!nd_dft_wlteh_webp_3","大疆romo扫地机器人,ROMO和宠物朋友的合影",1763796894234,https://www.xiaohongshu.com/explore/68e9e0a60000000004014428?xsec_token=ABfPkW05SGZfH1eLOTg-SrzUmhRtz7MuS0HA9aoXBpgOM=&xsec_source=pc_search,大疆扫地机器人怎么样,ABfPkW05SGZfH1eLOTg-SrzUmhRtz7MuS0HA9aoXBpgOM=
689c7fe2000000001c00d358,normal,3个月使用，大疆ROMO扫地机器人,"先上结论:
1. 建议购买之前明确当前技术下的扫地机器人更多的是属于“保洁产品”而不是“清洁产品”。最好是在你定期人工打扫完地面后，它帮你扫拖维持，这样每天下班回到家就都能享受干净的地面，可以省去很多搞卫生的时间，但不能指望你家地板很脏它自己完全帮你搞干净。
	
2. 整体体验不亚于纯吸尘器+人工拖地，避障能力我认为也是很不错的可以放心留它在家自己行动。
	
3. 我的基站没事，但扫地机本体的两个按键旁都有刮痕，对于尤其在意亚克力刮痕的朋友可能要选择不透明版。由于买回来它在地上跑来跑去迟早也会磕碰，所以我倒觉得开箱有少许刮痕也无所谓。
	
4. 当扫地机在基站休息时，人为拿出来，屁股朝下端起来，后面注清水的口会漏少许水出来。
	
5. 如上面所说，扫地机在基站休息的时候你想检查一下它的底盘看有没有杂物缠住，就得从基站里硬拽出来，非常不优雅。建议在扫地机的【回基站】按键加入一个功能，扫地机在基站里的时候单击一下它就会自己跑出来停住，方便用户检查底盘/做清洁。
	
6. 耗材略贵。三个2.4L的集尘袋要89，小米的5Pro五个4升的只要69。
	
事先说明ROMO是我唯一用过的扫地机器人。
本人玩手机电脑无人机硬件较多所以对该类产品有一些明锐度，好几年前想入手扫地机器人但是自己脑补了一下避障和花在清理机器人本体的时间这两个因素后，家里一直都是用吸尘器。几个月前网上泄露大疆要做扫地机的时候就一直关注，出了看了价钱就直接入手(不想买太便宜的机器)。对于我最关心的智能与避障这两个点，我选择无脑相信大疆的工程师，所以直接忽略科沃斯石头追觅等品牌，之前有考虑过小米的但还是没下决心购买。戴森在这里就不讨论了因为价格太贵。
	
anyway整体体验相当不错，推荐购买。也希望买家能开启产品改进计划，帮助ROMO变得更聪明。#大疆ROMO扫地机器人[话题]#
	
[私信R]10月24日update[私信R]
	
总体依旧非常满意，避障与清洁能力出色，几乎不需要人工干预，但这里简单说说两个问题:
	
1. 大概10次会出现3次执行完清洁任务后没有烘干拖布/没有完全烘干拖布的情况，机器买来有一次OTA升级但这个问题依旧存在，不确定是软件层面还是硬件问题。解决方法是手机打开dji HOME手动执行烘干即可。
	
2. 保养方面，我一个月会清洁一次机器人与基站，这个磁吸拖布取下来后，这两个磁吸凹槽会积水，导致拖布的磁吸头会生锈（图2345），长期使用不确定是否会出现问题，可靠性有待进一步检验。目前想到的解决方法是定期擦拭部件。",,1755086818000,1762873091000,656373bd0000000004039c54,丞。,https://sns-avatar-qc.xhscdn.com/avatar/1040g2jo31f5hb1tnmi5g5pb3eeuh772k16m00gg,148,72,70,92,广东,"http://sns-webpic-qc.xhscdn.com/202511221534/dce3e50a1ae509c69ffa3cc1096a65f0/notes_pre_post/1040g3k031l4d50o2j2605pb3eeuh772kd4btd4g!nd_dft_wlteh_webp_3,http://sns-webpic-qc.xhscdn.com/202511221534/3a9d00699a42e093db90f5b4e83d5279/1040g2sg31o1cdittmgj05pb3eeuh772k276s9vo!nd_dft_wlteh_webp_3,http://sns-webpic-qc.xhscdn.com/202511221534/a535e9549d1660cb6110d64aa16687a8/1040g2sg31o1cdittmgk05pb3eeuh772k24ot2to!nd_dft_wgth_webp_3,http://sns-webpic-qc.xhscdn.com/202511221534/b862baabe674be06a3918c39e26683bf/1040g2sg31o1cdittmggg5pb3eeuh772kt1ve9go!nd_dft_wlteh_webp_3,http://sns-webpic-qc.xhscdn.com/202511221534/45a1f124c12d9db407506cf5244cf064/1040g2sg31o1cdittmgh05pb3eeuh772kg9n7i78!nd_dft_wlteh_webp_3",大疆ROMO扫地机器人,1763796894240,https://www.xiaohongshu.com/explore/689c7fe2000000001c00d358?xsec_token=ABN4ZD-J2UhhGcRwGnOwPlxkQwJunFGQ4bVLA2caIhrHI=&xsec_source=pc_search,大疆扫地机器人怎么样,ABN4ZD-J2UhhGcRwGnOwPlxkQwJunFGQ4bVLA2caIhrHI=
690b3d420000000005038abe,normal,家里没了大疆ROMO P是真不行啊,"居家办公三年，我头疼的不是写不完的方案，而是我办公桌底下那个卫生死角[飞机R][飞机R]椅子挪来挪去，掉下的头发、打印机的碎纸屑…每天都得弯腰捡好几次，真的烦死了
之前也看过不少扫地机器人，但都说窄缝进不去，或者会被数据线缠住，一直没敢下手。直到上个月刷到大疆ROMO P的测评，被它种草了，买回来用了快一个月，只想说：家里没它真不行啊
我桌子和椅子之间的缝隙也就20厘米出头，之前的机器根本进不去，进去了也转不开。但是ROMO P的这个柔性外摆机械臂真的牛，工作的时候边刷和拖布会伸出来，能紧紧贴着桌腿、椅腿和墙角扫一圈，那些陈年老灰尘和头发都被卷走了。现在我脚边永远是干净的，办公都舒心[种草R]
避障这个功能我原本比较担心来着，毕竟居家办公少不了地上有笔记本电源线、插排这些。ROMO P它用的是大疆无人机同款的双目视觉避障系统，识别很精准。我观察过好几次，它快到线缆跟前时会稍微顿一下，然后绕开，不会再出现机器过去、文件散一地那种尴尬场面
有次我不小心把茶洒了，本来以为要擦半天，这个扫地机器人25000Pa的吸力和加厚锁水拖布真不是吹的，茶叶渣和茶水它一遍就吸干净拖完了，地板上也没留水印。它还有个除菌清洁液，拖完地感觉更安心了。而且它工作声音比我预想的小很多，特别是集尘的时候，噪音控制得很好，不会打断我开会或者写稿的思绪
扫地机器人的这个基站我真的要夸夸[庆祝R][庆祝R]我终于不用捏着鼻子每周清洗那个脏底盘了…它用的是高压水自冲洗技术，每次拖完地自己就把基站内部冲干净了。
现在我的习惯是，每天下班前用手机APP点一下，让它自己工作。等我起身离开书房，脚下是干干净净的地板，那种心情真的太舒坦了。对于我们这种一坐就是大半天的居家打工人[烟花R][烟花R]来说，能让你彻底忘记扫地这件事，就是最大的价值。
如果你们也像我一样，对办公区域清洁要求高，真的可以试试它，这个草我种得很踏实✨
#大疆ROMO[话题]# #大疆扫地机器人[话题]# #智能家居[话题]# #居家办公好物[话题]# #提升幸福感的小物[话题]#",,1762344258000,1762344258000,61cbcc4300000000100049f5,瑞雪兆丰年,https://sns-avatar-qc.xhscdn.com/avatar/1040g2jo31kkn4tgc305g5oebph1k0ifls5ust0o,132,50,6,1,辽宁,"http://sns-webpic-qc.xhscdn.com/202511221534/a0ed2d8ab981796e522f9a02feebbc7d/notes_pre_post/1040g3k031oglf3en6g005oebph1k0ifloilpvj8!nd_dft_wlteh_webp_3,http://sns-webpic-qc.xhscdn.com/202511221534/98b9fd96202e9eac4b03daa436eeb0cb/notes_pre_post/1040g3k031oglf3kb5m005oebph1k0iflscr0s98!nd_dft_wlteh_webp_3,http://sns-webpic-qc.xhscdn.com/202511221534/839afa798721e446e72374057b9bf2a6/notes_pre_post/1040g3k031oglf44s58005oebph1k0ifl2dp62lg!nd_dft_wlteh_webp_3,http://sns-webpic-qc.xhscdn.com/202511221534/e8737bc68b92f3c1380ceb0d52d15673/notes_pre_post/1040g3k031oglf40cmm005oebph1k0iflhsbde00!nd_dft_wlteh_webp_3,http://sns-webpic-qc.xhscdn.com/202511221534/9f3dceab18a681b1c9e2b89e4e232a08/notes_pre_post/1040g3k031oglf3s05m005oebph1k0ifl1dtcuvo!nd_dft_wlteh_webp_3","大疆ROMO,大疆扫地机器人,智能家居,居家办公好物,提升幸福感的小物",1763796894246,https://www.xiaohongshu.com/explore/690b3d420000000005038abe?xsec_token=ABnZg4QD1RAAZGGAQRRZxumQSSZH2qiamI27F5My7dZS4=&xsec_source=pc_search,大疆扫地机器人怎么样,ABnZg4QD1RAAZGGAQRRZxumQSSZH2qiamI27F5My7dZS4=
690be6b1000000000302da64,normal,你们真的不是冲着大疆ROMO P的颜值入手嘛✨,"之前买的扫地机又大又笨，黑黢黢的放角落像个“疙瘩”😭😭，还扫不到书架缝、茶几腿，每次看到积灰就闹心。直到刷到大疆ROMO P的透明基站，才知道扫地机也能跟极简风搭！😍
	
透明外壳配我家原木家具，放客厅根本不像家电，反而像个小摆件，朋友来都问链接。最让我满意的是它的灯光设计，工作时发出柔和的蓝光，晚上看起来特别有科技感，而且又不吵闹，三段式消音舱降噪效果真的很顶级。
	
清洁也够“极简”！以前扫完书架缝还要拿小刷子抠，现在它的机械臂能贴边扫，连书脊缝里的灰尘都能吸出来。吸力也够劲，宝宝掉的铅笔屑、沙发下的头发，一次就能扫干净，不用反复跑。
	
👉 ROMO的边刷100%贴边连我最在意的墙角、家具底部这些地面死角，它都能轻松搞定，ROMO P的除菌清洁液清扫完也让人很安心。
	
最省心的是不用“伺候”它！就连推拉门轨道里的灰尘垃圾，他的超强吸力都能给吸出。👍超智能的机械臂完美贴边打扫边边角角，而且它的基站自清洁采用四路高压水冲洗，用过很长一段时间它的拖布都没有积污和异味，真正意义上的解放双手。
	
极简党真的别凑活！选个好看又好用的，家里心情都不一样，再也不用为“丑机器”妥协了～🎊🎊
	
#大疆ROMO[话题]# #大疆扫地机器人[话题]# #极简风家居[话题]# #小户型神器[话题]# #高颜值家电[话题]#",,1762387633000,1762387633000,620f7fdb0000000010007923,三月,https://sns-avatar-qc.xhscdn.com/avatar/1040g2jo31fv6fb0c005g5ogffvdk0u93umicr0o,125,62,8,0,辽宁,"http://sns-webpic-qc.xhscdn.com/202511221534/0b53ee4f5d9b8bb9f04f545d2ec37549/notes_pre_post/1040g3k831oha4umsl8005ogffvdk0u93stfimjg!nd_dft_wlteh_webp_3,http://sns-webpic-qc.xhscdn.com/202511221534/7bee90e7c275d6346c6a0e479e17e46d/notes_pre_post/1040g3k831oha4upig6005ogffvdk0u93le0fs88!nd_dft_wlteh_webp_3,http://sns-webpic-qc.xhscdn.com/202511221534/ec7a9f54c41865a627034e3f0c229ade/notes_pre_post/1040g3k831oha4v91lm005ogffvdk0u9334ebc1g!nd_dft_wlteh_webp_3,http://sns-webpic-qc.xhscdn.com/202511221534/a216cc7963499b65a71812e935b28204/notes_pre_post/1040g3k831oha4v4al8005ogffvdk0u935ev4pko!nd_dft_wlteh_webp_3,http://sns-webpic-qc.xhscdn.com/202511221534/6217f629ad633c5f646e95aef450b16f/notes_pre_post/1040g3k831oha4v1p6g005ogffvdk0u93ol42kt8!nd_dft_wlteh_webp_3,http://sns-webpic-qc.xhscdn.com/202511221534/ea2395d10316d910a4c0975c5e83c8f5/notes_pre_post/1040g3k831oha4uvemg005ogffvdk0u93ijltkgo!nd_dft_wlteh_webp_3,http://sns-webpic-qc.xhscdn.com/202511221534/13b0829127c1ffa218ae69b8eb954359/notes_pre_post/1040g3k831oha4usklm005ogffvdk0u938j3aqlo!nd_dft_wlteh_webp_3","大疆ROMO,大疆扫地机器人,极简风家居,小户型神器,高颜值家电",1763796894249,https://www.xiaohongshu.com/explore/690be6b1000000000302da64?xsec_token=ABnZg4QD1RAAZGGAQRRZxumZ2BroNBZVlAWnPxipDo38Y=&xsec_source=pc_search,大疆扫地机器人怎么样,ABnZg4QD1RAAZGGAQRRZxumZ2BroNBZVlAWnPxipDo38Y=
689e27d0000000001b021918,normal,大疆ROMO，一周真实体验,"优点
•	扫拖干净：桌椅凳脚，墙体柜体死角这些位置基本都能清洁到，地面拖完脚感清爽，尤其厨房地砖爆炒后不再黏腻。
•	避障靠谱：没缠过数据线，也没被困住过，不再撞我的家具，之前石头把我flexform和herman miller沙发腿的漆都撞坏了，贼心疼
•	安静：一天干活五个多小时，声音小、碰撞少，几乎不打扰生活。
•	省事：除了偶尔加水，基站自清洁，很干净，没什么维护压力。
	
不足
•	拖地用水量大，我家实际清扫面积160平，不接上下水中途需要手动加一次水。
•	撞窄框玻璃门，设置禁区已解决
•	拖布烘干慢，需要很久，但不影响使用，对我来说不算缺点
	
整体
目前感觉省心、安静、存在感低，确实减少了日常维护的精力消耗，后续会继续观察稳定性和耐用度。
	
#智能家居生活[话题]# #我的地板在发光[话题]# #扫地机测评[话题]#",,1755195344000,1755196166000,5c53a5170000000012029ff9,summer-builder,https://sns-avatar-qc.xhscdn.com/avatar/1040g2jo3113f90flmo005n2jkkbkl7vp0bosgpg,127,34,119,135,,"http://sns-webpic-qc.xhscdn.com/202511221534/457300dbe30f882fcfd57b15ae79859a/notes_pre_post/1040g3k831l641cq5j4305n2jkkbkl7vpijp4c6o!nd_dft_wlteh_webp_3,http://sns-webpic-qc.xhscdn.com/202511221534/92519316ac242dd574667c2e5dfa0fcf/notes_pre_post/1040g3k831l641cq5j43g5n2jkkbkl7vpn08tmf8!nd_dft_wlteh_webp_3,http://sns-webpic-qc.xhscdn.com/202511221534/d5dbedc5aaeefa8bfb9ab9dcd438c0f1/notes_pre_post/1040g3k831l641cq5j4405n2jkkbkl7vp5n9sjl0!nd_dft_wlteh_webp_3,http://sns-webpic-qc.xhscdn.com/202511221534/83b423d93611b01b0c303dcf9f7f63ca/notes_pre_post/1040g3k831l641cq5j44g5n2jkkbkl7vpdir5jlo!nd_dft_wlteh_webp_3,http://sns-webpic-qc.xhscdn.com/202511221534/e661bd1c5385f562ed68e940ce1a64e8/notes_pre_post/1040g3k831l641cq5j4505n2jkkbkl7vp5hoqqe8!nd_dft_wlteh_webp_3,http://sns-webpic-qc.xhscdn.com/202511221534/81a76e86408b504ef9b02773eb22c5c9/notes_pre_post/1040g3k831l641cq5j45g5n2jkkbkl7vpnb6fgf0!nd_dft_wlteh_webp_3,http://sns-webpic-qc.xhscdn.com/202511221534/94bb0094912c966caac0570414fed24f/notes_pre_post/1040g3k831l641cq5j4605n2jkkbkl7vpd21qao8!nd_dft_wlteh_webp_3,http://sns-webpic-qc.xhscdn.com/202511221534/ae5d9af94e064f38e3eec553b4b77ce2/notes_pre_post/1040g3k831l641cq5j46g5n2jkkbkl7vpkgnj01o!nd_dft_wlteh_webp_3,http://sns-webpic-qc.xhscdn.com/202511221534/18e67f059370ee827279b326abcbcca0/notes_pre_post/1040g3k031l64fjnkj2005n2jkkbkl7vpuqfi5a8!nd_dft_wlteh_webp_3,http://sns-webpic-qc.xhscdn.com/202511221534/1e2839956a4086504170b2b115be72e6/notes_pre_post/1040g3k031l64fjnkj20g5n2jkkbkl7vpd37odd8!nd_dft_wlteh_webp_3","智能家居生活,我的地板在发光,扫地机测评",1763796894258,https://www.xiaohongshu.com/explore/689e27d0000000001b021918?xsec_token=ABACWnDIQrqChuVJslisqywPyat3Zoqy-XjvA-Smva31g=&xsec_source=pc_search,大疆扫地机器人怎么样,ABACWnDIQrqChuVJslisqywPyat3Zoqy-XjvA-Smva31g=
68c8120d000000001d02e4a7,normal,大疆ROMO，一周真实体验,"1. 避障靠谱： 基本没有碰到家具的情况，当然也是因为家里家具偏少，没缠过数据线，也没被困住过
2. 边缘清洁到位：桌椅凳脚，墙体柜体死角这些位置基本都能清洁到
3.安静：一天干活五个多小时，声音小、碰撞少，几乎不打扰生活。
4.真心省事：自动上下水版本，不用清理污水，基站自清洁，很干净，没什么维护压力。选择大疆就冲着不用清洁基站去的，事实也确实基站清理的很干净。
5.清洁能力听人说不好，不过基本满足我的要求。 我对扫地机器人核心需求是做清洁维护的，如果家里很脏的情况，我宁愿自己大扫除，。 每天做好维护，不要丢太多杂物到地面，对我来说，基本上我一个月做一次卫生都可以了。
	
整体
每天我去公司上班，机器人在家上班，四五个小时把家里全部打扫两遍，总体上来说符合期望，确实减少了日常维护的精力消耗，后续会继续观察稳定性和耐用度。",,1757942285000,1757942285000,5c01e737f7e8b97824600efa,瘦四,https://sns-avatar-qc.xhscdn.com/avatar/1040g2jo314pkn1g9he6g4bunmkjje3nqks1g14o,117,17,10,8,,http://sns-webpic-qc.xhscdn.com/202511221534/7cb87730c326d04420ae90fd7dd8158a/notes_pre_post/1040g3k031mf26s7nm86g4bunmkjje3nqtvvmma0!nd_dft_wlteh_webp_3,,1763796894263,https://www.xiaohongshu.com/explore/68c8120d000000001d02e4a7?xsec_token=ABwmxsRd0xw1odUSrTMQqOTwCEBGFVsmQWpKyu0TeFG5o=&xsec_source=pc_search,大疆扫地机器人怎么样,ABwmxsRd0xw1odUSrTMQqOTwCEBGFVsmQWpKyu0TeFG5o=
69159ea50000000007031b0d,normal,大疆ROMO P视频通话看娃扫地带娃两不误,"有没有姐妹跟我一样，我是一个早九晚六的职场妈妈，之前担心的就是上班时孩子在家的情况老人带娃难免有看顾不到的时候，孩子乱翻东西、爬高上低都让人揪心。用大疆ROMO P后，[拔草R]它的视频通话功能解决了我的焦虑，既能扫地又能看娃，这一个月用下来，它成了我上班时的安心神器了哈哈哈哈哈哈
每天早上出门前，我会在APP里设置好10点清洁客厅，然后打开视频通话功能，上班时随时能通过机器看家里情况。有次老人在厨房做饭，[仙女R]孩子把玩具箱翻得满地都是，我通过视频通话喊孩子的名字，提醒他收拾玩具，孩子听到我的声音，乖乖把玩具放回箱子里，不用再麻烦老人跑出来管
视频通话的画质很清晰，能看清孩子的小动作，比如他有没有把零食塞嘴里、有没有玩危险的东西。[彩虹R]之前买过单独的监控，但监控只能固定在一个地方，ROMO P能边清洁边移动，客厅、卧室都能看到，比固定监控灵活多了。
清洁能力也没话说，毕竟这是扫地机器人的本职工作嘛。[流汗R]25000Pa的吸力能把孩子撒的零食扫干净，机械臂贴边清洁不会漏扫桌腿缝，基站自清洁不用老人手动洗拖布。老人带娃也轻松
避障能力让我放心，孩子的玩具散落在地板上，ROMO P能精准避开，不会撞坏玩具，也不会卡进去让老人帮忙。有次孩子把小火车放在客厅中间，[烟花R]机器绕着小火车清洁，没有碰到，我在上班时通过视频看到，也不用再担心机器出问题。
语音互动功能也很实用，中午休息时，我通过机器跟孩子说话，问他吃了什么、有没有乖乖听话，孩子听到我的声音特别开心，不会因为我上班而黏人。之前每天上班都得跟孩子哭着拜拜，[举手R]现在有了ROMO P，孩子知道我能看到他，反而更乖了
职场妈妈最怕顾工作顾不上娃，ROMO P的视频通话功能，让我既能做好工作，又能兼顾家里的孩子，[氛围感R]扫地看娃两不误，真心推荐给所有跟我情况差不多的朋友～
#扫地机器人[话题]# #大疆扫地机器人[话题]# #大疆ROMO[话题]# #职场妈妈[话题]#",,1763024549000,1763024549000,606114df000000000100113f,微笑,https://sns-avatar-qc.xhscdn.com/avatar/1040g2jo31l43td2bjq505o312jfg849vdt0qlv0,138,67,0,0,辽宁,"http://sns-webpic-qc.xhscdn.com/202511221534/f2258cfb56063ec5a4e6fdeeaccaec52/notes_pre_post/1040g3k831oqprgra0s005o312jfg849v700kc70!nd_dft_wlteh_webp_3,http://sns-webpic-qc.xhscdn.com/202511221534/268f3792873dc5ed1979b33a153c5fcc/notes_pre_post/1040g3k831oqprgtvgs005o312jfg849v71ajk7g!nd_dft_wlteh_webp_3,http://sns-webpic-qc.xhscdn.com/202511221534/9f9e99f2fba985447d6c7ad46795281b/notes_pre_post/1040g3k831oqprh6uh0e05o312jfg849vnlo1cb0!nd_dft_wgth_webp_3,http://sns-webpic-qc.xhscdn.com/202511221534/b289cfb75675b589d69a2224b558480f/notes_pre_post/1040g3k831oqprh4uh2005o312jfg849vdnam198!nd_dft_wlteh_webp_3,http://sns-webpic-qc.xhscdn.com/202511221534/779741225370b31daa807b945346e6bf/notes_pre_post/1040g3k831oqprh2q12705o312jfg849vlep1boo!nd_dft_wlteh_webp_3,http://sns-webpic-qc.xhscdn.com/202511221534/15c32dadbcaf4fbca75c9d309821e943/notes_pre_post/1040g3k831oqprh0f0s005o312jfg849v64qcfr0!nd_dft_wlteh_webp_3","扫地机器人,大疆扫地机器人,大疆ROMO,职场妈妈",1763796894269,https://www.xiaohongshu.com/explore/69159ea50000000007031b0d?xsec_token=ABFHlZwmDOgsAkij2cOIS8Z8LL86g0_VywCFF-UeAmius=&xsec_source=pc_search,大疆扫地机器人怎么样,ABFHlZwmDOgsAkij2cOIS8Z8LL86g0_VywCFF-UeAmius=
6914839b0000000005011d83,normal,想买扫地机的打工人听劝，别再踩坑了,"打工➕下班带娃，buff叠满……每天回到家看到满地狼藉，连抬手收拾的力气都没有。☹之前跟风买过网红扫地机，扫完浮灰依旧飘，而且还不聪明，在家里乱撞，越用越添堵，直接退货止损！！！
	
被朋友按头安利大疆ROMO P后，才算打开躺平家务的大门，搭载的三段式消音舱设计让扫地机在集尘工作时声音很小，孩子睡觉也不会被打扰♥，越障能力也不错，我家厨房到客厅有个3cm的推拉门轨道。我还担心会过不去，但它一次性就过去了完全不需要我解救，而且还把轨道缝隙的灰尘垃圾都吸走，真的很给力。
25000Pa大吸力真的很棒，孩子吃饭掉落的残渣、地毯深处的积灰。地板上的颗粒都能吸走，沙发底那种我够不着的死角，它能灵活伸出机械臂配合双边刷和拖布贴边。☀圆盘拖布触地面积也超大，踢脚线缝隙、餐桌腿周围的污渍，以前得蹲地上擦，现在它通通搞定，擦完锃亮发光~
	
还用上大疆旗舰无人机同款毫米级避障技术，打扫的时候不用提前收拾，能精准避开充电器、数据线这些小物件。在床底、沙发底这些暗光环境下，也能灵活穿梭，不用担心它会撞到东西，安全又省心。❤
	
基站自清洁，省心又省力：每次清洁完成后，它会自动进行全链路烘干，❣16mm超大吸污口，不用拆除清洗，采用四路高压水清洗+热风烘干，拖布干干爽爽没异味，尘盒烘干配合尘袋UV杀菌加上基站一体烘干，把基站和拖布都处理得洁净干燥，再也不担心潮湿异味，我已经用了一个多月了，基站内部依然干干净净，真正实现了免维护。不用我再费心去清理基站，真的太方便了，这下能彻底躺平了
	
现在下班回家，迎接我的是一尘不染的家，直接瘫沙发陪娃，幸福感爆棚！
想买扫地机的打工人听劝，别再踩坑了，不知道买啥就可以考虑同款吧～
#大疆ROMO[话题]# #大疆扫地机器人[话题]# #打工人偷懒神器[话题]# #居家必备[话题]#",,1763009249000,1762952092000,623d640100000000100045bc,金闪闪的希望,https://sns-avatar-qc.xhscdn.com/avatar/1040g2jo3192151daku6g5ohtcg0k0hdst8ructg,95,1,8,0,广东,"http://sns-webpic-qc.xhscdn.com/202511221534/058da5d0cb0784f33f517290ccd0c46a/notes_pre_post/1040g3k831opn9slb1odg5ohtcg0k0hdsivmtjp8!nd_dft_wlteh_webp_3,http://sns-webpic-qc.xhscdn.com/202511221534/242710994dda672e094d398d4084d9db/notes_pre_post/1040g3k831opn9slb1ocg5ohtcg0k0hdseajq1d8!nd_dft_wlteh_webp_3,http://sns-webpic-qc.xhscdn.com/202511221534/25fe28133dbf2e67389ba40e376eb801/notes_pre_post/1040g3k831opn9slb1od05ohtcg0k0hds0iiuao8!nd_dft_wlteh_webp_3,http://sns-webpic-qc.xhscdn.com/202511221534/4623832d65e9602c7536a5df9e60f7b0/notes_pre_post/1040g3k831opn9slb1o705ohtcg0k0hds3qbq7g0!nd_dft_wlteh_webp_3","大疆ROMO,大疆扫地机器人,打工人偷懒神器,居家必备",1763796894274,https://www.xiaohongshu.com/explore/6914839b0000000005011d83?xsec_token=ABYk8guEn4ZdVdgd8BAPCjrgEPtP691-v87mWuOtiQiNw=&xsec_source=pc_search,大疆扫地机器人怎么样,ABYk8guEn4ZdVdgd8BAPCjrgEPtP691-v87mWuOtiQiNw=
68fa05e10000000007033b3f,video,大疆ROMO S真的很吓人！,#数码大玩家[话题]# #数码科技[话题]# #大疆[话题]# #大疆ROMOS[话题]# #扫地机器人[话题]#,http://sns-video-bd.xhscdn.com/spectrum/1040g35831otou6k5h2105o8dk7ig8dprutgp9gg,1761215969000,1763224554000,610da1e5000000000100373b,林一的赛博生活,https://sns-avatar-qc.xhscdn.com/avatar/1040g2jo31n39c8h3mm005o8dk7ig8dprfcpp1u0,4328,3345,19,268,广东,http://sns-webpic-qc.xhscdn.com/202511221539/5c29a18304160902c62e9a55292a7d69/spectrum/1040g34o31otp6ajk101g5o8dk7ig8dpra9s1e8o!nd_dft_wlteh_webp_3,"数码大玩家,数码科技,大疆,大疆ROMOS,扫地机器人",1763797205613,https://www.xiaohongshu.com/explore/68fa05e10000000007033b3f?xsec_token=ABNCW4oqfx-3xrJ0QtEu4nwPf_bB7V5-8WltJ_LK1t9A4=&xsec_source=pc_search,大疆扫地机器人避雷,ABNCW4oqfx-3xrJ0QtEu4nwPf_bB7V5-8WltJ_LK1t9A4=
68afc6ca000000001d00a138,video,大疆扫地机器人避雷,#扫地机器人[话题]# #养猫日常[话题]##养猫人[话题]##多猫家庭[话题]##避雷指南[话题]#,http://sns-video-bd.xhscdn.com/pre_post/1040g0cg31lnb70irl0005ovhq2u43g6s13jvfq8,1756350154000,1756350155000,63f1d0bc000000001001c0dc,辣条可乐供应中,https://sns-avatar-qc.xhscdn.com/avatar/1040g2jo312qn411fju5g5ovhq2u43g6si80ln88,132,25,7,10,,http://sns-webpic-qc.xhscdn.com/202511221539/48fb1251e4048fa7555e7eefcc31a11e/1040g00831lnb8bmml0005ovhq2u43g6s1148qa0!nd_dft_wlteh_webp_3,"扫地机器人,养猫日常,养猫人,多猫家庭,避雷指南",1763797205621,https://www.xiaohongshu.com/explore/68afc6ca000000001d00a138?xsec_token=AB-jeAcXRZVfapTmo-s1COkS_BH0vfmKCOu0vFzUson_c=&xsec_source=pc_search,大疆扫地机器人避雷,AB-jeAcXRZVfapTmo-s1COkS_BH0vfmKCOu0vFzUson_c=
68956bbe0000000025027894,normal,如何劝退男友的大疆扫地机,"想过很多扫地人的品牌
大疆是我万万没想到的
如何说服男友退货呀！！！
[哭惹R][哭惹R][哭惹R][哭惹R][哭惹R][哭惹R][哭惹R]
新家还没装修好，机器人就来了#我在小红书搞装修[话题]# #装修是场修行[话题]# #扫地机器人[话题]# #大疆[话题]#",,1754622910000,1754622911000,67e4feca000000000d008840,擒贼先擒王,https://sns-avatar-qc.xhscdn.com/avatar/1040g2jo31o9j8gloku005pv4vr5392202jlv76o,109,38,286,158,,"http://sns-webpic-qc.xhscdn.com/202511221539/c63d4ef1334b2e8fe1130b46790abe77/notes_pre_post/1040g3k831ktjirj8ig705pv4vr5392208b4780g!nd_dft_wlteh_webp_3,http://sns-webpic-qc.xhscdn.com/202511221539/a60d88737e057b59aacf33eab0670eba/notes_pre_post/1040g3k831ktjirj8ig7g5pv4vr539220gv30ifg!nd_dft_wlteh_webp_3","我在小红书搞装修,装修是场修行,扫地机器人,大疆",1763797205627,https://www.xiaohongshu.com/explore/68956bbe0000000025027894?xsec_token=ABbMTmuk1qEyjgfC8FflAVjolR2sDyr4o2P75zUtS9oJQ=&xsec_source=pc_search,大疆扫地机器人避雷,ABbMTmuk1qEyjgfC8FflAVjolR2sDyr4o2P75zUtS9oJQ=
68eef64a000000000700fc26,normal,傻*大疆割消费者韭菜[汗颜R]，一生黑，拖完地上还有毛发。9号下单5048，当天晚上降到4691，退了重买，12号收到了，14号晚上又降到4299，两天降400，说是30天价保，其实都是文字游戏，说什么百亿补贴中不支持价保[黑薯问号R]#大疆[话题]# #romo[话题]# p #大疆扫地机器人[话题]# #大疆Romo[话题]#,傻*大疆割消费者韭菜[汗颜R]，一生黑，拖完地上还有毛发。9号下单5048，当天晚上降到4691，退了重买，12号收到了，14号晚上又降到4299，两天降400，说是30天价保，其实都是文字游戏，说什么百亿补贴中不支持价保[黑薯问号R]#大疆[话题]# #romo[话题]# p #大疆扫地机器人[话题]# #大疆Romo[话题]#,,1760491082000,1760491138000,5971855e82ec39217c68ad90,再睡5分钟吧,https://sns-avatar-qc.xhscdn.com/avatar/1040g2jo31gp5oip2j80049mgsd2ltbcgm98g508,87,38,193,101,,"http://sns-webpic-qc.xhscdn.com/202511221539/cf353abe971a490f19eaa1acfc9825d6/notes_pre_post/1040g3k831nl1loou522049mgsd2ltbcgci125q0!nd_dft_wlteh_webp_3,http://sns-webpic-qc.xhscdn.com/202511221539/95f48823462fff3b311f1a9ad5d5dea3/notes_pre_post/1040g3k831nl1loou521g49mgsd2ltbcgo7ap2q8!nd_dft_wlteh_webp_3,http://sns-webpic-qc.xhscdn.com/202511221539/6cbc08576f37e00075e69ffa32e6659f/notes_pre_post/1040g3k831nl1loou522g49mgsd2ltbcgua0p3f8!nd_dft_wlteh_webp_3","大疆,romo,大疆扫地机器人,大疆Romo",1763797205638,https://www.xiaohongshu.com/explore/68eef64a000000000700fc26?xsec_token=ABEEv7-bFlrblncki-BUB-kNFgr84esuUyBQFa3qvs9s0=&xsec_source=pc_search,大疆扫地机器人避雷,ABEEv7-bFlrblncki-BUB-kNFgr84esuUyBQFa3qvs9s0=
69108fad000000000503b12c,normal,大疆扫地机用后1个月,"此为扫地机15年资深用户反馈。对消费者：2年内大疆是唯一优选，其它品牌都不用看，因为任何一项拿出来比大疆都是优胜，没空一一列举。下面重点对大疆说要改进的地方：1）机进入低矮家具清洁但地图上却没显示清扫过，应改为完全显示清扫轨迹，哪怕该区在地图被标为实体；2）拖布对桌脚类的沿边顶多30%贴合，这应该是机视觉盲区造成，在不增加机体积的前提下在后侧加眼睛就能做到100%沿边；3）提示水箱状态后应立即停止机器以等待用户处理，而不是继续工作让用户在那里等机器停止；4）设立虚拟墙时，2个点位应自动跳出放大镜让用户能精准摆放点位；5）清洁液仓应改为1个且可重复添加液体仓，不要更换仓，这样才环保省事，清洁液这点小钱就别惦记了，智能家电才是你们的战场；6）虚拟墙应升级为可添加多点位墙，这样能全面满足各种户型需求；7）禁区设置需更正，居然无法设置宽34厘米的禁区，应该调低最小限制尺寸；8）后面的新房装修不会再装踢脚线（这破玩意儿是为拖把而生的），这就需要扫地机不留痕在墙，这种情况下滚筒是更好的选择，而且需要边刷能边工作边自洁 @大疆ROMO
#大疆ROMIO扫地机器人[话题]#
#ROMO的100个家[话题]#",,1762693037000,1762743568000,62479a37000000001000d937,Lifenote,https://sns-avatar-qc.xhscdn.com/avatar/1040g2jo3170ol8vb3u005oi7j8rk1m9nkot757o,40,21,63,22,福建,"http://sns-webpic-qc.xhscdn.com/202511221539/1a6c36c33f1a65548f327cbac8e043ab/notes_pre_post/1040g3k031oloj2n1gg4g5oi7j8rk1m9n8lv59bo!nd_dft_wlteh_webp_3,http://sns-webpic-qc.xhscdn.com/202511221539/926f30dcba013ffbb61ed5f02399db63/notes_pre_post/1040g3k031oloj2n1gg505oi7j8rk1m9ndfrp35o!nd_dft_wlteh_webp_3,http://sns-webpic-qc.xhscdn.com/202511221539/4ea11fa80c8ddd93b2a6544634e3d1d1/notes_pre_post/1040g3k031oloj2n1gg5g5oi7j8rk1m9nvso1am8!nd_dft_wgth_webp_3","大疆ROMIO扫地机器人,ROMO的100个家",1763797205647,https://www.xiaohongshu.com/explore/69108fad000000000503b12c?xsec_token=ABDO3MndrXZCNUc15PW_wSHKCgA2IE6Vx7hFlV8q7kLCs=&xsec_source=pc_search,大疆扫地机器人避雷,ABDO3MndrXZCNUc15PW_wSHKCgA2IE6Vx7hFlV8q7kLCs=
689711c8000000002502699d,normal,大疆 romo,"1️⃣新机器都不能完成一个扫➕拖
后续因为上午扫下午拖 暂时没再测试
2️⃣单次扫拖时间比较久 需要4个多小时
3️⃣机身多处划痕 不知道哪里蹭的
之前的石头只有边缘会撞得厉害 上面不会有划痕
避障还有待改善
4️⃣水箱很难掰开扣上 总有一种感觉要掰断了
喜欢的点：
不缠绕头发！！！真的太重要了
#大疆ROMO扫地机器人[话题]#",,1754730952000,1756622463000,5ff1607c0000000001007f04,可乐雪碧还是芬达,https://sns-avatar-qc.xhscdn.com/avatar/1040g2jo30ndns5t8mi005nvhc1u08vo4c7se8ao,28,14,66,30,,"http://sns-webpic-qc.xhscdn.com/202511221539/321ae82aa938dceeefd75aa9c50ed381/1040g00831kv738t9ia005nvhc1u08vo42lvd7co!nd_dft_wlteh_webp_3,http://sns-webpic-qc.xhscdn.com/202511221539/8d84b89f25da298f81c3eeab25c6d328/1040g00831kvcv0pdj6005nvhc1u08vo4cilkpqo!nd_dft_wlteh_webp_3,http://sns-webpic-qc.xhscdn.com/202511221539/e924f8cebf45bddae6414b04ca729485/1040g00831kvcv0pdj6205nvhc1u08vo434pl000!nd_dft_wlteh_webp_3,http://sns-webpic-qc.xhscdn.com/202511221539/76ca50ca6b4659c9d6bc87ad031617e5/1040g00831kvcv0pdj60g5nvhc1u08vo4gi18fn8!nd_dft_wlteh_webp_3,http://sns-webpic-qc.xhscdn.com/202511221539/152e787743f1c835bcc43138df003d19/1040g00831kvcv0pdj61g5nvhc1u08vo44fooev8!nd_dft_wlteh_webp_3,http://sns-webpic-qc.xhscdn.com/202511221539/75543ee1aa27dc3765950b924ac21db3/1040g00831kvcv0pdj6105nvhc1u08vo44griluo!nd_dft_wlteh_webp_3,http://sns-webpic-qc.xhscdn.com/202511221539/64b53ff571ecfc378d469b9e98e78d86/notes_pre_post/1040g3k031lg2mudq4s105nvhc1u08vo4tlv3v7o!nd_dft_wlteh_webp_3,http://sns-webpic-qc.xhscdn.com/202511221539/641e01d270d6e475b00558bfdd47f933/notes_pre_post/1040g3k031lg2mudq4s1g5nvhc1u08vo4cair548!nd_dft_wlteh_webp_3,http://sns-webpic-qc.xhscdn.com/202511221539/6f979374fdced57eadca483b163368ae/notes_pre_post/1040g3k031lg2mudq4s205nvhc1u08vo4p115fqg!nd_dft_wlteh_webp_3",大疆ROMO扫地机器人,1763797205652,https://www.xiaohongshu.com/explore/689711c8000000002502699d?xsec_token=ABKDsKOrwdtqcTa5hsKB6V_SLxE6oMDXfnqj0WCGIbz78=&xsec_source=pc_search,大疆扫地机器人避雷,ABKDsKOrwdtqcTa5hsKB6V_SLxE6oMDXfnqj0WCGIbz78=
6880e542000000001202064a,normal,大疆扫地机，看完再选,"前几年，云鲸和大疆有一段秘史
导致大疆ceo拍脑门要做扫地机[抠鼻R]
初版方案胎死腹中……
直到今年，我以为还会流产
没想到上了[汗颜R]
	
从渠道和谍报信息来看：
“观望，不要下手，等派派测评”
	
因为没有拿米，所以客观解析[okR]
[一R]外观
很难评，云鲸+石头p系列结合产物，本来以为科沃斯的设计已经够难崩，现在大疆可以垫底了
	
[二R]避障
只看谍报，采取了ai摄像头避障，但是地面避障，打❓
	
[三R] 扫地功能
扫地机完全是照搬云鲸，双边刷+机械臂，至于滚刷是否可以防缠绕，打❓
	
[海豚R]总结：上市首月之前，谁推你买它，都是广子，别信，扫地机好用靠避障+算法，大疆刚入局，比不过传统大牌，具体能比得上多少，等我测评，先关注#扫地机[话题]# #扫地机器人测评[话题]# #大疆扫地机[话题]# #大疆新品[话题]# #你会买吗？ [PK]#",,1753277762000,1753277790000,64e092be0000000001011f10,派派智家,https://sns-avatar-qc.xhscdn.com/avatar/1040g2jo310q6flmo6a605p70iav0a7og42dnd0g,28,11,78,29,,http://sns-webpic-qc.xhscdn.com/202511221539/8f36849e580bb1faa1f0197a1c0bd389/notes_pre_post/1040g3k831k9ht70f2ud05p70iav0a7ogidtf810!nd_dft_wlteh_webp_3,"扫地机,扫地机器人测评,大疆扫地机,大疆新品",1763797205659,https://www.xiaohongshu.com/explore/6880e542000000001202064a?xsec_token=AB9SQDRuzZeo2cVqmGO77W2EZxBa_ElZtbxjIY5rp5wC8=&xsec_source=pc_search,大疆扫地机器人避雷,AB9SQDRuzZeo2cVqmGO77W2EZxBa_ElZtbxjIY5rp5wC8=
68b0374a000000001c03249a,normal,大疆扫地机器人怎么突然没声音了,看了下电商销量感觉也就那么回事 用上的基本没啥好评 避障说得天花乱坠，但实际使用并没有太大差异，其他扫地机器人现在在避障方面都还可以 除此之外，目前站内刷下来都是说不好用不劝买的，连地都扫不干净…… 作为一个扫地机器人除了避障也没其他优势了 看不懂，搞一圈干嘛，xq吗？ #大疆[话题]##大疆扫地机器人[话题]##扫地机器人[话题]##扫地机器人新品[话题]##大疆ROMO扫地机器人[话题]#,,1756378954000,1756378954000,66517fd0000000000b033eb5,喂喂喂爱披,https://sns-avatar-qc.xhscdn.com/avatar/1040g2jo31mp3gbbrmm6g5pihfv82ufllni1arq0,25,19,59,27,,http://sns-webpic-qc.xhscdn.com/202511221539/bd1efaba566ce15bae6f07b44e1eba67/1040g00831lnovp065m6g5pihfv82ufll72u55a8!nd_dft_wlteh_webp_3,"大疆,大疆扫地机器人,扫地机器人,扫地机器人新品,大疆ROMO扫地机器人",1763797205665,https://www.xiaohongshu.com/explore/68b0374a000000001c03249a?xsec_token=ABNq40pO2TPcoReEheqpvJH0XM61aLvJ78_7HPMot9tD0=&xsec_source=pc_search,大疆扫地机器人避雷,ABNq40pO2TPcoReEheqpvJH0XM61aLvJ78_7HPMot9tD0=
68a19b32000000001c03616f,video,大疆ROMO 的翻车挑战！,面对扫地机三大难题：避障、边角清扫、基站自清洁，romo的表现究竟如何，我们做了一场测试#大疆romo[话题]# #家居生活[话题]# #扫地机器人[话题]#,http://sns-video-bd.xhscdn.com/pre_post/1040g0cg31l9gc2js4ul05peulbah9d8hbb842i0,1755421490000,1755421491000,65deaad5000000000500b511,Jsn摄影笔记,https://sns-avatar-qc.xhscdn.com/avatar/9407a290-bc81-35d8-90ec-894f4c9902b0,23,9,6,13,,http://sns-webpic-qc.xhscdn.com/202511221539/b32040226d325af70269a25ec4d1d283/1040g2sg31l9gc2jr4s005peulbah9d8h2abqj4o!nd_dft_wlteh_webp_3,"大疆romo,家居生活,扫地机器人",1763797205674,https://www.xiaohongshu.com/explore/68a19b32000000001c03616f?xsec_token=AB_Qt9OgJiOfTac9Oav4YIoan5F_ImbDazfmEJCK4i53o=&xsec_source=pc_search,大疆扫地机器人避雷,AB_Qt9OgJiOfTac9Oav4YIoan5F_ImbDazfmEJCK4i53o=
68a47ef1000000001c00e9ff,normal,大疆ROMO 扫地机器人一周使用感受,"扫地机器人真实测评｜避障王者但细节真的能逼疯人！💢
最近跟风买了大疆的ROMO，优点很突出，但槽点也真的让人想原地发疯… 给纠结入手的避避坑👇
✨先夸夸优点：核心功能真的能打！
▪️避障功能：必须给满分！🚫 电线、拖鞋、宠物粪便全躲开，再也不用提前“清场”，对养宠家庭太友好！
▪️基础清洁：圆盘拖布贴边还行，日常灰尘毛发轻松搞定，懒人解放双手实锤～
▪️自清洁+除菌：自清洁不用手洗拖布这点很刚需，清水箱自带除菌模块也算加分项！
💣但这些槽点真的忍不了！
1.	烘干时间离谱：自清洁后烘干要等几小时！最坑的是烘干时基站状态永远在烘干界面，水箱有没有水、拖布还有多久能干全靠猜？
2.	除菌模块搞区别对待：由于买的是普通版，清水箱有除菌模块，污水箱却没有！想单买配件还永远缺货… 这波操作我不懂🙄
3.	避障太强反成bug：地插、墙角这些需要重点清洁的地方，因为避障太灵敏永远擦不到！
4.	窗帘杀手实锤：拉着纱帘就显示“路径遮挡”，必须拉开才能打扫，窗帘下面的灰永远积成山… 求求加个“窗帘穿行模式”吧！
5.	清洁死角刺客：拖布离墙永远差几毫米，地毯贴墙边缘更是完全不清理，边角灰层肉眼可见🤦‍♀️
6.	基站交互反人类：水量只显示“正常”“满了”？能不能给个百分比啊！每次都要开盖看剩多少水真的很麻烦！
💰性价比总结
带国补后价格勉强能接受，但对比这些细节bug，总觉得有点不值… 核心功能（避障、基础清洁）确实能打，但细节打磨真的差口气！
👉🏻建议品牌看看用户呼声：基站水量百分比、窗帘模式、污水箱除菌模块… 这些软件优化真的不难啊！
你们的避障和清洁细节能打几分？评论区聊聊～
#扫地机器人测评[话题]# #家居好物吐槽[话题]# #懒人清洁神器[话题]# #避障扫地机器人[话题]# #djiromo[话题]#",,1755610865000,1755610866000,5b0ad1d6f7e8b94a53188160,小红薯_5417,https://sns-avatar-qc.xhscdn.com/avatar/5b0ad1d6f7e8b94a53188160.jpg,21,16,17,33,,"http://sns-webpic-qc.xhscdn.com/202511221539/dc319ba14ea49e3776c79fed4d4f2681/1040g00831lcaa7ok5i1g4a5n9b8td0b0i1kauno!nd_dft_wlteh_webp_3,http://sns-webpic-qc.xhscdn.com/202511221539/786320b4079737a0367a367fe55d3135/1040g00831lcaa7ok5i0g4a5n9b8td0b041745eo!nd_dft_wlteh_webp_3,http://sns-webpic-qc.xhscdn.com/202511221539/0dae8debf5e4e5799f6dbff44e12a577/1040g00831lcaa7ok5i104a5n9b8td0b01oecfv0!nd_dft_wlteh_webp_3,http://sns-webpic-qc.xhscdn.com/202511221539/11ac9afe4696a54bb34225b4b3419764/1040g00831lcaa7ok5i004a5n9b8td0b0rev99j0!nd_dft_wlteh_webp_3","扫地机器人测评,家居好物吐槽,懒人清洁神器,避障扫地机器人,djiromo",1763797205680,https://www.xiaohongshu.com/explore/68a47ef1000000001c00e9ff?xsec_token=ABXhMv0asRxrlQ-gBsvI5zsc4lUFi4jj8PmWCpZjPFwr8=&xsec_source=pc_search,大疆扫地机器人避雷,ABXhMv0asRxrlQ-gBsvI5zsc4lUFi4jj8PmWCpZjPFwr8=
68ee5b46000000000500103e,normal,大疆 我请问呢 你是怎么了？,"半个月内降价700，不给延迟发货，也不给保价，又要退货重买了
#大疆[话题]# #大疆romo扫地机器人[话题]#",,1760451398000,1760452306000,6640abd7000000000303160c,wo是久久,https://sns-avatar-qc.xhscdn.com/avatar/1040g2jo31hv0hg8v6a005pi0lfbgu5gcik8e4to,21,7,82,19,,"http://sns-webpic-qc.xhscdn.com/202511221539/dc6ae5ad921c05a9932ae9d1b4e0f10d/notes_pre_post/1040g3k031nkendt2li7g5pi0lfbgu5gcm9pngfg!nd_dft_wlteh_webp_3,http://sns-webpic-qc.xhscdn.com/202511221539/6fba31806c2be3a4e1a3ba598a3efb3a/1040g00831nkendt26g005pi0lfbgu5gcjos9hng!nd_dft_wgth_webp_3","大疆,大疆romo扫地机器人",1763797205689,https://www.xiaohongshu.com/explore/68ee5b46000000000500103e?xsec_token=ABEEv7-bFlrblncki-BUB-kI3lNnOdBp7lSTyuU23mgEk=&xsec_source=pc_search,大疆扫地机器人避雷,ABEEv7-bFlrblncki-BUB-kI3lNnOdBp7lSTyuU23mgEk=
68a6e2bf000000001d0049b2,video,实测以后还是退货了,感觉地砖比木地板效果会好。只能最日常的维护。是不是对机器人的要求太高了[偷笑R]#家居作者扶持计划[话题]# #扫地机器人[话题]# #大疆扫地机器人[话题]#,http://sns-video-bd.xhscdn.com/1040g2so31lel8pa150005onfae37qulroebombg,1755767487000,1755767488000,62ef5386000000001f017abb,米homie（边住边装！,https://sns-avatar-qc.xhscdn.com/avatar/1040g2jo30tdug50l3q005onfae37qulrg65ds18,19,4,26,3,,http://sns-webpic-qc.xhscdn.com/202511221539/e08f5aea76e677c767c3771d9436c317/1040g00831lel8pa4ks005onfae37qulrksmfrvo!nd_dft_wlteh_webp_3,"家居作者扶持计划,扫地机器人,大疆扫地机器人",1763797205694,https://www.xiaohongshu.com/explore/68a6e2bf000000001d0049b2?xsec_token=AB1fTMSsVST84TvUXVoi2oyMtkDFEJVZkirGO5ZUtY-4Q=&xsec_source=pc_search,大疆扫地机器人避雷,AB1fTMSsVST84TvUXVoi2oyMtkDFEJVZkirGO5ZUtY-4Q=
68c91a8d00000000130116a5,normal,大疆扫地机器人ROMO系列上市1个多月，吐槽的用户不在少数，主要集中在清洁力与效率、售后态度推诿等方面。不难看出，“无人机一哥”大疆跨界杀入扫地机赛道出师不利，暴露不少问题。退一步讲，即便其首战告捷，也并不代表后续能平稳发展。毕竟国内扫地机市场竞争激烈，科沃斯、石头科技、云鲸、小米、追觅五大品牌出货量占据近九成市场份额，而大疆作为后来者，杀出重围难度着实不小。,大疆扫地机器人ROMO系列上市1个多月，吐槽的用户不在少数，主要集中在清洁力与效率、售后态度推诿等方面。不难看出，“无人机一哥”大疆跨界杀入扫地机赛道出师不利，暴露不少问题。退一步讲，即便其首战告捷，也并不代表后续能平稳发展。毕竟国内扫地机市场竞争激烈，科沃斯、石头科技、云鲸、小米、追觅五大品牌出货量占据近九成市场份额，而大疆作为后来者，杀出重围难度着实不小。,,1758009997000,1758009998000,634fe155000000001802c891,龚进辉,https://sns-avatar-qc.xhscdn.com/avatar/1040g2jo313r33mn41o6g5oqfs5am5i4h482hn5g,17,7,75,21,,"http://sns-webpic-qc.xhscdn.com/202511221539/1027d3f5ecfa304a15b9955fd1e88481/notes_pre_post/1040g3k831mfolg1ulm9g5oqfs5am5i4h76lrnag!nd_dft_wgth_webp_3,http://sns-webpic-qc.xhscdn.com/202511221539/c36fa6d82adf80b9847f012961276fa8/notes_pre_post/1040g3k831mfolg1ulm6g5oqfs5am5i4hcdob7c8!nd_dft_wgth_webp_3",,1763797205695,https://www.xiaohongshu.com/explore/68c91a8d00000000130116a5?xsec_token=ABIfWdWI2eShWSvV-6VlhReH36t7fI_PYey6Db8IjZLDU=&xsec_source=pc_search,大疆扫地机器人避雷,ABIfWdWI2eShWSvV-6VlhReH36t7fI_PYey6Db8IjZLDU=
68db58590000000003039db9,normal,大疆扫地机器人使用记录D1-2,"一句话总结，懒得人可以买
	
所有人都没说的一点，实物无敌大，和所有人拍的小小一团一点都不一样，用了两天说说优缺点
	
[害羞R]优点：
1+不像扫地机中间要换好几次水，这个基本上深度清洁后水箱也会剩一点水
2+扫地声音不大
3+扫地拖地干净，可以光脚
4+建图快，安装也很小白
5+避障非常好，床底终于不用进入扫了
6+扫地一次拖地一次就够了，这个一次不是指每个房间每块地面只扫一次，至少有三次来回，一个房间清洁一次后然后再回来再回来的那种，所以一次就够了
	
[呃R]缺点
1-用水用的太快了，深度清洁基本一次就不剩水了，污水箱和净水箱装满水都有点重量
2-拖地声音大，以及回站洗拖布声音是最大的
3-个别地方需要用洗地机拖，以及地面上偶尔遗落黑色小点，有的头发吸不进去（个别）
4-建图不精准，厨房小卧室客厅阳台被识别成了一整个客厅，虽然不耽误打扫，但是需要手动分区
5-个别时候会撞到玻璃门还有踢脚线，轰隆声
6-扫地太细了，第一次按照小红书教程设置了扫两次拖一次，结果一个卧室干了三个小时还没结束
7- 避障避的太灵敏，去厨房扫地的时候挡了路，它就不回去了，把它放进厨房也不进去扭过身出去了，然后扫地直接没扫，设置了再扫一次区域才好
	
[偷笑R]建议：（有的功能肯定有但是我没找到）
⭐️建图不精准
⭐️烘干时间太长了
⭐️洗拖布声音好大（有听说P版声音小，是钱包的错呜呜）
	
[斜眼R]总结：3100+的价格买基础版水箱很划算，整体清洁力达标，（我没养宠物）对清洁要求不苛刻的可以入，因为我有洗地机所以没感觉清洁力的问题，是解放双手的好工具，每天地面干干净净就好舒爽
PS.东西占地非常大，之前以为可以放在浴室柜下面的，建议放在客厅空旷区域
	
#大疆[话题]#ROMO扫地机器人",,1759205466000,1760030758000,5f4d045200000000010031a3,黄油蛋挞,https://sns-avatar-qc.xhscdn.com/avatar/1040g2jo31ng4nupe58cg5nqd0h908cd3fe1qsqo,17,8,18,7,,"http://sns-webpic-qc.xhscdn.com/202511221539/dc3591d70b230bcca4b86a3c5ee4abcb/1040g2sg31n1sku6mmgkg5nqd0h908cd3aumae8g!nd_dft_wlteh_webp_3,http://sns-webpic-qc.xhscdn.com/202511221539/5bd0dd96c537aadaf642e88813400ec5/1040g2sg31n1sku6mmgi05nqd0h908cd3g1dpeg8!nd_dft_wlteh_webp_3,http://sns-webpic-qc.xhscdn.com/202511221539/77e1a4fa8b35caee8fdfe658741b021b/1040g2sg31n1sku6mmghg5nqd0h908cd39p1v6bg!nd_dft_wlteh_webp_3,http://sns-webpic-qc.xhscdn.com/202511221539/922e3adcd9b515e275015460c2111838/1040g2sg31n1sku6mmgjg5nqd0h908cd38d9rup0!nd_dft_wgth_webp_3,http://sns-webpic-qc.xhscdn.com/202511221539/c7b86304d1e7b16e437cede2bedaabfd/1040g2sg31n1sku6mmgk05nqd0h908cd38bcet38!nd_dft_wgth_webp_3",大疆,1763797205699,https://www.xiaohongshu.com/explore/68db58590000000003039db9?xsec_token=ABzHEixayIB_9uFKCmPcoLbgSptHRpJnabKxn0B-5SOqo=&xsec_source=pc_search,大疆扫地机器人避雷,ABzHEixayIB_9uFKCmPcoLbgSptHRpJnabKxn0B-5SOqo=
6894bd5a000000000400700e,normal,大疆扫地机 romo还是等三代吧,"1 外观酷炫，镂空版本盖子某个角度有彩虹纹
2 清扫安静，自清洁不安静
3 避障比较谨慎，墙角踢脚线清洁不到位
4 拖地能拖简单污渍，顽固的没什么效果
5 清水箱一下子就没水了
6 语音操控不智能
7 摄像头监看画质感人地渣，有种焦点在五米外的感觉
8 价格贵",,1754578266000,1754578339000,5b44be54f7e8b92487d4b267,小猫睡觉,https://sns-avatar-qc.xhscdn.com/avatar/1040g2jo31opln1j31k004a71a7v59cj7vjkbotg,15,4,32,30,,"http://sns-webpic-qc.xhscdn.com/202511221539/6f351483ebdc630cc49a6c4dda1b72d2/notes_pre_post/1040g3k831ksu7r5m34e04a71a7v59cj764psp58!nd_dft_wlteh_webp_3,http://sns-webpic-qc.xhscdn.com/202511221539/827b90d6f3b78040be284b1b89b4cfaa/notes_pre_post/1040g3k831ksu7r5m34eg4a71a7v59cj7kpdi1b8!nd_dft_wlteh_webp_3,http://sns-webpic-qc.xhscdn.com/202511221539/0f600f98045349cf9c340a8a5ab4396d/notes_pre_post/1040g3k831ksu7r5m34f04a71a7v59cj78t9610o!nd_dft_wlteh_webp_3,http://sns-webpic-qc.xhscdn.com/202511221539/4742bad64a019bb901bf98e88d3072b7/notes_pre_post/1040g3k831ksu7r5m34fg4a71a7v59cj75fmo2fo!nd_dft_wlteh_webp_3,http://sns-webpic-qc.xhscdn.com/202511221539/d987ef2cbfd5a7cf0f3423256da49f0f/1040g2sg31ksucj5qio004a71a7v59cj74qe7u9g!nd_dft_wlteh_webp_3",,1763797205704,https://www.xiaohongshu.com/explore/6894bd5a000000000400700e?xsec_token=ABCuXg7_VdWxzoIIpCJuPakG7hQatLLFc65GcYia8kCBM=&xsec_source=pc_search,大疆扫地机器人避雷,ABCuXg7_VdWxzoIIpCJuPakG7hQatLLFc65GcYia8kCBM=
690061200000000004010101,normal,大疆扫地机器人P版,"真的是美丽的废物 小毛毛也吸不掉
避障确实可以 但真的拖不干净
要退了吗 买石头g30吗
#扫地机器人[话题]# #大疆扫地机人[话题]#",,1761632544000,1761632544000,58ddd86e5e87e770c54f1f63,雨雨酱,https://sns-avatar-qc.xhscdn.com/avatar/1040g2jo31fuhs2pa0i0049bsc4c6s7r32krtlt0,14,11,79,15,山东,http://sns-webpic-qc.xhscdn.com/202511221539/133c88403d69f3c1c5ed7b0d99c9ba52/notes_pre_post/1040g3k031o620v5gl80049bsc4c6s7r38nfpm68!nd_dft_wlteh_webp_3,"扫地机器人,大疆扫地机人",1763797205715,https://www.xiaohongshu.com/explore/690061200000000004010101?xsec_token=ABeg42dOEEF4C3bXvjw29ePTTqVm7C9HCjbaDIXeUo-Lw=&xsec_source=pc_search,大疆扫地机器人避雷,ABeg42dOEEF4C3bXvjw29ePTTqVm7C9HCjbaDIXeUo-Lw=
690372260000000004015630,normal,拔草大疆第一代扫拖机器人,"#大疆[话题]# ROMO 扫地机器人
欣赏的科技公司不多，大疆算一个。刚上市那会儿就加了🛒，但作为正经老韭菜，除了股票和演唱会，从不溢价买单，忍到双11终于拔草。
建图很快，把厨房设为禁区后，走位很精准，避障优势明显，噪声不大，上下水版本，彻底解放双手，完美解决了家庭矛盾，最快乐的当数我家主子了🐱",,1761833510000,1761833511000,5b51c75ef7e8b910e0e1c50b,佰萬是只金妹妹,https://sns-avatar-qc.xhscdn.com/avatar/5b51c75ef7e8b910e0e1c50b.jpg,13,1,28,7,天津,"http://sns-webpic-qc.xhscdn.com/202511221539/d2fe9e773ddca427fbe676d5b8afdc01/1040g00831o91tneblm904a7ba63lth8b321vlcg!nd_dft_wlteh_webp_3,http://sns-webpic-qc.xhscdn.com/202511221539/316214d746460c096662d3e4582ce54c/1040g00831o91tneblm804a7ba63lth8bgs8qch8!nd_dft_wlteh_webp_3,http://sns-webpic-qc.xhscdn.com/202511221539/df29084e294621fd9d42df07168f7ebc/1040g00831o91tneblm704a7ba63lth8bm7um9j8!nd_dft_wlteh_webp_3,http://sns-webpic-qc.xhscdn.com/202511221539/8415015b3719a21260ffe35420bb9d25/1040g00831o91tneblm604a7ba63lth8bh71adv8!nd_dft_wgth_webp_3",大疆,1763797205721,https://www.xiaohongshu.com/explore/690372260000000004015630?xsec_token=ABF8cIB4su4jed4iO0fushPP53mW9JgoujvMrnmEDX48I=&xsec_source=pc_search,大疆扫地机器人避雷,ABF8cIB4su4jed4iO0fushPP53mW9JgoujvMrnmEDX48I=
68b3b3bc000000001d01253f,normal,大疆romo,"你们都在说大疆romo，我是真买了啊[失望R]
避障还可以，但遇到复杂地方标准避障（餐桌附近）还是撞#romo[话题]# #大疆[话题]# #扫拖一体[话题]# #机器人[话题]# #扫地[话题]#",,1756607420000,1756607421000,63e79c33000000002600732a,momo,https://sns-avatar-qc.xhscdn.com/avatar/1040g2jo317ea5d86gs6g5ov7jgppgspad1fugro,13,6,46,5,,http://sns-webpic-qc.xhscdn.com/202511221539/c0d83edd7b3e20ed0101827886cd96d8/1040g00831lr5rnun526g5ov7jgppgspa9mb0630!nd_dft_wlteh_webp_3,"romo,大疆,扫拖一体,机器人,扫地",1763797205728,https://www.xiaohongshu.com/explore/68b3b3bc000000001d01253f?xsec_token=ABGAxbBu6-n7wTvijl0xVaey_TkqAboVceDduGUmUFxOU=&xsec_source=pc_search,大疆扫地机器人避雷,ABGAxbBu6-n7wTvijl0xVaey_TkqAboVceDduGUmUFxOU=
68d7ebf90000000013005bc9,video,大疆扫地机器人智商税！,看重的就是避障，之前开标准会卡沙发底下，后面开了谨慎以及遮了块布，用起来没发生什么，今天更新了个版本，四处碰撞，就视频这个以前都是一步到位机器腿出来拖掉了，今天还倒退撞一下#扫地机器人[话题]# #大疆[话题]#,http://sns-video-bd.xhscdn.com/1040g00g31muhnfcpl0e05nn50480bmu5l4pa6qg,1758981113000,1758981113000,5ee50110000000000101dbc5,Sport宇哥🚴,https://sns-avatar-qc.xhscdn.com/avatar/1040g2jo31jsft60cj60g5nn50480bmu5eqo3v50,11,6,16,3,,http://sns-webpic-qc.xhscdn.com/202511221540/b8e0a3d4edc5611785fe3f34165cb72a/1040g2sg31muhnfcpku9g5nn50480bmu5dimc0mg!nd_dft_wlteh_webp_3,"扫地机器人,大疆",1763797205733,https://www.xiaohongshu.com/explore/68d7ebf90000000013005bc9?xsec_token=ABEhEh1Xh__ms7ypwkzn5LVxCaqUSSj6RELGQ1gG-0Lzk=&xsec_source=pc_search,大疆扫地机器人避雷,ABEhEh1Xh__ms7ypwkzn5LVxCaqUSSj6RELGQ1gG-0Lzk=
68dc9ce70000000007003f72,normal,ROMO P用了1个月，有些槽不吐不快😂,"之前用的石X基站每次都得手动刷，边角永远留一道灰，还老把猫砂撞飞……换了ROMO P终于能吐槽了：
原来基站是不用掏的。基站自清洁太省事了，1个月没掏过污水箱，拖布也没霉味（连滤网都不用拆洗）
边角清洁治愈强迫症！机械臂扭进茶几腿缝时，以前石X绕柱三圈留的“结界”彻底消失了😂 不过避障强到有点叛逆——数据线、银行卡精准绕行。
最喜欢的是它的颜值！透明机身像水母，现在朋友来家都问“这艺术装置哪买的”…以前藏角落的扫地机，如今被迫C位出道（连我妈都问链接🤦♀️）
#扫地机真实测评[话题]# #家居好物分享[话题]# #大疆ROMO[话题]# #扫地机器人[话题]# #大疆扫地机器人[话题]#",,1759288551000,1759288551000,68b99f35000000001900f6ab,梨花香,https://sns-avatar-qc.xhscdn.com/avatar/1040g2jo31mnr0r2m4u6g5q5pjsqm9tlbrihgdmg,9,1,1,3,,"http://sns-webpic-qc.xhscdn.com/202511221540/0732046facce58fe7b0c7fbf33d17d7c/notes_pre_post/1040g3k031n346u5nks005q5pjsqm9tlbpr97ma0!nd_dft_wlteh_webp_3,http://sns-webpic-qc.xhscdn.com/202511221540/17f0467be1a1d516412f72134f014739/notes_pre_post/1040g3k831n346uat50005q5pjsqm9tlbh1b8490!nd_dft_wlteh_webp_3,http://sns-webpic-qc.xhscdn.com/202511221540/500d18550383c20b2b6771fafad68611/notes_pre_post/1040g3k831n346uho4q005q5pjsqm9tlbp7if38g!nd_dft_wlteh_webp_3,http://sns-webpic-qc.xhscdn.com/202511221540/592436edff24f1aa222311751b5c22ca/notes_pre_post/1040g3k831n346ueb52005q5pjsqm9tlba1cbkko!nd_dft_wlteh_webp_3","扫地机真实测评,家居好物分享,大疆ROMO,扫地机器人,大疆扫地机器人",1763797205735,https://www.xiaohongshu.com/explore/68dc9ce70000000007003f72?xsec_token=ABcxfbKjwxiT3nXd_KpTKzZEBJhQ1FXUCkHg76w_Gj3c4=&xsec_source=pc_search,大疆扫地机器人避雷,ABcxfbKjwxiT3nXd_KpTKzZEBJhQ1FXUCkHg76w_Gj3c4=
6895685a000000002501594c,normal,【第二次卡机】大疆扫地机器人 Vs 窗帘,"第一次卡机我通过解除报警成功回到了基站。
这是第二次，已经卡了一个多小时了。
	
应该是识别到了窗帘(飘啊飘的)。
	
要等我人工救援了。#扫地机器人[话题]# #大疆扫地机器人romo[话题]# #大疆扫地机器人[话题]#
	
昨天晚上过去把窗帘绑起来了，今天早上又连续4次报警，中间卡死1次，半小时后回到基站，应该和窗帘关系不大，已经联系天猫退货了。",,1754622042000,1754708824000,59e4b4d3e8ac2b683c09ac59,🤖大四喜,https://sns-avatar-qc.xhscdn.com/avatar/1040g2jo3103a1obv666049uj4gqd7b2pk2j7e38,9,2,4,6,,"http://sns-webpic-qc.xhscdn.com/202511221547/78008fe8e469d54118e878da99de8868/notes_pre_post/1040g3k031ktequrlk82049uj4gqd7b2pobndvh0!nd_dft_wlteh_webp_3,http://sns-webpic-qc.xhscdn.com/202511221547/24bab3ab445c6dbe83c7486868426232/notes_pre_post/1040g3k031ktequrlk84049uj4gqd7b2p822ilgo!nd_dft_wlteh_webp_3,http://sns-webpic-qc.xhscdn.com/202511221547/e89ad3af83c0b2ff9ad50376b140d772/notes_pre_post/1040g3k031ktequrlk84g49uj4gqd7b2pkirr9go!nd_dft_wgth_webp_3","扫地机器人,大疆扫地机器人romo,大疆扫地机器人",1763797690453,https://www.xiaohongshu.com/explore/6895685a000000002501594c?xsec_token=ABbMTmuk1qEyjgfC8FflAVji-9AVi-ZMZOfmWXKWZh7SI=&xsec_source=pc_search,大疆扫地机器人避雷,ABbMTmuk1qEyjgfC8FflAVji-9AVi-ZMZOfmWXKWZh7SI=
68f79e280000000004005e57,normal,大疆扫地机器人真实使用感受！,"入了大疆基础自动上下水版，优缺点全扒给你们！
1.国庆节收到的机器，安装真的有点小波折！机器配了进水三通，本来想和洗衣机共用进水管超方便，结果我家水管嵌墙太深，三通管不够长，当晚愣是装不上😭 第二天五金店买了内丝延长接头才搞定进水。
扫地机的排水管和洗衣机的排水管一样粗，但是没有带排水三通，又单独补买一个，总算把上下水都接好，建议安装前先检查自家水管情况～
3.安装完成，App操作很简单，联网后开着房门让它建图，不用等它扫遍每个角落，摄像头扫到就能精准建模，速度超惊喜！
4.避障确实一流，很丝滑，必须夸爆✨ 遇到电线、拖鞋都能丝滑绕开。
5.缺点也很明显！烘干时间长到离谱，除了扫地就是嗡嗡烘干，噪音不算大但存在感超强。
6.边扫边拖会把头发打湿贴地上，根本吸不起来。
7.水印有点严重，拖过的地方像鱼鳞纹，干了之后印记超明显。
没有提到的说明还好，没有影响。
实用党可以入，但对拖地要求高的姐妹慎冲！
#扫地机器人测评[话题]# #大疆扫地机实测[话题]# #自动上下水扫地机[话题]##洗地机推荐[话题]# #扫地机器人怎么选[话题]#",,1761058344000,1761058345000,66d4473b000000001d0336b8,向上的大鹅,https://sns-avatar-qc.xhscdn.com/avatar/1040g2jo31lb2nvss5o5g5pmk8stnedloplqf9j0,8,7,26,3,,"http://sns-webpic-qc.xhscdn.com/202511221547/0a187a391735c119db09f16eab8145c3/notes_pre_post/1040g3k031ntfqmgc580g5pmk8stnedlosqrid58!nd_dft_wlteh_webp_3,http://sns-webpic-qc.xhscdn.com/202511221547/13399e55c03d8e37888979396fe33d64/notes_pre_post/1040g3k031ntfqmgc58105pmk8stnedloq6rgtqg!nd_dft_wlteh_webp_3,http://sns-webpic-qc.xhscdn.com/202511221547/90acf64397b5688224ec9ba7dfd6b88a/notes_pre_post/1040g3k031ntfqmgc581g5pmk8stnedlo3feuoig!nd_dft_wlteh_webp_3,http://sns-webpic-qc.xhscdn.com/202511221547/8c140ea79b44f36d18543fdd8512931e/notes_pre_post/1040g3k031ntfqmgc58205pmk8stnedlo1fkue1o!nd_dft_wlteh_webp_3","扫地机器人测评,大疆扫地机实测,自动上下水扫地机,洗地机推荐,扫地机器人怎么选",1763797690460,https://www.xiaohongshu.com/explore/68f79e280000000004005e57?xsec_token=ABe-GSlDOuhROhqnCHGQl30P1dX0jPwxx9hP6y2VKNfVI=&xsec_source=pc_search,大疆扫地机器人避雷,ABe-GSlDOuhROhqnCHGQl30P1dX0jPwxx9hP6y2VKNfVI=
68b43a97000000001b033708,normal,大疆扫地机器人已用三周,"前段时间我的机器人路径规划以及打扫时长上有很大的问题，通过跟客服的沟通、重新建图、清洁传感器、上传问题日志给工程师排查十几次之后！就在前两天！
我一次临时清扫发现，不仅清洁路线正常了，打扫时长也缩短了不少！看清洁记录的路线整齐划一，回家后干净的地面，很舒服！
不知道是因为后台更新了算法，还是因为清洁传感器有了效果，还是因为重新建图的原因…现在的结果符合我对Romo的心理预期，希望继续保持下去，加油[加油R]
#扫地机器人[话题]# #DJI[话题]# #DJI大疆[话题]# #DJI新品[话题]# #大疆Romo[话题]# #科技[话题]##扫地机器人测评[话题]# #大疆ROMO扫地机器人[话题]# #测评[话题]#",,1756641943000,1756646381000,603b4652000000000100813a,LIYXZNIC,https://sns-avatar-qc.xhscdn.com/avatar/1040g2jo31jffvam2j0605o1r8p90909qjvs4ok8,8,2,16,1,,http://sns-webpic-qc.xhscdn.com/202511221547/154a77a11ae400b37f58a21f33e83f74/notes_pre_post/1040g3k831lrm318hledg5o1r8p90909qret6hm0!nd_dft_wlteh_webp_3,"扫地机器人,DJI,DJI大疆,DJI新品,大疆Romo,科技,扫地机器人测评,大疆ROMO扫地机器人,测评",1763797690465,https://www.xiaohongshu.com/explore/68b43a97000000001b033708?xsec_token=ABFfghatz1x7qByqb0Y0S4g_-5RKRBt-8GzM5bYB4-VpQ=&xsec_source=pc_search,大疆扫地机器人避雷,ABFfghatz1x7qByqb0Y0S4g_-5RKRBt-8GzM5bYB4-VpQ=
68b6af88000000001d02f003,video,一个月不到就坏了！,"[哭惹R]8月8号下单，还没怎么用，今天就坏了。不过售后不错，马上申请换新。
一
[失望R]遇到问题：
[一R]刷子自己掉了，安装上去也不转；
[二R]异响，不过就响了一会；
[三R]自动报错，难道是撞坏了？
—
[买爆R]正在换新中，不知道机器质量如何，有遇到过类似情况的朋友吗？个人觉得机器挺好用的，扫拖都给力。
—
#数码大玩家[话题]# #数码薯[话题]# #扫地机器人[话题]# #维修[话题]# #DJI大疆[话题]# #DJI新品[话题]# #大疆扫地机ROMO[话题]# #凡事不要慌[话题]#",http://sns-video-bd.xhscdn.com/pre_post/1040g0cg31lu31ib358005nfgesag87rkhdt6r30,1756802952000,1756802952000,5df077150000000001001f74,刷我滴卡,https://sns-avatar-qc.xhscdn.com/avatar/1040g2jo31ebt5rsb0u6g5nfgesag87rk9dkpslg,7,2,27,5,,http://sns-webpic-qc.xhscdn.com/202511221547/fb68addd8c0a6aaf5427f8604241ddfc/1040g2sg31lu2plg3ludg5nfgesag87rkagbp5oo!nd_dft_wlteh_webp_3,"数码大玩家,数码薯,扫地机器人,维修,DJI大疆,DJI新品,大疆扫地机ROMO,凡事不要慌",1763797690470,https://www.xiaohongshu.com/explore/68b6af88000000001d02f003?xsec_token=ABwQWQTD9vtlUN7grIM8xOlsH5VoxN0ncl3iSvmYTIpSc=&xsec_source=pc_search,大疆扫地机器人避雷,ABwQWQTD9vtlUN7grIM8xOlsH5VoxN0ncl3iSvmYTIpSc=
6895d05a0000000023036e92,normal,大疆romo在同一个位置卡了两次,不过好消息是大疆romo的动力很强，卡的贼牢#扫地机[话题]# #扫地机器人[话题]# #大疆扫地机[话题]# #大疆romo[话题]# #大疆扫地机ROMO[话题]#,,1754648667000,1754648667000,5e84b9c80000000001008ab1,6GHz,https://sns-avatar-qc.xhscdn.com/avatar/623ec53b5da78637e1520828.jpg,7,1,7,5,,http://sns-webpic-qc.xhscdn.com/202511221547/2290d12a1a24a5980506aa54aed327b6/note_pre_post_uhdr/1040g3r831ktru5ch2ud05nk4n74092lh986r0ug!nd_dft_wgth_webp_3,"扫地机,扫地机器人,大疆扫地机,大疆romo,大疆扫地机ROMO",1763797690478,https://www.xiaohongshu.com/explore/6895d05a0000000023036e92?xsec_token=ABbMTmuk1qEyjgfC8FflAVjhj2615-EoZNbWSNzQLeB7I=&xsec_source=pc_search,大疆扫地机器人避雷,ABbMTmuk1qEyjgfC8FflAVjhj2615-EoZNbWSNzQLeB7I=
68bff175000000001d02ec3f,normal,大疆扫地机有点小失望,"家里的玻璃栈道居然不会扫，清洁不到，我加了加扫区域也不会去扫，不知道什么逻辑，而且会把玻璃栈道下面地下室的物品识别成障碍物。。。。
另外，有个很小的纸团也会当成一个障碍物避过不碰，[笑哭R][笑哭R][笑哭R]
#大疆[话题]# #大疆扫地机[话题]# #大疆ROMO[话题]# #扫地机器人[话题]#",,1757409653000,1757466116000,565a7f000cdc2b3f4990976f,小舟,https://sns-avatar-qc.xhscdn.com/avatar/63d34114cdca983e2dcfaa02.jpg,7,2,12,1,,"http://sns-webpic-qc.xhscdn.com/202511221547/42389e16a9e7edfc7dd92697999a37b9/1040g2sg31m749mhr6c1043ffcivg15rf1tihi1g!nd_dft_wlteh_webp_3,http://sns-webpic-qc.xhscdn.com/202511221547/527ee00a397989c859ca296761e88ffa/1040g2sg31m749mhr6c0043ffcivg15rf2i3ikf8!nd_dft_wlteh_webp_3,http://sns-webpic-qc.xhscdn.com/202511221547/4b3a7371324426938d2f9bd91d6eeb7c/1040g2sg31m749mhr6c0g43ffcivg15rfqe9q650!nd_dft_wgth_webp_3,http://sns-webpic-qc.xhscdn.com/202511221547/89a0fd7d5ff40947c2a98cfca48eaf6e/1040g2sg31m749mhr6c1g43ffcivg15rfke60778!nd_dft_wlteh_webp_3,http://sns-webpic-qc.xhscdn.com/202511221547/28c83e073c4166b5984d247e812c1ad2/1040g2sg31m749mhr6c2043ffcivg15rfg917ri0!nd_dft_wlteh_webp_3","大疆,大疆扫地机,大疆ROMO,扫地机器人",1763797690486,https://www.xiaohongshu.com/explore/68bff175000000001d02ec3f?xsec_token=AB-f36M0A9NlBRljih42IjDeyrbhueGr2yfdo5B_p3NCM=&xsec_source=pc_search,大疆扫地机器人避雷,AB-f36M0A9NlBRljih42IjDeyrbhueGr2yfdo5B_p3NCM=
68aec259000000001b03543d,normal,大疆扫地机隔着左右脑互搏呢？,"大疆romo这个扫地机也是蛮搞笑的
扫地机在基站内，app也知道扫地机在基站里，然后APP又说未发现基站
合着你大疆左右脑互搏呢？#大疆扫地机[话题]# #djiromo[话题]# #大疆[话题]#",,1756283481000,1756286001000,5e84b9c80000000001008ab1,6GHz,https://sns-avatar-qc.xhscdn.com/avatar/623ec53b5da78637e1520828.jpg,6,1,7,6,,"http://sns-webpic-qc.xhscdn.com/202511221547/0f576e95ea9ad49764bd15da9f3af27c/note_pre_post_uhdr/1040g3r031lmbehvnli6g5nk4n74092lhh1vllu8!nd_dft_wgth_webp_3,http://sns-webpic-qc.xhscdn.com/202511221547/fdf2b494ae9d81c243492506f8b460f5/notes_pre_post/1040g3k831lmbeie65icg5nk4n74092lh58m0td0!nd_dft_wlteh_webp_3,http://sns-webpic-qc.xhscdn.com/202511221547/f222d0140bc5db872ba539bb70e6a7d4/notes_pre_post/1040g3k031lmbeie65i6g5nk4n74092lhs0on1v8!nd_dft_wlteh_webp_3","大疆扫地机,djiromo,大疆",1763797690494,https://www.xiaohongshu.com/explore/68aec259000000001b03543d?xsec_token=ABziNnjLone0XPFyOkaMz5k2dtWPiY9SprHApdCL3lTq8=&xsec_source=pc_search,大疆扫地机器人避雷,ABziNnjLone0XPFyOkaMz5k2dtWPiY9SprHApdCL3lTq8=
6898a7b00000000023021162,normal,ROMO到家 DAY4,"好嘛～今天看到网友说清扫两次路线就是小格子，便放手一试，本以为一切顺利……结果正打扫着客厅呢，应该是要回洗拖布，在家门口突然不往里走了，然后报错说无法识别基站，让我擦拭反光贴纸。我一开始完全没找到这个所谓的贴纸，看了说明才知道是基站内壁三个黑色方块，虽然上面干干净净的我还是擦拭了，结果还是找不着基站，我只好手动给发放回去。
尴尬的事情发生了，它识别到机器人被放回基站了就结束了整个清洁工作。
我不得不问问@DJI大疆技术支持 ，这不是你们的提示第二条上写的将机器人放回基站吗？怎么就给我整个停止工作了！难道不是应该回到基站了就继续完成它剩下的工作嘛。而且既然上一个进程没有完成，无论是什么原因中止的，都应该有一个继续完成该进程的操作选项才对啊！优化一下吧！
#大疆扫地机器人[话题]# #ROMO[话题]#",,1754834864000,1754834864000,556f164ec2bdeb527d08eec6,💋小丹丹💯（装修进行时）,https://sns-avatar-qc.xhscdn.com/avatar/1040g2jo31h94daco3u0040np76b4trm66ig0hjo,6,2,7,9,,"http://sns-webpic-qc.xhscdn.com/202511221547/2b8ec32ab942744f1836f537e529eccf/1040g2sg31l05smjf34gg40np76b4trm6jv3q22g!nd_dft_wlteh_webp_3,http://sns-webpic-qc.xhscdn.com/202511221547/4d50ef2009ea9191fa7fe51df719cccc/1040g2sg31l05smjf34h040np76b4trm6plc0qn8!nd_dft_wlteh_webp_3","大疆扫地机器人,ROMO",1763797690499,https://www.xiaohongshu.com/explore/6898a7b00000000023021162?xsec_token=AB2YzDkq8fDH1Lwt56in5weRXG-CmTi6bneKlGQBkSaYk=&xsec_source=pc_search,大疆扫地机器人避雷,AB2YzDkq8fDH1Lwt56in5weRXG-CmTi6bneKlGQBkSaYk=
68b00be1000000001c03437a,normal,"大疆（DJI）ROMO 扫地机器人避雷
	
大疆的逻辑是扫地机器人只要客户用了就不能退
	
大疆的七天无理由是客户只能收到货看不能试用
	
后面客户录像证明定位问题也不行 必须寄回去检测大疆说没问题才行 然后问大疆官方说没有检测服务
完美闭环
@大疆OSMO","大疆（DJI）ROMO 扫地机器人避雷
	
大疆的逻辑是扫地机器人只要客户用了就不能退
	
大疆的七天无理由是客户只能收到货看不能试用
	
后面客户录像证明定位问题也不行 必须寄回去检测大疆说没问题才行 然后问大疆官方说没有检测服务
完美闭环
@大疆OSMO",,1756367841000,1756367842000,67c6c45d000000000e01e997,无敌暴龙战士,https://sns-avatar-qc.xhscdn.com/avatar/1040g2jo31g32vc4mgc605pu6ohejjqcn53r345o,6,3,13,8,,"http://sns-webpic-qc.xhscdn.com/202511221547/fc296b5e0241690ee4922c013273c6ec/1040g00831lnjloh54s605pu6ohejjqcnq98i148!nd_dft_wlteh_webp_3,http://sns-webpic-qc.xhscdn.com/202511221547/b8760ac0dd8d14df1017b0c1c4fdb016/1040g00831lnjloh54s405pu6ohejjqcn6ktd9vg!nd_dft_wlteh_webp_3,http://sns-webpic-qc.xhscdn.com/202511221547/c420e90a6eb12aeeba08e870df6658b3/1040g00831lnjloh54s5g5pu6ohejjqcnjke4dv0!nd_dft_wlteh_webp_3",,1763797690503,https://www.xiaohongshu.com/explore/68b00be1000000001c03437a?xsec_token=ABNq40pO2TPcoReEheqpvJH_NQD5H7v8QfyJPSQkDuHEE=&xsec_source=pc_search,大疆扫地机器人避雷,ABNq40pO2TPcoReEheqpvJH_NQD5H7v8QfyJPSQkDuHEE=
68c92de50000000013019e08,normal,大疆首款扫地机ROMO使用一个月,"·设计依旧能打，避障功能超灵敏👏
但漏扫和黏腻污渍清洁不到位😥
语音控制偶尔掉线…有点鸡肋
	
官网支持30天内退货💡
线下门店暂无无理由退换货政策
建议大家理性种草哦
#家电[话题]# #高颜值小家电[话题]# #扫地机器人[话题]# #智能扫地机[话题]# #大疆扫地机[话题]# #智能家居开箱[话题]# #新品测评[话题]# #避坑指南[话题]# #扫地机器人怎么选[话题]#",,1758018651000,1758014950000,680ffb44000000000a03dad0,家电小熊,https://sns-avatar-qc.xhscdn.com/avatar/1040g2jo31itkoqqa1e6g5q0fvd22nmmggsg3l00,5,0,3,3,,http://sns-webpic-qc.xhscdn.com/202511221547/54067e9ed1c19f26151e153f5601f03c/notes_pre_post/1040g3k831mg51k2b58d05q0fvd22nmmg5qjeru8!nd_dft_wlteh_webp_3,"家电,高颜值小家电,扫地机器人,智能扫地机,大疆扫地机,智能家居开箱,新品测评,避坑指南,扫地机器人怎么选",1763797690507,https://www.xiaohongshu.com/explore/68c92de50000000013019e08?xsec_token=ABIfWdWI2eShWSvV-6VlhReBEu41d3sBa3OuSHhGat3tQ=&xsec_source=pc_search,大疆扫地机器人避雷,ABIfWdWI2eShWSvV-6VlhReBEu41d3sBa3OuSHhGat3tQ=
68ab0e6f000000001d02cb22,normal,大疆扫地机20天故障啦……,"功臣疆就此陨落[哭惹R]今天不拖地了，发现后联系客服，现在在等结果……哎不经用啊，故障率高的话出了保质期怎么办啊？担忧😔
#解放双手的扫地机[话题]# #扫地机器人[话题]# #疆功臣陨落[话题]#",,1756040815000,1756040816000,565b16d6f53ee01b05f143ac,嘻嘻哈哈💭,https://sns-avatar-qc.xhscdn.com/avatar/1040g2jo31jtdn5vd2u0043h3gkbdcgtc0fhn7eo,5,3,18,5,,"http://sns-webpic-qc.xhscdn.com/202511221547/b3fb11052c9dcdb6daa6082ee18d5ec4/notes_pre_post/1040g3k831linijnr5i0043h3gkbdcgtc1l50kmo!nd_dft_wlteh_webp_3,http://sns-webpic-qc.xhscdn.com/202511221547/fd618079b32afc17f7a3b52f1264a8a2/notes_pre_post/1040g3k831linijnr5i0g43h3gkbdcgtcrpovna0!nd_dft_wlteh_webp_3","解放双手的扫地机,扫地机器人,疆功臣陨落",1763797690516,https://www.xiaohongshu.com/explore/68ab0e6f000000001d02cb22?xsec_token=ABRJLhtSFdSzBP489asCvb41acZBZQ0nxyBChbDo5Y2Og=&xsec_source=pc_search,大疆扫地机器人避雷,ABRJLhtSFdSzBP489asCvb41acZBZQ0nxyBChbDo5Y2Og=
68f20b610000000004005874,normal,大疆扫地机器人实测,"首次清洁，卡在了床底因为这个塑料袋；识别地毯也划分了区域，仍然给我留下了脏脏印子……
为颜值买单，还在打扫中，再看看啥情况
	
真的是很好看#扫地机器人[话题]# #大疆新品[话题]# #大疆[话题]##大疆扫地机器人[话题]#",,1760693089000,1760695280000,61e3121c000000001000e7ce,橘子河,https://sns-avatar-qc.xhscdn.com/avatar/1040g2jo3156bv8j10u0g5of328e41pue0mv81ig,7,2,20,10,,"http://sns-webpic-qc.xhscdn.com/202511221547/1edb186d84191d56a25341e8c0d847c9/notes_pre_post/1040g3k831no22n5h06005of328e41pues7urkgg!nd_dft_wlteh_webp_3,http://sns-webpic-qc.xhscdn.com/202511221547/4443137d98c268686453962100b67659/notes_pre_post/1040g3k831no22n5h060g5of328e41pueqt4rod8!nd_dft_wlteh_webp_3,http://sns-webpic-qc.xhscdn.com/202511221547/55ddf49a5114c9d686e98fff6a0759e5/notes_pre_post/1040g3k831no22n5h06105of328e41pueaht8gbo!nd_dft_wlteh_webp_3","扫地机器人,大疆新品,大疆,大疆扫地机器人",1763797690522,https://www.xiaohongshu.com/explore/68f20b610000000004005874?xsec_token=AB4B0KE29p8oqQMu3Q4goe4aT2T71q2wVcHDH4l2gCkvo=&xsec_source=pc_search,大疆扫地机器人避雷,AB4B0KE29p8oqQMu3Q4goe4aT2T71q2wVcHDH4l2gCkvo=
6895b0340000000023029741,normal,大疆Romo的滚刷被异物卡住了,刚才吃饭的时候，看到app里说滚刷被异物卡住了。我回家一看，根本没东西缠着滚刷，只是鼠标的usb线头被扫地机器人压住了[生气R][生气R][生气R]#大疆Romo扫地机器人[话题]# #扫地机器人[话题]##大疆扫地机[话题]# #大疆romo[话题]#,,1754640436000,1754640437000,5e84b9c80000000001008ab1,6GHz,https://sns-avatar-qc.xhscdn.com/avatar/623ec53b5da78637e1520828.jpg,5,3,8,17,,"http://sns-webpic-qc.xhscdn.com/202511221547/394d7d25c456c20bbcca83053958fa2a/notes_pre_post/1040g3k031ktru5nt2u605nk4n74092lhp64h1sg!nd_dft_wlteh_webp_3,http://sns-webpic-qc.xhscdn.com/202511221547/1ba82d7898f94179f43f0bfb7ee348a0/notes_pre_post/1040g3k031ktru5n6j46g5nk4n74092lhe4r9m80!nd_dft_wgth_webp_3,http://sns-webpic-qc.xhscdn.com/202511221547/3e012e678524978bc9a3d6c4c5f5bd6e/notes_pre_post/1040g3k031ktru5nt2u5g5nk4n74092lhpr2ffvg!nd_dft_wgth_webp_3","大疆Romo扫地机器人,扫地机器人,大疆扫地机,大疆romo",1763797690533,https://www.xiaohongshu.com/explore/6895b0340000000023029741?xsec_token=ABbMTmuk1qEyjgfC8FflAVjtwP7YNzGFstVlqqXksnNGA=&xsec_source=pc_search,大疆扫地机器人避雷,ABbMTmuk1qEyjgfC8FflAVjtwP7YNzGFstVlqqXksnNGA=
689f498f000000001c00dc8b,normal,大疆扫地机翻车了‼️阳台花砖不扫,"1. 阳台花砖识别成“雷区”⚡️
👉 我家复古小花砖被判定为“障碍物”！至今从来没扫过的阳台…
客服反馈是已知问题，说下次OTA升级优化…可我的脏阳台等不了啊！
2. 双Wi-Fi场景无法适配📶
👉 家里信号有死角装了两个路由器，但他只能连接一个
动不动就失踪离线了，💨 视频监控糊成360P马赛克，想看看扫到哪了？结果加载转圈圈…
✨ 今日火速下单石头P20 Ultra Plus
一直做功课，直接拿下石头P20 Ultra Plus上下水版！
✅ 超薄机身，上下水版装洗手池下绝了！
👉 排水管接水池下水口⚡️ 进水接角阀，彻底告别手动换水！（本懒人泪目）
	
#扫地机器人测评[话题]# #翻车现场[话题]# #石头P20Ultra[话题]# #智能家居[话题]# #装修避坑[话题]##大疆扫地机器人[话题]# #石头P20系列[话题]#",,1755269519000,1755269519000,621dfccc000000001000aed2,会飞的鱼,https://sns-avatar-qc.xhscdn.com/avatar/63d13e70952f9cbe57b86ae7.jpg,4,0,8,11,,"http://sns-webpic-qc.xhscdn.com/202511221547/01095e39dbb91f60063540f64737d877/notes_pre_post/1040g3k031l77usfe58005ogtvj641bmijc3vgk8!nd_dft_wlteh_webp_3,http://sns-webpic-qc.xhscdn.com/202511221547/a57620a36df6fb10c39daec180c190a6/notes_pre_post/1040g3k031l77usjk5m005ogtvj641bmiqj40uno!nd_dft_wlteh_webp_3,http://sns-webpic-qc.xhscdn.com/202511221547/e2bc2c523e456eb3d713aa5733f51a7b/notes_pre_post/1040g3k031l77npqa5i5g5ogtvj641bmicjmeovo!nd_dft_wlteh_webp_3","扫地机器人测评,翻车现场,石头P20Ultra,智能家居,装修避坑,大疆扫地机器人,石头P20系列",1763797690538,https://www.xiaohongshu.com/explore/689f498f000000001c00dc8b?xsec_token=ABU67pdEekCBI3DZkE-9cQVvV5Nyi5UBosavvZsdAIuas=&xsec_source=pc_search,大疆扫地机器人避雷,ABU67pdEekCBI3DZkE-9cQVvV5Nyi5UBosavvZsdAIuas=
68af340c000000001d00ad7b,normal,"大疆扫地机器人
机器人的你有没有遇到过这种情况？先扫后拖，客厅。一次清扫出现两次这个问题。实际上我把扫地机器人翻转过来，根本就没有异物缠绕，，实际上就是扫地机器人自己回基站，那个基站的斜坡他上不去。我真的服了这个扫地机器人。我去之后呢又出来重新上去，上到一半又会卡着。一侧的轮子在那空转，然后就弹出这个提醒。","大疆扫地机器人
机器人的你有没有遇到过这种情况？先扫后拖，客厅。一次清扫出现两次这个问题。实际上我把扫地机器人翻转过来，根本就没有异物缠绕，，实际上就是扫地机器人自己回基站，那个基站的斜坡他上不去。我真的服了这个扫地机器人。我去之后呢又出来重新上去，上到一半又会卡着。一侧的轮子在那空转，然后就弹出这个提醒。",,1756312589000,1756312589000,616f20e3000000000202542e,唐槐,https://sns-avatar-qc.xhscdn.com/avatar/616f20e3000000000202542e.jpg,5,3,20,3,,http://sns-webpic-qc.xhscdn.com/202511221547/2bcab7cc44a9963dcf86b6ae7a16faa6/notes_pre_post/1040g3k831lmp95h04q605obf43hgkl1e6bk0clg!nd_dft_wlteh_webp_3,,1763797690549,https://www.xiaohongshu.com/explore/68af340c000000001d00ad7b?xsec_token=AB-jeAcXRZVfapTmo-s1COkXwZa94TFjv-UKTx_DuDYBQ=&xsec_source=pc_search,大疆扫地机器人避雷,AB-jeAcXRZVfapTmo-s1COkXwZa94TFjv-UKTx_DuDYBQ=
68e8f316000000000500231c,normal,玩价格你真的一流,"我本来打了非常多的字来讲这个扫地机，结果草稿箱全丢了，重新写不想多说了，这个品牌现在让我非常失望，品牌方自己定的促销乱七八糟，9.18，10.9两次1000块的大幅度降价，首发宣传的多么便宜都是骗你的，他可以一个月再便宜20%，反正谁被割谁就倒霉。。
	
首发买的连测评都没看就是信这个品牌，可是品牌当你猴子耍，买不买自己看吧。。这个是我们家第三个扫地机，真是只有更差没有最差
	
1. 费电费水，80多平干出来7个小时，最后人为结束。
2. 地上没有任何障碍物，不走蛇形路线，随便走位，问客服拍照片传日志最后然并卵。
3. 语音智能拉垮，“清理尘盒”听不明白的指令会直接开始扫拖，开始工作后无法立即终止。
	
说完不好的，讲一下好的，就是看上了外观才买的，奈何是个占地方的花瓶#大疆扫地机[话题]# #大疆扫地机人[话题]# #大疆扫地机实测[话题]# #大疆[话题]# #大疆测评[话题]#",,1760097046000,1760097300000,5e71ca810000000001001216,qq,https://sns-avatar-qc.xhscdn.com/avatar/63e35e106070be0bd3db2513.jpg,5,3,10,2,,http://sns-webpic-qc.xhscdn.com/202511221547/55d289cf020fe2b536a6bc103275c244/1040g2sg31nf5tcbpli005njhpa0g84gm0gh9lio!nd_dft_wlteh_webp_3,"大疆扫地机,大疆扫地机人,大疆扫地机实测,大疆,大疆测评",1763797690553,https://www.xiaohongshu.com/explore/68e8f316000000000500231c?xsec_token=ABXyJVp1a9ZfPmsWznyFfOcKNYh5n3rkNk0D_fY9zb1OI=&xsec_source=pc_search,大疆扫地机器人避雷,ABXyJVp1a9ZfPmsWznyFfOcKNYh5n3rkNk0D_fY9zb1OI=
689b2986000000001c0370ea,normal,"大疆扫地机使用中的bug
本人洁癖扫拖完就清洁基站和水箱
●无法关闭集尘提醒。选了手动集尘，且天天清理尘盒，还是经常提示要用基站集尘。今天点了这个要清理尘盒的信息就直接自动集尘了，大无语，导致我无法保持清洁度[石化R]。#扫地机器人测评[话题]# #大疆扫地机器人romo[话题]#","大疆扫地机使用中的bug
本人洁癖扫拖完就清洁基站和水箱
●无法关闭集尘提醒。选了手动集尘，且天天清理尘盒，还是经常提示要用基站集尘。今天点了这个要清理尘盒的信息就直接自动集尘了，大无语，导致我无法保持清洁度[石化R]。#扫地机器人测评[话题]# #大疆扫地机器人romo[话题]#",,1754999174000,1755007397000,5f5f6384000000000101dc31,炸天帮-不吃香菜,https://sns-avatar-qc.xhscdn.com/avatar/1040g2jo31knlhhcujq6g5nqvce20bn1h9hkrkrg,3,0,12,0,,http://sns-webpic-qc.xhscdn.com/202511221548/77dd4de7dd0ae149aafd61c77325c6c1/1040g2sg31l36vuvl4k6g5nqvce20bn1hos8s7no!nd_dft_wlteh_webp_3,"扫地机器人测评,大疆扫地机器人romo",1763797690563,https://www.xiaohongshu.com/explore/689b2986000000001c0370ea?xsec_token=ABF6-0RhKSN5FdnKXi7nIjZR3zkkE33CLG8Zpm5VsQXU4=&xsec_source=pc_search,大疆扫地机器人避雷,ABF6-0RhKSN5FdnKXi7nIjZR3zkkE33CLG8Zpm5VsQXU4=
68c3a264000000001d03b97f,normal,大疆ROMO选了一个懒汉来我家，每次只扫几平,"接上回。固件升级完之后，我又整理一段时间，才舍得放他出来工作。在装修初期就给他规划到干区洗手盆底下了（寻思能接上下水，省的来回接水、倒污水箱了。。但是后期才了解到，上下水箱版也是要定期拖出来清理水箱的，所以还是建议直接买水箱版，还便宜，还能检查一下污水箱别冲走什么珍贵细小零件，但是无论水箱版还是上下水版主要是得安装在开阔地界，比较好打理），预留的空间虽说紧巴，但也符合官网给出的尺寸；
【想要安装ROMO的，空间要求（其他详细要求可以看图片）：
长度：基站长度47.4厘米，前方预留100厘米，建议共预留 147.4 厘米以上的空间
宽度：基站宽度42.5 厘米，左右各预留5厘米，建议共预留 52.5 厘米以上的空间
高度：基站高度44厘米，建议从地面向上预留44厘米以上的空间，机器人出入口预留15厘米】
各种条件都符合，但是建图的时候迟迟不出那一亩三分地，每次就几平米，明明再往外多走一步就是广阔天空。。试了三四次还是不行，就又要找客服了（此处表扬客服，不是那种嘴上说着亲亲，心里怎么敷衍你的，是真的帮你找原因解决问题的）？但是当我想要录下过程给客服发过去时，他却昂首阔步开出来了。。。不是，大哥，我现在需要的是你在原地转圈圈不出来的过程啊。。。算了，出来就出来吧，拿起手机有人监工时、你的Boss打开摄像头录取你偷懒证据时——你开始好好表现了。。
不过后来想了想，可能是因为光线不太行，虽说是白天（就是因为白天才忽略的光线问题），但是所处的走廊还是不太亮的。
此为第二关
#大疆ROMO扫地机器人[话题]#",,1757651556000,1757651556000,5d66583c000000000101a6b0,黑犬方,https://sns-avatar-qc.xhscdn.com/avatar/6159733c913587c1663b893a.jpg,3,3,13,3,,"http://sns-webpic-qc.xhscdn.com/202511221548/89a5ec54346b2a0709ee6f9726427f4f/notes_pre_post/1040g3k031manfrcd582g5nb6b0u0b9lgb88n31g!nd_dft_wlteh_webp_3,http://sns-webpic-qc.xhscdn.com/202511221548/d0e181f13c65a2869e4511476862f18d/notes_pre_post/1040g3k031manfrcd58305nb6b0u0b9lgjj0ua6g!nd_dft_wlteh_webp_3,http://sns-webpic-qc.xhscdn.com/202511221548/7b6c31ed48bc483696cf5e5b52667c5c/notes_pre_post/1040g3k031manfrcd583g5nb6b0u0b9lgmbr3dl0!nd_dft_wlteh_webp_3,http://sns-webpic-qc.xhscdn.com/202511221548/a2a0986f7ee3caff3bb0a563ba67edb4/notes_pre_post/1040g3k031manfrcd58405nb6b0u0b9lgtoq8pco!nd_dft_wgth_webp_3,http://sns-webpic-qc.xhscdn.com/202511221548/7765d71e6ef74b3c7e12ae8c26ba5cba/notes_pre_post/1040g3k031manfrcd584g5nb6b0u0b9lg39k2bk0!nd_dft_wlteh_webp_3,http://sns-webpic-qc.xhscdn.com/202511221548/4ef868a195fde13d51051e4f3f0c918e/notes_pre_post/1040g3k031manfrcd58505nb6b0u0b9lghn3rlcg!nd_dft_wlteh_webp_3,http://sns-webpic-qc.xhscdn.com/202511221548/86f94a46487fd9e594936ff48cb066d8/notes_pre_post/1040g3k031manfrcd585g5nb6b0u0b9lgcfh3q30!nd_dft_wlteh_webp_3,http://sns-webpic-qc.xhscdn.com/202511221548/a9dc4483c2b753976ee8131c8233bd74/notes_pre_post/1040g3k031manfrcd58605nb6b0u0b9lgnvi1mvo!nd_dft_wlteh_webp_3,http://sns-webpic-qc.xhscdn.com/202511221548/3ca8f986b3bf18a888936e413df625c2/notes_pre_post/1040g3k031manfrcd586g5nb6b0u0b9lg7bqi9mo!nd_dft_wlteh_webp_3,http://sns-webpic-qc.xhscdn.com/202511221548/7111d100282688078c30d79c0c4779f9/notes_pre_post/1040g3k031manno1f58005nb6b0u0b9lgub6qu5o!nd_dft_wlteh_webp_3,http://sns-webpic-qc.xhscdn.com/202511221548/56b9ee88a836a99eadc2384760b1bb8c/notes_pre_post/1040g3k031manno1f580g5nb6b0u0b9lgqmtih40!nd_dft_wlteh_webp_3,http://sns-webpic-qc.xhscdn.com/202511221548/30f50b8323291ac029eff3213e6247c9/notes_pre_post/1040g3k031manno1f58105nb6b0u0b9lg88rieeg!nd_dft_wgth_webp_3,http://sns-webpic-qc.xhscdn.com/202511221548/e55776dd87537fd63d58c9f5ab09013c/notes_pre_post/1040g3k031manno1f581g5nb6b0u0b9lgt1440mo!nd_dft_wlteh_webp_3,http://sns-webpic-qc.xhscdn.com/202511221548/36292518a013afad95e1976bde9c7200/notes_pre_post/1040g3k031manno1f58205nb6b0u0b9lg8778bgg!nd_dft_wlteh_webp_3,http://sns-webpic-qc.xhscdn.com/202511221548/7b230e62b158e2b828114a99f0daee6f/notes_pre_post/1040g3k031manno1f582g5nb6b0u0b9lgc39ipmo!nd_dft_wlteh_webp_3,http://sns-webpic-qc.xhscdn.com/202511221548/5d973e310ff46db153785435c3b4736a/notes_pre_post/1040g3k031manno1f58305nb6b0u0b9lgag3u8ho!nd_dft_wlteh_webp_3",大疆ROMO扫地机器人,1763797690568,https://www.xiaohongshu.com/explore/68c3a264000000001d03b97f?xsec_token=ABtZi5yCazjLf_OORKpLS2FyndITLY8cWHgJk-tZJey1w=&xsec_source=pc_search,大疆扫地机器人避雷,ABtZi5yCazjLf_OORKpLS2FyndITLY8cWHgJk-tZJey1w=
68955b0200000000230270f1,normal,大疆ROMO扫地机器人,"黑奴上线
路线规划不错 小物件可以避障绕行
爬坡能力一般 第一次冲撞了好一会儿 后续遇到同一个门槛时会选最优路径跨越（后续客服给了一个辅助斜坡 等到货再试试）
看后续的ota了 软件的功能暂时比较简洁
实测满电大概3个小时完成一次全屋清洁
#大疆扫地机器人[话题]# #大疆romo扫地机器人[话题]# #大疆[话题]#",,1754618626000,1754665243000,5f3156630000000001007696,ㅤㅤ,https://sns-avatar-qc.xhscdn.com/avatar/be4e54a984a21be925a215a08fb36c8b.jpg,3,1,4,1,,"http://sns-webpic-qc.xhscdn.com/202511221548/a5452df804e6630d0f7265bda837300b/notes_pre_post/1040g3k831kthh773iu005nphaphg8tkmr3jbl48!nd_dft_wlteh_webp_3,http://sns-webpic-qc.xhscdn.com/202511221548/6fbddcd5e656c197bd359237a340ac5a/notes_pre_post/1040g3k831kthh773iu0g5nphaphg8tkmkkotpao!nd_dft_wlteh_webp_3","大疆扫地机器人,大疆romo扫地机器人,大疆",1763797690578,https://www.xiaohongshu.com/explore/68955b0200000000230270f1?xsec_token=ABbMTmuk1qEyjgfC8FflAVjgBjR2i6weNM5Kk1J2Bi3Cc=&xsec_source=pc_search,大疆扫地机器人避雷,ABbMTmuk1qEyjgfC8FflAVjgBjR2i6weNM5Kk1J2Bi3Cc=
68954b33000000000403db05,normal,大疆扫地机器人有点失望了,"买的最基础的水箱版本，价格比预期高了一些，比很多其他扫地机器人的成熟品牌的新型号都要贵，但是还是为爱买单了。
昨晚10点多拿回机器，狠狠的期待了，结果不管是扫地效果还是拖地效果都让人失望了，扫地有很多浮尘，拖地全是拖布印，操作还是很简单的，应该没有操作错吧？先扫了一遍，再先扫后拖一遍的#扫地机器人[话题]# #解放双手的扫地机[话题]# #生活可以更洒拖[话题]# #智能扫地机[话题]# #大疆扫地机人[话题]# #大疆ROMO扫地机器人[话题]#",,1754614579000,1754614580000,5aaf9e0511be101fb10f5497,湖南职海灯塔,https://sns-avatar-qc.xhscdn.com/avatar/1040g2jo31irtvcas146g4a3niif0al4nlaeg0rg,3,3,6,3,,http://sns-webpic-qc.xhscdn.com/202511221548/930d3f5ec4c9de7cc68e65b9c171a767/notes_pre_post/1040g3k831ktfhudu30cg4a3niif0al4nrm39c90!nd_dft_wlteh_webp_3,"扫地机器人,解放双手的扫地机,生活可以更洒拖,智能扫地机,大疆扫地机人,大疆ROMO扫地机器人",1763797690582,https://www.xiaohongshu.com/explore/68954b33000000000403db05?xsec_token=ABbMTmuk1qEyjgfC8FflAVjjrEtjfjX_bo_B5Beg67LLQ=&xsec_source=pc_search,大疆扫地机器人避雷,ABbMTmuk1qEyjgfC8FflAVjjrEtjfjX_bo_B5Beg67LLQ=
64e3229b000000000103d152,video,4款扫地机器人测评,"作为一个有两个娃又有两个猫的家庭,家里的卫生问题真的很让人头疼,今天也拿市面上比较热门的几款扫地机器人给大家做个测评～
#扫地机器人[话题]# #家居[话题]##家居好物[话题]#",http://sns-video-bd.xhscdn.com/pre_post/1040g0cg316vuh23cju0g5n8i8n64ffj3r2221p8,1692607131000,1724717811000,5d1245cc000000001103be63,Felix老师聊家居,https://sns-avatar-qc.xhscdn.com/avatar/1040g2jo31700l9juk4005n8i8n64ffj3gk6qgmo,2.4万,2.4万,26,6866,,http://sns-webpic-qc.xhscdn.com/202511221550/a29ddb73a4adbe90d61fbaa9577cc245/1040g2sg316vuhbt4jq905n8i8n64ffj3lq38cuo!nd_dft_wlteh_webp_3,"扫地机器人,家居,家居好物",1763797898907,https://www.xiaohongshu.com/explore/64e3229b000000000103d152?xsec_token=ABKzX8-1mGUepULhWOves0Pl7AGX0jqSwwE7kRu9i9p24=&xsec_source=pc_search,扫地机器人对比,ABKzX8-1mGUepULhWOves0Pl7AGX0jqSwwE7kRu9i9p24=
667aaf49000000001c02567f,video,扫地机器人 2024 选购，5 大品牌 17 台横评,"2024 年，扫地机器人应该如何选择？5 大主流品牌的扫地机器人到底有何不同？
#00:29[时刻]# 扫地机器人如何选-扫
#01:10[时刻]# 拖地
#01:25[时刻]# 沿边
#01:50[时刻]# 导航避障
#02:18[时刻]# 基站
#02:29[时刻]# 智能化
#02:47[时刻]# 主流品牌
#03:08[时刻]# 分析 1
#04:18[时刻]# 分析 2
#05:34[时刻]# 分析 3
#06:31[时刻]# 分析 4
#07:00[时刻]# 分析 5
#07:33[时刻]# 总结
#扫地机器人[话题]# #扫地机器人[话题]# #扫地机器人测评[话题]# #扫地机器人分享[话题]# #扫地机器人有必要买吗[话题]# #扫地机器人推荐性价比[话题]# #数码好视频[话题]#
@数码薯 @视频薯 @家居薯 @薯队长",http://sns-video-bd.xhscdn.com/pre_post/1040g0cg314fg2sa95s004a32q3njtlhshne0b2g,1719316297000,1719316297000,5a9b6f3ee8ac2b51062fd63c,浪浪Waves,https://sns-avatar-qc.xhscdn.com/avatar/1040g2jo30s00iboa2o004a32q3njtlhskamq5eo,2.2万,1.6万,1126,1万,,http://sns-webpic-qc.xhscdn.com/202511221550/59f1c1f1828f21a5a33d525b1ded333e/1040g008314fg2ss0m2004a32q3njtlhsgcfibf8!nd_dft_wlteh_webp_3,"扫地机器人,扫地机器人测评,扫地机器人分享,扫地机器人有必要买吗,扫地机器人推荐性价比,数码好视频",1763797898914,https://www.xiaohongshu.com/explore/667aaf49000000001c02567f?xsec_token=ABjzwjdg3XGCpBQCEEGokRfpXHL4fV1p960A-UtwIX7G8=&xsec_source=pc_search,扫地机器人对比,ABjzwjdg3XGCpBQCEEGokRfpXHL4fV1p960A-UtwIX7G8=
678fb6cc000000001800b130,normal,400块彻底解放家务，搞定云鲸1➕小米1,"前面写过一趴，用了几个月，回来追更了。
最初版用的是云鲸加小米扫拖一体机，都是海鲜市场搞定的，云鲸450，小米扫拖一体机400。
但是实际使用中说实话，小米的拖地功能和云鲸比起来就是小学生，云鲸是拖地，小米是蹭一下，所以拖地功能就很鸡肋了，恰巧海鲜市场又看到一个小米1S扫地机如图二，伊拉克成色，但是用时很短只有一百多小时，而且只要100，直接拿下。
1s的吸地功能比扫拖一体机更强一些，所以家里的两个奴隶就开始了每天配合，定时打扫，已经几个月没有做过家务了，家里100平，云鲸差不多三天换一次水，小米半个月弄一次尘盒。
总结来说这两个宝贝买的非常提高生活质量，家里之前都是一周打扫一次，每次差不多一个多小时，现在每天打扫一次，家里保持的非常干净。
ps:遇到伊拉克成色的扫地机大家清理的时候可以用一次性牙刷除灰。机器表面的一些划痕，顽固污渍我用的是除胶剂喷雾，有奇效，可以看一下前后对比图。
ps2:扫拖一体机用了一周就被我550在海鲜市场又卖了，还赚了一百五，弥补了我辛辛苦苦给他清理的辛苦，累积总花费400元，确实很超值了。#智能扫地机[话题]# #解放双手[话题]# #解放双手的扫地机[话题]# #扫地机器人[话题]# #生活小家电[话题]# #扫地机器人怎么选[话题]# #拖地神器[话题]# #智能生活新体验[话题]# #生活可以更洒拖[话题]#",,1737471692000,1737471692000,642076ca000000001201004d,要饭给为为买迈巴赫,https://sns-avatar-qc.xhscdn.com/avatar/1040g2jo311lj24aq7a605p10er54i02d3ag0ico,7429,5943,437,1659,,"http://sns-webpic-qc.xhscdn.com/202511221550/0655dcedacd055130e1d299db80c3779/1040g00831cu19s7g0k3g5p10er54i02d3i3odhg!nd_dft_wgth_webp_3,http://sns-webpic-qc.xhscdn.com/202511221550/0f9279821fe23169f07a02b7f9ecce79/1040g00831cu19s7hh0605p10er54i02da7nvhag!nd_dft_wlteh_webp_3","智能扫地机,解放双手,解放双手的扫地机,扫地机器人,生活小家电,扫地机器人怎么选,拖地神器,智能生活新体验,生活可以更洒拖",1763797898919,https://www.xiaohongshu.com/explore/678fb6cc000000001800b130?xsec_token=ABCqMol9ZJmHHK4ETm-ZvF4YtshiOhzlZxodw_f44OSYI=&xsec_source=pc_search,扫地机器人对比,ABCqMol9ZJmHHK4ETm-ZvF4YtshiOhzlZxodw_f44OSYI=
68415e84000000000303e7e1,video,2k~4K扫地机器人横向测评❗超详细对比❗,"从2k到4k价位段，三个价位的扫地机器人到底差别在哪儿？从户型、清洁频次和清洁难度告诉你怎么选到性价比！
#追觅s40增强版[话题]# #追觅s50pro[话题]# #追觅X50Pro增强版[话题]# #追觅扫地机器人[话题]# #扫地机器人[话题]# #扫地机[话题]# #扫地机选购[话题]# #扫地机测评[话题]# #扫地机避雷[话题]# #扫地机选购指南[话题]##追觅S50扫地机器人[话题]#",http://sns-video-bd.xhscdn.com/pre_post/1040g2t031ibfbqefg87g5n7jqe7hempclk9icjo,1749134803000,1749280936000,5cf3d38f0000000005035b2c,JoJo爱家居,https://sns-avatar-qc.xhscdn.com/avatar/621f1d5ee61c896a29b6f0f2.jpg,4317,666,29,4259,,http://sns-webpic-qc.xhscdn.com/202511221551/b8bcd70cdc4de97c15d3fb9d1914d1b9/1040g2sg31ibgvrp8gc005n7jqe7hempc29siqeo!nd_dft_wlteh_webp_3,"追觅s40增强版,追觅s50pro,追觅X50Pro增强版,追觅扫地机器人,扫地机器人,扫地机,扫地机选购,扫地机测评,扫地机避雷,扫地机选购指南,追觅S50扫地机器人",1763797898934,https://www.xiaohongshu.com/explore/68415e84000000000303e7e1?xsec_token=ABI8PNxucPBjdFPCpKmlQ2nYTUM_ozRIEmbgIgdbY_Fq8=&xsec_source=pc_search,扫地机器人对比,ABI8PNxucPBjdFPCpKmlQ2nYTUM_ozRIEmbgIgdbY_Fq8=
645622c7000000001303130f,video,机器人，不能接受这些你就别买了。,拖全屋不能用一块抹布？边角清洁不能彻底？老得加水倒水？这些能接受你再买机器人啊！#扫地机器人[话题]# #全能机器人[话题]#  #扫地机[话题]#,http://sns-video-bd.xhscdn.com/1000g00g2ev7g1v6h40005nejeppg96c474i31lo,1683366599000,1683366600000,5dd376730000000001009984,土土不土,https://sns-avatar-qc.xhscdn.com/avatar/613eec374bd997a07591c582.jpg,2892,3004,238,1516,,http://sns-webpic-qc.xhscdn.com/202511221551/43a495f7f5bea168813df6351ec99c8f/1000g0082ev7g1uugm0005nejeppg96c49f9abi8!nd_dft_wlteh_webp_3,"扫地机器人,全能机器人,扫地机",1763797898946,https://www.xiaohongshu.com/explore/645622c7000000001303130f?xsec_token=ABn5TmZP_UhYzkcluV82JzxH3PTdorPdb3bYhXMqhGO-g=&xsec_source=pc_search,扫地机器人对比,ABn5TmZP_UhYzkcluV82JzxH3PTdorPdb3bYhXMqhGO-g=
67d2ae81000000001d0150e9,normal,不踩坑☝️｜2025年热门扫地机隐藏柜尺寸合集,"截至目前，2025年头部品牌的热门扫地机，隐藏柜及半隐藏柜的尺寸预留，都在这里了，包含每种型号的水箱版和上下水版，具体品牌型号如下[向右R]：
[红色心形R]石头P20ultra，石头P20pro，石头G30，石头G30U，石头G30space探索版；
[绿色心形R]科沃斯X8pro，科沃斯T80，科沃斯T50pro；
[黄色心形R]追觅S50pro，追觅S50ultra；
[蓝色心形R]云鲸J5，云鲸逍遥001max。
[集美R]注：全隐藏柜的机器人（主机）是全部嵌入柜子，柜子预留深度较大，半隐藏柜的机器人（主机）是半嵌入柜子，能看到主机外露，柜子预留深度较小。
[彩虹R]扫地机预留空间尺寸，希望能为装修和想为扫地机安家的朋友们一些参考。
	
[黑薯问号R]这波属实是爆肝整理了家人们！数据🐶已阵亡[石化R]，要个三连不过分吧[睡觉R]？下次更新就看股东们的意思了[两颗心R][两颗心R][两颗心R]
#扫地机器人隐藏柜[话题]#  #石头扫地机器人[话题]#   #科沃斯扫地机器人[话题]#   #追觅扫地机器人[话题]#   #云鲸扫地机器人[话题]#   #扫地机器人预留尺寸[话题]#   #石头p20ultra[话题]#   #石头G30[话题]#   #科沃斯T80[话题]#
#你种草了哪个品牌的扫地机？[投票]#",,1741860481000,1741860482000,672c9347000000001c019cf7,躺躺家,https://sns-avatar-qc.xhscdn.com/avatar/1040g2jo31ekp3eqf4o005ppcid3n377ndpfce7o,2653,4328,232,2448,,"http://sns-webpic-qc.xhscdn.com/202511221551/c22d63772b48e71cc843af786fb98f60/notes_pre_post/1040g3k831evaujqnluag5ppcid3n377n84h3828!nd_dft_wlteh_webp_3,http://sns-webpic-qc.xhscdn.com/202511221551/a0255de3dec983fc08dae94433e0151c/notes_pre_post/1040g3k831evaujqnlub05ppcid3n377ns5pvvg8!nd_dft_wlteh_webp_3,http://sns-webpic-qc.xhscdn.com/202511221551/b7719f305cbc9de146c0b91b0f607984/notes_pre_post/1040g3k831evaujqnlubg5ppcid3n377n9o20tro!nd_dft_wlteh_webp_3,http://sns-webpic-qc.xhscdn.com/202511221551/d4404d313b143d85292a52d73127bea2/notes_pre_post/1040g3k831evaujqnluc05ppcid3n377njboo9h8!nd_dft_wlteh_webp_3,http://sns-webpic-qc.xhscdn.com/202511221551/b7a3e6b789f06760536bd934cf64eba6/notes_pre_post/1040g3k831evaujqnlucg5ppcid3n377nuskkqn8!nd_dft_wlteh_webp_3,http://sns-webpic-qc.xhscdn.com/202511221551/1d54869cfe471cf48a1a8f1232b47140/notes_pre_post/1040g3k831evaujqnlud05ppcid3n377nl0r69og!nd_dft_wlteh_webp_3,http://sns-webpic-qc.xhscdn.com/202511221551/d68bc35cc54069019b84c19cfe5de92d/notes_pre_post/1040g3k831evaujqnludg5ppcid3n377nrmqahdg!nd_dft_wlteh_webp_3","扫地机器人隐藏柜,石头扫地机器人,科沃斯扫地机器人,追觅扫地机器人,云鲸扫地机器人,扫地机器人预留尺寸,石头p20ultra,石头G30,科沃斯T80",1763797898952,https://www.xiaohongshu.com/explore/67d2ae81000000001d0150e9?xsec_token=ABnXSRCHZSURveIbhrIUbGZXWxK0Wx3q2BzpDkxPPfDp4=&xsec_source=pc_search,扫地机器人对比,ABnXSRCHZSURveIbhrIUbGZXWxK0Wx3q2BzpDkxPPfDp4=
63317ea600000000170303bb,video,最近3款很火的扫地机测评✨6大维度大PK实拍,"今天把近期火热的几款扫拖一体机都集齐了，实拍不同维度的表现力！3台型号分别是：石头G10s、云鲸J2、科沃斯T10 OMNI.
-
#00:19[时刻]#外观
#00:46[时刻]# 清扫能力
#01:34[时刻]# 防头发缠绕能力
#01:58[时刻]#避障能力
#02:19[时刻]#智能程度
#03:00[时刻]#烘干效果
-
视频的最后放了小结，希望对大家有帮助，可以在选购之前可以根据自己家的需求对号入座~
·
#懒人最爱扫地机[话题]#  #扫地机[话题]#  #扫地机器人[话题]#  #测评[话题]#  #扫地机器人推荐[话题]#  #扫拖一体机[话题]#  #清洁工具[话题]#  #让生活更美好的小家电[话题]#  #智能家电[话题]#",http://sns-video-bd.xhscdn.com/spectrum/1000g0jg1b81s4eo4i0004b31bit547pumufmuh8,1664191200000,1664188071000,5ba37a52eac2750001cf1f3e,梨戈戈,https://sns-avatar-qc.xhscdn.com/avatar/5f0ad7ca625ab80001137b8e.jpg,1886,1732,107,2408,,http://sns-webpic-qc.xhscdn.com/202511221551/bdbd675af7eb389526fe0857f409211c/spectrum/1000g0k01b82re466m0004b31bit547puku56lto!nd_dft_wlteh_webp_3,"懒人最爱扫地机,扫地机,扫地机器人,测评,扫地机器人推荐,扫拖一体机,清洁工具,让生活更美好的小家电,智能家电",1763797898961,https://www.xiaohongshu.com/explore/63317ea600000000170303bb?xsec_token=ABItBBjJbFZBG4iuXRjyPxrlc_54idm6tsH8MukY5vbAU=&xsec_source=pc_search,扫地机器人对比,ABItBBjJbFZBG4iuXRjyPxrlc_54idm6tsH8MukY5vbAU=
664723630000000016011ca8,video,618扫地机器人应该怎么选，4大品牌25款横评,#扫地机器人[话题]# #扫拖一体机[话题]#  #扫地机器人推荐[话题]#  #追觅扫地机器人[话题]#  #云鲸扫地机器人[话题]#  #扫地机[话题]#  #扫地机怎么选[话题]#  #科沃斯扫地机器人[话题]#  #石头扫地机器人[话题]#  #618攻略[话题]#,http://sns-video-bd.xhscdn.com/spectrum/1040g0jg312t4kvtf3s005o1bgdcg9fa7fptdivg,1715947325000,1715938147000,602b8359000000000100bd47,Wilson学长,https://sns-avatar-qc.xhscdn.com/avatar/6111c4407092e7293df75242.jpg,1630,1172,66,665,,http://sns-webpic-qc.xhscdn.com/202511221551/9c2bd8d1a989af2edef68b51636394d3/spectrum/1040g34o312t59t0gk00g5o1bgdcg9fa7kk25p3g!nd_dft_wlteh_webp_3,"扫地机器人,扫拖一体机,扫地机器人推荐,追觅扫地机器人,云鲸扫地机器人,扫地机,扫地机怎么选,科沃斯扫地机器人,石头扫地机器人,618攻略",1763797898966,https://www.xiaohongshu.com/explore/664723630000000016011ca8?xsec_token=ABMOMDRoGDeqohFeNsTa0r-yygV1obOpMvrxWjSaDORxk=&xsec_source=pc_search,扫地机器人对比,ABMOMDRoGDeqohFeNsTa0r-yygV1obOpMvrxWjSaDORxk=
68d144e7000000000e031db3,normal,2025年石头P20系列扫地机器人型号功能对比,"20251009 20点 P2更新jd国补叠券的价格：
P20 Ultra Plus 上下水版，3213元
P20 Ultra 上下水版，3073元
P20 Plus 上下水版，2630元
P20 Pro 上下水版，2558元
	
石头出了新款P20 Ultra Plus，根据客服提供的功能参数表看，就是把P20 Ultra加钱再升级了一点，但是考虑到电池衰退后续航的问题，只推荐2房的小户型考虑购买P20 Ultra Plus。
因为P20 Ultra Plus、P20 Ultra、P20 Pro这三款的电池都是6400mAh，如果用P20 Ultra Plus、P20 Ultra开了更大的吸力和热水拖地，同样的面积在清洁过程就需要更频繁的补电，导致更长的清洁时间。但如果不开最大的吸力和热水拖，为什么不买P20Pro?所以具体看每个家庭的清洁面积的需求，并不是高配的就更适合大部分用户。
例如我家里的P20 Pro上下水版用了快一年，现在100㎡的三房排除两个卫生间，每次先拖后扫的有效清洁面积约60㎡，用最大吸力（18500Pa）+日常模式扫完地只剩20%出头的电量，再用中水量+精细拖地拖2个房间电量不足15%就要回基站充电了，充到30%再继续拖剩下的房间，总共要差不多4-5个小时。而去年新买的时候全新电池可以扫+拖清洁完剩余电量15%以上，中途不用补电，只要3个小时。
P20Plus是定位比较奇怪的产品，现在已经降到比P20Pro还低了，估计和P20都是属于清库存的型号，所以还排在P20Pro前面，这两款不建议购买。
目前推荐购买3款的在jd产品图的国补价格：
P20 Ultra Plus 上下水版，3995元
P20 Ultra 上下水版，3740元
P20 Pro 上下水版，3400元
今年双11估计国庆就会开始，可能会有更低的价格，特别是P20Pro，前天有放一张9折券，上下水版到手3000出头，加上活动多送的配件，很有性价比。
所有品牌和型号的扫地机器人都强烈推荐上下水版本，没有条件就创造条件。
家里没装前置净水器的可以单独买阻垢器（惠尔顿的jd国补后200，安装师傅收350），延长洗衣机和扫地机器人的使用寿命。
另外，虽然厦门商务局的公告国补是每周限2000个名额，要每天早上7点钟云闪付抢，但是实测jd那个10000元的国补额度是可以直接用的，至少扫地机器人等部分品类可以。",,1758545127000,1760014581000,5b02fc4be8ac2b1bd3c8b5d7,星屑,https://sns-avatar-qc.xhscdn.com/avatar/1040g2jo30ovdcsm4k4604a5hcnu4ndenk6pjqf0,1384,586,384,589,,"http://sns-webpic-qc.xhscdn.com/202511221551/3ca16db2c0871cabd794ffbf90cc57ef/spectrum/1040g0k031mo0hagu4q004a5hcnu4ndenunscgh0!nd_dft_wlteh_webp_3,http://sns-webpic-qc.xhscdn.com/202511221551/83fd8fe7ba502ecd4d8789d011df46c6/1040g00831ndu1b3imm6g4a5hcnu4ndendacpfeo!nd_dft_wlteh_webp_3",,1763797898976,https://www.xiaohongshu.com/explore/68d144e7000000000e031db3?xsec_token=ABjuNXHT7bIcjp1Y9musKoarWYJ84S_ggBgrY0o-0wHQY=&xsec_source=pc_search,扫地机器人对比,ABjuNXHT7bIcjp1Y9musKoarWYJ84S_ggBgrY0o-0wHQY=
65eaf2f6000000000102a4e7,normal,极限四选一‼️扫地机器人到底要选哪个啊？,"经历完洗烘套装的选择，我开始做扫地机器人🤖️的功课，作为懒人😹必须要拥有一台扫地机器人呀！但是各种配置我晕头转向💫，终于整理了比较重要的配置需求，尺寸图附在后面了，互联网姐妹👭帮我选选吧！
1⃣️云鲸J4
💰3699   上下水版💰4199
🐣吸力7800pa  激光➕3D 结构光
🐣双边刷 毛胶滚刷  动态扭动
🐣🈚️热水洗拖  🈶️自动集尘（1L）
2⃣️科沃斯T30PRO
💰3699   上下水版💰4299
🐣吸力11000pa  激光 ➕3D 结构光
🐣单边刷  双梳齿V型滚刷   悬停灵动贴边
🐣🈶️70°活水洗拖    🈶️自动集尘（3L）
3⃣️石头P10SP
💰3999   上下水版💰4599
🐣吸力11000pa  激光 ➕AI双线结构光
🐣单边刷 抬升双螺旋胶刷  动态机械臂
🐣🈶️60°热水洗拖    🈶️自动集尘（2.7L）
4⃣️追觅S30PU
💰4299   上下水版💰4899
🐣吸力11000pa  激光➕3D结构光➕RGB
🐣单边刷 抬升单割毛滚刷 动态机械臂
🐣🈶️70°热水洗 🈶️自动集尘（3.2L）
#扫地机器人[话题]##云鲸[话题]#  #科沃斯扫地机器人[话题]# #追觅扫地机[话题]# #石头扫地机器人[话题]# #精装房改造[话题]# #低成本改造[话题]#",,1709896438000,1709896439000,5613bb663f0f3c4a1a1f7399,吃人陈,https://sns-avatar-qc.xhscdn.com/avatar/1040g2jo31ba5k1l76o0041c6qctmcssp1do6g9g,1381,1227,371,681,,"http://sns-webpic-qc.xhscdn.com/202511221551/79707ab1cc284be21dd9fcf7e873602e/1040g2sg31034csn6620041c6qctmcssp8jpmtf8!nd_dft_wlteh_webp_3,http://sns-webpic-qc.xhscdn.com/202511221551/1f2367a857159303874edbc547841a7d/1040g2sg31034csn6620g41c6qctmcsspkm9v6io!nd_dft_wlteh_webp_3,http://sns-webpic-qc.xhscdn.com/202511221551/66aa180b845d87700f05547600e7e928/1040g2sg31034csn6621041c6qctmcssprjrrnao!nd_dft_wlteh_webp_3,http://sns-webpic-qc.xhscdn.com/202511221551/e746d153d6cb4f1fbbaec1ca695d0ce3/1040g2sg31034csn6621g41c6qctmcssps5ljaag!nd_dft_wlteh_webp_3,http://sns-webpic-qc.xhscdn.com/202511221551/040643d850ac40435b9eaf2f441b1dbd/1040g2sg31034csn6622041c6qctmcsspbkm7df0!nd_dft_wlteh_webp_3","扫地机器人,云鲸,科沃斯扫地机器人,追觅扫地机,石头扫地机器人,精装房改造,低成本改造",1763797898981,https://www.xiaohongshu.com/explore/65eaf2f6000000000102a4e7?xsec_token=ABBj6TdQgW0bQ24R_AAmpR0z_rJISNUJbT-ZLOzRvxtPU=&xsec_source=pc_search,扫地机器人对比,ABBj6TdQgW0bQ24R_AAmpR0z_rJISNUJbT-ZLOzRvxtPU=
68c7a7bd000000001d035d1b,normal,九月国补后扫地机器人推荐,"盘点了九月比较受大家欢迎的扫地机器人，这十款无论销量还是性价比方面，基本都是闭眼入系列，大家参考一下！
#扫地机器人推荐[话题]# #扫地机国补[话题]# #石头P20UltraPlus[话题]# #科沃斯T80[话题]#",,1757915069000,1757915070000,66aa4917000000001d0219c6,国补先知,https://sns-avatar-qc.xhscdn.com/avatar/1040g2jo31d2r0gm1105g5pla94bnc6e6sbijku0,1177,622,362,800,,http://sns-webpic-qc.xhscdn.com/202511221551/32739c0007abc8ee913197356761e486/1040g00831melenf55m5g5pla94bnc6e62drh8jo!nd_dft_wlteh_webp_3,"扫地机器人推荐,扫地机国补,石头P20UltraPlus,科沃斯T80",1763797898984,https://www.xiaohongshu.com/explore/68c7a7bd000000001d035d1b?xsec_token=AB3aGGYfnH8MK21VrMgDt8oAi5hG1yEVGpnzSMxeIGlZE=&xsec_source=pc_search,扫地机器人对比,AB3aGGYfnH8MK21VrMgDt8oAi5hG1yEVGpnzSMxeIGlZE=
660b946f000000001b010e65,normal,科沃斯全系列扫地机配置对比选购建议,"[一R]T20spro
不是很推荐，贴边效果，毛发处理效果，还有基站打理难易度都是比较差一点
[二R]T30
是在官网上刚发布的一个低端的T30，
1⃣️他是没有拖布抬起的，不能先扫后拖，
2⃣️没有机身小水箱给拖布持续补水，只适合小户型
[三R]t30max
和t 30 Pro差两个核心功能，
1⃣️语音，可以更方便的呼叫他去给你单独打扫某某房间，调节吸力，调节水量等
2⃣️脏污识别
[四R]t30pro，这个我们就拿它来对比行业同价位的几个机型，简单说一下，他在这几个对标机型里面处于一个什么位置
1⃣️避障行业同价位中规中矩
2⃣️扫地能力也是中等
3⃣️毛发防缠绕能力是中等偏上，如果你的毛发量特别特别多，刚开始几次是有一些缠绕的，后面日常维护几乎没缠绕
4⃣️贴边效果优秀，他是动态的，无极变档的，自适应常态外扩。相对于传统的机械臂来说优势很大
5⃣️清洁效果优秀，扫拖的效率是目前几家来说工作效率是很快的。拖的干净程度也是优秀的。
	
[五R]T30灵尘Pro
比t 30 Pro多了一个视频
	
[六R]t50pro
1⃣️核心提升就是加入了人工智能AI3.0
2⃣️机站免维护，机器清洗拖布时候，带动刮臂清洁机站
3⃣️GPT语音系统，不用记口令，可理解您的意图
4⃣️可识别万物，通过52亿次深度学习奖励实验，让机器自己判断复杂家庭环境做出应对
5⃣️边刷外扩，可以扫到死角
6⃣️超薄，机身高度仅8.1cm，灵活穿梭于床底沙发底
7⃣️AI污渍识别，可以用眼睛看到脏污，小范围复洗复拖，节约时间，不二次污染
8⃣️水箱版本也标配自动添加清洁液
🔴这款配置非常高，同价位其他品牌也难有它这么高的配置和智能性。
✅品牌力✅性价比✅扫地拖地覆盖率
✅干净程度✅免维护✅超薄，等都是它的核心优势
[七R]X5PROULTRA
1⃣️更快的清洁效率,主刷加长
2⃣️更大的电池适合大户型
3⃣️更好的越障能力
4⃣️方形机身加上超薄设计，可以进入更低矮，更狭小的空间。
	
[八R]X5PRO ultra ai
X5pro的基础上加入了视频，和AI
	
🔥🔥🔥🔥
🔴现在官芳开团找客服备注【桃子生活团】会有额外加赠配件
🔴跟官方団，可以进我小红书群上車
#科沃斯t50pro[话题]# #科沃斯x5proultra[话题]# #科沃斯扫地机器人[话题]# #科沃斯t30pro[话题]# #科沃斯x2[话题]# #科沃斯X2S[话题]#",,1712034927000,1724768535000,62f22011000000001501da38,桃子生活团,https://sns-avatar-qc.xhscdn.com/avatar/1040g2jo30nahnpih646g5oni408lbmhoagtat8g,1091,566,76,532,,"http://sns-webpic-qc.xhscdn.com/202511221551/cc647ee8239a3f7fe4ec5cab810d6144/1040g0083170nv2etk45g5oni408lbmhobr6i9b0!nd_dft_wlteh_webp_3,http://sns-webpic-qc.xhscdn.com/202511221551/8fb6c060b5d33307c8a04e1b3c26ef91/1040g2sg312misjto2ebg5oni408lbmhop6ur0p0!nd_dft_wlteh_webp_3","科沃斯t50pro,科沃斯x5proultra,科沃斯扫地机器人,科沃斯t30pro,科沃斯x2,科沃斯X2S",1763797898996,https://www.xiaohongshu.com/explore/660b946f000000001b010e65?xsec_token=ABd4o4-UskZu_n3GPh-ca7L5QJOTJm6QBZhqSd-p-zQt0=&xsec_source=pc_search,扫地机器人对比,ABd4o4-UskZu_n3GPh-ca7L5QJOTJm6QBZhqSd-p-zQt0=
6778357500000000090158f5,normal,扫地机器人必看的选购战略，堪比论文级别！,"[打卡R]坐标：深圳
你们的理工夜夜又限时返场了，通宵整理出来的扫地机器人选购贴，不是亲闺蜜都不会分享~
	
很多小伙伴还在纠结要不要入扫地机器人，我买了~真香！！！[种草R][种草R][种草R]
每天不需要拖地还可以光脚踩在地上的感觉是真的爽呀
	
咱就是说~上一个让我整理的这么痛苦的还是空调[哭惹R][哭惹R][哭惹R]
	
给小伙伴们整理了扫地机器人选购需要注意的[六R]个大点
[一R]扫地能力
[二R]拖地能力
[三R]沿边清洁能力
[四R]导航能力
[五R]避障越障能力
[六R]智能化
[七R]基站综合能力
	
字数有限，具体的小伙伴们可以看图片哈，记得点赞+收藏哦[两颗心R]
>扫地能力
·	建议选择双边刷，且采用卍字形或双头形更防缠绕
·	有地毯等需要细节清洁的推荐配有毛发切割或者双向梳齿的胶毛一体的滚刷；如果是日常清洁且边角等位置不多的又担心毛发缠绕问题的推荐全胶滚刷
·	日常使用吸力选择10000Pa左右即可
·	主刷抬起功能：可以保证扫拖功能分离，让主刷随时保持干爽且灰尘盒也不会进水
>拖地功能
·	大面积拖地清洁，滚筒式更出色；沿边清洁圆盘式清洁力度更好
·	拖地的加分项有更好
拖布抬起、拖布外扩/无极悬停、自动添加清洁剂、机身自带水箱、脏物识别、热水自洗拖布
>沿边清洁能力
·	推荐扫拖双机械臂模式的
>导航能力
·	dToF导航＞LDS激光导航＞视觉导航＞红外、陀螺仪等导航方式
>避障越障能力
·	双结构光+AI摄像头＞结构光＋AI摄像头＞单结构光＞红外
·	越障尽量选择4cm，可以更好的跨越门框、地毯等，完成全地面的打扫
>智能化能力：这个真的就是按需选择了，毕竟智能化功能越多，价位相对也就越高
>基站综合能力
·	拖布自清洁能力：必须要，这个超级影响体验
·	烘干能力：没有烘干时间长了会臭
·	基站自清洁能力：最好选择一起喷淋式的
·	基站消毒抑菌方式：首推银离子
·	集尘袋容量：预算够直接选大容量自动集尘的
·	电池容量：一般家庭5000左右的足够使用了
	
写累了[睡觉R]~内容很多，小伙伴们记得点赞收藏，有需要的时候拿出来看一下哈~[赞R]
[飞吻R][飞吻R][飞吻R]关注夜夜，致力于让每个装修的小伙伴不走弯路，早日住进自己的dream house~[庆祝R][庆祝R]
	
#我的装修日记[话题]# #扫地机器人测评[话题]# #科技改变生活[话题]# #家电好物[话题]# #装修内行人[话题]##深圳装修日记[话题]# #扫地机器人推荐2024[话题]# #家用电器分享[话题]# #扫地机器人[话题]# #装修[话题]# #装修#扫地机器人避雷#提升幸福感的家居好物#扫地机器人怎么选",,1735931253000,1735931254000,57343a2582ec395d797345b5,夜夜的装修日记,https://sns-avatar-qc.xhscdn.com/avatar/1040g2jo30v6jrgiel86g48bokpt2ahdlapt06mg,986,1246,97,335,,"http://sns-webpic-qc.xhscdn.com/202511221551/c858c9964de49a34a74088a38874f2ef/1040g00831c72oesg086g48bokpt2ahdl09p6kh0!nd_dft_wlteh_webp_3,http://sns-webpic-qc.xhscdn.com/202511221551/fc6bf7e4629e74139f855c5fefeaf350/1040g00831c72of0j126048bokpt2ahdlpvn9vn0!nd_dft_wlteh_webp_3,http://sns-webpic-qc.xhscdn.com/202511221551/a237ff9da6747908f112b37c1ebc3f15/1040g2sg31c72of0ige6g48bokpt2ahdlvf7vtjg!nd_dft_wlteh_webp_3,http://sns-webpic-qc.xhscdn.com/202511221551/a30d46903af1b5636d3631183212d62b/1040g2sg31c72of0a166g48bokpt2ahdlo63hfu8!nd_dft_wlteh_webp_3,http://sns-webpic-qc.xhscdn.com/202511221551/d89ce2f4763d4f48aebdbd5ba45af791/1040g2sg31c72oeu00edg48bokpt2ahdli3lff1g!nd_dft_wlteh_webp_3,http://sns-webpic-qc.xhscdn.com/202511221551/5546b025a22ebc04f3c7e0d874bdd71c/1040g2sg31c72oetrgcdg48bokpt2ahdl8428he0!nd_dft_wlteh_webp_3,http://sns-webpic-qc.xhscdn.com/202511221551/fa464941e0033337bf150bb630b79d30/1040g00831c72oesu0e6048bokpt2ahdl28is760!nd_dft_wlteh_webp_3,http://sns-webpic-qc.xhscdn.com/202511221551/e32d397919db3899e9d81301b76d09af/1040g00831c72oesth23048bokpt2ahdl08iuea8!nd_dft_wlteh_webp_3,http://sns-webpic-qc.xhscdn.com/202511221551/148368f8725b988ff1adc1f92661d7b3/1040g2sg31c72oese16dg48bokpt2ahdli741ba0!nd_dft_wlteh_webp_3","我的装修日记,扫地机器人测评,科技改变生活,家电好物,装修内行人,深圳装修日记,扫地机器人推荐2024,家用电器分享,扫地机器人,装修",1763797899001,https://www.xiaohongshu.com/explore/6778357500000000090158f5?xsec_token=ABmq_yqwoF1TgGYWBvtqWIAUlODlddq7yX4wb-cCLJRz0=&xsec_source=pc_search,扫地机器人对比,ABmq_yqwoF1TgGYWBvtqWIAUlODlddq7yX4wb-cCLJRz0=
652f9395000000001f038352,video,买对不买贵，3款热门千元扫地机器人横测！,这3款都是目前热度很高，千元价位的主流款式，为了避嫌啊，我就不提具体品牌型号啦，想了解的可以评论区互动，列了个表，面上数据对比一目了然，实际效果怎么样？来看视频实测！ #扫地机器人[话题]#  #扫地机器人测评[话题]#  #高性价比扫地机器人[话题]#  #测评[话题]# #清洁家电[话题]#,http://sns-video-bd.xhscdn.com/spectrum/1040g0jg30qc4q6l0nu005oho6fn416oe98eirmg,1697623294000,1697616790000,623833ee0000000010009b0e,满叔家居（测评版）,https://sns-avatar-qc.xhscdn.com/avatar/6517ec32e0cc0eb38095147f.jpg,984,598,44,314,,http://sns-webpic-qc.xhscdn.com/202511221551/6fca4bbcee08d5d26a28afe98c804a5d/spectrum/1040g0k030qc4qsosnu005oho6fn416oed3mlcgo!nd_dft_wlteh_webp_3,"扫地机器人,扫地机器人测评,高性价比扫地机器人,测评,清洁家电",1763797899013,https://www.xiaohongshu.com/explore/652f9395000000001f038352?xsec_token=ABTOgeVI2x_k8BrvEFrE7w45RoXfIzkunwyscvzCBhDqc=&xsec_source=pc_search,扫地机器人对比,ABTOgeVI2x_k8BrvEFrE7w45RoXfIzkunwyscvzCBhDqc=
66292ab400000000010046d2,video,别选错了！科沃斯高端扫地机器人这样选！,科沃斯高端新品扫地机器人X5 PRO上新啦！到底和X2 PRO有啥区别？10大对比，5大相同点，5大不同点教你选！ #科沃斯X5[话题]#  #科沃斯X5PRO[话题]#  #扫地机器人[话题]#  #科沃斯扫地机器人[话题]#  #扫地机器人推荐[话题]#  #扫地机器人测评[话题]##科沃斯机器人[话题]#,http://sns-video-bd.xhscdn.com/spectrum/1040g350311vsi2r91o00414fjjhbjeienac9ei0,1714017013000,1714011806000,55d922b9c2bdeb640633ba4e,玥薇家,https://sns-avatar-qc.xhscdn.com/avatar/644bf48ccf0f84f939f6532a.jpg,938,346,48,355,,http://sns-webpic-qc.xhscdn.com/202511221551/6769575a47f2eccdab2f6c816f245cfb/spectrum/1040g0k0311vskcp9hm00414fjjhbjeieodlq2to!nd_dft_wlteh_webp_3,"科沃斯X5,科沃斯X5PRO,扫地机器人,科沃斯扫地机器人,扫地机器人推荐,扫地机器人测评,科沃斯机器人",1763797899024,https://www.xiaohongshu.com/explore/66292ab400000000010046d2?xsec_token=ABohpIxdqLpDSnVpcMwLLDv03b2Jw6o7iTrz9Qe31mZpM=&xsec_source=pc_search,扫地机器人对比,ABohpIxdqLpDSnVpcMwLLDv03b2Jw6o7iTrz9Qe31mZpM=
67c55f7b000000001201f518,normal,追觅s50对比s40增强版，升级点和减配,"追觅S50系列新发布，目前中端旗舰款有S40 增强版、S50 Pro、S50 Ultra。
	
🌈S50系列相比S40增强版主要升级点有：
	
1️⃣热水自清洁
S50系列支持100℃热水洗拖布，4档水温调节；S40增强版系列支持75℃洗拖布
	
2️⃣热水拖地
S50系列增加了40℃热水拖地，对付地油渍效果自然要好一些，锁温持续3-7分钟
	
3️⃣越障高度
从4cm提升到6cm，应该没有家庭门槛超过6cm了吧
	
4️⃣自升降雷达
S50系统在遇到低矮空间自动升降雷达，机身高度降到8.9cm，S40增强版的机身高度是10.38cm
	
5️⃣S50系列吸力高达24000Pa；S40增强版系列吸力为18500Pa
	
6️⃣S50系列采用双线激光和AI视觉， 识别220+障碍物，S40增强版识别140+种障碍物
	
7️⃣电池容量
S50的电池容量达到6400mAh，比S40增强版续航更长久
	
🌈S50 Pro和S50 Ultra的区别：
1️⃣S50 Pro减配了脏污识别功能，S50 Ultra有。
2️⃣S50 Pro没有污水箱除臭颗粒，S50 Ultra标配。
	
📒总结
⭐S40增强：性价比款，目前2000+，预算有限非大户型可以考虑。
⭐S50系列：升级点比较实用，清洁力、越障、吸力、避障、续航都有提升，如果对清洁力要求高、大户型可以考虑，S50 Pro还是S50 Ultra，预算不是问题，还是S50 Ultra更香～
	
❗️❗️❗️三个型号，报：洋哥，多300配件包！
#追觅s50[话题]# #追觅打工日记[话题]# #追觅s50pro[话题]# #追觅s40增强[话题]# #追觅扫地机[话题]# #看看大家的选择？  [投票]#",,1740988283000,1742880795000,669fc7e6000000000b031b3c,洋哥谈家电,https://sns-avatar-qc.xhscdn.com/avatar/1040g2jo31f9daok1me605pkvovj2u6ps80vkeoo,933,301,136,226,,"http://sns-webpic-qc.xhscdn.com/202511221551/8f6c9e66486bdc348d587ef2c1b6e0f4/1040g00831eie4pgv106g5pkvovj2u6psvd9b1s8!nd_dft_wlteh_webp_3,http://sns-webpic-qc.xhscdn.com/202511221551/21a97b4b96eb1128bff177cfc4e9d8df/1040g00831eie4ph00s6g5pkvovj2u6psv2d8rng!nd_dft_wlteh_webp_3,http://sns-webpic-qc.xhscdn.com/202511221551/9f5a9adface31bee3fc8f4c6005ee120/1040g00831eie4ph70s5g5pkvovj2u6pss5r365g!nd_dft_wlteh_webp_3,http://sns-webpic-qc.xhscdn.com/202511221551/e36e9ea423cfff38c7d925b42dd9f4ea/1040g00831eie4pgvgu6g5pkvovj2u6psab8duo8!nd_dft_wlteh_webp_3","追觅s50,追觅打工日记,追觅s50pro,追觅s40增强,追觅扫地机",1763797899028,https://www.xiaohongshu.com/explore/67c55f7b000000001201f518?xsec_token=ABVRwhgVIHFwqpv-XuY5hmux7iFyGPbrFXLTPs9xpD3io=&xsec_source=pc_search,扫地机器人对比,ABVRwhgVIHFwqpv-XuY5hmux7iFyGPbrFXLTPs9xpD3io=
6856801800000000120171bd,normal,别相信任何广 还得是自己买回来时才知道,"普通人扫地机器人云鲸和石头测评
先总结，我个人认为云鲸j5比石头好用好多倍
🌟扫拖路径：基本不走回头路
之前买过石头20，都是刚到家，石头特别喜欢走回头路，有时候我都觉得他是人工智障
云鲸j5，基本都不走回头路，先是沿边清理，然后曲线来回，这让用过石头的我非常满意
🌟建图和识别：
建图云鲸这点稍逊色石头，石头的页面建图后会清楚显示各个房间是什么，而且接触障碍物后会识别是什么（但是有什么用呢）
云鲸虽然不会显示房间是什么，但不会把我猫的水碗猫粮打翻（图1️⃣），石头到家第一天就把水给我弄洒了，硬生生撞到墙边才知道是障碍物，而且不会清洁那一块，云鲸很温柔，会很智能的识别那是地毯和着重清理
🌟清洁度：云鲸脚感更好，没有水印，不刮地板
这是之前从一个博主那里做功课看到的，当时不理解什么叫脚感好，现在我理解了，石头清洁完地上没有明显颗粒但是光脚踩上就是会感觉有灰尘，云鲸清洁完就真的很干净，客厅虽然也会有一圈一圈的拖布印，但是没有水印，我知道家里灰尘比较大，附近还有很多装修的人，所以准备手洗拖布然后再观察一下后续拖地情况
🌟产品服务
安装师傅会每个都给我讲解怎么拆卸怎么安装怎么清理，怎么建图更合理，比起之前石头安装完我还什么都不知道，都要自己研究，这一点让我也很满意
总体来说云鲸不用我怎么操心，上手很快，最重要是不刮地板，但是app操作页面做的确实不如石头，可以学习一下，但是扫拖这一块我目前是没有问题的
——————————
更新，用了90多天了，目前没有啥问题，多多买了一个平替拖布，每次拖完直接换拖布，结束烘干（省电小妙招）
基本上家里的灰尘毛絮猫砂颗粒都拖得挺干净的，日常够用了，但是像厨房这种赃污严重的地方我觉得她清理力度一般，拖不掉，但是我一般不下厨房，就还好，家里每天我都觉得挺干净的
#扫地机器人[话题]# #云鲸j5[话题]# #石头p20pro[话题]# #扫地机器人推荐[话题]# #装修日常[话题]#",,1750499352000,1758429820000,5d9f3a000000000001006c6c,阿栗呀～🌰,https://sns-avatar-qc.xhscdn.com/avatar/1040g2jo31h0qaoulj8005ncv78008r3co752pp0,928,637,462,215,,"http://sns-webpic-qc.xhscdn.com/202511221551/1938204a6b592341cc9f8edae6f1adbb/notes_pre_post/1040g3k831j053s710sfg5ncv78008r3ccpi1n90!nd_dft_wlteh_webp_3,http://sns-webpic-qc.xhscdn.com/202511221551/248ec5903d1f74d59fcb04e16258f70f/notes_pre_post/1040g3k831j053s710sg05ncv78008r3cn9vl490!nd_dft_wlteh_webp_3,http://sns-webpic-qc.xhscdn.com/202511221551/7506bee4e769528cad4fc375273767d6/1040g00831mmatftg4s005ncv78008r3cf4gf8o8!nd_dft_wlteh_webp_3,http://sns-webpic-qc.xhscdn.com/202511221551/b34e3b6909d0d011fa60f22f330abedd/1040g00831mmatftg4s0g5ncv78008r3ceevrii0!nd_dft_wlteh_webp_3","扫地机器人,云鲸j5,石头p20pro,扫地机器人推荐,装修日常",1763797899034,https://www.xiaohongshu.com/explore/6856801800000000120171bd?xsec_token=ABYADyyERDx7PnkcSTNAoFSEqtojBTvANquZuX1q4AgDU=&xsec_source=pc_search,扫地机器人对比,ABYADyyERDx7PnkcSTNAoFSEqtojBTvANquZuX1q4AgDU=
66cc2106000000001f01bd06,normal,秒懂·石头P20Pro升级速览 | P系列区别,"图1是差异点，图2有参数表。
	
P10SP\P10P\P10S\P10之前已经有过详细介绍的笔记，可以到主页往前翻一翻查看。
	
P20PRO此次升级是在P10SPRO的基础上进行升级，所以这次主要说下P20PRO亮点。
	
👉差异1、底盘升降
大部分扫地机的越障高度是在1.5-2cm之间，对高一些的门槛要么设置禁止通过，要么通过增加爬坡垫来协助扫地机通过。
P20PRO多了底盘升降功能，越障高度达到4CM，基本上家里的门槛都是可以轻松通过，底盘提升之后，清扫地毯也会有优势(拖布不易打湿地毯)；另外就是对于U型椅之类比较异形的桌椅腿都能比较顺畅的越障，可以适应更多的清洁环境。
	
👉差异2、边刷0缠绕
边刷新变更为螺旋边刷，特点就是可以有效的甩开毛发，将发毛刷到滚刷附近，边刷不会被毛发缠绕住
	
👉差异3、双锥形滚刷
主刷设计上P10SPRO是两个长胶刷，毛发在滚刷会顺道两边，边上有刀片切割，可以切割毛发。
P20PRO是双锥形滚刷，毛发会被顺到吸尘口中间，再配合18500Pa的大吸力，直接被吸走，无需刀片，更加安全。
	
👉差异4、语音控制
P10SPO支持标准的语音控制，P20PRO升级为大模型语音控制，一些口语化的指令也能识别。
	
👉差异5、mini基座
P10SPro上下水基座高度只要405mm；P20PRO高度只要321mm；高度可以节省不少，不过P20PRO的宽度会宽一些。
	
👉差异6、基站自清洁
P10SP清洁盘需要自行取出清洁维护。
P20PRO可以做到自清洁，大大的节省日常维护频率
	
👉差异7、热水洗
P10SP热水洗拖布的温度是60°C。
P20PRO热水洗温度上升到了70°C。
	
👉🏻差异8、污水除臭
P20Pro的污水箱内标配除臭颗粒，忘记倒污水了也不易发臭。
注：上下水的话两者就没区别(无污水箱无需除臭)
	
👉🏻其他边刷机械臂，拖布机械臂、避障、视频通话、自动补灯、脏污识别都是一样的。
	
⭐总结下：
✅P20PRO越障能力提升很多，毛发0缠绕更优秀，基座维护更省时，基站高度更省更矮，都是一些很实在的亮点升级。
#看看大家都心动哪一个？ [PK]#
#石头P20Pro[话题]# #石头mini上下水基站[话题]# #石头扫地机[话题]#",,1724653830000,1728987729000,6362131a0000000024008c80,小武家电评测,https://sns-avatar-qc.xhscdn.com/avatar/647953e1bab61e0001705e39.jpg,841,1055,116,238,,"http://sns-webpic-qc.xhscdn.com/202511221551/ee3f58c51964aeb8ed4b3988798d384c/1040g2sg316v18qoq3udg5or22cd91340a2cqj1o!nd_dft_wlteh_webp_3,http://sns-webpic-qc.xhscdn.com/202511221551/305192095a97ba16f7c844a7f2c58c46/1040g2sg316v18qoq3ud05or22cd91340uqn09oo!nd_dft_wlteh_webp_3","石头P20Pro,石头mini上下水基站,石头扫地机",1763797899041,https://www.xiaohongshu.com/explore/66cc2106000000001f01bd06?xsec_token=ABK3d06zhzBJos8_F0CtbnaS3fJJw_5NsPPbebjc2OH50=&xsec_source=pc_search,扫地机器人对比,ABK3d06zhzBJos8_F0CtbnaS3fJJw_5NsPPbebjc2OH50=
660301110000000012022277,video,新款扫地机器人哪款最值得买❓618避坑攻略,"石头、追觅、科沃斯、云鲸扫地机器人，选什么品牌？最值的买的型号是什么？
老王今天给大家详细对比测评了几款热门型号，也整理了一份选购清单对比表！
	
四款最值得买的型号罗列👇🏻
#0:31[时刻]# 扫地机器人型号推荐
#0:49[时刻]# 石头P10sPro
#1:32[时刻]# 追觅S30ProUltra
#2:13[时刻]# 追觅X40Pro
#2:25[时刻]# 科沃斯T30Pro
	
#解放双手[话题]# #家居生活好帮手[话题]# #居家好物推荐[话题]#  #科技改变生活[话题]# #带来极大幸福感的家用电器[话题]# #智能扫地机[话题]# #科技[话题]# #家用好物分享[话题]# #自由自在有所热爱[话题]# #清洁神器[话题]#  #清洁[话题]# #家居清洁好物[话题]# #科沃斯[话题]#  #清洁好物[话题]# #清洁神器[话题]# #扫地机[话题]# #追觅扫地机[话题]# #石头扫地机[话题]# #扫地机推荐[话题]# #科沃斯扫地机[话题]# #云鲸扫地机[话题]#  #石头p10spro[话题]# #石头p10s上下水[话题]# #石头p10s[话题]# #石头新品p10spro[话题]# #追觅s30proultra[话题]# #追觅s30proultra嵌入式[话题]# #追觅s30pro[话题]# #追觅x40pro扫地机器人[话题]# #追觅x40pro[话题]# #追觅x40超薄嵌入式[话题]# #科沃斯t30pro[话题]# #科沃斯t30max[话题]# #扫地机器人测评[话题]# #618购物分享[话题]# #618小红书买买节[话题]# #618扫地机器人[话题]# #618家电攻略[话题]#",http://sns-video-bd.xhscdn.com/1040g00g310qk2jlg6c6g400tcrrodkkeu80omdg,1711499702000,1714418762000,5490f786b4c4d64a826dd28e,省钱老王谈家居,https://sns-avatar-qc.xhscdn.com/avatar/1040g2jo30pce8sr0ju60400tcrrodkkelgc12h8,804,851,1954,343,,http://sns-webpic-qc.xhscdn.com/202511221551/14a8adae88a40226eff49160ec76cfd3/1040g2sg310qi14826m5g400tcrrodkkeam2bqho!nd_dft_wlteh_webp_3,"解放双手,家居生活好帮手,居家好物推荐,科技改变生活,带来极大幸福感的家用电器,智能扫地机,科技,家用好物分享,自由自在有所热爱,清洁神器,清洁,家居清洁好物,科沃斯,清洁好物,扫地机,追觅扫地机,石头扫地机,扫地机推荐,科沃斯扫地机,云鲸扫地机,石头p10spro,石头p10s上下水,石头p10s,石头新品p10spro,追觅s30proultra,追觅s30proultra嵌入式,追觅s30pro,追觅x40pro扫地机器人,追觅x40pro,追觅x40超薄嵌入式,科沃斯t30pro,科沃斯t30max,扫地机器人测评,618购物分享,618小红书买买节,618扫地机器人,618家电攻略",1763797899046,https://www.xiaohongshu.com/explore/660301110000000012022277?xsec_token=ABZtiGMgJrUQVXHSEDqnmj7XI52SWa667uBScH6lYC05U=&xsec_source=pc_search,扫地机器人对比,ABZtiGMgJrUQVXHSEDqnmj7XI52SWa667uBScH6lYC05U=
6837142b0000000021004908,normal,双十一石头扫地机盘点：看懂P系列和G系列！,"石头目前在售的 10款扫地机可以分 4个梯队+2款特殊型号：
[一R]石头P20价格超低，基础功能都有，细节配置落后其它产品一代，追求低价可入；
[二R]石头P20 Pro和石头P20 Plus属于入门之选，越障性能和低矮空间通过性二选一，根据需求选择即可；
[三R]石头P20 Ultra和石头G20S Ultra功能齐全，是目前综合质价比最高的产品；
[四R]石头P20 Ultra Plus、石头G30 U以及石头G30兼顾功能和性能，放在整个行业内也是当之无愧的旗舰。其中石头G30采用震动拖布，拥有其独特生态位，喜欢震动拖布的朋友可以放心买。
[五R]石头G30 Space探索版兼顾实用性和可玩性，不差钱可入；
[六R]石头P20活水版优势与短板并存，是扫地机未来发展方向，适合尝鲜用户入手。
[爆炸R][爆炸R][爆炸R]选购建议：
石头「正统」（震动拖布）在 G系列，但对于大部分普通消费者来说更值得买的是 P系列——并不是 G系列不好，而是 P系列更新更快，产品更新，配置更高，显得更值。
[一R]既要又要就买石头P20 Ultra Plus或者石头G30 U；
追求综合质价比高的水桶机就买石头P20 Ultra或者石头G20S Ultra；[赞R][赞R][赞R]
[二R]想要性能稳定，拖地无水痕就买石头G30；[买爆R][买爆R][买爆R]
[三R]想要尝鲜，想试试滚筒活水洗地就买石头P20活水版，清洁能力强，水痕残留少；
[四R]不差钱的话，G30 Space探索版可以放心买；[蹲后续H]
[五R]价格敏感，随便买一台用用可以考虑石头P20。[可R]
[赞R]#扫地机器人测评[话题]# #扫地机器人怎么选[话题]# #智能扫地机[话题]# #解放双手的扫地机[话题]# #石头扫地机[话题]# #石头扫地机器人[话题]##石头G30[话题]# #石头P20Pro[话题]# #双十一攻略[话题]# #双十一[话题]#",,1748440107000,1760084346000,573075d084edcd163abc33b1,西红柿炖番茄,https://sns-avatar-qc.xhscdn.com/avatar/5f897d5bb6a9920001c78655.jpg,802,577,238,492,,"http://sns-webpic-qc.xhscdn.com/202511221551/d13b381d471415c17245955a4a5d6ca4/1040g00831nercgph5i2048bkonqt0cthecqml18!nd_dft_wgth_webp_3,http://sns-webpic-qc.xhscdn.com/202511221551/9db1dd90f09009e753a3c6369f3bfb84/1040g00831nercgph5i1g48bkonqt0cth6h179do!nd_dft_wgth_webp_3,http://sns-webpic-qc.xhscdn.com/202511221551/6d96d51b4179947c3773d9ff9656fd1b/1040g00831nercgph5i2g48bkonqt0cth3pskduo!nd_dft_wgth_webp_3,http://sns-webpic-qc.xhscdn.com/202511221551/0e6507e9dc11712485d11b010bab50d1/1040g00831nercgph5i0048bkonqt0cth6qogkkg!nd_dft_wlteh_webp_3,http://sns-webpic-qc.xhscdn.com/202511221551/7b74b325610ae2c4a0e60f95672f93bd/1040g00831nercgph5i0g48bkonqt0cth6os1ljg!nd_dft_wgth_webp_3,http://sns-webpic-qc.xhscdn.com/202511221551/6654623e11887f3e8374c69f537512b8/1040g00831nercgph5i1048bkonqt0cthda9t8k8!nd_dft_wgth_webp_3,http://sns-webpic-qc.xhscdn.com/202511221551/92949f6268494c663297e4dc5ba896c5/1040g00831nercgph5i3048bkonqt0cthlf9avc8!nd_dft_wgth_webp_3,http://sns-webpic-qc.xhscdn.com/202511221551/1ee1190cff06f5e25281d67632a9c979/1040g00831nercgph5i4g48bkonqt0cthue866c0!nd_dft_wgth_webp_3,http://sns-webpic-qc.xhscdn.com/202511221551/883f0ca44c8227084c5bc1ecd0154fce/notes_pre_post/1040g3k831i1f7jvcneh048bkonqt0cthe050c9g!nd_dft_wgth_webp_3,http://sns-webpic-qc.xhscdn.com/202511221551/34f50e48406e7c98d160a7af9aa79603/notes_pre_post/1040g3k831i1f7jvcnegg48bkonqt0cths8bqfd8!nd_dft_wgth_webp_3,http://sns-webpic-qc.xhscdn.com/202511221551/7cd849ca563adc28ef72197626509a11/notes_pre_post/1040g3k831i1f7jvcnehg48bkonqt0cthuaa0go8!nd_dft_wgth_webp_3,http://sns-webpic-qc.xhscdn.com/202511221551/c2b4529f95f10303dd98c3b29ead01b1/notes_pre_post/1040g3k831i1f7jvcnei048bkonqt0cth8elgl8o!nd_dft_wgth_webp_3,http://sns-webpic-qc.xhscdn.com/202511221551/2f0e97fc27316357f615ad055fabc2ff/notes_pre_post/1040g3k831i1f7jvcneg048bkonqt0cthvenulh0!nd_dft_wgth_webp_3,http://sns-webpic-qc.xhscdn.com/202511221551/87d2e9573f28c990cd6e9af06ec31f3c/1040g00831nercgph5i5g48bkonqt0cthr1uni08!nd_dft_wgth_webp_3,http://sns-webpic-qc.xhscdn.com/202511221551/edc40e55fdd8c7c49951a546a4da889c/1040g00831nercgph5i3g48bkonqt0cthilegns8!nd_dft_wgth_webp_3,http://sns-webpic-qc.xhscdn.com/202511221551/ade66d8a715989116e74133706fc41c5/1040g00831nercgph5i5048bkonqt0cthil0d3m0!nd_dft_wgth_webp_3,http://sns-webpic-qc.xhscdn.com/202511221551/0e382510689eef078c8930b7c54b31c0/1040g00831nercgph5i4048bkonqt0cthhrv9fjo!nd_dft_wgth_webp_3,http://sns-webpic-qc.xhscdn.com/202511221551/5e102a760188f0cc3eee5e92e72457bf/1040g00831nercgph5i6048bkonqt0cth5gn40o0!nd_dft_wgth_webp_3","扫地机器人测评,扫地机器人怎么选,智能扫地机,解放双手的扫地机,石头扫地机,石头扫地机器人,石头G30,石头P20Pro,双十一攻略,双十一",1763797899055,https://www.xiaohongshu.com/explore/6837142b0000000021004908?xsec_token=ABw-XHbyB_kqcfdcskxlbksyhlI6PckqJhfZMLwwdkt9w=&xsec_source=pc_search,扫地机器人对比,ABw-XHbyB_kqcfdcskxlbksyhlI6PckqJhfZMLwwdkt9w=
