comment_id,create_time,ip_location,note_id,content,user_id,nickname,avatar,sub_comment_count,pictures,parent_comment_id,last_modify_ts,like_count
68e86301000000003300d07c,1760060161000,,68c90c5e000000001300f86d,昨天开启了百亿补贴，又降价了550，还无法保价[石化R],5e42b52a0000000001002cbb,watt,https://sns-avatar-qc.xhscdn.com/avatar/5e42b556c1e2f000016f75e6.jpg?imageView2/2/w/120/format/jpg,16,,0,1763796258511,261
68c9e649000000003000f7af,1758062153000,,68c90c5e000000001300f86d,我去，感觉大疆进入这个市场就是降维打击啊,62a589fa000000001b02420c,月立西冬,https://sns-avatar-qc.xhscdn.com/avatar/62d297cd268b756e15186650.jpg?imageView2/2/w/120/format/jpg,52,,0,1763796258515,4818
68d790d60000000001013935,1758957783000,,68c90c5e000000001300f86d,现在扫地机器人都涨价了 因为大疆进场了 5k的和别的家2k3k的功能一样 其他家更高档的4k5k产品卖不出去 所以一起涨了,59eb0e16e8ac2b269d6b7300,213145,https://sns-avatar-qc.xhscdn.com/avatar/1040g2jo31p62bktdiu0049uoq571cso04fdbbto?imageView2/2/w/120/format/jpg,15,,0,1763796258522,1717
68d5ec01000000000a00fd6d,1758850049000,,68c90c5e000000001300f86d,说个价格让我死心[捂脸R],5b83d951233b2000010de1ef,快乐是那莫重要,https://sns-avatar-qc.xhscdn.com/avatar/1040g2jo31o9qocf3mm604akngecl3offq7f08ng?imageView2/2/w/120/format/jpg,1,,0,1763796258525,121
68e20b340000000033007251,1759644468000,,68c90c5e000000001300f86d,大疆扫地机再进化几代怕不是能飞啊,5e3d0632000000000100b794,吸星尘的吸尘器,https://sns-avatar-qc.xhscdn.com/avatar/1040g2jo316gsbnd9ha5g5nht0op09dskdkq1c90?imageView2/2/w/120/format/jpg,7,,0,1763796258530,98
68e713a000000000380054da,1759974305000,,68c90c5e000000001300f86d,今天降价了，建议up去申请保价…[笑哭R],6409b65f000000002a00ab3f,画-绘画-游戏,https://sns-avatar-qc.xhscdn.com/avatar/1040g2jo310ct6ebb6c005p09mpfqhapv0i5dfr0?imageView2/2/w/120/format/jpg,9,,0,1763796258534,82
68ca473e0000000030028375,1758086974000,,68c90c5e000000001300f86d,大疆吸的时候遇到一小滩水会怎么样呢？,577d46d550c4b47fcb1ea5d1,Ooii,https://sns-avatar-qc.xhscdn.com/avatar/1040g2jo31c5mmvctgs0048hati3db9ehsrrar7g?imageView2/2/w/120/format/jpg,5,,0,1763796258541,71
68d963e50000000002027aaa,1759077349000,,68c90c5e000000001300f86d,今天刚路过看到[笑哭R]结果就看到小红书了,60a24eff000000000100055f,一只扁扁,https://sns-avatar-qc.xhscdn.com/avatar/1040g2jo31ao6fg4k6q005o529rvg81avcccvv0o?imageView2/2/w/120/format/jpg,7,,0,1763796258548,60
68e4be61000000003901f0ee,1759821409000,,68c90c5e000000001300f86d,这个好用还是石头好用,61506c65000000000201f272,momo,https://sns-avatar-qc.xhscdn.com/avatar/1040g2jo31kks2m66k8505oagdhigjsji2b1lc4o?imageView2/2/w/120/format/jpg,22,,0,1763796258555,9
68d6624b000000000800c163,1758880331000,,68c90c5e000000001300f86d,透明版好好看，可惜我买了普通版,64cf8358000000000b00473f,桐庐本地人Jeff,https://sns-avatar-qc.xhscdn.com/avatar/1040g2jo31545uvh50m6g5p6fgdc2ohpv16er64g?imageView2/2/w/120/format/jpg,5,,0,1763796258561,24
68e8cd5c000000003300578f,1760087390000,,68c90c5e000000001300f86d,选择退货重新下单,5e42b52a0000000001002cbb,watt,https://sns-avatar-qc.xhscdn.com/avatar/5e42b556c1e2f000016f75e6.jpg?imageView2/2/w/120/format/jpg,0,http://sns-webpic-qc.xhscdn.com/202511221524/a3adbd61f682d21f40e96a3790494531/comment/1040g2h031nf1a1al6g005ni2mkl08b5r44r14u8!nd_whgt34_webp_wm_1,68e86301000000003300d07c,1763796260566,275
68e8cd8a0000000037027cc1,1760087434000,,68c90c5e000000001300f86d,TB平台客服真的体验好差 还是88VIP都没用 还好大疆的客服挺好的,5e42b52a0000000001002cbb,watt,https://sns-avatar-qc.xhscdn.com/avatar/5e42b556c1e2f000016f75e6.jpg?imageView2/2/w/120/format/jpg,0,,68e874090000000038026d9a,1763796260730,89
68e9095b0000000038012e84,1760102748000,,68c90c5e000000001300f86d,我现在买东西只用pdd，淘宝客服差的要死,5f69f7a90000000001006d87,hl,https://sns-avatar-qc.xhscdn.com/avatar/1040g2jo31ld2fl025e0g5nr9uukg8rc7e7ivi38?imageView2/2/w/120/format/jpg,0,,68e8cd8a0000000037027cc1,1763796260737,41
68e9bfae0000000039022bfb,1760149423000,,68c90c5e000000001300f86d,@--。--.,5ac03eca11be10698909fda6,开心小猫（见过林俊杰版,https://sns-avatar-qc.xhscdn.com/avatar/1040g2jo31cdckf760c004a46cmvclvd6tf25l28?imageView2/2/w/120/format/jpg,0,,68e8cd5c000000003300578f,1763796260742,2
68e9bffd00000000380260c8,1760149502000,,68c90c5e000000001300f86d,hi请问您旗舰版最后买成是什么价格呀？,5f4782e0000000000101f462,来碗东坡鱼,https://sns-avatar-qc.xhscdn.com/avatar/62b0d6e694d66542c42fe066.jpg?imageView2/2/w/120/format/jpg,0,,68e8cd5c000000003300578f,1763796260746,2
68e9cbd70000000033005547,1760152535000,,68c90c5e000000001300f86d,4699,5e42b52a0000000001002cbb,watt,https://sns-avatar-qc.xhscdn.com/avatar/5e42b556c1e2f000016f75e6.jpg?imageView2/2/w/120/format/jpg,0,,68e9bffd00000000380260c8,1763796260758,3
68e9cc3c000000003300f7dc,1760152637000,,68c90c5e000000001300f86d,[笑哭R]pdd有些商品质量差一些 只敢买些低价值的商品,5e42b52a0000000001002cbb,watt,https://sns-avatar-qc.xhscdn.com/avatar/5e42b556c1e2f000016f75e6.jpg?imageView2/2/w/120/format/jpg,0,,68e9095b0000000038012e84,1763796262932,0
68e9d5940000000038010043,1760155028000,,68c90c5e000000001300f86d,还行，我现在买东西都是pxx，淘宝京东压根不用，客服就和机器人一样，遇到问题不解决，,5f69f7a90000000001006d87,hl,https://sns-avatar-qc.xhscdn.com/avatar/1040g2jo31ld2fl025e0g5nr9uukg8rc7e7ivi38?imageView2/2/w/120/format/jpg,0,,68e9cc3c000000003300f7dc,1763796262941,1
68eef7c200000000390290e2,1760491459000,,68c90c5e000000001300f86d,今天4299,5a7e6b14e8ac2b491cf2655e,田田爱吃橙橙,https://sns-avatar-qc.xhscdn.com/avatar/6141604700800c3baabf205f.jpg?imageView2/2/w/120/format/jpg,0,,68e9cbd70000000033005547,1763796262945,0
68ef0b4e0000000033007e5e,1760496462000,,68c90c5e000000001300f86d,我要疯了 在和客服保价沟通中,5e42b52a0000000001002cbb,watt,https://sns-avatar-qc.xhscdn.com/avatar/5e42b556c1e2f000016f75e6.jpg?imageView2/2/w/120/format/jpg,0,,68eef7c200000000390290e2,1763796262949,0
68f1c3610000000038017c68,1760674657000,,68c90c5e000000001300f86d,黑钻88VIP他们态度好的不得了[偷笑R],64804b56000000002a03564d,cappUCcino,https://sns-avatar-qc.xhscdn.com/avatar/1040g2jo31edg7vc8gk005p409dbamlidmb2dsio?imageView2/2/w/120/format/jpg,0,,68e8cd8a0000000037027cc1,1763796262958,0
68f4d7fa0000000039028a7e,1760876539000,,68c90c5e000000001300f86d,真的 支持,67513f11000000001d02e3c7,雨泽,https://sns-avatar-qc.xhscdn.com/avatar/1040g2jo31oa7er9el0dg5pqh7s8ndou7q56ca8o?imageView2/2/w/120/format/jpg,0,,68e9095b0000000038012e84,1763796265148,0
68f712910000000033020308,1761022609000,,68c90c5e000000001300f86d,真的pdd的商家比淘宝都搞,613d85a70000000002019b95,一定要闪闪发光,https://sns-avatar-qc.xhscdn.com/avatar/1040g2jo31o56emih5m6g5o9tgmjgj6slh08voeg?imageView2/2/w/120/format/jpg,0,,68e9095b0000000038012e84,1763796265157,0
68fb86ab000000003300485a,1761314475000,浙江,68c90c5e000000001300f86d,@momo,604b2d54000000000101f611,宜宜,https://sns-avatar-qc.xhscdn.com/avatar/62c7c1dade9059a4d14b028c.jpg?imageView2/2/w/120/format/jpg,0,,68e8cd8a0000000037027cc1,1763796265161,0
68fb86b100000000330049be,1761314481000,浙江,68c90c5e000000001300f86d,@momo,604b2d54000000000101f611,宜宜,https://sns-avatar-qc.xhscdn.com/avatar/62c7c1dade9059a4d14b028c.jpg?imageView2/2/w/120/format/jpg,0,,68e9095b0000000038012e84,1763796265166,0
68e874090000000038026d9a,1760064521000,,68c90c5e000000001300f86d,打电话找平台客服吧[笑哭R],61c2e56700000000100080f9,few,https://sns-avatar-qc.xhscdn.com/avatar/1040g2jo31gapvrhc2q605oe2sljk107pdmffo7o?imageView2/2/w/120/format/jpg,0,,68e86301000000003300d07c,1763796265179,0
68ca7f30000000003002d226,1758101297000,,68c90c5e000000001300f86d,我也感觉，无人机很多技术都是互通的，避障算法跟其他家明显不同,68c4249c000000001902102a,TiAmo,https://sns-avatar-qc.xhscdn.com/avatar/1040g2jo31mgbrhk5m8005q644ie6c41agphsseo?imageView2/2/w/120/format/jpg,0,,68c9e649000000003000f7af,1763796267189,4014
68d0585d0000000030008c33,1758484573000,,68c90c5e000000001300f86d,@Hu1,5c3f820e0000000007012aba,Ella今天运动了吗,https://sns-avatar-qc.xhscdn.com/avatar/1040g2jo31lis7d4pkq0g5n1vg871qalqjfm2sn0?imageView2/2/w/120/format/jpg,0,,68c9e649000000003000f7af,1763796267369,32
68d3d5200000000030032794,1758713120000,,68c90c5e000000001300f86d,@77,5f92d3150000000001000cc9,LL_Lr,https://sns-avatar-qc.xhscdn.com/avatar/1040g2jo31mo33fd7lm005nsiqcag8369vg7vtg8?imageView2/2/w/120/format/jpg,0,,68ca7f30000000003002d226,1763796267371,7
68d536820000000030008e01,1758803587000,,68c90c5e000000001300f86d,@季冷,61c88ac50000000010004b9f,花生了什么树,https://sns-avatar-qc.xhscdn.com/avatar/1040g2jo31onam4qa4q005oe8hb2k0isvjb02n5o?imageView2/2/w/120/format/jpg,0,,68ca7f30000000003002d226,1763796267378,1
68d79c3c000000000b02f5e7,1758960700000,,68c90c5e000000001300f86d,@八菇冬菇,59df6a7bde5fb41195cc4967,羊肉馅的,https://sns-avatar-qc.xhscdn.com/avatar/652b7f16e0cc0eb380959266.jpg?imageView2/2/w/120/format/jpg,0,,68ca7f30000000003002d226,1763796267386,2
68d79e64000000001903a49f,1758961253000,,68c90c5e000000001300f86d,买,5ad46c6711be1038718c41b6,八菇冬菇,https://sns-avatar-qc.xhscdn.com/avatar/62b1db55f38a2464d0133539.jpg?imageView2/2/w/120/format/jpg,0,,68d79c3c000000000b02f5e7,1763796267392,4
68d950fe0000000002017b6c,1759072510000,,68c90c5e000000001300f86d,@socker,5c868fbe000000001602515f,小屁股,https://sns-avatar-qc.xhscdn.com/avatar/1040g2jo30v97u4bulg005n46huv5kkavrvtrv7g?imageView2/2/w/120/format/jpg,0,,68ca7f30000000003002d226,1763796269592,1
68da17b70000000002001871,1759123384000,,68c90c5e000000001300f86d,@麻辣鸡丝,5eee198200000000010079a4,快到碗里来,https://sns-avatar-qc.xhscdn.com/avatar/611e834819e2dde6dedfbb82.jpg?imageView2/2/w/120/format/jpg,0,,68c9e649000000003000f7af,1763796269596,1
68da3e78000000000a00b70f,1759133305000,,68c90c5e000000001300f86d,@汤圆儿 哇,621328b10000000010004ad0,刻意,https://sns-avatar-qc.xhscdn.com/avatar/640defd168c57054fc806293.jpg?imageView2/2/w/120/format/jpg,0,,68c9e649000000003000f7af,1763796269604,1
68da9e900000000033024dd6,1759157905000,,68c90c5e000000001300f86d,@解连环,5b87740ead454b0001fada5d,饭饭,https://sns-avatar-qc.xhscdn.com/avatar/1040g2jo31mhg04uj58004am6e1q0tmitkp4f5eo?imageView2/2/w/120/format/jpg,0,,68ca7f30000000003002d226,1763796269609,2
68db13d10000000033025cca,1759187922000,,68c90c5e000000001300f86d,@Vanishooo,58b7ef537fc5b87e63567550,日日晚来风,https://sns-avatar-qc.xhscdn.com/avatar/1040g2jo31mfoqim05800497s5cnl6taga5v1ojo?imageView2/2/w/120/format/jpg,0,,68c9e649000000003000f7af,1763796269613,1
68dc14d80000000033025798,1759253721000,,68c90c5e000000001300f86d,@何YAN_言,5d0fb21500000000110058bb,momo,https://sns-avatar-qc.xhscdn.com/avatar/1040g2jo31jdtf03l34005n8fm8ak8m5ro452m00?imageView2/2/w/120/format/jpg,0,,68c9e649000000003000f7af,1763796271823,1
68de6531000000003800d859,1759405362000,,68c90c5e000000001300f86d,@肥肥卷卷,5b2b5fee11be107b276bccd0,铃儿小叮当,https://sns-avatar-qc.xhscdn.com/avatar/1040g2jo31lu7ij0tl86g4a6ersfutj6gosmdbog?imageView2/2/w/120/format/jpg,0,,68c9e649000000003000f7af,1763796271829,1
68de8ce3000000003802654b,1759415523000,,68c90c5e000000001300f86d,@禾鹁比巴王 我豆,5e1877460000000001009161,Ilaaaaana,https://sns-avatar-qc.xhscdn.com/avatar/63c01723f49cc7b05d2d0caa.jpg?imageView2/2/w/120/format/jpg,0,,68ca7f30000000003002d226,1763796271838,1
68de9167000000003901c836,1759416680000,,68c90c5e000000001300f86d,我去[石化R],5a3f15424eacab3adcec9dcb,禾鹁比巴王,https://sns-avatar-qc.xhscdn.com/avatar/1040g2jo31fg84gns76004a0ethak57ebnop03hg?imageView2/2/w/120/format/jpg,0,,68de8ce3000000003802654b,1763796271853,1
68df924d0000000033007902,1759482446000,,68c90c5e000000001300f86d,@怀民今儿早睡 [黄金薯R],60d89c30000000002002dee9,玻璃动物园园长,https://sns-avatar-qc.xhscdn.com/avatar/612b2133afb4630a16d3130b.jpg?imageView2/2/w/120/format/jpg,0,,68c9e649000000003000f7af,1763796271857,1
68e01181000000003803ed50,1759515009000,,68c90c5e000000001300f86d,@寻找修理者之车_dd🔰,5b4189394eacab383d2146d4,Tiff,https://sns-avatar-qc.xhscdn.com/avatar/5e687e25f7f71e00017995a5.jpg?imageView2/2/w/120/format/jpg,0,,68ca7f30000000003002d226,1763796274025,1
68e2026f00000000390213bf,1759642223000,,68c90c5e000000001300f86d,@F,59e0259ede5fb46a2b422179,予澈婉晚,https://sns-avatar-qc.xhscdn.com/avatar/1040g2jo31hujvtsmli0049t3gqips8bp6dm4rcg?imageView2/2/w/120/format/jpg,0,,68c9e649000000003000f7af,1763796274027,1
68e20bc500000000390083d7,1759644613000,,68c90c5e000000001300f86d,扫地机,63f21f59000000001001f0f6,F,https://sns-avatar-qc.xhscdn.com/avatar/1040g2jo31huk0gfmm4dg5ovi3tck3s7mi2n9r0g?imageView2/2/w/120/format/jpg,0,,68e2026f00000000390213bf,1763796274037,0
68e478490000000039002187,1759803466000,,68c90c5e000000001300f86d,@momo,5c99e9a4000000001201d0b3,Chilly17,https://sns-avatar-qc.xhscdn.com/avatar/5c99eaa40a4a6f0001aaa915.jpg?imageView2/2/w/120/format/jpg,0,,68ca7f30000000003002d226,1763796274042,0
68e4f7680000000037026cd4,1759836009000,,68c90c5e000000001300f86d,@Zion 这么牛,5c83784b0000000011035105,zzZ,https://sns-avatar-qc.xhscdn.com/avatar/1040g2jo31ebs3mlmgk7g5n43f15kek85c1kna1o?imageView2/2/w/120/format/jpg,0,,68c9e649000000003000f7af,1763796274059,0
68e5235900000000390279f0,1759847257000,,68c90c5e000000001300f86d,厉害,613ff6590000000002026459,Zion,https://sns-avatar-qc.xhscdn.com/avatar/1040g2jo31diitmdb12005o9vupcgkp2p18mi6p0?imageView2/2/w/120/format/jpg,0,,68e4f7680000000037026cd4,1763796276270,1
68e5ff450000000039007623,1759903557000,,68c90c5e000000001300f86d,@Aikoko. 等我有家我就买一个,5b34d8f711be1048f5c4b733,汉堡不要沙拉酱,https://sns-avatar-qc.xhscdn.com/avatar/1040g2jo31man7kotlm004a6lfrcffdpj4m96n1g?imageView2/2/w/120/format/jpg,0,,68c9e649000000003000f7af,1763796276273,1
68e6719e0000000033023545,1759932830000,,68c90c5e000000001300f86d,大疆居然还有这玩意,603c4fc40000000001000851,Aikoko.,https://sns-avatar-qc.xhscdn.com/avatar/6139bd9effec0af7ea6a633c.jpg?imageView2/2/w/120/format/jpg,0,,68e5ff450000000039007623,1763796276280,1
68e708ca000000003901cc00,1759971530000,,68c90c5e000000001300f86d,@也白头,62f3bd44000000001f0074c2,恕己奉壹,https://sns-avatar-qc.xhscdn.com/avatar/1040g2jo31dg2hkfigc5g5onjnl27ot6279f2s7g?imageView2/2/w/120/format/jpg,0,,68c9e649000000003000f7af,1763796276287,0
68e7207d0000000039032bc2,1759977597000,,68c90c5e000000001300f86d,我去,66c5934e000000001d030b3e,也白头,https://sns-avatar-qc.xhscdn.com/avatar/1040g2jo31gfvmhv6jc605pm5id77e2pujnoadrg?imageView2/2/w/120/format/jpg,0,,68c9e649000000003000f7af,1763796276295,1
68e79153000000003902e995,1760006483000,,68c90c5e000000001300f86d,@小肥薯,56c86d244775a727770309c4,困困困了,https://sns-avatar-qc.xhscdn.com/avatar/5e69fddb4d995d0001622aed.jpg?imageView2/2/w/120/format/jpg,0,,68ca7f30000000003002d226,1763796278506,0
68e877ec0000000037013fff,1760065517000,,68c90c5e000000001300f86d,@Isaac,5a58e4af4eacab0199f137e8,keaoss,https://sns-avatar-qc.xhscdn.com/avatar/1040g2jo31bfhbt4bgu004a0q6riaudv8gpj3ru0?imageView2/2/w/120/format/jpg,0,,68ca7f30000000003002d226,1763796278508,1
68e8c80a00000000370266d3,1760086027000,,68c90c5e000000001300f86d,我上次看到说因为大疆进入这个市场，然后整体费用变贵了，但是技术水平没有变高,5fe21e000000000001001a24,战斗兔子q,https://sns-avatar-qc.xhscdn.com/avatar/65fc68fa2b761cbe020612a4.jpg?imageView2/2/w/120/format/jpg,0,,68c9e649000000003000f7af,1763796278512,2
68e8e855000000003300f995,1760094294000,,68c90c5e000000001300f86d,想多了,5d64db2d000000000100a9b9,小红薯5D659A8F,https://sns-avatar-qc.xhscdn.com/avatar/ae351b5abc78ae2e8d79998354db8440.jpg?imageView2/2/w/120/format/jpg,0,,68c9e649000000003000f7af,1763796278519,0
68ea17d30000000038014e5a,1760171988000,,68c90c5e000000001300f86d,@Pooh.,59c9b8b451783a6fa70e9118,好舒芙,https://sns-avatar-qc.xhscdn.com/avatar/1040g2jo31l4qj6pu2o0049racasb948okga64m8?imageView2/2/w/120/format/jpg,0,,68ca7f30000000003002d226,1763796278524,0
68ea4020000000003800e6b6,1760182305000,,68c90c5e000000001300f86d,@美美公主,5ad5fbed11be105bf62aff4e,momo,https://sns-avatar-qc.xhscdn.com/avatar/1040g2jo31bk3hef20m004a4jneturvqem05rguo?imageView2/2/w/120/format/jpg,0,,68ca7f30000000003002d226,1763796280701,0
68eb5ed90000000039032267,1760255706000,,68c90c5e000000001300f86d,@N（）,57a6a2e250c4b4417f246ebb,moi,https://sns-avatar-qc.xhscdn.com/avatar/1040g2jo31fmbbb4g0c0048kacthe4rlrndbo52o?imageView2/2/w/120/format/jpg,0,,68c9e649000000003000f7af,1763796280707,1
68eb71cd000000003801110e,1760260558000,,68c90c5e000000001300f86d,@阿猫在努力,5c35c87d0000000006029bad,地里热霸,https://sns-avatar-qc.xhscdn.com/avatar/1040g2jo312gcre4o6m005n1lp1uhl6td2ua4mc0?imageView2/2/w/120/format/jpg,0,,68c9e649000000003000f7af,1763796280711,0
68eb867f000000003900ab35,1760265855000,,68c90c5e000000001300f86d,@尔乔,5a9151f64eacab517054728c,llalau,https://sns-avatar-qc.xhscdn.com/avatar/656854c0bc2d2834df6e8bb7.jpg?imageView2/2/w/120/format/jpg,0,,68ca7f30000000003002d226,1763796280721,0
68eb8ece000000003902df83,1760267983000,,68c90c5e000000001300f86d,合理 大疆做机器人你就放心,5ffd44b8000000000100a5e8,阿猫在努力,https://sns-avatar-qc.xhscdn.com/avatar/1040g2jo312gcq2je1k5g5nvt8is099f8ng1a3ao?imageView2/2/w/120/format/jpg,0,,68eb71cd000000003801110e,1763796280731,0
68eba6170000000037011227,1760273943000,,68c90c5e000000001300f86d,@W--kt174,5958a2cf6a6a693f59623d85,行简,https://sns-avatar-qc.xhscdn.com/avatar/64fd7848bab570011115868d.jpg?imageView2/2/w/120/format/jpg,0,,68ca7f30000000003002d226,1763796282968,0
68efa779000000003901d464,1760536442000,,68c90c5e000000001300f86d,打败同行的是跨界,5c0bc2490000000005016cfd,火锅永动机,https://sns-avatar-qc.xhscdn.com/avatar/1040g2jo31mjmaru7l0004buu1k14ir7t5ojt480?imageView2/2/w/120/format/jpg,0,,68c9e649000000003000f7af,1763796282972,0
68f10b4800000000380109cd,1760627528000,,68c90c5e000000001300f86d,降维打击，笑掉大牙,5a407a7b4eacab5a3539da7b,小红薯5D4362B3,https://sns-avatar-qc.xhscdn.com/avatar/0dd6f7e91ce0bea602fbc47515b7c72f.jpg?imageView2/2/w/120/format/jpg,0,,68c9e649000000003000f7af,1763796282983,1
68f4a24200000000390209c1,1760862786000,,68c90c5e000000001300f86d,@别的小朋友,5a770a25e8ac2b3abfd1fc51,你今天退休了吗,https://sns-avatar-qc.xhscdn.com/avatar/1040g2jo3158r53algq004a194q52bv2hs70vcs8?imageView2/2/w/120/format/jpg,0,,68c9e649000000003000f7af,1763796282995,0
68f79729000000003800c24f,1761056553000,,68c90c5e000000001300f86d,@天水壹间书屋自习室,593529315e87e734ec462464,好运满分狗蛋🥕,https://sns-avatar-qc.xhscdn.com/avatar/1040g2jo31mkdbuk3l86g49igtckj2934fnc1cu0?imageView2/2/w/120/format/jpg,0,,68c9e649000000003000f7af,1763796283006,0
68f8aaf4000000003800d6e9,1761127156000,,68c90c5e000000001300f86d,@小吴有好运👌 真的牛逼,5f93a096000000000101dc33,芋泥香酥鸭,https://sns-avatar-qc.xhscdn.com/avatar/1040g2jo31ljn03re5i005nsjk2b0bn1jg0tp1f0?imageView2/2/w/120/format/jpg,0,,68c9e649000000003000f7af,1763796285206,0
68fc6dee000000003802ea8e,1761373678000,贵州,68c90c5e000000001300f86d,@AizuiDa_,60421a20000000000101d320,^ ^,https://sns-avatar-qc.xhscdn.com/avatar/1040g2jo31lptg6u65i005o2238g0bkp0onbe5h0?imageView2/2/w/120/format/jpg,0,,68c9e649000000003000f7af,1763796285209,0
68fcda070000000039024c7f,1761401352000,江苏,68c90c5e000000001300f86d,@草莓好甜,5d34fd59000000001601686e,芒果炸麻瓜,https://sns-avatar-qc.xhscdn.com/avatar/6201f5089890a3cbb245433e.jpg?imageView2/2/w/120/format/jpg,0,,68ca7f30000000003002d226,1763796285220,0
68fd33740000000038009e1e,1761424244000,四川,68c90c5e000000001300f86d,@1108,5f2cf8d70000000001003e38,Monstersr.,https://sns-avatar-qc.xhscdn.com/avatar/63e07306cb14d4d74c07ee13.jpg?imageView2/2/w/120/format/jpg,0,,68c9e649000000003000f7af,1763796285224,0
68fd7b8100000000380295d0,1761442690000,福建,68c90c5e000000001300f86d,@John,5c669c11000000001002215c,momo,https://sns-avatar-qc.xhscdn.com/avatar/1040g2jo31mcopqd45i005n36jg8k48as0qvuhr8?imageView2/2/w/120/format/jpg,0,,68c9e649000000003000f7af,1763796285227,0
68fdff460000000038031627,1761476423000,甘肃,68c90c5e000000001300f86d,待观察,621b49b9000000001000d23b,天水壹间书屋自习室,https://sns-avatar-qc.xhscdn.com/avatar/639c5126be2d64a191aaf571.jpg?imageView2/2/w/120/format/jpg,0,,68f79729000000003800c24f,1763796287431,0
68fefc7c0000000033021c9d,1761541245000,河南,68c90c5e000000001300f86d,@De @Garfield 不知道好不好用,59a4277a50c4b47a49edd78b,谁想打工,https://sns-avatar-qc.xhscdn.com/avatar/61d3203ac8161e0ce2103438.jpg?imageView2/2/w/120/format/jpg,0,,68c9e649000000003000f7af,1763796287435,0
69002ddc00000000330267d8,1761619421000,云南,68c90c5e000000001300f86d,@炫酷的昵称,5c9a44d600000000100161de,Momo,https://sns-avatar-qc.xhscdn.com/avatar/1040g2jo31l59qrfjj4505n4q8jb42oeugnk1r20?imageView2/2/w/120/format/jpg,0,,68c9e649000000003000f7af,1763796287442,0
69004b600000000039032745,1761626976000,江苏,68c90c5e000000001300f86d,并不，我有两个扫地机行业的朋友（分别在扫地机前几的品牌）都是说大疆是纯纯为品牌付费，实际刚入场东西不咋地,5cb6d229000000001602e5c0,我上网就是为了说怪话,https://sns-avatar-qc.xhscdn.com/avatar/1040g2jo31hnuanmkja005n5mq8kllpe0dpo2ec8?imageView2/2/w/120/format/jpg,0,,68c9e649000000003000f7af,1763796287448,0
68e0bdf20000000039004b5d,1759559154000,,68c90c5e000000001300f86d,是啊,640db1690000000029012406,不能懒惰！,https://sns-avatar-qc.xhscdn.com/avatar/1000g2jo2m8guanijs0605p0dm5kqa906sipqjs8?imageView2/2/w/120/format/jpg,0,,68c9e649000000003000f7af,1763796287453,0
68eab1bd0000000033007b4c,1760211390000,,68c90c5e000000001300f86d,尊嘟？@异维a森胶囊,5b19c5cff7e8b9707712a911,發夢大賽冠軍,https://sns-avatar-qc.xhscdn.com/avatar/1040g2jo31npup5946m104a62212sva8hop0pgc0?imageView2/2/w/120/format/jpg,0,,68ca7f30000000003002d226,1763796289616,0
68d8801e000000001a02d45b,1759019038000,,68c90c5e000000001300f86d,有道理[偷笑R][捂脸R],5e42b52a0000000001002cbb,watt,https://sns-avatar-qc.xhscdn.com/avatar/5e42b556c1e2f000016f75e6.jpg?imageView2/2/w/120/format/jpg,0,,68d790d60000000001013935,1763796291620,396
68d9d47b00000000010343c8,1759106172000,,68c90c5e000000001300f86d,@sky出山小草 [扶墙R],5aa3c78f4eacab41caaac26a,HOLYF,https://sns-avatar-qc.xhscdn.com/avatar/1040g2jo31ga3n7ja260g4a38cg3ovgjat473aoo?imageView2/2/w/120/format/jpg,0,,68d790d60000000001013935,1763796291892,3
68db2b3b00000000390232a9,1759193915000,,68c90c5e000000001300f86d,@刘优秀小天使 [石化R][石化R],5a34cb50e8ac2b5d4a7baf36,🥥kokona,https://sns-avatar-qc.xhscdn.com/avatar/1040g2jo31g60i4271a6g4a0aln5l1bpm0r0fps0?imageView2/2/w/120/format/jpg,0,,68d790d60000000001013935,1763796291899,5
68db7b0d00000000380119df,1759214350000,,68c90c5e000000001300f86d,同样都是5k 买家会买dji还是其他 不通过涨价的方式品牌怎么能证明自己的产品比dji好,59eb0e16e8ac2b269d6b7300,213145,https://sns-avatar-qc.xhscdn.com/avatar/1040g2jo31p62bktdiu0049uoq571cso04fdbbto?imageView2/2/w/120/format/jpg,0,,68db74800000000039032a3b,1763796291907,257
68db7b3b000000003901f336,1759214395000,,68c90c5e000000001300f86d,哦哦原来是这样 谢谢,63219e49000000002303aee2,momo,https://sns-avatar-qc.xhscdn.com/avatar/1040g2jo31nvtgpc34s005op1jp4ovbn2kdagiig?imageView2/2/w/120/format/jpg,0,,68db7b0d00000000380119df,1763796291911,1
68dc799f000000003903002c,1759279519000,,68c90c5e000000001300f86d,@33,567d28f250c4b40a39017c45,啊吧啊吧,https://sns-avatar-qc.xhscdn.com/avatar/63d9ba006070be0bd3da0427.jpg?imageView2/2/w/120/format/jpg,0,,68d790d60000000001013935,1763796291916,3
68df3367000000003902600c,1759458153000,,68c90c5e000000001300f86d,那买别家就冤大头了，要是有技术突破和别的卖点涨价能理解。大疆对自己产品定位定价不是乱来的,631849c2000000002303e74b,momo椰蓉红豆包,https://sns-avatar-qc.xhscdn.com/avatar/1040g2jo31ng1jvn7ku6g5ooo9718vpqbilgjbpg?imageView2/2/w/120/format/jpg,0,http://sns-webpic-qc.xhscdn.com/202511221524/63f0e07d065993980e3c87dcb88ede69/comment/1040g2h031n5l8l1r506g5ooo9718vpqb2m0rj30!nd_whgt34_webp_wm_1,68d790d60000000001013935,1763796294074,40
68e47eb6000000003902f2c3,1759805111000,,68c90c5e000000001300f86d,@芜湖 @美河dkeer,601bf085000000000101fe65,顺哈哈🌳,https://sns-avatar-qc.xhscdn.com/avatar/1040g2jo31lpdm30kkq605o0ru22gbvj5vm8vk28?imageView2/2/w/120/format/jpg,0,,68d790d60000000001013935,1763796294076,0
68e5467b0000000039027906,1759856252000,,68c90c5e000000001300f86d,我服了[黄金薯R],633c81120000000018028456,小红薯633DF295,https://sns-avatar-qc.xhscdn.com/avatar/529594cd91bbf4c43608131bf9134bdc.jpg?imageView2/2/w/120/format/jpg,0,,68d790d60000000001013935,1763796294090,2
68eddffa0000000038009cd7,1760419835000,,68c90c5e000000001300f86d,[黄金薯R]@西子是懒羊羊 无语 我原本想买一个扫地机的,5b584a1ce8ac2b53db2b530d,Congeal,https://sns-avatar-qc.xhscdn.com/avatar/5b584ae0d1d3b901c8a1613d.jpg?imageView2/2/w/120/format/jpg,0,,68d790d60000000001013935,1763796294093,0
68f30cc0000000003901dc7b,1760758976000,,68c90c5e000000001300f86d,@Henry 嗯？,6061fd670000000001001848,瑾瑾瑾0108,https://sns-avatar-qc.xhscdn.com/avatar/61364075a5087f3024b9b21c.jpg?imageView2/2/w/120/format/jpg,0,,68d790d60000000001013935,1763796294108,0
68fe69a8000000003900b5ea,1761503657000,湖南,68c90c5e000000001300f86d,我也不懂他意思[捂脸R]，产品做得不好涨价也没用啊，那不然难道小米和苹果一个价不就行了,65fe79ab000000000b00dc49,万能的 momo,https://sns-avatar-qc.xhscdn.com/avatar/645b7e371fc3de4c930eff9d.jpg?imageView2/2/w/120/format/jpg,0,,68db74800000000039032a3b,1763796296459,0
68d7e8780000000019039e46,1758980217000,,68c90c5e000000001300f86d,哈哈哈哈[doge],635aa24c000000001802fbc9,RItalin,https://sns-avatar-qc.xhscdn.com/avatar/635aa24c000000001802fbc9.jpg?imageView2/2/w/120/format/jpg,0,,68d790d60000000001013935,1763796296465,14
68db74800000000039032a3b,1759212672000,,68c90c5e000000001300f86d,这句话什么意思 我咋没看懂[石化R]大疆5k和别家2k 3k的功能一样 ，大疆不就性价比很低吗？其他家更高档的4k5k产品不应该更好卖吗,63219e49000000002303aee2,momo,https://sns-avatar-qc.xhscdn.com/avatar/1040g2jo31nvtgpc34s005op1jp4ovbn2kdagiig?imageView2/2/w/120/format/jpg,0,,68d790d60000000001013935,1763796296471,117
68dc8f71000000003901c706,1759285105000,,68c90c5e000000001300f86d,@爱喝冰红茶的小熊,5b6cfb2057323d0001e25063,椒盐蘑菇好吃,https://sns-avatar-qc.xhscdn.com/avatar/1040g2jo31ed9mtdlgc6g4abs07ti0k33731a5bg?imageView2/2/w/120/format/jpg,0,,68d790d60000000001013935,1763796296473,1
68ff6df400000000330258fb,1761570293000,广东,68c90c5e000000001300f86d,4300左右,5c2b75bf0000000007017c9c,你别在这睡,https://sns-avatar-qc.xhscdn.com/avatar/1040g2jo31p536v632g0g5n1bemvhqv4se5vlte8?imageView2/2/w/120/format/jpg,0,,68d5ec01000000000a00fd6d,1763796298482,0
68e20f0e0000000037013bfe,1759645455000,,68c90c5e000000001300f86d,地空一体,5e42b52a0000000001002cbb,watt,https://sns-avatar-qc.xhscdn.com/avatar/5e42b556c1e2f000016f75e6.jpg?imageView2/2/w/120/format/jpg,0,,68e20b340000000033007251,1763796298485,59
68e561750000000039021009,1759863158000,,68c90c5e000000001300f86d,是 之后天花板也能洗[暗中观察R],5514b0a12e1d93495191cdec,👿,https://sns-avatar-qc.xhscdn.com/avatar/5e60b80bcabb000001b8b8f4.jpg?imageView2/2/w/120/format/jpg,0,,68e20b340000000033007251,1763796298689,38
68e630a70000000038029152,1759916199000,,68c90c5e000000001300f86d,哈哈哈哈哈,5a9a1060e8ac2b2694e2a291,kayannis石開,https://sns-avatar-qc.xhscdn.com/avatar/5e3a7a063d042900015636bd.jpg?imageView2/2/w/120/format/jpg,0,,68e561750000000039021009,1763796298693,3
68e720b10000000039007500,1759977649000,,68c90c5e000000001300f86d,笑死了哈哈哈,5e4936ec0000000001000798,小欣！,https://sns-avatar-qc.xhscdn.com/avatar/63af40a7d303fc7abe00400c.jpg?imageView2/2/w/120/format/jpg,0,,68e20b340000000033007251,1763796298702,0
68e751e00000000039001938,1759990240000,,68c90c5e000000001300f86d,地空一体，妈妈再也不用担心小黑飞了[偷笑R],62e2aa99000000001f0168ba,滴滴答,https://sns-avatar-qc.xhscdn.com/avatar/1040g2jo31n6dhgiu5m005on2lacnqq5qghv0vn8?imageView2/2/w/120/format/jpg,0,,68e20f0e0000000037013bfe,1763796298706,5
68f2ffa60000000033004e78,1760755623000,,68c90c5e000000001300f86d,@郑意面yeah（装修中） @小氧O2 @柚子,5c473715000000001200a9b5,能睡是福,https://sns-avatar-qc.xhscdn.com/avatar/1040g2jo31j51oou0io005n276sakhadlddjjmf0?imageView2/2/w/120/format/jpg,0,,68e561750000000039021009,1763796298723,0
68f307b50000000039027166,1760757685000,,68c90c5e000000001300f86d,笑死了，我就想知道地空一体针对蟑螂吗,5ce5ec97000000000501f079,柚子,https://sns-avatar-qc.xhscdn.com/avatar/1040g2jo31e8deg02g8205n75tibhbs3piieoe78?imageView2/2/w/120/format/jpg,0,,68f2ffa60000000033004e78,1763796300897,0
68e71d880000000033025eda,1759976840000,,68c90c5e000000001300f86d,太感谢了[抽泣R]还好刷到你了，光速去价保，退了接近600，感恩好心人！祝平安暴富！,5f8b1e2f000000000100ae5c,炸毛症晚期,https://sns-avatar-qc.xhscdn.com/avatar/640f11b7aab651ae65a39090.jpg?imageView2/2/w/120/format/jpg,0,,68e713a000000000380054da,1763796302911,146
68e720720000000038017d40,1759977586000,,68c90c5e000000001300f86d,嘿嘿，能帮上忙就好,6409b65f000000002a00ab3f,画-绘画-游戏,https://sns-avatar-qc.xhscdn.com/avatar/1040g2jo310ct6ebb6c005p09mpfqhapv0i5dfr0?imageView2/2/w/120/format/jpg,0,,68e71d880000000033025eda,1763796303163,7
68e72fb00000000033027cf6,1759981488000,,68c90c5e000000001300f86d,真的降了,5e42b52a0000000001002cbb,watt,https://sns-avatar-qc.xhscdn.com/avatar/5e42b556c1e2f000016f75e6.jpg?imageView2/2/w/120/format/jpg,0,,68e713a000000000380054da,1763796303181,5
68e7607f0000000037024faa,1759993984000,,68c90c5e000000001300f86d,[捂脸R]感动人心，去保价退了差价460，大家都去试试，没有保价接口就去找客服，应该30天内的都可以的,5e42b52a0000000001002cbb,watt,https://sns-avatar-qc.xhscdn.com/avatar/5e42b556c1e2f000016f75e6.jpg?imageView2/2/w/120/format/jpg,0,,68e713a000000000380054da,1763796303192,12
68e7aa980000000033025926,1760012953000,,68c90c5e000000001300f86d,啊啊啊我为啥要看到这条评论，超过30天怒失600块,5c653f7c0000000011014d21,momo,https://sns-avatar-qc.xhscdn.com/avatar/1040g2jo31dqnsn2rgm005n357tu4aj913hcout0?imageView2/2/w/120/format/jpg,0,,68e713a000000000380054da,1763796303199,1
68e86363000000003300df1c,1760060260000,,68c90c5e000000001300f86d,能退就退了再买吧，昨晚又降价了550，这个保不了价，活动不一样，解释权在官方呢[捂脸R],5e42b52a0000000001002cbb,watt,https://sns-avatar-qc.xhscdn.com/avatar/5e42b556c1e2f000016f75e6.jpg?imageView2/2/w/120/format/jpg,0,,68e7aa980000000033025926,1763796303215,3
68e8922e0000000033027924,1760072239000,,68c90c5e000000001300f86d,超过时间惹，买来快两个月了,5c653f7c0000000011014d21,momo,https://sns-avatar-qc.xhscdn.com/avatar/1040g2jo31dqnsn2rgm005n357tu4aj913hcout0?imageView2/2/w/120/format/jpg,0,,68e86363000000003300df1c,1763796305435,0
68faff670000000038032ec0,1761279848000,广东,68c90c5e000000001300f86d,up买了多少钱，让我有个参考,5e368dc40000000001002bc4,番茄面呀！,https://sns-avatar-qc.xhscdn.com/avatar/1040g2jo31j88ssf7io005nhmhn208au43th4vc0?imageView2/2/w/120/format/jpg,0,,68e72fb00000000033027cf6,1763796305438,0
68fb6b6c0000000037011704,1761307501000,广东,68c90c5e000000001300f86d,4299,5e42b52a0000000001002cbb,watt,https://sns-avatar-qc.xhscdn.com/avatar/5e42b556c1e2f000016f75e6.jpg?imageView2/2/w/120/format/jpg,0,,68faff670000000038032ec0,1763796305446,0
68d7e880000000001903f0e1,1758980224000,,68c90c5e000000001300f86d,[偷笑R],635aa24c000000001802fbc9,RItalin,https://sns-avatar-qc.xhscdn.com/avatar/635aa24c000000001802fbc9.jpg?imageView2/2/w/120/format/jpg,0,,68ca473e0000000030028375,1763796307454,1
68f489df0000000038011b77,1760856544000,,68c90c5e000000001300f86d,这个 可以设置的，可以设置避开或者设置直接打扫吸进去[笑哭R],5bd59fb010d5f4000142da17,麦奇咔嚓嚓,https://sns-avatar-qc.xhscdn.com/avatar/1040g2jo31na475o9l8004blb1qfr1mgn5ra0bl0?imageView2/2/w/120/format/jpg,0,,68ca473e0000000030028375,1763796307633,0
68f48a2b0000000039009c86,1760856620000,,68c90c5e000000001300f86d,已经用了一段起来了有问题随便问,5bd59fb010d5f4000142da17,麦奇咔嚓嚓,https://sns-avatar-qc.xhscdn.com/avatar/1040g2jo31na475o9l8004blb1qfr1mgn5ra0bl0?imageView2/2/w/120/format/jpg,0,,68ca473e0000000030028375,1763796307635,0
6900af5000000000380132b5,1761652560000,广东,68c90c5e000000001300f86d,吸进去不会对机器有损伤吗[石化R],5be721ad6270090001742617,派派派派瑞,https://sns-avatar-qc.xhscdn.com/avatar/1040g2jo30oopqvvc3i104bpmo2gqq9gn1tqkti8?imageView2/2/w/120/format/jpg,0,,68f489df0000000038011b77,1763796307644,0
69017e4e000000003803f782,1761705552000,广东,68c90c5e000000001300f86d,romo 后面是有个单独的尘盒的，吸进去应该没啥问题我觉得。我家都是设置的对于液体是清洁的模式的,5bd59fb010d5f4000142da17,麦奇咔嚓嚓,https://sns-avatar-qc.xhscdn.com/avatar/1040g2jo31na475o9l8004blb1qfr1mgn5ra0bl0?imageView2/2/w/120/format/jpg,0,http://sns-webpic-qc.xhscdn.com/202511221525/18385af091169294d7dddcee74d145f4/comment/1040g2h031o74t7mg6g6g4blb1qfr1mgnd60agn0!nd_whgt34_webp_wm_1,6900af5000000000380132b5,1763796307651,0
68da04f0000000001a030e52,1759118577000,,68c90c5e000000001300f86d,大数据太可怕了 这个算法逻辑到底是什么,5e42b52a0000000001002cbb,watt,https://sns-avatar-qc.xhscdn.com/avatar/5e42b556c1e2f000016f75e6.jpg?imageView2/2/w/120/format/jpg,0,,68d963e50000000002027aaa,1763796309661,21
68da07700000000001004adb,1759119217000,,68c90c5e000000001300f86d,是真的，在这之前，他压根就没有出现在我的小红书，我甚至都没有搜索他，猜测可能是语音监测了吧，路过的时候讨论了一下[呃R],60a24eff000000000100055f,一只扁扁,https://sns-avatar-qc.xhscdn.com/avatar/1040g2jo31ao6fg4k6q005o529rvg81avcccvv0o?imageView2/2/w/120/format/jpg,0,,68da04f0000000001a030e52,1763796309888,6
68da3eff0000000038024f55,1759133440000,,68c90c5e000000001300f86d,太恐怖了，我们刚才聊到了大疆无人机，然后打开小红书自动给我推送大疆洗地机,616ce7a400000000020192fd,linue,https://sns-avatar-qc.xhscdn.com/avatar/1040g2jo31g6a3t1d1k6g5obcsui0j4ntnaf5jl8?imageView2/2/w/120/format/jpg,0,,68da07700000000001004adb,1763796309890,0
68da91790000000039026d41,1759154555000,,68c90c5e000000001300f86d,对！我当时说了一句，大疆还出扫地机器人[笑哭R]跟朋友讨论来着，我还拍了一个照片，不过是用备用机拍的，不是这个手机,60a24eff000000000100055f,一只扁扁,https://sns-avatar-qc.xhscdn.com/avatar/1040g2jo31ao6fg4k6q005o529rvg81avcccvv0o?imageView2/2/w/120/format/jpg,0,http://sns-webpic-qc.xhscdn.com/202511221525/42eff11d0a77b9e2bf4948dff7951410/comment/1040g2h031n14g3o0ku605o529rvg81avos7vq38!nd_whgt34_webp_wm_1,68da7b31000000003801141f,1763796309900,3
68da93730000000033004708,1759155060000,,68c90c5e000000001300f86d,下一步就给你推大疆扫地机器人了,5e42b52a0000000001002cbb,watt,https://sns-avatar-qc.xhscdn.com/avatar/5e42b556c1e2f000016f75e6.jpg?imageView2/2/w/120/format/jpg,0,,68da3eff0000000038024f55,1763796309904,0
68da7b31000000003801141f,1759148849000,,68c90c5e000000001300f86d,是不是讨论到了,676ab4c4000000001801df79,特基诺,https://sns-avatar-qc.xhscdn.com/avatar/1040g2jo31masi64v685g5pramj263nrp373d7uo?imageView2/2/w/120/format/jpg,0,,68d963e50000000002027aaa,1763796309907,1
68da7c07000000003902213d,1759149064000,,68c90c5e000000001300f86d,肯定是声音检测到了,63d8cd1c00000000260120dd,米米蛀牙牙,https://sns-avatar-qc.xhscdn.com/avatar/1040g2jo31nubngpd6g0g5q6pttj8coa22iieqpo?imageView2/2/w/120/format/jpg,0,,68d963e50000000002027aaa,1763796312067,1
68e50d36000000003902f3f0,1759841590000,,68c90c5e000000001300f86d,这个好不好用我不知道，石头不好用我很清楚,5be151fd6bc7940001a8e084,派大熙,https://sns-avatar-qc.xhscdn.com/avatar/62c6a1cc76451dcb02da0255.jpg?imageView2/2/w/120/format/jpg,0,,68e4be61000000003901f0ee,1763796314072,126
68e513b900000000330232da,1759843258000,,68c90c5e000000001300f86d,没用过石头，但是对石头没有信心,5e42b52a0000000001002cbb,watt,https://sns-avatar-qc.xhscdn.com/avatar/5e42b556c1e2f000016f75e6.jpg?imageView2/2/w/120/format/jpg,0,,68e4be61000000003901f0ee,1763796314281,5
68e513e400000000370256ee,1759843301000,,68c90c5e000000001300f86d,[捂脸R][捂脸R][捂脸R]石头受害者+1,5e42b52a0000000001002cbb,watt,https://sns-avatar-qc.xhscdn.com/avatar/5e42b556c1e2f000016f75e6.jpg?imageView2/2/w/120/format/jpg,0,,68e50d36000000003902f3f0,1763796314284,1
68e5fa350000000039020ced,1759902262000,,68c90c5e000000001300f86d,可能是我要求不高？我感觉石头可以的，真的能解放双手,5b6e9dfce85cb900012d1de4,momo,https://sns-avatar-qc.xhscdn.com/avatar/1040g2jo3182n7tjmgs0g4acj65evo7f44hupjq8?imageView2/2/w/120/format/jpg,0,,68e4be61000000003901f0ee,1763796314290,13
68e9cbfe000000003300ed2c,1760152575000,,68c90c5e000000001300f86d,石头成牛马了[捂脸R][笑哭R],5e42b52a0000000001002cbb,watt,https://sns-avatar-qc.xhscdn.com/avatar/5e42b556c1e2f000016f75e6.jpg?imageView2/2/w/120/format/jpg,0,,68e9c1490000000037010b3d,1763796314291,0
68e9ee1700000000390044cd,1760161303000,,68c90c5e000000001300f86d,我用的石头我觉得还可以啊[笑哭R],55707732a75c9505f5881a1e,babyL,https://sns-avatar-qc.xhscdn.com/avatar/5b5db4b614de4152cbe1eaa9.jpg?imageView2/2/w/120/format/jpg,0,,68e4be61000000003901f0ee,1763796314295,0
68ea7f93000000003800b4f3,1760198548000,,68c90c5e000000001300f86d,我觉得石头好用,58d6545650c4b42061495550,SB领导在天堂,https://sns-avatar-qc.xhscdn.com/avatar/643758145f098f6d8cb86af5.jpg?imageView2/2/w/120/format/jpg,0,,68e4be61000000003901f0ee,1763796316565,1
68ec589700000000390202b6,1760319639000,,68c90c5e000000001300f86d,我买的石头，我感觉挺好用的呢,57e87142bd0da501475660f8,绿屋安妮,https://sns-avatar-qc.xhscdn.com/avatar/1040g2jo31ngabclqkq6g48nedrok4o7o1kdha28?imageView2/2/w/120/format/jpg,0,,68e4be61000000003901f0ee,1763796316567,0
68ec647b0000000037012488,1760322683000,,68c90c5e000000001300f86d,扫的挺干净，就是爱坏，今天这有点小问题明天那里有点小问题[捂脸R],57276e115e87e74f5b806251,Edith,https://sns-avatar-qc.xhscdn.com/avatar/66fa904f592ba12b7a0e7baf.jpg?imageView2/2/w/120/format/jpg,0,,68e4be61000000003901f0ee,1763796316570,0
68ef854f00000000370133f8,1760527695000,,68c90c5e000000001300f86d,我觉得石头很好用,58690f356a6a69627db35293,Yoyo酱,https://sns-avatar-qc.xhscdn.com/avatar/1040g2jo30ue5m18j5i00490lc87jakkj4m913f0?imageView2/2/w/120/format/jpg,0,,68e4be61000000003901f0ee,1763796316577,0
68f45936000000003901fbdd,1760844087000,,68c90c5e000000001300f86d,我家两个月反了三次场[笑哭R]，回来第二周又坏了，我放弃了,5be151fd6bc7940001a8e084,派大熙,https://sns-avatar-qc.xhscdn.com/avatar/62c6a1cc76451dcb02da0255.jpg?imageView2/2/w/120/format/jpg,0,,68f08e430000000039023972,1763796316587,0
68f47b6e00000000370131cd,1760852847000,,68c90c5e000000001300f86d,石头真的小问题一直有[笑哭R]没我以前买的追觅好用,5eb67c80000000000100258c,好牙牛角包,https://sns-avatar-qc.xhscdn.com/avatar/1040g2jo31nqent1c6g005nlmfi0089cca75mtco?imageView2/2/w/120/format/jpg,0,,68ec647b0000000037012488,1763796318751,0
68f47cf0000000003300d6d1,1760853232000,,68c90c5e000000001300f86d,赞同，但是打扫的确实很干净所以纠结是再买个石头还是大疆[捂脸R],57276e115e87e74f5b806251,Edith,https://sns-avatar-qc.xhscdn.com/avatar/66fa904f592ba12b7a0e7baf.jpg?imageView2/2/w/120/format/jpg,0,,68f47b6e00000000370131cd,1763796318754,1
68f47e640000000037026ca3,1760853605000,,68c90c5e000000001300f86d,等尝鲜的人先用了我再买,5eb67c80000000000100258c,好牙牛角包,https://sns-avatar-qc.xhscdn.com/avatar/1040g2jo31nqent1c6g005nlmfi0089cca75mtco?imageView2/2/w/120/format/jpg,0,http://sns-webpic-qc.xhscdn.com/202511221525/e30a690620074cbb50b95d393beeb85e/comment/1040g2h031nqe2pf26m105nlmfi0089cc630lkd0!nd_whlt34_webp_wm_1,68f47cf0000000003300d6d1,1763796318758,0
68f4c991000000003902e666,1760872850000,,68c90c5e000000001300f86d,好用啊 我家三个一层一个,5ac4008ae8ac2b13dc79ffc3,scar,https://sns-avatar-qc.xhscdn.com/avatar/1040g2jo31kc56hp6ia004a490t08lvu31kc64qg?imageView2/2/w/120/format/jpg,0,,68e513b900000000330232da,1763796318768,0
68f694fd0000000039031bfc,1760990461000,,68c90c5e000000001300f86d,石头真还可以[笑哭R]就是天天让你清滤网槽，擦传感器有点烦[笑哭R],68a1fcdd000000001900f04b,咩咩de小食堂,https://sns-avatar-qc.xhscdn.com/avatar/1040g2jo31ncfe7pgks0g5pdq7lp3bt1cvis9j90?imageView2/2/w/120/format/jpg,0,,68e4be61000000003901f0ee,1763796318778,0
68f757e80000000039025b8c,1761040361000,,68c90c5e000000001300f86d,@我是海hhh,58ff08075e87e712a193c176,Cool,https://sns-avatar-qc.xhscdn.com/avatar/627bead051cf24ff7928100a.jpg?imageView2/2/w/120/format/jpg,0,,68e50d36000000003902f3f0,1763796320969,0
68f8d0e1000000003802ada7,1761136865000,,68c90c5e000000001300f86d,不是没用过吗咋成受害者了[笑哭R],5bd9198f799f6e00011fe7ea,QQ,https://sns-avatar-qc.xhscdn.com/avatar/1040g2jo31ljjai40le004bmf1fcovpva4icbdig?imageView2/2/w/120/format/jpg,0,,68e513e400000000370256ee,1763796320973,0
68fc92ad00000000330214c3,1761383086000,江苏,68c90c5e000000001300f86d,买过三个 我家我爸妈家公婆家 都挺好用的没出过啥问题 不懂网上怎么这么多问题[笑哭R],5abd15634eacab3b2cd686de,momo,https://sns-avatar-qc.xhscdn.com/avatar/63fc2b4db85e7a291064094f.jpg?imageView2/2/w/120/format/jpg,0,,68e4be61000000003901f0ee,1763796320981,0
6913c7440000000039026996,1762903877000,山东,68c90c5e000000001300f86d,这个好用，我买了！,5be151fd6bc7940001a8e084,派大熙,https://sns-avatar-qc.xhscdn.com/avatar/62c6a1cc76451dcb02da0255.jpg?imageView2/2/w/120/format/jpg,0,,68e4be61000000003901f0ee,1763796320997,0
68e9c1490000000037010b3d,1760149834000,,68c90c5e000000001300f86d,我觉得石头挺好用，在我家每天两扫一拖，但是新家也要买一个,60bc4028000000000101f0d1,三小只🥕,https://sns-avatar-qc.xhscdn.com/avatar/1040g2jo31mjhs9pomm005o5s80k0bs6haaj3pp0?imageView2/2/w/120/format/jpg,0,,68e5fa350000000039020ced,1763796321027,5
68f08e430000000039023972,1760595524000,,68c90c5e000000001300f86d,啊？我家石头是我最得力的清洁助手[汗颜R],5b129606e8ac2b4e35c7082f,渴了喝水果呀,https://sns-avatar-qc.xhscdn.com/avatar/5b1296eeb46c5d2d6187cd70.jpg?imageView2/2/w/120/format/jpg,0,,68e50d36000000003902f3f0,1763796323284,0
68d745f9000000001a02c127,1758938617000,,68c90c5e000000001300f86d,普通版藏柜子里也挺好,5e42b52a0000000001002cbb,watt,https://sns-avatar-qc.xhscdn.com/avatar/5e42b556c1e2f000016f75e6.jpg?imageView2/2/w/120/format/jpg,0,,68d6624b000000000800c163,1763796325289,5
68dd0ce900000000390235c1,1759317226000,,68c90c5e000000001300f86d,哈哈哈，普通版像个头盔,64cf8358000000000b00473f,桐庐本地人Jeff,https://sns-avatar-qc.xhscdn.com/avatar/1040g2jo31545uvh50m6g5p6fgdc2ohpv16er64g?imageView2/2/w/120/format/jpg,0,,68dcfbea00000000380081a7,1763796325530,1
68da7a38000000003800501d,1759148600000,,68c90c5e000000001300f86d,功能一样的，都好,6373717d0000000024014c92,睡个懒觉,https://sns-avatar-qc.xhscdn.com/avatar/1040g2jo31okkrso80g605orje5up2j4ih7gsn00?imageView2/2/w/120/format/jpg,0,,68d6624b000000000800c163,1763796325532,1
68dcfbea00000000380081a7,1759312874000,,68c90c5e000000001300f86d,哈哈我就是冲着颜值入的,630c7b34000000000f006a9b,stars,https://sns-avatar-qc.xhscdn.com/avatar/1040g2jo31npiqjga5m5g5oocfcq3oqkr5auhc30?imageView2/2/w/120/format/jpg,0,,68d6624b000000000800c163,1763796325539,2
68dd0ccf00000000390274c9,1759317199000,,68c90c5e000000001300f86d,用的挺顺手,64cf8358000000000b00473f,桐庐本地人Jeff,https://sns-avatar-qc.xhscdn.com/avatar/1040g2jo31545uvh50m6g5p6fgdc2ohpv16er64g?imageView2/2/w/120/format/jpg,0,,68da7a38000000003800501d,1763796325542,1
68e330b2000000003902dd32,1759719603000,,6896b942000000002500c009,还以为会飞，结果失望,5acf00f4e8ac2b3e323adff6,隆柏特,https://sns-avatar-qc.xhscdn.com/avatar/1040g2jo30ufafnch5c004a4fod0f9nvmoh32cv8?imageView2/2/w/120/format/jpg,18,,0,1763796329789,445
68cabf3b0000000002003544,1758117691000,,6896b942000000002500c009,早看到我就不买追觅了[流汗R],58ac0afb6a6a696a89d6b221,酉时雨,https://sns-avatar-qc.xhscdn.com/avatar/1040g2jo31kthj016345g496dao5fnch1d9ignag?imageView2/2/w/120/format/jpg,40,,0,1763796329795,33
68caa0050000000030024ff9,1758109702000,,6896b942000000002500c009,多年来买大疆的经验就是大疆的产品从第三代买就对了[棒R],5f2d6ffa000000000101f777,ArakiChiro,https://sns-avatar-qc.xhscdn.com/avatar/642468dd68c57054fc841518.jpg?imageView2/2/w/120/format/jpg,10,,0,1763796329801,79
68dca8c3000000003901d777,1759291588000,,6896b942000000002500c009,你说的这些感觉不都是扫拖机器人的基础功能吗[笑哭R],5c9cec73000000001602bd21,九九,https://sns-avatar-qc.xhscdn.com/avatar/5fe5c089ceffd4aa2af02a47.jpg?imageView2/2/w/120/format/jpg,4,,0,1763796329811,31
68ddfd500000000033024811,1759378769000,,6896b942000000002500c009,嚯，这个透明的看着好有科技感,61fd61cd00000000210276d3,江小乙,https://sns-avatar-qc.xhscdn.com/avatar/1040g2jo31kmevgr92u605oftc76octmjl6l2qno?imageView2/2/w/120/format/jpg,2,,0,1763796329821,72
68dcaef6000000003300d76b,1759293174000,,6896b942000000002500c009,up主这款多少钱啊？,5af3b63d11be1003e2286410,386sx,https://sns-avatar-qc.xhscdn.com/avatar/5af3b63d11be1003e2286410.jpg?imageView2/2/w/120/format/jpg,3,,0,1763796329830,11
68ea08a70000000033004e24,1760168105000,,6896b942000000002500c009,透明的真没让我失望啊,62b29aa8000000001902a5ff,kkkkkkarry,https://sns-avatar-qc.xhscdn.com/avatar/1040g2jo30pdk8s3d3o6g5olijak6d9fvqh2buso?imageView2/2/w/120/format/jpg,1,http://sns-webpic-qc.xhscdn.com/202511221525/ce7b4ff03c252da132fb2e9396858a98/comment/1040g2h031ng7pkrn58605olijak6d9fvksvecp0!nd_whgt34_webp_wm_1,0,1763796329836,32
68da0383000000000800c5be,1759118212000,,6896b942000000002500c009,这也不贵啊 看别人说贵我以为奔两万去了。。我前年买的石头p10上下水都4500了，我都不想说它,5921aa1d50c4b428dc9dd985,AA收猫毛-出猫绒服赵姐,https://sns-avatar-qc.xhscdn.com/avatar/1040g2jo31j44hv3t2c6049h05el1rmc5l8i9pdo?imageView2/2/w/120/format/jpg,5,,0,1763796329843,22
68fe657c0000000033027ed6,1761502589000,湖北,6896b942000000002500c009,透明的造型太他妈的好看了！,5c17353a00000000070036fa,无垠,https://sns-avatar-qc.xhscdn.com/avatar/61ce7fa62af9f1d0e60325b9.jpg?imageView2/2/w/120/format/jpg,4,,0,1763796329848,11
68eeefb700000000390204d9,1760489400000,,6896b942000000002500c009,诶所以“上下水”这个功能的意思就是拖布不用自己拿出来清洗的意思吗[飞吻R]有没有宝宝老师能教我一下我准备拿国奖奖学金给家里买一台捏[哭惹R],6395699b0000000026013e68,凉菜不凉,https://sns-avatar-qc.xhscdn.com/avatar/1040g2jo311buckeo6e6g5osld6dpifj8jrk0kto?imageView2/2/w/120/format/jpg,5,,0,1763796329859,8
68ef62db00000000390214e2,1760518876000,,6896b942000000002500c009,会飞呀[doge],67c9b761000000000d00a94d,喆喆国王爱桂花,https://sns-avatar-qc.xhscdn.com/avatar/1040g2jo31fbuasjon6505pu9mtgj9aadakcv9vg?imageView2/2/w/120/format/jpg,0,http://sns-webpic-qc.xhscdn.com/202511221525/e6f032accf81c959d9118bf19540226c/comment/1040g2h031nleekn7kq105pu9mtgj9aadi4uklr0!nd_whlt34_webp_wm_1,68e330b2000000003902dd32,1763796331871,117
68e332e5000000003800a045,1759720166000,,6896b942000000002500c009,哈哈哈哈哈,5c8ebd590000000011028f75,momo,https://sns-avatar-qc.xhscdn.com/avatar/1040g2jo31nd0660e6m005n4enlckd3rlsv41sco?imageView2/2/w/120/format/jpg,0,,68e330b2000000003902dd32,1763796332120,19
68e4f8660000000038016ee4,1759836262000,,6896b942000000002500c009,哈哈哈哈哈哈哈[大笑R],5d9ae50600000000010030f4,kichiin,https://sns-avatar-qc.xhscdn.com/avatar/5eae3d085947f8000184a18a.jpg?imageView2/2/w/120/format/jpg,0,,68e330b2000000003902dd32,1763796332122,1
68e510da0000000038013cdb,1759842523000,,6896b942000000002500c009,笑死我了,60fa3cd5000000000101e32f,淳朴小农民,https://sns-avatar-qc.xhscdn.com/avatar/1040g2jo31iqtuhu8he005o7q7jagbopf3bql0io?imageView2/2/w/120/format/jpg,0,,68e330b2000000003902dd32,1763796332130,3
68e5c69000000000330202ff,1759889040000,,6896b942000000002500c009,@萌哒哒,562ce42803eb846d48da16d9,王金水,https://sns-avatar-qc.xhscdn.com/avatar/1040g2jo31co6ithg0m0041qst1i2g5mptvuo37o?imageView2/2/w/120/format/jpg,0,,68e330b2000000003902dd32,1763796332135,1
68e5ef1f000000003902985c,1759899424000,,6896b942000000002500c009,@三七,635c11ee0000000018020644,"""小鱼",https://sns-avatar-qc.xhscdn.com/avatar/1040g2jo31olcqvc24u6g5oqs27n641i489r7b18?imageView2/2/w/120/format/jpg,0,,68e330b2000000003902dd32,1763796332152,1
68e882240000000039028c37,1760068133000,,6896b942000000002500c009,大疆：那是另外的价钱,5b43574a6b58b71e396a83d9,童乐惠3D打印屋,https://sns-avatar-qc.xhscdn.com/avatar/1040g2jo318cbp93g0mdg4a7099bkl0up8ofj23g?imageView2/2/w/120/format/jpg,0,,68e330b2000000003902dd32,1763796334378,13
68e8e5500000000037027897,1760093521000,,6896b942000000002500c009,@Qqqqqqqqqxw,56f72bc61c07df276474f319,当然好吃（许嵩见过3次版）,https://sns-avatar-qc.xhscdn.com/avatar/1040g2jo313gm2jtfg60047e611lsdsopcgdnll8?imageView2/2/w/120/format/jpg,0,,68e330b2000000003902dd32,1763796334380,0
68e9ca08000000003902fe28,1760152073000,,6896b942000000002500c009,会飞的话真的太像蟑螂了[呃R],5e60ccee0000000001001974,阿宝冲就完事儿,https://sns-avatar-qc.xhscdn.com/avatar/1040g2jo310j8r790mo605nj0pjn086bk4d2a3a8?imageView2/2/w/120/format/jpg,0,,68e330b2000000003902dd32,1763796334386,1
68ea4274000000003900042e,1760182901000,,6896b942000000002500c009,扫地机嗡的一声飞走了.jpg,623efb550000000021028882,某都民,https://sns-avatar-qc.xhscdn.com/avatar/1040g2jo31otldst71a005ohuvdaod2420m57ruo?imageView2/2/w/120/format/jpg,0,,68e330b2000000003902dd32,1763796334392,4
68eaef93000000003902c31c,1760227219000,,6896b942000000002500c009,变身鸡毛掸子,5be1aa1b111fde0001cacab7,momo,https://sns-avatar-qc.xhscdn.com/avatar/1040g2jo30os012iija004bofg4l1nilnfvregt0?imageView2/2/w/120/format/jpg,0,,68e330b2000000003902dd32,1763796334398,1
68eb631d0000000033006055,1760256798000,,6896b942000000002500c009,@L少波,5f6ee864000000000101ec9f,小董台球器材（璟点）,https://sns-avatar-qc.xhscdn.com/avatar/1040g2jo31p008086io005nret1i0br4vhbmd8jg?imageView2/2/w/120/format/jpg,0,,68e330b2000000003902dd32,1763796336611,0
68eb7d7f000000003802ae0f,1760263552000,,6896b942000000002500c009,我在期待能扫楼梯的扫地机，如果能飞那真的是太棒了,5ecf61950000000001007e23,筱得,https://sns-avatar-qc.xhscdn.com/avatar/1000g2jo2n0etp2kjg0505nmfc6ag8vh3rt1i11g?imageView2/2/w/120/format/jpg,0,,68e330b2000000003902dd32,1763796336614,0
68eb96a9000000003902e83e,1760269994000,,6896b942000000002500c009,打扫天花板是吗 哈哈哈哈哈哈,555aaeb6a75c9532df756597,头痛可达鸭,https://sns-avatar-qc.xhscdn.com/avatar/1040g2jo31dlrd1fugc0040kthonbcpcn7h365ho?imageView2/2/w/120/format/jpg,0,,68e330b2000000003902dd32,1763796336617,0
68f22f05000000003902ff42,1760702214000,,6896b942000000002500c009,@025,66560c5d0000000007005f29,线索不放过就像超级侦探,https://sns-avatar-qc.xhscdn.com/avatar/6666d05ac80d8d04110fa43e.jpg?imageView2/2/w/120/format/jpg,0,http://sns-webpic-qc.xhscdn.com/202511221525/250d179731095ffd79b77f4224dc1f5e/comment/1040g2h031no6fgnd4u005pim1hehonp9d2ud1p8!nd_whgt34_webp_wm_1,68e330b2000000003902dd32,1763796336629,2
68f97a04000000003902007b,1761180165000,,6896b942000000002500c009,6,65e625310000000005009b75,咕噜咕噜,https://sns-avatar-qc.xhscdn.com/avatar/645b7e78731e07eb8ca3d81b.jpg?imageView2/2/w/120/format/jpg,0,,68e330b2000000003902dd32,1763796336634,1
68fc40c80000000037025adf,1761362120000,浙江,6896b942000000002500c009,@霜,5e17d5100000000001000f0b,🦁,https://sns-avatar-qc.xhscdn.com/avatar/1040g2jo31lu7h3an58005ngnqk8083ob3qh5oa0?imageView2/2/w/120/format/jpg,0,,68e330b2000000003902dd32,1763796338820,0
68ff586b000000003803f035,1761564779000,中国香港,6896b942000000002500c009,香港可以用吗,5620d09633f60c18ccbb1cf8,roxy🤓,https://sns-avatar-qc.xhscdn.com/avatar/411309441983cdc4ce073ff8da73b5b6.jpg?imageView2/2/w/120/format/jpg,0,,68e330b2000000003902dd32,1763796338823,0
68d1eafe0000000001001307,1758587646000,,6896b942000000002500c009,追觅咋样，好用不，容不容易坏，我看云鲸好多说坏的[笑哭R],58e39d2f5e87e752b3e7d7cb,抱李,https://sns-avatar-qc.xhscdn.com/avatar/58e39d2f5e87e752b3e7d7cb.jpg?imageView2/2/w/120/format/jpg,0,,68cabf3b0000000002003544,1763796340836,19
68d20736000000000b029f46,1758594871000,,6896b942000000002500c009,感觉蠢蠢的[流汗R]耗电很快，我才用了没多久没法给出建议,58ac0afb6a6a696a89d6b221,酉时雨,https://sns-avatar-qc.xhscdn.com/avatar/1040g2jo31kthj016345g496dao5fnch1d9ignag?imageView2/2/w/120/format/jpg,0,http://sns-webpic-qc.xhscdn.com/202511221525/cef5827220ae009811aab70082303834/comment/1040g2h031mopk0msmm6g496dao5fnch1utmo978!nd_whgt34_webp_wm_1,68d1eafe0000000001001307,1763796341012,10
68d4948e0000000030033d9e,1758762126000,,6896b942000000002500c009,昨天我问追觅销售耗电大不大，他说是锂电[失望R]哈哈哈哈哈,648e6a95000000001f0078f3,此人绝非扇类,https://sns-avatar-qc.xhscdn.com/avatar/1040g2jo31l76a8ngle705p4edaanou7juins0lo?imageView2/2/w/120/format/jpg,0,,68d20736000000000b029f46,1763796341015,4
68d6c053000000000100630c,1758904404000,,6896b942000000002500c009,买了三个月的追觅坏了，退了[捂脸R],5a7968634eacab48a05a6398,不列颠大橘,https://sns-avatar-qc.xhscdn.com/avatar/63a354abbee810bffd8aa83f.jpg?imageView2/2/w/120/format/jpg,0,,68d1eafe0000000001001307,1763796341020,0
68d6e01b000000001903c2bd,1758912540000,,6896b942000000002500c009,我靠我的追觅贼好用啊[石化R],57c97ba950c4b45a38845fe2,卡不卡,https://sns-avatar-qc.xhscdn.com/avatar/60f8dbbaef7cb6c12fca9425.jpg?imageView2/2/w/120/format/jpg,0,,68cabf3b0000000002003544,1763796341025,4
68d6e023000000001903a719,1758912547000,,6896b942000000002500c009,超级好用,57c97ba950c4b45a38845fe2,卡不卡,https://sns-avatar-qc.xhscdn.com/avatar/60f8dbbaef7cb6c12fca9425.jpg?imageView2/2/w/120/format/jpg,0,,68d1eafe0000000001001307,1763796341033,4
68d7da89000000000801e5eb,1758976649000,,6896b942000000002500c009,不好用，老是坏,5f155cc100000000010030b9,洗喵,https://sns-avatar-qc.xhscdn.com/avatar/1040g2jo31dk35qfp126g5nolbj0g8c5pfkcaq28?imageView2/2/w/120/format/jpg,0,,68d1eafe0000000001001307,1763796343243,2
68d7dcf50000000001034cfc,1758977269000,,6896b942000000002500c009,莫名其妙自己说卡住了，其实一条大路只是它右边有个塑料（并没有缠绕）,5a430b83e8ac2b6cd36b41b9,momo（女巫脏增肌版）,https://sns-avatar-qc.xhscdn.com/avatar/1040g2jo31ld5hig250004a0gnd5o6gdp2210uh0?imageView2/2/w/120/format/jpg,0,,68d1eafe0000000001001307,1763796343248,0
68d7ff43000000000b016978,1758986052000,,6896b942000000002500c009,还行吧 就是特别刮地板,65afb0f400000000140044b6,momo,https://sns-avatar-qc.xhscdn.com/avatar/6667242e80aaa0cc191445eb.jpg?imageView2/2/w/120/format/jpg,0,,68d1eafe0000000001001307,1763796343254,0
68d88e4d000000000a00ee10,1759022669000,,6896b942000000002500c009,别买云鲸,5afced39e8ac2b565eb6ffa6,保尔柯察鑫,https://sns-avatar-qc.xhscdn.com/avatar/6538948094f75e52fe73a361.jpg?imageView2/2/w/120/format/jpg,0,,68d1eafe0000000001001307,1763796343261,0
68d88e5f000000000b01eae3,1759022687000,,6896b942000000002500c009,别买云鲸 太难用了,5afced39e8ac2b565eb6ffa6,保尔柯察鑫,https://sns-avatar-qc.xhscdn.com/avatar/6538948094f75e52fe73a361.jpg?imageView2/2/w/120/format/jpg,0,,68d1eafe0000000001001307,1763796343271,0
68da43d60000000038026dfc,1759134679000,,6896b942000000002500c009,云鲸避雷了,5b2a0c91e8ac2b723cd533fc,小么么,https://sns-avatar-qc.xhscdn.com/avatar/1040g2jo31ktni7p134004a6e36692cvs77ut40o?imageView2/2/w/120/format/jpg,0,,68d1eafe0000000001001307,1763796345516,0
68da4c0b00000000380060b8,1759136779000,,6896b942000000002500c009,你的可能是质量问题，我买的追觅很拉垮，定位不准清洁路线乱七八糟，后来换了一台就很好了,5fb0ae0800000000010086ea,虫鸣,https://sns-avatar-qc.xhscdn.com/avatar/1040g2jo31esqr7r7mo005ntglo4091nal5240pg?imageView2/2/w/120/format/jpg,0,,68cabf3b0000000002003544,1763796345518,0
68da6d0c000000003803d577,1759145229000,,6896b942000000002500c009,我反映问题客服只会说亲亲正常的[流汗R],58ac0afb6a6a696a89d6b221,酉时雨,https://sns-avatar-qc.xhscdn.com/avatar/1040g2jo31kthj016345g496dao5fnch1d9ignag?imageView2/2/w/120/format/jpg,0,,68da4c0b00000000380060b8,1763796345524,0
68daac5c0000000037026210,1759161437000,,6896b942000000002500c009,我2023年买的，主页还有那时候的测评，家里有猫每天扫地，隔一天拖一次，家里一百平，用了两年了没啥问题，就是现在机器上有一些蹭猫玩具的一些磨痕,5add2d1a11be102dd443713b,猪比和坤坤的猫生,https://sns-avatar-qc.xhscdn.com/avatar/6497e42e683e5665b085cd07.jpg?imageView2/2/w/120/format/jpg,0,,68d1eafe0000000001001307,1763796345530,1
68ddc29b000000003300541e,1759363740000,,6896b942000000002500c009,难用,5da71e030000000001002ec6,momo,https://sns-avatar-qc.xhscdn.com/avatar/1040g2jo30oia95kqiu005nd73o1g8bm6qbe4h7o?imageView2/2/w/120/format/jpg,0,,68d1eafe0000000001001307,1763796345533,0
68de1a970000000039001676,1759386263000,,6896b942000000002500c009,石头的耗电也很快，不知道现在新版更新了没有,590e020350c4b47a6bf8c4f6,林夕,https://sns-avatar-qc.xhscdn.com/avatar/1040g2jo31ods7asqmg0049fhad107h7mtkgf428?imageView2/2/w/120/format/jpg,0,,68d20736000000000b029f46,1763796347797,0
68e003a80000000039033b63,1759511465000,,6896b942000000002500c009,追觅容易坏。。。坏了2次了都，糟糕的体验,5aed1440e8ac2b154dc9b8c1,酱紫,https://sns-avatar-qc.xhscdn.com/avatar/1040g2jo30n15krik5c6g4a52hra41e61i4gaon8?imageView2/2/w/120/format/jpg,0,,68cabf3b0000000002003544,1763796347802,1
68e31fe3000000003800a9ca,1759715299000,,6896b942000000002500c009,追觅难用死了，总出问题，每次找客服他们就让寄回去修，用了不到五十次，都寄回去修了两次了,5c49dea7000000001000d480,兜兜,https://sns-avatar-qc.xhscdn.com/avatar/1040g2jo31gtfn9663o005n29rqjk1l40b2jn248?imageView2/2/w/120/format/jpg,0,,68d1eafe0000000001001307,1763796347808,0
68e8fde10000000038007a75,1760099810000,,6896b942000000002500c009,我现在都出门远程开启了，吵不到我随便吧[捂脸R]基本能满足需求了,58ac0afb6a6a696a89d6b221,酉时雨,https://sns-avatar-qc.xhscdn.com/avatar/1040g2jo31kthj016345g496dao5fnch1d9ignag?imageView2/2/w/120/format/jpg,0,,68e8fa52000000003900b5b7,1763796347816,0
68e9d2b8000000003802545d,1760154296000,,6896b942000000002500c009,买大疆了，下周送货[笑哭R][笑哭R],58e39d2f5e87e752b3e7d7cb,抱李,https://sns-avatar-qc.xhscdn.com/avatar/58e39d2f5e87e752b3e7d7cb.jpg?imageView2/2/w/120/format/jpg,0,,68e9cdc200000000390219b4,1763796347818,0
68ea14660000000039020b94,1760171111000,,6896b942000000002500c009,可以的 目前颜值最顶的,5b8b942f3c9ab00001724d56,木木召力王韦口各,https://sns-avatar-qc.xhscdn.com/avatar/1040g2jo31np7b5hr4u004aoh2va2ujam3vr369g?imageView2/2/w/120/format/jpg,0,,68e9d2b8000000003802545d,1763796350043,0
68eb900000000000390240d1,1760268289000,,6896b942000000002500c009,避雷，我的已经修了三四回了[微笑R],60d0b48e00000000010006b8,霜玥,https://sns-avatar-qc.xhscdn.com/avatar/60d0b48e00000000010006b8.jpg?imageView2/2/w/120/format/jpg,0,,68d1eafe0000000001001307,1763796350046,0
68ec639b0000000037025109,1760322459000,,6896b942000000002500c009,不好用，各种小bug，售后极差,62f0e600000000001f01409e,福宝大公主,https://sns-avatar-qc.xhscdn.com/avatar/1040g2jo31kkujore2o005ongso07qg4unidj48g?imageView2/2/w/120/format/jpg,0,,68d1eafe0000000001001307,1763796350053,0
68ef40fe000000003902317f,1760510206000,,6896b942000000002500c009,我家150  一次电量没问题,5950c5445e87e771bbd3e4a9,Caroline🐰,https://sns-avatar-qc.xhscdn.com/avatar/1040g2jo31fm4id4mgc6g49ksfi2k9p59iafpn90?imageView2/2/w/120/format/jpg,0,,68d1eafe0000000001001307,1763796350064,0
68f18a31000000003302204f,1760660018000,,6896b942000000002500c009,贵吗[哭惹R],5c8113cb0000000016017eaf,桦,https://sns-avatar-qc.xhscdn.com/avatar/1040g2jo31fkp2k7m7q6g5n412f5livlfptfh9n0?imageView2/2/w/120/format/jpg,0,,68d20736000000000b029f46,1763796350070,0
68f210030000000039003bba,1760694276000,,6896b942000000002500c009,追觅这公司都放飞自我了[笑哭R]你们还敢买呢,614c56b1000000000201e9cf,Lucien,https://sns-avatar-qc.xhscdn.com/avatar/6392d475e7f246f441be113b.jpg?imageView2/2/w/120/format/jpg,0,,68cabf3b0000000002003544,1763796352293,0
68f21ca6000000003900b5d3,1760697511000,,6896b942000000002500c009,有没有可能我是他放飞前买的[抽泣R],58ac0afb6a6a696a89d6b221,酉时雨,https://sns-avatar-qc.xhscdn.com/avatar/1040g2jo31kthj016345g496dao5fnch1d9ignag?imageView2/2/w/120/format/jpg,0,,68f210030000000039003bba,1763796352300,0
68f21f2a000000003900143c,1760698154000,,6896b942000000002500c009,哈哈哈那没招了,614c56b1000000000201e9cf,Lucien,https://sns-avatar-qc.xhscdn.com/avatar/6392d475e7f246f441be113b.jpg?imageView2/2/w/120/format/jpg,0,,68f21ca6000000003900b5d3,1763796352306,0
68f47bea00000000380246fd,1760852970000,,6896b942000000002500c009,去年过年买的，用得挺好,5faaa2ea000000000100383d,momo,https://sns-avatar-qc.xhscdn.com/avatar/6451f1cc7b2d0585af4001f8.jpg?imageView2/2/w/120/format/jpg,0,,68d1eafe0000000001001307,1763796352311,0
68d7dcd9000000000801c6a4,1758977242000,,6896b942000000002500c009,难用的要死,5a430b83e8ac2b6cd36b41b9,momo（女巫脏增肌版）,https://sns-avatar-qc.xhscdn.com/avatar/1040g2jo31ld5hig250004a0gnd5o6gdp2210uh0?imageView2/2/w/120/format/jpg,0,,68d1eafe0000000001001307,1763796352316,0
68d7e347000000001a02f623,1758978887000,,6896b942000000002500c009,别买，老板特别压榨员工，我买了洗地机，特别垃圾,5a200f1211be104613099e9d,奶油绵绵羊,https://sns-avatar-qc.xhscdn.com/avatar/1040g2jo30ol71so2im004a00pi7h57ktd6jlea8?imageView2/2/w/120/format/jpg,0,,68d1eafe0000000001001307,1763796354543,1
68da261b000000000103751b,1759127068000,,6896b942000000002500c009,售后很垃圾…投诉他们天津的总公司人直接让政府回我不调节[失望R]以后不会买他们家了，卖方权利大于购买方,5a8c12f74eacab65c682d527,麻仓,https://sns-avatar-qc.xhscdn.com/avatar/62f75c77c74218bc8eab90d2.jpg?imageView2/2/w/120/format/jpg,0,,68d1eafe0000000001001307,1763796354548,0
68dfd1d10000000039000639,1759498706000,,6896b942000000002500c009,买老版本的追觅性价比高,5b20cbb1f7e8b965e224b827,C.P.I.A,https://sns-avatar-qc.xhscdn.com/avatar/1040g2jo31dfe9dorgk6g4a67jr5r3e17jdmq2r0?imageView2/2/w/120/format/jpg,0,,68d1eafe0000000001001307,1763796354565,0
68e8fa52000000003900b5b7,1760098898000,,6896b942000000002500c009,你看下，吸力开小点，其他设置什么的。我今天也看到大疆了，别后悔了，除了透明壳，设计和追觅一样，价格翻番。,5655ac22484fb64397a6f61f,厌蠢爱好者,https://sns-avatar-qc.xhscdn.com/avatar/645b7e17e29f7d0acadad89f.jpg?imageView2/2/w/120/format/jpg,0,,68d20736000000000b029f46,1763796354577,0
68e90072000000003800af8e,1760100467000,,6896b942000000002500c009,是不用管，电力不足会自动回充。,5655ac22484fb64397a6f61f,厌蠢爱好者,https://sns-avatar-qc.xhscdn.com/avatar/645b7e17e29f7d0acadad89f.jpg?imageView2/2/w/120/format/jpg,0,,68e8fde10000000038007a75,1763796354596,0
68e9cdc200000000390219b4,1760153027000,,6896b942000000002500c009,云鲸别，用到现在自己换了水管，轮子水泵，减压阀。。。没点动手能力别用。还动不动就停在某个地方而且没任何报错的停,5b8b942f3c9ab00001724d56,木木召力王韦口各,https://sns-avatar-qc.xhscdn.com/avatar/1040g2jo31np7b5hr4u004aoh2va2ujam3vr369g?imageView2/2/w/120/format/jpg,0,,68d1eafe0000000001001307,1763796356808,0
68eae9420000000033026dc4,1760225603000,,6896b942000000002500c009,千万别买，品控贼差，保修期坏了就是不保修，各种找理由说是人为的，TM扫拖一体机，拖地时候主板进水说是我搞的，态度强硬的很，就是不赔，后来还是淘宝介入的客服赔了我300抵扣券。,5cad40350000000017015193,孙小贱,https://sns-avatar-qc.xhscdn.com/avatar/cd255d0e201935e0d852bd371f18c198.jpg?imageView2/2/w/120/format/jpg,0,,68d1eafe0000000001001307,1763796356814,0
68ecadd1000000003803d650,1760341458000,,6896b942000000002500c009,买大疆了，周六装,58e39d2f5e87e752b3e7d7cb,抱李,https://sns-avatar-qc.xhscdn.com/avatar/58e39d2f5e87e752b3e7d7cb.jpg?imageView2/2/w/120/format/jpg,0,,68ec639b0000000037025109,1763796356820,0
68f444b4000000003300e2b7,1760838836000,,6896b942000000002500c009,放心用！肯定没科沃斯蠢，无所谓啦，买都买了[笑哭R],5b31f97b4eacab119ce547ba,芹菜,https://sns-avatar-qc.xhscdn.com/avatar/1040g2jo319l9lamang6g4a6jb4snmhtq2n7cibo?imageView2/2/w/120/format/jpg,0,,68d20736000000000b029f46,1763796356829,0
68d1ea3d0000000009039aac,1758587453000,,6896b942000000002500c009,一代到三代估计要多久，我看是等等还是先买别的[暗中观察R][暗中观察R][暗中观察R],58e39d2f5e87e752b3e7d7cb,抱李,https://sns-avatar-qc.xhscdn.com/avatar/58e39d2f5e87e752b3e7d7cb.jpg?imageView2/2/w/120/format/jpg,0,,68caa0050000000030024ff9,1763796358836,21
68e3fce3000000003800dd9c,1759771875000,,6896b942000000002500c009,现在是第一代吗[笑哭R]那还得等挺久吧,5e25cd42000000000100bf19,tjywindy,https://sns-avatar-qc.xhscdn.com/avatar/5f51e9b3d122880001cf894c.jpg?imageView2/2/w/120/format/jpg,0,,68caa0050000000030024ff9,1763796359050,0
68e88d2b000000003901f13b,1760070956000,,6896b942000000002500c009,@跃哥爱喝酒,5c42a25e0000000007036dd8,波拿拿🍌,https://sns-avatar-qc.xhscdn.com/avatar/1040g2jo316em1cu9gk005n22k9f1ureoj33n2u0?imageView2/2/w/120/format/jpg,0,,68caa0050000000030024ff9,1763796359053,0
68ebd6b6000000003300592e,1760286391000,,6896b942000000002500c009,一年多一代？第一代osmo pocket2020年买的，然后今年看第三代火起来了,551701824fac63205081d67d,六芒星,https://sns-avatar-qc.xhscdn.com/avatar/1040g2jo31fvmpgi30g0040aa800o5ljt6147e1o?imageView2/2/w/120/format/jpg,0,,68d1ea3d0000000009039aac,1763796359063,0
68ecadc300000000380254ce,1760341443000,,6896b942000000002500c009,害，柔光砖好麻烦，拆个快递就有印子，已下单大疆[笑哭R][笑哭R],58e39d2f5e87e752b3e7d7cb,抱李,https://sns-avatar-qc.xhscdn.com/avatar/58e39d2f5e87e752b3e7d7cb.jpg?imageView2/2/w/120/format/jpg,0,,68ebd6b6000000003300592e,1763796359066,0
68f4a36d0000000037013edd,1760863085000,,6896b942000000002500c009,那我三代再买,592a42b66a6a6946a88c6bb0,_millow,https://sns-avatar-qc.xhscdn.com/avatar/1040g2jo30oo9tddlj40g49hk231bcqtgrktccuo?imageView2/2/w/120/format/jpg,0,,68caa0050000000030024ff9,1763796359070,0
68f668d90000000033026a2d,1760979162000,,6896b942000000002500c009,@新的开始,5b6311296b58b72279573c85,663,https://sns-avatar-qc.xhscdn.com/avatar/1040g2jo316gob6n4io004a8fdj8iif45ckf7e9g?imageView2/2/w/120/format/jpg,0,,68caa0050000000030024ff9,1763796361341,0
68f6e4560000000039027051,1761010774000,,6896b942000000002500c009,@十客 懂了,5d61060600000000010072c2,淦,https://sns-avatar-qc.xhscdn.com/avatar/1040g2jo31eucu2du5u6g5nb10o308sm2ue2q19o?imageView2/2/w/120/format/jpg,0,,68caa0050000000030024ff9,1763796361343,0
68fc293a000000003901f5db,1761356091000,浙江,6896b942000000002500c009,@超超超大大怪,65fe7016000000000d0272f9,非人哉,https://sns-avatar-qc.xhscdn.com/avatar/1040g2jo310mf0jq06o6g5pfue0b3csnpnnctn3o?imageView2/2/w/120/format/jpg,0,,68caa0050000000030024ff9,1763796361349,0
68f1db70000000003902e69f,1760680816000,,6896b942000000002500c009,听你的，我的小米1代再坚持三年,613a1c5d000000000201f217,笑不动的小猴子,https://sns-avatar-qc.xhscdn.com/avatar/1040g2jo31gcpjdapjc005o9q3hegjsgn8jfjlug?imageView2/2/w/120/format/jpg,0,,68caa0050000000030024ff9,1763796361354,1
68dcbc4b0000000039022a2a,1759296587000,,6896b942000000002500c009,毕竟扫地机，基础功能做扎实，稳定最重要吧，其他花里胡哨的功能也可有可无,5bb8c8bd3b41e5000138b7cb,TTT,https://sns-avatar-qc.xhscdn.com/avatar/1040g2jo31gbfa3aqj86g4bb7be4brdubpr203io?imageView2/2/w/120/format/jpg,0,,68dca8c3000000003901d777,1763796363366,23
68dcc9cd000000003902f8c9,1759300046000,,6896b942000000002500c009,我的意思是这些应该随便一个牌子扫拖机器人都能做到吧[笑哭R],5c9cec73000000001602bd21,九九,https://sns-avatar-qc.xhscdn.com/avatar/5fe5c089ceffd4aa2af02a47.jpg?imageView2/2/w/120/format/jpg,0,,68dcbc4b0000000039022a2a,1763796363562,17
6917419a00000000330274e3,1763131802000,湖南,6896b942000000002500c009,人家自己用了说好用你还说人家洗脑自己，咋的必须说不好用很垃圾才是真实体验吗[新月R],5cb19ef30000000010008403,露華濃,https://sns-avatar-qc.xhscdn.com/avatar/6283e115cd9a9cfae4cf3136.jpg?imageView2/2/w/120/format/jpg,0,,68dcd5e100000000380137e3,1763796363566,0
68dcd5e100000000380137e3,1759303137000,,6896b942000000002500c009,[偷笑R]人家都交完信仰税了，总得再洗脑自己让自己觉得值呗,5bc1449a071a5600014dccf7,电音土豆,https://sns-avatar-qc.xhscdn.com/avatar/62790cca93296f70472cc779.jpg?imageView2/2/w/120/format/jpg,0,,68dcc9cd000000003902f8c9,1763796363572,15
68de1dca000000003801013a,1759387082000,,6896b942000000002500c009,绝了,630c7b34000000000f006a9b,stars,https://sns-avatar-qc.xhscdn.com/avatar/1040g2jo31npiqjga5m5g5oocfcq3oqkr5auhc30?imageView2/2/w/120/format/jpg,0,,68ddfd500000000033024811,1763796365579,2
68de1dd00000000038031284,1759387089000,,6896b942000000002500c009,,630c7b34000000000f006a9b,stars,https://sns-avatar-qc.xhscdn.com/avatar/1040g2jo31npiqjga5m5g5oocfcq3oqkr5auhc30?imageView2/2/w/120/format/jpg,0,http://sns-webpic-qc.xhscdn.com/202511221526/998e076609cc67734a16a4bb6a90028e/comment/1040g2h031n4jc9qd58605oocfcq3oqkrcsg90cg!nd_whgt34_webp_wm_1,68ddfd500000000033024811,1763796365794,0
68dcbb0900000000390219fd,1759296266000,,6896b942000000002500c009,这个6000出头,5bb8c8bd3b41e5000138b7cb,TTT,https://sns-avatar-qc.xhscdn.com/avatar/1040g2jo31gbfa3aqj86g4bb7be4brdubpr203io?imageView2/2/w/120/format/jpg,0,,68dcaef6000000003300d76b,1763796367802,7
68e1df7b0000000039028c69,1759633276000,,6896b942000000002500c009,蛙趣。。。还真是信仰充值了,5573e2eb41a2b33f4c69eccb,禅定模式,https://sns-avatar-qc.xhscdn.com/avatar/5573e2eb41a2b33f4c69eccb.jpg?imageView2/2/w/120/format/jpg,0,,68dcbb0900000000390219fd,1763796368005,7
68ff5d510000000033025bdd,1761566034000,山东,6896b942000000002500c009,一分钱一分货，dji这个避障功能断层领先,60269d1f000000000101eed4,北海H,https://sns-avatar-qc.xhscdn.com/avatar/1040g2jo31gjlrt0kju6g5o16jkfgbrmk6klifng?imageView2/2/w/120/format/jpg,0,,68e1df7b0000000039028c69,1763796368012,0
69019afb0000000038008c80,1761712892000,广东,6896b942000000002500c009,这个放家里，感觉真的多了一个装饰品，跟其他扫地机造型完全不一样,5f7963840000000001007fb7,五九,https://sns-avatar-qc.xhscdn.com/avatar/5f7963e2dc09f50001dbe998.jpg?imageView2/2/w/120/format/jpg,0,,68ea08a70000000033004e24,1763796370018,3
68dcc8610000000039022adb,1759299681000,,6896b942000000002500c009,两万？[石化R],5b9678e3e0fb1300011a93c4,今年一定要变瘦！,https://sns-avatar-qc.xhscdn.com/avatar/1040g2jo311ksp5vimm504atmfise74u42bbmr6g?imageView2/2/w/120/format/jpg,0,,68da0383000000000800c5be,1763796370021,13
68dcc9960000000039026d10,1759299991000,,6896b942000000002500c009,大疆嘛感觉有什么牛逼技术[笑哭R]这个壳看着也很高科技的样子,5921aa1d50c4b428dc9dd985,AA收猫毛-出猫绒服赵姐,https://sns-avatar-qc.xhscdn.com/avatar/1040g2jo31j44hv3t2c6049h05el1rmc5l8i9pdo?imageView2/2/w/120/format/jpg,0,,68dcc8610000000039022adb,1763796370274,15
68e71399000000003902a319,1759974297000,,6896b942000000002500c009,白色版国补后没过万[猪头R]可以去门店问下,5b9b9f816b58b70b23728d9f,谢滚滚创飞全世界,https://sns-avatar-qc.xhscdn.com/avatar/1040g2jo31k56kb2r2a004avpk0fo33cvb2svrr8?imageView2/2/w/120/format/jpg,0,,68dcc9960000000039026d10,1763796370281,0
68f6ecb2000000003803d2ec,1761012915000,,6896b942000000002500c009,石头不好用吗，刚买的还没到,5f54805d0000000001001aee,Morning,https://sns-avatar-qc.xhscdn.com/avatar/7121a416be8e543266fd62c1cc9d575e.jpg?imageView2/2/w/120/format/jpg,0,,68da0383000000000800c5be,1763796370289,0
68fc0524000000003902ddfb,1761346852000,江西,6896b942000000002500c009,唉，我家22年买的石头的旗舰，也是花了三四千，现在跟瞎子差不多，天天卡住。应该是传感器出问题了，不知道是刮花了还是坏了,62769c4b0000000021028e1c,小红薯6276B34A,https://sns-avatar-qc.xhscdn.com/avatar/7121a416be8e543266fd62c1cc9d575e.jpg?imageView2/2/w/120/format/jpg,0,,68f6ecb2000000003803d2ec,1763796370292,0
68fef89f00000000380057ef,1761540259000,广东,6896b942000000002500c009,颜值才是第一生产力呀,575fa92550c4b47beb137559,0Wwen,https://sns-avatar-qc.xhscdn.com/avatar/1040g2jo31fu35v9e0g0048ge92kiataphjp3988?imageView2/2/w/120/format/jpg,0,http://sns-webpic-qc.xhscdn.com/202511221525/16501b223b80f6031b2d71cd4634fdf9/comment/1040g2h031o4m313ulm0048ge92kiatapa9jmb3g!nd_whgt34_webp_wm_1,68fe657c0000000033027ed6,1763796372303,20
69019b790000000033027ae1,1761713018000,陕西,6896b942000000002500c009,这么看，这个造型是真的很酷呀,5fc24bc6000000000100abeb,momo,https://sns-avatar-qc.xhscdn.com/avatar/1040g2jo30t7mob264a6g5nu29f309avbcleff5g?imageView2/2/w/120/format/jpg,0,,68fef89f00000000380057ef,1763796372710,1
6904e5c70000000033004a5c,1761928647000,北京,6896b942000000002500c009,唯一的问题就是我是不是得一层一个[哭惹R],5b1173eef7e8b95819fa7b84,吱吱吱吱chipmunk,https://sns-avatar-qc.xhscdn.com/avatar/1040g2jo31bblmp0v7a504a5rnkpusus437hkaag?imageView2/2/w/120/format/jpg,0,,68fe657c0000000033027ed6,1763796372713,0
69048cc7000000003902baf6,1761905863000,广东,6896b942000000002500c009,大疆这个扫地机的设计，放在扫地机界真的很特别，只能说，有审美[赞R],684a5aa4000000001b02354f,太空中跳舞,https://sns-avatar-qc.xhscdn.com/avatar/1040g2jo31nlcaokg4q6g5q2abai6sdafitivv7o?imageView2/2/w/120/format/jpg,0,,68fe657c0000000033027ed6,1763796372720,4
68eef7b50000000039028e4b,1760491446000,,6896b942000000002500c009,是 自动上下水，就不用换水箱。但前提是你家要有进水口和排水口的位置，例如洗手台或者厕所旁边,5933e9704f8fd642d77f714b,晾晒月光碎碎念,https://sns-avatar-qc.xhscdn.com/avatar/1040g2jo3115q6lntmk6049icevkn0sabmbuda2o?imageView2/2/w/120/format/jpg,0,,68eeefb700000000390204d9,1763796374728,7
68eefb11000000003302610f,1760492306000,,6896b942000000002500c009,是的，双11活动中,5656feb5a40e184bbd592916,哆啦家居团（正品团购）,https://sns-avatar-qc.xhscdn.com/avatar/1040g2jo31gmhmq7hjq6g434ofuvbaa8m4hr8m40?imageView2/2/w/120/format/jpg,0,,68eeefb700000000390204d9,1763796374936,0
68f1aaf6000000003800809a,1760668406000,,6896b942000000002500c009,所以版本都不需要自己洗拖把，“上下水”不用自己接换水，不过家里得预留排污水口和接水的水龙头,5b5fe73311be1044fc00bcdd,太古汇大疆-冰冰,https://sns-avatar-qc.xhscdn.com/avatar/1040g2jo311mmf8r4ni004a7n01jj7f6tdga2lio?imageView2/2/w/120/format/jpg,0,,68eeefb700000000390204d9,1763796374945,1
68f4e7d90000000039020579,1760880602000,,6896b942000000002500c009,@。 牛逼,5d1d57b2000000001603ca57,吃小渝,https://sns-avatar-qc.xhscdn.com/avatar/1040g2jo31fb4esnils005n8taup5niin0lk6gso?imageView2/2/w/120/format/jpg,0,,68eef7b50000000039028e4b,1763796374959,0
6901831f00000000380275a4,1761706783000,辽宁,6896b942000000002500c009,大疆上下水啥价,54e4c74ee7798967c22f7690,舒,https://sns-avatar-qc.xhscdn.com/avatar/54e4c74ee7798967c22f7690.jpg?imageView2/2/w/120/format/jpg,0,,68eefb11000000003302610f,1763796374976,0
68d77239000000000903ab66,1758949949000,,68d36e0c000000000e00c3f9,真的很貌美,5de5dda30000000001006314,清欢手写,https://sns-avatar-qc.xhscdn.com/avatar/seller_68f396e758304c000120b52b?imageView2/2/w/120/format/jpg,36,http://sns-webpic-qc.xhscdn.com/202511221526/973ecfa59375329ca6898126edba7c5e/comment/1040g2h031mu2u12ulm0g5nf5rmhg8ookj5b5vfg!nd_whgt34_webp_wm_1,0,1763796379298,263
68d7b4c1000000000202648f,1758966977000,,68d36e0c000000000e00c3f9,哇这个地毯好好看，哪里买的呀,5f9d5a9f0000000001007b05,汤圆,https://sns-avatar-qc.xhscdn.com/avatar/5f9d5a9f0000000001007b05.jpg?imageView2/2/w/120/format/jpg,29,,0,1763796379300,75
68df08500000000033004c3c,1759447121000,,68d36e0c000000000e00c3f9,打算等二代或者三代产品，怕大疆踹门入场，然后忘了这条线[捂脸R],5cfb03330000000012005bc4,Mark,https://sns-avatar-qc.xhscdn.com/avatar/5cfb03330000000012005bc4.jpg?imageView2/2/w/120/format/jpg,9,,0,1763796379310,135
68e8a8af000000003302107b,1760078000000,,68d36e0c000000000e00c3f9,Romo价位低到离谱了双十一,67f7415a0000000004039af0,DJI大疆（深圳华强电子世界授权体验店）,https://sns-avatar-qc.xhscdn.com/avatar/1040g2jo31g3ef98600005pvn85d176ngfb1ffh8?imageView2/2/w/120/format/jpg,45,,0,1763796379314,31
68dbe5590000000033007c65,1759241562000,,68d36e0c000000000e00c3f9,默默看了一眼在工作的大疆，家里有宠物，累坏它了哈哈哈哈哈,56341d53e00dd8103b8c268b,菠萝,https://sns-avatar-qc.xhscdn.com/avatar/64f0181cb99bc862bf6b2ea6.jpg?imageView2/2/w/120/format/jpg,17,,0,1763796379321,37
68e9ba65000000003902477b,1760148070000,,68d36e0c000000000e00c3f9,我有一万奖学金，plq感觉乱乱的有没有宝宝老师能帮忙汇总滴[哭惹R]现在只打算准备买给妈妈一台扫地机器人捏[哭惹R],6395699b0000000026013e68,凉菜不凉,https://sns-avatar-qc.xhscdn.com/avatar/1040g2jo311buckeo6e6g5osld6dpifj8jrk0kto?imageView2/2/w/120/format/jpg,16,,0,1763796379330,7
68e34c740000000039020575,1759726708000,,68d36e0c000000000e00c3f9,请问跟石头比好用很多吗？,5a1514974eacab0cb15c37c0,子不语,https://sns-avatar-qc.xhscdn.com/avatar/1040g2jo31eeph4s1h65g49vouqa9edu0tinpc1g?imageView2/2/w/120/format/jpg,11,,0,1763796379338,4
68ff696b000000003902ba61,1761569131000,浙江,68d36e0c000000000e00c3f9,千万不要买云鲸，会锁电池，恶心死了，以后永远不买云鲸的东西,6346c2db000000001802f3f5,诩狸,https://sns-avatar-qc.xhscdn.com/avatar/1040g2jo31dg0r16d0c605oq6obdm5svl3e6hpb8?imageView2/2/w/120/format/jpg,9,,0,1763796379342,5
68eb6456000000003800de3b,1760257111000,,68d36e0c000000000e00c3f9,我让刚买了追觅的我怎么办[微笑R],5884378d7fc5b80a8c0ac351,逗号,https://sns-avatar-qc.xhscdn.com/avatar/1040g2jo310mem8hamg00492inbrorgqhtf83bf8?imageView2/2/w/120/format/jpg,8,,0,1763796379352,0
69019ef10000000033004686,1761713905000,上海,68d36e0c000000000e00c3f9,@ST SDE 换大疆,58b823137fc5b8159e567555,啊瑶古,https://sns-avatar-qc.xhscdn.com/avatar/1040g2jo31324m78bmo0g497tnlhh6talush6avo?imageView2/2/w/120/format/jpg,3,,0,1763796379359,11
68d8c211000000001a02fe89,1759035921000,,68d36e0c000000000e00c3f9,这个设计真的在扫地机里算眉清目秀的 [偷笑R],5c6c1bb8000000001201a4c4,米米米^,https://sns-avatar-qc.xhscdn.com/avatar/1040g2jo31e7c1g3q0u005n3c3es4j964lr2f5r0?imageView2/2/w/120/format/jpg,0,,68d77239000000000903ab66,1763796381366,294
68d9d59a000000000903b941,1759106458000,,68d36e0c000000000e00c3f9,请问你买的是上下水版的还是普通的,5acf890011be106cf0fb5dfd,YYang,https://sns-avatar-qc.xhscdn.com/avatar/5e7de5f049b72000018082d1.jpg?imageView2/2/w/120/format/jpg,0,,68d77239000000000903ab66,1763796381572,5
68d9df9b000000000a00cafb,1759109019000,,68d36e0c000000000e00c3f9,普通,5de5dda30000000001006314,清欢手写,https://sns-avatar-qc.xhscdn.com/avatar/seller_68f396e758304c000120b52b?imageView2/2/w/120/format/jpg,0,,68d9d59a000000000903b941,1763796381579,0
68db56a90000000039023e6f,1759205033000,,68d36e0c000000000e00c3f9,见过最好看的扫地机了,65238af4000000002a0292da,诶嘿嘿小猫,https://sns-avatar-qc.xhscdn.com/avatar/1040g2jo31elf2ben4s505p93hbqal4mqsfso52g?imageView2/2/w/120/format/jpg,0,,68d77239000000000903ab66,1763796381583,5
68db93c300000000380084c7,1759220675000,,68d36e0c000000000e00c3f9,@新年很有钱 冰你结婚新房买这个 好好看,5bf9f2048122da000113d5d4,周周有钱花,https://sns-avatar-qc.xhscdn.com/avatar/1040g2jo31dv1qv36h0004btm06p09lektvbqhbg?imageView2/2/w/120/format/jpg,0,,68d77239000000000903ab66,1763796381590,0
68db97420000000038008172,1759221571000,,68d36e0c000000000e00c3f9,你是我认识那个周周有钱花吗[doge],5c0958e8000000000501545e,小北,https://sns-avatar-qc.xhscdn.com/avatar/1040g2jo31ijl1oqu02004busllcegl2uoen79i8?imageView2/2/w/120/format/jpg,0,,68db93c300000000380084c7,1763796381601,0
68dba26c0000000039005489,1759224429000,,68d36e0c000000000e00c3f9,看ip应该不是,5bf9f2048122da000113d5d4,周周有钱花,https://sns-avatar-qc.xhscdn.com/avatar/1040g2jo31dv1qv36h0004btm06p09lektvbqhbg?imageView2/2/w/120/format/jpg,0,,68db97420000000038008172,1763796383773,1
68dba4e80000000038009b84,1759225065000,,68d36e0c000000000e00c3f9,好的。我们有粉丝也是这个名字[捂脸R],5c0958e8000000000501545e,小北,https://sns-avatar-qc.xhscdn.com/avatar/1040g2jo31ijl1oqu02004busllcegl2uoen79i8?imageView2/2/w/120/format/jpg,0,,68dba26c0000000039005489,1763796383780,0
68dda8c60000000039032d2e,1759357127000,,68d36e0c000000000e00c3f9,[大笑R]@--。--.,5ac03eca11be10698909fda6,开心小猫（见过林俊杰版,https://sns-avatar-qc.xhscdn.com/avatar/1040g2jo31cdckf760c004a46cmvclvd6tf25l28?imageView2/2/w/120/format/jpg,0,,68d77239000000000903ab66,1763796383785,0
68deffc2000000003800c42d,1759444930000,,68d36e0c000000000e00c3f9,有种它立马就要起飞的感觉[捂脸R][捂脸R],5c41dde600000000070150f6,昼梦,https://sns-avatar-qc.xhscdn.com/avatar/1040g2jo31ee6qjao0u0g5n21rnj1qk7mhq6adh0?imageView2/2/w/120/format/jpg,0,,68d77239000000000903ab66,1763796383796,0
68df9d7400000000370270b3,1759485301000,,68d36e0c000000000e00c3f9,好酷啊,55f0429358944602c04d4244,momo,https://sns-avatar-qc.xhscdn.com/avatar/1040g2jo31on7qmlt6m00415cld196gi4nlq8tm8?imageView2/2/w/120/format/jpg,0,,68d77239000000000903ab66,1763796383803,0
68e2439e000000003800a20c,1759658911000,,68d36e0c000000000e00c3f9,@胖达. 有点好看,5efb36900000000001003b01,双严皮贴,https://sns-avatar-qc.xhscdn.com/avatar/1040g2jo31bkgrllhgu005nnr6q808eo1b3adqso?imageView2/2/w/120/format/jpg,0,,68d77239000000000903ab66,1763796386078,0
68e34a64000000003802d3e5,1759726181000,,68d36e0c000000000e00c3f9,ia[笑哭R]ni,661fdbd400000000070077f9,花粉熱🌸,https://sns-avatar-qc.xhscdn.com/avatar/1040g2jo31iecf0no0e0g5oukno3pgrt087vsi90?imageView2/2/w/120/format/jpg,0,,68d77239000000000903ab66,1763796386081,0
68e71dcb0000000033004d58,1759976908000,,68d36e0c000000000e00c3f9,@涵涵爱睡觉,64b3834b000000000a02214e,涵涵又饿了,https://sns-avatar-qc.xhscdn.com/avatar/1040g2jo311218iu9mm0g5p5jgd5ik8ae5iaks0o?imageView2/2/w/120/format/jpg,0,,68d77239000000000903ab66,1763796386092,0
68e795a5000000003800f7b8,1760007589000,,68d36e0c000000000e00c3f9,这么大,5f83efc500000000010052c1,涵涵爱睡觉,https://sns-avatar-qc.xhscdn.com/avatar/1040g2jo31121ds2jmi005ns3tv2g8km1pgbals8?imageView2/2/w/120/format/jpg,0,,68e71dcb0000000033004d58,1763796386094,0
68e7a3c2000000003900368d,1760011203000,,68d36e0c000000000e00c3f9,多少钱,583666305e87e744aeb9e9e4,momo,https://sns-avatar-qc.xhscdn.com/avatar/1040g2jo31e579c6a0u0048s7tjj31qf42plssj8?imageView2/2/w/120/format/jpg,0,,68d77239000000000903ab66,1763796386101,0
68e7aabf000000003800a981,1760012991000,,68d36e0c000000000e00c3f9,真好看,579c1171a9b2ed5a68529e80,Yang,https://sns-avatar-qc.xhscdn.com/avatar/1040g2jo31a7e7npnna0048j75g8n37k038viabg?imageView2/2/w/120/format/jpg,0,,68d77239000000000903ab66,1763796388333,0
68e7b744000000003801783d,1760016197000,,68d36e0c000000000e00c3f9,男朋友买的 具体价格不太清楚 买的时候五千多 现在好像降到4700还是4900了,5de5dda30000000001006314,清欢手写,https://sns-avatar-qc.xhscdn.com/avatar/seller_68f396e758304c000120b52b?imageView2/2/w/120/format/jpg,0,,68e7a3c2000000003900368d,1763796388338,0
68e8924000000000390072b2,1760072256000,,68d36e0c000000000e00c3f9,@番茄🍅西红柿,5ab4ddae4eacab2bf63a1654,momo,https://sns-avatar-qc.xhscdn.com/avatar/1040g2jo30n3h4dt3lc504a3rckeqs5ikc7qo470?imageView2/2/w/120/format/jpg,0,,68d77239000000000903ab66,1763796388345,0
68e896080000000039030545,1760073224000,,68d36e0c000000000e00c3f9,妈呀，这个真美,5c5c64f8000000001803665f,番茄🍅西红柿,https://sns-avatar-qc.xhscdn.com/avatar/6318c0afde1733cd9daad5cb.jpg?imageView2/2/w/120/format/jpg,0,,68e8924000000000390072b2,1763796388350,0
68e9514f0000000039001fcb,1760121167000,,68d36e0c000000000e00c3f9,他这个自清洁好用吗？他干完活了还用给它洗澡吗,5ba36941e7e58c0001e75532,爱媛果冻橙,https://sns-avatar-qc.xhscdn.com/avatar/60197c5b3faa71c921f16280.jpg?imageView2/2/w/120/format/jpg,0,,68d77239000000000903ab66,1763796388363,0
68e9ab95000000003801532d,1760144278000,,68d36e0c000000000e00c3f9,@NABE德文猫,647b05ba00000000120359e2,展亚鹏先生,https://sns-avatar-qc.xhscdn.com/avatar/1040g2jo30ul0ftsv566g5p3r0mt4mmf2elnifh0?imageView2/2/w/120/format/jpg,0,,68d77239000000000903ab66,1763796390578,0
68e9b4b4000000003902a06b,1760146613000,,68d36e0c000000000e00c3f9,@不是 好看吗..,5d04d6ec0000000016012bcb,超级芝士脆,https://sns-avatar-qc.xhscdn.com/avatar/1000g2jo2iuv1ucsiu0505n84qrm5iaub4kga6mg?imageView2/2/w/120/format/jpg,0,,68d77239000000000903ab66,1763796390582,0
68ea340300000000390279c0,1760179203000,,68d36e0c000000000e00c3f9,觉得很乱一堆 我还是适合不透明的[笑哭R],5938964ab1da14549c84c01b,一只小鼠,https://sns-avatar-qc.xhscdn.com/avatar/1040g2jo31ig92cdbnm0049j5mmb4lg0rr7f6qg8?imageView2/2/w/120/format/jpg,0,,68d77239000000000903ab66,1763796390589,0
68eb89f500000000370258f6,1760266741000,,68d36e0c000000000e00c3f9,@华年,576b5e7d50c4b423738bddae,吕包包,https://sns-avatar-qc.xhscdn.com/avatar/63587c94faecc9da3a923356.jpg?imageView2/2/w/120/format/jpg,0,,68d77239000000000903ab66,1763796390594,0
68ebd57c00000000390272ad,1760286076000,,68d36e0c000000000e00c3f9,@雪花不会飞,5737211e50c4b425e9e15e14,🍬,https://sns-avatar-qc.xhscdn.com/avatar/1040g2jo31kasbm4iig0048bsfsghsngkqck27r8?imageView2/2/w/120/format/jpg,0,,68d77239000000000903ab66,1763796390596,0
68f43af3000000003802b28e,1760836339000,,68d36e0c000000000e00c3f9,这个设计有个性，就是不知道好不好用[偷笑R],5b045fa94eacab2bec9b5cad,丹,https://sns-avatar-qc.xhscdn.com/avatar/1040g2jo31kupb5fdj25g4a5ihrfqin5dktcnflo?imageView2/2/w/120/format/jpg,0,,68d77239000000000903ab66,1763796392951,0
68f4837700000000380270f3,1760854904000,,68d36e0c000000000e00c3f9,久了会不会灰尘可视化啊,59ca420344363b73e0943d86,阿丝儿Asier,https://sns-avatar-qc.xhscdn.com/avatar/6636d904d33255e9d33e0606.jpg?imageView2/2/w/120/format/jpg,0,,68d77239000000000903ab66,1763796392954,0
68f9e8e50000000039027bba,1761208549000,北京,68d36e0c000000000e00c3f9,@魔法绒绒栞 大疆这个好好看，你新家要不要买这个,5f7add87000000000100ae04,呢荧Ning,https://sns-avatar-qc.xhscdn.com/avatar/1040g2jo31b10ukkrmu0g5nrqrm3g9bg4vj3esv8?imageView2/2/w/120/format/jpg,0,,68d77239000000000903ab66,1763796392962,0
68f9f8b6000000003302402d,1761212598000,北京,68d36e0c000000000e00c3f9,好像买的石头的,6030da9c0000000001007688,魔法绒绒栞,https://sns-avatar-qc.xhscdn.com/avatar/1040g2jo31og3uid9l8005o1grae08tk8v9cq050?imageView2/2/w/120/format/jpg,0,,68f9e8e50000000039027bba,1763796392969,0
68fc29eb000000003300e87d,1761356268000,上海,68d36e0c000000000e00c3f9,礼貌询问这种透明的会不会久了里面积灰啊,5899e61e6a6a695271bc0094,Pimiento椒,https://sns-avatar-qc.xhscdn.com/avatar/5eaf00477e963900012266c9.jpg?imageView2/2/w/120/format/jpg,0,,68db56a90000000039023e6f,1763796392979,0
68fcc2d50000000037013420,1761395414000,四川,68d36e0c000000000e00c3f9,@🏸 心动💗,59d2000144363b5e9712fb53,我不吃糖,https://sns-avatar-qc.xhscdn.com/avatar/1040g2jo31j7n7lrrj26049ru16003uqj06qfdho?imageView2/2/w/120/format/jpg,0,,68d77239000000000903ab66,1763796395215,0
68fecdb8000000003800db0b,1761529273000,广东,68d36e0c000000000e00c3f9,太好看了[心心眼R],5aeaf2d94eacab1a04bcde97,Jasmine🐰,https://sns-avatar-qc.xhscdn.com/avatar/1040g2jo31ob1abb5mm004a5139pdjnknrg8ajq0?imageView2/2/w/120/format/jpg,0,,68d77239000000000903ab66,1763796395226,0
6908d3230000000039033fca,1762186020000,北京,68d36e0c000000000e00c3f9,上水版和普通有啥区别,642bd3d40000000011022b20,mom,https://sns-avatar-qc.xhscdn.com/avatar/d784fc20c996f3d2f39d034c404f234e.jpg?imageView2/2/w/120/format/jpg,0,,68d9d59a000000000903b941,1763796395230,0
690974a00000000039003150,1762227361000,山东,68d36e0c000000000e00c3f9,普通的需要自己上水,5acf890011be106cf0fb5dfd,YYang,https://sns-avatar-qc.xhscdn.com/avatar/5e7de5f049b72000018082d1.jpg?imageView2/2/w/120/format/jpg,0,,6908d3230000000039033fca,1763796395241,0
68e49b14000000003903309d,1759812373000,,68d36e0c000000000e00c3f9,赛博朋克风,5c3975200000000005003f90,呼啦啦让风吹散他,https://sns-avatar-qc.xhscdn.com/avatar/1040g2jo31lm7os7r4u005n1pekg18fsgvj6vmj8?imageView2/2/w/120/format/jpg,0,,68d77239000000000903ab66,1763796395246,0
68d83aa3000000000b025219,1759001251000,,68d36e0c000000000e00c3f9,我老婆买的。。,5c0958e8000000000501545e,小北,https://sns-avatar-qc.xhscdn.com/avatar/1040g2jo31ijl1oqu02004busllcegl2uoen79i8?imageView2/2/w/120/format/jpg,0,,68d7b4c1000000000202648f,1763796397259,36
68d7e2a300000000010014f1,1758978724000,,68d36e0c000000000e00c3f9,同问！[色色R],5cf7956c000000001203009c,D.,https://sns-avatar-qc.xhscdn.com/avatar/1040g2jo3188q2ciu3q4g5n7nilm4m04sq6kov90?imageView2/2/w/120/format/jpg,0,,68d7b4c1000000000202648f,1763796397457,1
68d7fcb4000000000a00ca71,1758985397000,,68d36e0c000000000e00c3f9,我也想知道[萌萌哒R][萌萌哒R],5a9f5ae14eacab395fea1e63,吨吨&噗噗,https://sns-avatar-qc.xhscdn.com/avatar/1040g2jo30nhudtjvna004a35jsde27j37sog9rg?imageView2/2/w/120/format/jpg,0,,68d7b4c1000000000202648f,1763796397461,0
68d8559a000000000b027483,1759008155000,,68d36e0c000000000e00c3f9,我觉得好好看 姐的眼光真好！,5a9f5ae14eacab395fea1e63,吨吨&噗噗,https://sns-avatar-qc.xhscdn.com/avatar/1040g2jo30nhudtjvna004a35jsde27j37sog9rg?imageView2/2/w/120/format/jpg,0,,68d83aac000000000b016e25,1763796397466,6
68d87c080000000004011125,1759017992000,,68d36e0c000000000e00c3f9,好看！我也想知道地毯哪里买的[笑哭R],573c6c4f6a6a6911a05b37a6,老盐奶泡_,https://sns-avatar-qc.xhscdn.com/avatar/1040g2jo31jkr1ik2ia1048c3a8m4udt6e9ludag?imageView2/2/w/120/format/jpg,0,,68d83aac000000000b016e25,1763796397474,3
68d89461000000000b016fe0,1759024226000,,68d36e0c000000000e00c3f9,求求地毯链接,60ce9c8e000000000100524c,拉黑即破防🤓,https://sns-avatar-qc.xhscdn.com/avatar/1040g2jo31leqntvg5o6g5o6eji708kic9fb3hq0?imageView2/2/w/120/format/jpg,0,,68d83aac000000000b016e25,1763796397482,3
68d8e50f000000000b01c79a,1759044880000,,68d36e0c000000000e00c3f9,我老婆买的 我回头问问[得意R],5c0958e8000000000501545e,小北,https://sns-avatar-qc.xhscdn.com/avatar/1040g2jo31ijl1oqu02004busllcegl2uoen79i8?imageView2/2/w/120/format/jpg,0,,68d89461000000000b016fe0,1763796399681,1
68d9972b000000000801c251,1759090475000,,68d36e0c000000000e00c3f9,蹲蹲,62b48a66000000001b026308,yu魚,https://sns-avatar-qc.xhscdn.com/avatar/1040g2jo31en2n8665m105olkh9j6soo8a4g7ob0?imageView2/2/w/120/format/jpg,0,,68d8e50f000000000b01c79a,1763796399683,1
68da00b6000000000800ebe9,1759117495000,,68d36e0c000000000e00c3f9,帮我问问你老婆🔗，这地毯好好看，谢谢！[害羞R],5c2b60280000000007010029,欣蓝的自装日记,https://sns-avatar-qc.xhscdn.com/avatar/1040g2jo31djkd2k3gc605n1bc0k1q0197204qfo?imageView2/2/w/120/format/jpg,0,,68d8e50f000000000b01c79a,1763796399691,4
68da4a12000000003903280f,1759136275000,,68d36e0c000000000e00c3f9,求链接啊，哪里不好看，很有眼光,608bcd0a00000000010035d0,炸毛的迪拜酋长,https://sns-avatar-qc.xhscdn.com/avatar/1040g2jo31gevscq6j4005o4bpk508deg1951s6g?imageView2/2/w/120/format/jpg,0,,68d83aac000000000b016e25,1763796399696,2
68da5b290000000033023ef1,1759140650000,,68d36e0c000000000e00c3f9,蹲蹲[哇R],5d2efaf80000000012032d96,需要我帮忙吗,https://sns-avatar-qc.xhscdn.com/avatar/1040g2jo31k3cg7b32udg5n9evbs4mbcm0hs84t8?imageView2/2/w/120/format/jpg,0,,68d8e50f000000000b01c79a,1763796399700,1
68daf4f500000000390000e8,1759180021000,,68d36e0c000000000e00c3f9,好看 怎么还没问到呢[皱眉R],5b4876edf7e8b97563341b2a,🌙,https://sns-avatar-qc.xhscdn.com/avatar/63fd82baa2fd9b4da9e36cea.jpg?imageView2/2/w/120/format/jpg,0,,68d83aac000000000b016e25,1763796401881,1
68db02ae000000003902474a,1759183534000,,68d36e0c000000000e00c3f9,蹲蹲链接,66b28669000000000d0257ca,就说从没见过我,https://sns-avatar-qc.xhscdn.com/avatar/1040g2jo31g0277to0e605pligpkjcluaapcuj58?imageView2/2/w/120/format/jpg,0,,68d83aac000000000b016e25,1763796401885,1
68db972b0000000039008c58,1759221548000,,68d36e0c000000000e00c3f9,[捂脸R],5c0958e8000000000501545e,小北,https://sns-avatar-qc.xhscdn.com/avatar/1040g2jo31ijl1oqu02004busllcegl2uoen79i8?imageView2/2/w/120/format/jpg,0,,68db8e370000000039009d93,1763796401892,0
68dbb9f9000000003300e1b9,1759230457000,,68d36e0c000000000e00c3f9,还没问到么[哭惹R],59686e965e87e73ec9766561,momo,https://sns-avatar-qc.xhscdn.com/avatar/1040g2jo30pq1pieo6g0049m2men9cpb1ihs5ed0?imageView2/2/w/120/format/jpg,0,,68d8e50f000000000b01c79a,1763796401897,0
68dbbdd00000000038030bab,1759231441000,,68d36e0c000000000e00c3f9,链接来了,5c0958e8000000000501545e,小北,https://sns-avatar-qc.xhscdn.com/avatar/1040g2jo31ijl1oqu02004busllcegl2uoen79i8?imageView2/2/w/120/format/jpg,0,http://sns-webpic-qc.xhscdn.com/202511221526/8215bd04e1d576b576a26d5f1fff3c67/comment/1040g2h031n2959rcmg004busllcegl2uaiqsoc8!nd_whlt34_webp_wm_1,68dbb9f9000000003300e1b9,1763796401899,11
68dbcc940000000039009191,1759235221000,,68d36e0c000000000e00c3f9,好想知道链接[皱眉R],60156d2c0000000001008f27,妈生全自动闯祸机,https://sns-avatar-qc.xhscdn.com/avatar/639004d5d4f8d9d8e70118b5.jpg?imageView2/2/w/120/format/jpg,0,,68d83aa3000000000b025219,1763796404255,0
68de0440000000003901f802,1759380544000,,68d36e0c000000000e00c3f9,进来就有地毯链接，爽了,5a997d7b4eacab77998d9ff7,momo,https://sns-avatar-qc.xhscdn.com/avatar/1040g2jo31n51q92jku5g4a312munn7vn3jjb1uo?imageView2/2/w/120/format/jpg,0,,68dbbdd00000000038030bab,1763796404265,2
68deb8e700000000380082d3,1759426792000,,68d36e0c000000000e00c3f9,果然好看的地毯都很贵[doge],58b5a8bc6a6a690346accf08,momo,https://sns-avatar-qc.xhscdn.com/avatar/1040g2jo315tq3djmhc00497k7ikbpjo8vepel8g?imageView2/2/w/120/format/jpg,0,,68dbbdd00000000038030bab,1763796404273,6
68e019e700000000330203f7,1759517159000,,68d36e0c000000000e00c3f9,求,5eb022f0000000000100580d,冷冷,https://sns-avatar-qc.xhscdn.com/avatar/5eb022f0000000000100580d.jpg?imageView2/2/w/120/format/jpg,0,,68d83aa3000000000b025219,1763796404277,0
68e0baa70000000038009678,1759558312000,,68d36e0c000000000e00c3f9,哈哈哈哈哈哈哈哈哈,55459d664fac631198ee51b0,Maggie🐻,https://sns-avatar-qc.xhscdn.com/avatar/1040g2jo31oqvbq8nhg0040hra0emckdg5k42nog?imageView2/2/w/120/format/jpg,0,,68d83aa3000000000b025219,1763796404283,0
68e230ac0000000039008161,1759654060000,,68d36e0c000000000e00c3f9,蹲,590b84585e87e7434ad9ff24,稀兮Katrina,https://sns-avatar-qc.xhscdn.com/avatar/59da350fd1d3b9565236fd0a.jpg?imageView2/2/w/120/format/jpg,0,,68d83aa3000000000b025219,1763796406495,0
68e2a6500000000037025e09,1759684176000,,68d36e0c000000000e00c3f9,确定好用？,5ed26ea2000000000101f668,滨江有房出租,https://sns-avatar-qc.xhscdn.com/avatar/60792eefa5d0267d91e2caa0.jpg?imageView2/2/w/120/format/jpg,0,,68d7b4c1000000000202648f,1763796406504,0
68e3eb800000000038031b0a,1759767424000,,68d36e0c000000000e00c3f9,为你老婆的审美点赞,5f2e4acc0000000001004f53,天天都困,https://sns-avatar-qc.xhscdn.com/avatar/64c23f5f02ca728710ffbe26.jpg?imageView2/2/w/120/format/jpg,0,,68dbbdd00000000038030bab,1763796406510,0
68e9d1110000000038033a30,1760153873000,,68d36e0c000000000e00c3f9,蹲地毯链接！,5657a23ccb35fb6c727e201c,阿叮TinTin,https://sns-avatar-qc.xhscdn.com/avatar/6389d513290a5fd5d6e548f6.jpg?imageView2/2/w/120/format/jpg,0,,68d83aa3000000000b025219,1763796406513,0
690da8dd0000000039025436,1762502878000,山西,68d36e0c000000000e00c3f9,快让你老婆发个链接[暗中观察R],581ded1350c4b4337af3be02,毛毛呀～,https://sns-avatar-qc.xhscdn.com/avatar/62cbab14e6231908bd07bfcf.jpg?imageView2/2/w/120/format/jpg,0,,68d83aa3000000000b025219,1763796406530,0
68d83aac000000000b016e25,1759001261000,,68d36e0c000000000e00c3f9,不好看啊[捂脸R],5c0958e8000000000501545e,小北,https://sns-avatar-qc.xhscdn.com/avatar/1040g2jo31ijl1oqu02004busllcegl2uoen79i8?imageView2/2/w/120/format/jpg,0,,68d7fcb4000000000a00ca71,1763796408757,0
68db8e370000000039009d93,1759219255000,,68d36e0c000000000e00c3f9,那你审美有待提升了兄弟,5e80163e0000000001009a29,又下雨了杜甫,https://sns-avatar-qc.xhscdn.com/avatar/6114728447d43b981e63419b.jpg?imageView2/2/w/120/format/jpg,0,,68d83aac000000000b016e25,1763796408761,12
68e45da00000000033027808,1759796640000,,68d36e0c000000000e00c3f9,p,5c694a2900000000110362a1,Two Rainbows,https://sns-avatar-qc.xhscdn.com/avatar/66c487e602d97e414b8458af.jpg?imageView2/2/w/120/format/jpg,0,,68d87c080000000004011125,1763796408771,0
68e5b0a00000000037013905,1759883425000,,68d36e0c000000000e00c3f9,可以买了，这个已经是大疆的二代了，第一代没在国内卖,5cd8a7c2000000001603d873,四月,https://sns-avatar-qc.xhscdn.com/avatar/5cd8a8aaaffb4f0001cb1ae8.jpg?imageView2/2/w/120/format/jpg,0,,68df08500000000033004c3c,1763796410780,43
68e138f9000000003901c94b,1759590649000,,68d36e0c000000000e00c3f9,好有道理的样子,605c7c870000000001009295,先照他心口窝踹上两脚再说,https://sns-avatar-qc.xhscdn.com/avatar/61bdf8e7f2e322f54df836dd.jpg?imageView2/2/w/120/format/jpg,0,,68df08500000000033004c3c,1763796410991,2
68e22e690000000033025338,1759653482000,,68d36e0c000000000e00c3f9,有道理 我也放个屁股,56571607b8c8b40deec253e2,俩桃🍑,https://sns-avatar-qc.xhscdn.com/avatar/1040g2jo31mcdbi1258004359amb0ekv2urkc010?imageView2/2/w/120/format/jpg,0,,68df08500000000033004c3c,1763796410997,0
68e51c93000000003801175c,1759845524000,,68d36e0c000000000e00c3f9,一样在等二代[doge],6335546a0000000018028394,许先森,https://sns-avatar-qc.xhscdn.com/avatar/529594cd91bbf4c43608131bf9134bdc.jpg?imageView2/2/w/120/format/jpg,0,,68df08500000000033004c3c,1763796411005,0
68e680c400000000380055a5,1759936709000,,68d36e0c000000000e00c3f9,哈？？？居然如此吗？,5c5982f50000000012017c79,艺安,https://sns-avatar-qc.xhscdn.com/avatar/1040g2jo31ept0l8266005n2pgbqkiv3p5fqjnpg?imageView2/2/w/120/format/jpg,0,,68e5b0a00000000037013905,1763796411013,2
68e8b75e00000000330202ce,1760081759000,,68d36e0c000000000e00c3f9,这个其实就是二代，一代研发了没上市直接内部毙了纯纯砸钱,5ad5c7f24eacab5bdf68e44d,.Mo.,https://sns-avatar-qc.xhscdn.com/avatar/1040g2jo315jn2bdc2o004a4jog3v5p2dot9kefo?imageView2/2/w/120/format/jpg,0,,68df08500000000033004c3c,1763796411018,17
68e8c9af000000003902e5b5,1760086447000,,68d36e0c000000000e00c3f9,哈哈哈哈,5f0b22050000000001001dca,木子十月,https://sns-avatar-qc.xhscdn.com/avatar/5f0b22050000000001001dca.jpg?imageView2/2/w/120/format/jpg,0,,68df08500000000033004c3c,1763796413294,0
68f1ff36000000003800d9e1,1760689975000,,68d36e0c000000000e00c3f9,为什么一代毙掉了啊,615c0479000000001f039b84,白泽咪,https://sns-avatar-qc.xhscdn.com/avatar/6280d37e0b95333bbea556bd.jpg?imageView2/2/w/120/format/jpg,0,,68e8b75e00000000330202ce,1763796413297,0
68f200400000000033023e56,1760690240000,,68d36e0c000000000e00c3f9,老板不满意，觉得产品比较普通，不想投入市场坏口碑[笑哭R],5ad5c7f24eacab5bdf68e44d,.Mo.,https://sns-avatar-qc.xhscdn.com/avatar/1040g2jo315jn2bdc2o004a4jog3v5p2dot9kefo?imageView2/2/w/120/format/jpg,0,,68f1ff36000000003800d9e1,1763796413308,8
68e8f1f0000000003902f4e4,1760096752000,,68d36e0c000000000e00c3f9,我想知道它能避开狗屎吗,566b80d34476081a3700a518,蕾璃,https://sns-avatar-qc.xhscdn.com/avatar/1040g2jo31eateofe0c0g441kr60d798ohr58kn8?imageView2/2/w/120/format/jpg,0,,68e8a8af000000003302107b,1763796415312,73
68e8cedb0000000038007731,1760087772000,,68d36e0c000000000e00c3f9,多少,5ccd77e1000000001700a58f,拜见榴莲包,https://sns-avatar-qc.xhscdn.com/avatar/1040g2jo31c0bhk5a0u005n6devglp9cfc53njn8?imageView2/2/w/120/format/jpg,0,,68e8a8af000000003302107b,1763796415545,0
68e8ece4000000003900703d,1760095460000,,68d36e0c000000000e00c3f9,好便宜啊,59c9fd7f51783a196d689dce,nomo,https://sns-avatar-qc.xhscdn.com/avatar/6569314347d8ee182d6b7b83.jpg?imageView2/2/w/120/format/jpg,0,,68e8cf0a000000003300d45b,1763796415549,1
68e8eeaf0000000033007f81,1760095919000,,68d36e0c000000000e00c3f9,@臭臭爹,56f556c984edcd731e3e6a7e,辣子鸡,https://sns-avatar-qc.xhscdn.com/avatar/63214aac829d62a16ebd495b.jpg?imageView2/2/w/120/format/jpg,0,,68e8cf0a000000003300d45b,1763796415556,0
68e8f3900000000033027baf,1760097169000,,68d36e0c000000000e00c3f9,能,67f7415a0000000004039af0,DJI大疆（深圳华强电子世界授权体验店）,https://sns-avatar-qc.xhscdn.com/avatar/1040g2jo31g3ef98600005pvn85d176ngfb1ffh8?imageView2/2/w/120/format/jpg,0,,68e8f1f0000000003902f4e4,1763796415561,4
68e903ab0000000039029a6b,1760101291000,,68d36e0c000000000e00c3f9,romo啥时候卖来日本所以…,597162a16a6a690a44ef065a,杭州胡女士,https://sns-avatar-qc.xhscdn.com/avatar/61a096943df8292369d0a7e2.jpg?imageView2/2/w/120/format/jpg,0,,68e8a8af000000003302107b,1763796415564,0
68e904a60000000033006125,1760101542000,,68d36e0c000000000e00c3f9,用的话可以切国内网络 就像您现在这样,67f7415a0000000004039af0,DJI大疆（深圳华强电子世界授权体验店）,https://sns-avatar-qc.xhscdn.com/avatar/1040g2jo31g3ef98600005pvn85d176ngfb1ffh8?imageView2/2/w/120/format/jpg,0,,68e903ab0000000039029a6b,1763796417823,0
68e9778a0000000037027cd9,1760130955000,,68d36e0c000000000e00c3f9,基础版片，下水多钱,58eb9bf46a6a694c8a3e786b,吃了没文化的亏,https://sns-avatar-qc.xhscdn.com/avatar/5f221a0c787b8300015d633a.jpg?imageView2/2/w/120/format/jpg,0,,68e8a8af000000003302107b,1763796417828,0
68e97fbb0000000033022f3e,1760133052000,,68d36e0c000000000e00c3f9,香港能用吗？好多品牌大陆版本都不让香港用,5a72a956e8ac2b5be363a8ea,Charlie_Brownie,https://sns-avatar-qc.xhscdn.com/avatar/5f8185863b41e50001fc0624.jpg?imageView2/2/w/120/format/jpg,0,,68e8a8af000000003302107b,1763796417837,1
68e9f829000000003803d940,1760163881000,,68d36e0c000000000e00c3f9,@@22a,597440bc6a6a6932a7ef0633,甜小吴（好运版,https://sns-avatar-qc.xhscdn.com/avatar/1040g2jo3153mipemh40g49ml080bo1hjqecghog?imageView2/2/w/120/format/jpg,0,,68e8cf0a000000003300d45b,1763796417845,0
68ea4129000000003803dc8a,1760182570000,,68d36e0c000000000e00c3f9,怎么买,5b14a28911be101f61cbdc17,毛毛虫🌈,https://sns-avatar-qc.xhscdn.com/avatar/61c1e6071969eac0e410924e.jpg?imageView2/2/w/120/format/jpg,0,,68e8a8af000000003302107b,1763796417852,0
68ea474e0000000039031e0a,1760184142000,,68d36e0c000000000e00c3f9,请问怎么买啊,5b4d5374e8ac2b0430caebbd,吧嗒🍉,https://sns-avatar-qc.xhscdn.com/avatar/6459f5c8e34c9430b6a823ac.jpg?imageView2/2/w/120/format/jpg,0,,68e8a8af000000003302107b,1763796420048,0
68ebbd9f000000003802d32d,1760279968000,,68d36e0c000000000e00c3f9,怎么买,5acf279ce8ac2b4d38f55243,Momo,https://sns-avatar-qc.xhscdn.com/avatar/1040g2jo31nis83iblm0g4a4fokjpoki3rrribo8?imageView2/2/w/120/format/jpg,0,,68e8a8af000000003302107b,1763796420053,0
68ebef980000000033006bf5,1760292761000,,68d36e0c000000000e00c3f9,童叟无欺,67f7415a0000000004039af0,DJI大疆（深圳华强电子世界授权体验店）,https://sns-avatar-qc.xhscdn.com/avatar/1040g2jo31g3ef98600005pvn85d176ngfb1ffh8?imageView2/2/w/120/format/jpg,0,,68ebdd37000000003902eb37,1763796420060,0
68ec8dc90000000039026b78,1760333258000,,68d36e0c000000000e00c3f9,@RRRRRRR,565729c7e00dd815f056985d,kkkkkkk,https://sns-avatar-qc.xhscdn.com/avatar/1000g2jo2o0anauck4000435anjksf62t9j3nt20?imageView2/2/w/120/format/jpg,0,,68e8cf0a000000003300d45b,1763796420065,0
68ede5ed0000000039002c90,1760421358000,,68d36e0c000000000e00c3f9,旗舰版，什么价？,59acfb0950c4b459d8dbe13b,momo,https://sns-avatar-qc.xhscdn.com/avatar/1040g2jo31jpcdsta300g49p7jhtgjo9r0u0vtdo?imageView2/2/w/120/format/jpg,0,,68e8a8af000000003302107b,1763796420073,0
68f050b5000000003300ff95,1760579765000,,68d36e0c000000000e00c3f9,多少钱。能用国补吗？,580df08482ec393eb5f34754,奶茶小公举,https://sns-avatar-qc.xhscdn.com/avatar/580df08482ec393eb5f34754.jpg?imageView2/2/w/120/format/jpg,0,,68e8a8af000000003302107b,1763796422271,0
68f0f01a0000000038016fcb,1760620570000,,68d36e0c000000000e00c3f9,透明的带水箱的多少,5d1730fd0000000016012fef, biubiubiu,https://sns-avatar-qc.xhscdn.com/avatar/5d1730fd0000000016012fef.jpg?imageView2/2/w/120/format/jpg,0,,68e8a8af000000003302107b,1763796422286,0
68f13cd400000000330250c7,1760640214000,,68d36e0c000000000e00c3f9,美国官网打完折1900刀 我昏倒,5ccdc2b1000000001200ee4f,一只烤地瓜,https://sns-avatar-qc.xhscdn.com/avatar/6218600e55cfaeeeba2ccc73.jpg?imageView2/2/w/120/format/jpg,0,http://sns-webpic-qc.xhscdn.com/202511221527/be140c7347d69a02d8ffec7ee14517c7/comment/1040g2h031nn8tephlm005n6doaokhrifktisilo!nd_whgt34_webp_wm_1,68e8a8af000000003302107b,1763796422302,0
68f13f990000000037013238,1760640921000,,68d36e0c000000000e00c3f9,我得吗,67f7415a0000000004039af0,DJI大疆（深圳华强电子世界授权体验店）,https://sns-avatar-qc.xhscdn.com/avatar/1040g2jo31g3ef98600005pvn85d176ngfb1ffh8?imageView2/2/w/120/format/jpg,0,,68f13cd400000000330250c7,1763796422326,0
68f1fdad0000000038029bc6,1760689581000,,68d36e0c000000000e00c3f9,我们家拖地机带着狗屎在客厅卧室“一路狂奔”,5acd56214eacab02f32ad08c,我是鱿鱼丝,https://sns-avatar-qc.xhscdn.com/avatar/1040g2jo317guk1jh4a004a4efcb23k4cckkfnro?imageView2/2/w/120/format/jpg,0,,68e8f1f0000000003902f4e4,1763796422357,2
68f1fe6a00000000390252e8,1760689770000,,68d36e0c000000000e00c3f9,[捂脸R]我们家买的科沃斯，也是一言难尽,566b80d34476081a3700a518,蕾璃,https://sns-avatar-qc.xhscdn.com/avatar/1040g2jo31eateofe0c0g441kr60d798ohr58kn8?imageView2/2/w/120/format/jpg,0,,68f1fdad0000000038029bc6,1763796424586,0
68f1feb8000000003803e159,1760689849000,,68d36e0c000000000e00c3f9,我现在下班回家看看有没有狗屎，然后才敢拖地,5acd56214eacab02f32ad08c,我是鱿鱼丝,https://sns-avatar-qc.xhscdn.com/avatar/1040g2jo317guk1jh4a004a4efcb23k4cckkfnro?imageView2/2/w/120/format/jpg,0,,68f1fe6a00000000390252e8,1763796424589,0
68f1fedf0000000039026ccf,1760689888000,,68d36e0c000000000e00c3f9,我也我也我也是！,566b80d34476081a3700a518,蕾璃,https://sns-avatar-qc.xhscdn.com/avatar/1040g2jo31eateofe0c0g441kr60d798ohr58kn8?imageView2/2/w/120/format/jpg,0,,68f1feb8000000003803e159,1763796424594,0
68f1ff530000000039000402,1760690003000,,68d36e0c000000000e00c3f9,😂，我们家狗乱尿，人不在家地不敢扫也不敢拖,5acd56214eacab02f32ad08c,我是鱿鱼丝,https://sns-avatar-qc.xhscdn.com/avatar/1040g2jo317guk1jh4a004a4efcb23k4cckkfnro?imageView2/2/w/120/format/jpg,0,,68f1fedf0000000039026ccf,1763796424599,0
68f1ffd60000000039033cbd,1760690135000,,68d36e0c000000000e00c3f9,我们家不会乱尿，给它准备了尿尿的盆。但是它随地大便，管它哪里，想拉就拉。不拉床上我非常欣慰了！,566b80d34476081a3700a518,蕾璃,https://sns-avatar-qc.xhscdn.com/avatar/1040g2jo31eateofe0c0g441kr60d798ohr58kn8?imageView2/2/w/120/format/jpg,0,,68f1ff530000000039000402,1763796424605,0
68f200a80000000038007f26,1760690345000,,68d36e0c000000000e00c3f9,你家是不是有好几只,5acd56214eacab02f32ad08c,我是鱿鱼丝,https://sns-avatar-qc.xhscdn.com/avatar/1040g2jo317guk1jh4a004a4efcb23k4cckkfnro?imageView2/2/w/120/format/jpg,0,,68f1ffd60000000039033cbd,1763796426812,0
68f2011a0000000039026e41,1760690459000,,68d36e0c000000000e00c3f9,俩～一只阿拉斯加一只雪纳瑞,566b80d34476081a3700a518,蕾璃,https://sns-avatar-qc.xhscdn.com/avatar/1040g2jo31eateofe0c0g441kr60d798ohr58kn8?imageView2/2/w/120/format/jpg,0,,68f200a80000000038007f26,1763796426816,0
68f2015b000000003800a0c5,1760690523000,,68d36e0c000000000e00c3f9,一天几遛？,5acd56214eacab02f32ad08c,我是鱿鱼丝,https://sns-avatar-qc.xhscdn.com/avatar/1040g2jo317guk1jh4a004a4efcb23k4cckkfnro?imageView2/2/w/120/format/jpg,0,,68f2011a0000000039026e41,1763796426824,0
68f21035000000003800b7a3,1760694326000,,68d36e0c000000000e00c3f9,我去看的都四五千[笑哭R]只有最低配的是3900,5e4a2f6f0000000001002982,长脚蚊子绿头苍蝇,https://sns-avatar-qc.xhscdn.com/avatar/1040g2jo31kohmg3h30605nia5tng8ac28e2433g?imageView2/2/w/120/format/jpg,0,,68e8ece4000000003900703d,1763796426829,0
68f2f65f00000000390270a8,1760753248000,,68d36e0c000000000e00c3f9,我们一天两次，小的在家里有准备尿尿的塑料垫子，下面铺的猫砂。,566b80d34476081a3700a518,蕾璃,https://sns-avatar-qc.xhscdn.com/avatar/1040g2jo31eateofe0c0g441kr60d798ohr58kn8?imageView2/2/w/120/format/jpg,0,,68f2015b000000003800a0c5,1763796426835,0
68f3aa5d0000000038011412,1760799325000,,68d36e0c000000000e00c3f9,锁区吗？,5b9356ef66a8a500013f8270,Ezio是个挑食鬼🐱,https://sns-avatar-qc.xhscdn.com/avatar/638dc5bc2dc71fb79d030bbc.jpg?imageView2/2/w/120/format/jpg,0,,68e8a8af000000003302107b,1763796429018,0
68f4a6d80000000038032850,1760863960000,,68d36e0c000000000e00c3f9,香港能用吗,5620d09633f60c18ccbb1cf8,roxy🤓,https://sns-avatar-qc.xhscdn.com/avatar/411309441983cdc4ce073ff8da73b5b6.jpg?imageView2/2/w/120/format/jpg,0,,68e8a8af000000003302107b,1763796429021,0
68f4b400000000003300c32e,1760867329000,,68d36e0c000000000e00c3f9,可以切换到大陆的网络,67f7415a0000000004039af0,DJI大疆（深圳华强电子世界授权体验店）,https://sns-avatar-qc.xhscdn.com/avatar/1040g2jo31g3ef98600005pvn85d176ngfb1ffh8?imageView2/2/w/120/format/jpg,0,,68f4a6d80000000038032850,1763796429028,0
6901903400000000390072fd,1761710133000,四川,68d36e0c000000000e00c3f9,不能做薄一点吗，想买都塞不进去[笑哭了R],5738632e50c4b4798a9573d7,观察日记,https://sns-avatar-qc.xhscdn.com/avatar/1040g2jo31hcbtsgi3o0048btvvhissun6t5b160?imageView2/2/w/120/format/jpg,0,,68e8a8af000000003302107b,1763796429034,0
690343820000000038010b82,1761821571000,广东,68d36e0c000000000e00c3f9,romo p上下水什么价呀,5cc3040d000000001001e007,mirror🐱,https://sns-avatar-qc.xhscdn.com/avatar/5e61f5e4492be100018f2e4a.jpg?imageView2/2/w/120/format/jpg,0,,68e8a8af000000003302107b,1763796429044,0
690e04000000000033023397,1762526209000,广东,68d36e0c000000000e00c3f9,我线下刚买4290,65ae1aa6000000001300b0d6,妮可🦄,https://sns-avatar-qc.xhscdn.com/avatar/1040g2jo31otdv43u1q005pde3aj4pc6mtsg27q8?imageView2/2/w/120/format/jpg,0,,68ebdd37000000003902eb37,1763796431278,0
690e04270000000037012093,1762526248000,广东,68d36e0c000000000e00c3f9,透明不用上下水的多少？,65ae1aa6000000001300b0d6,妮可🦄,https://sns-avatar-qc.xhscdn.com/avatar/1040g2jo31otdv43u1q005pde3aj4pc6mtsg27q8?imageView2/2/w/120/format/jpg,0,,68f4b400000000003300c32e,1763796431283,0
68e8cf0a000000003300d45b,1760087819000,,68d36e0c000000000e00c3f9,3000多起,67f7415a0000000004039af0,DJI大疆（深圳华强电子世界授权体验店）,https://sns-avatar-qc.xhscdn.com/avatar/1040g2jo31g3ef98600005pvn85d176ngfb1ffh8?imageView2/2/w/120/format/jpg,0,,68e8cedb0000000038007731,1763796431290,3
68ebd993000000003902f349,1760287123000,,68d36e0c000000000e00c3f9,请问Romo P双十一多少呢？[飞吻R],593bcd385e87e75c11242f01,贴贴🐶,https://sns-avatar-qc.xhscdn.com/avatar/638af74c252b5cd75aa33710.jpg?imageView2/2/w/120/format/jpg,0,,68e8a8af000000003302107b,1763796431293,0
68ebdbeb000000003302752b,1760287724000,,68d36e0c000000000e00c3f9,3000多基本款,67f7415a0000000004039af0,DJI大疆（深圳华强电子世界授权体验店）,https://sns-avatar-qc.xhscdn.com/avatar/1040g2jo31g3ef98600005pvn85d176ngfb1ffh8?imageView2/2/w/120/format/jpg,0,,68ebd993000000003902f349,1763796431297,0
68ebdd37000000003902eb37,1760288055000,,68d36e0c000000000e00c3f9,真的吗？就是博主发的这个，我看京东国补后是4700多,593bcd385e87e75c11242f01,贴贴🐶,https://sns-avatar-qc.xhscdn.com/avatar/638af74c252b5cd75aa33710.jpg?imageView2/2/w/120/format/jpg,0,,68ebdbeb000000003302752b,1763796433488,0
68f08533000000003300c461,1760593203000,,68d36e0c000000000e00c3f9,可以,67f7415a0000000004039af0,DJI大疆（深圳华强电子世界授权体验店）,https://sns-avatar-qc.xhscdn.com/avatar/1040g2jo31g3ef98600005pvn85d176ngfb1ffh8?imageView2/2/w/120/format/jpg,0,,68f050b5000000003300ff95,1763796433492,0
690e1307000000003302184e,1762530056000,广东,68d36e0c000000000e00c3f9,4298还有超多赠品,67f7415a0000000004039af0,DJI大疆（深圳华强电子世界授权体验店）,https://sns-avatar-qc.xhscdn.com/avatar/1040g2jo31g3ef98600005pvn85d176ngfb1ffh8?imageView2/2/w/120/format/jpg,0,,690e04270000000037012093,1763796433497,0
690e131c000000003300da08,1762530077000,广东,68d36e0c000000000e00c3f9,4298还有超多赠品,67f7415a0000000004039af0,DJI大疆（深圳华强电子世界授权体验店）,https://sns-avatar-qc.xhscdn.com/avatar/1040g2jo31g3ef98600005pvn85d176ngfb1ffh8?imageView2/2/w/120/format/jpg,0,,690e04270000000037012093,1763796433504,0
68e3d58000000000390210b2,1759761793000,,68d36e0c000000000e00c3f9,清洁力怎么样啊请问,6052a988000000000100149f,小白不太白o,https://sns-avatar-qc.xhscdn.com/avatar/1040g2jo31hhjr70tj4005o2il640854v6unuon0?imageView2/2/w/120/format/jpg,0,,68dbe5590000000033007c65,1763796435514,1
68e90f51000000003802ee7b,1760104273000,,68d36e0c000000000e00c3f9,同问，清洁咋样？哪里入手,65969db000000000220080ef,小于（许嵩看过3次版）,https://sns-avatar-qc.xhscdn.com/avatar/1040g2jo31fsuah060idg5pcmjmo8h07fo80u96o?imageView2/2/w/120/format/jpg,0,,68e3d58000000000390210b2,1763796435724,0
68e913140000000038005e40,1760105237000,,68d36e0c000000000e00c3f9,很不错,5c0958e8000000000501545e,小北,https://sns-avatar-qc.xhscdn.com/avatar/1040g2jo31ijl1oqu02004busllcegl2uoen79i8?imageView2/2/w/120/format/jpg,0,,68e90f51000000003802ee7b,1763796435726,0
68e9166c000000003800d126,1760106093000,,68d36e0c000000000e00c3f9,在哪里入手的,65969db000000000220080ef,小于（许嵩看过3次版）,https://sns-avatar-qc.xhscdn.com/avatar/1040g2jo31fsuah060idg5pcmjmo8h07fo80u96o?imageView2/2/w/120/format/jpg,0,,68e913140000000038005e40,1763796435733,0
68e9aeeb000000003901df75,1760145132000,,68d36e0c000000000e00c3f9,我买了 还可以 门店去买的,6052a988000000000100149f,小白不太白o,https://sns-avatar-qc.xhscdn.com/avatar/1040g2jo31hhjr70tj4005o2il640854v6unuon0?imageView2/2/w/120/format/jpg,0,,68e90f51000000003802ee7b,1763796435738,1
68e9bb21000000003803c1b8,1760148258000,,68d36e0c000000000e00c3f9,我再等等吧，家里石头现在还可以,65969db000000000220080ef,小于（许嵩看过3次版）,https://sns-avatar-qc.xhscdn.com/avatar/1040g2jo31fsuah060idg5pcmjmo8h07fo80u96o?imageView2/2/w/120/format/jpg,0,,68e9aeeb000000003901df75,1763796435742,2
68e9c818000000003802f408,1760151576000,,68d36e0c000000000e00c3f9,我觉得清洁力有点一般[笑哭R]但是确实没啥噪音，避障好,5a583fb3e8ac2b472bbf982a,胡萝卜是个姑娘啊啊啊,https://sns-avatar-qc.xhscdn.com/avatar/5a583ff1b46c5d61ae1311b4.jpg?imageView2/2/w/120/format/jpg,0,,68e90f51000000003802ee7b,1763796437930,0
68e9e220000000003800bde9,1760158240000,,68d36e0c000000000e00c3f9,我在纠结留不留石头，用了两天，感觉还行,65969db000000000220080ef,小于（许嵩看过3次版）,https://sns-avatar-qc.xhscdn.com/avatar/1040g2jo31fsuah060idg5pcmjmo8h07fo80u96o?imageView2/2/w/120/format/jpg,0,,68e9c818000000003802f408,1763796437942,0
68e9e5ae0000000038007f73,1760159151000,,68d36e0c000000000e00c3f9,我当时纠结了，但是大疆的美貌赢了[笑哭R],5a583fb3e8ac2b472bbf982a,胡萝卜是个姑娘啊啊啊,https://sns-avatar-qc.xhscdn.com/avatar/5a583ff1b46c5d61ae1311b4.jpg?imageView2/2/w/120/format/jpg,0,,68e9e220000000003800bde9,1763796437947,0
68ea12a60000000038004f45,1760170663000,,68d36e0c000000000e00c3f9,刷到了好多他的避雷贴，实在不行我再等等吧,65969db000000000220080ef,小于（许嵩看过3次版）,https://sns-avatar-qc.xhscdn.com/avatar/1040g2jo31fsuah060idg5pcmjmo8h07fo80u96o?imageView2/2/w/120/format/jpg,0,,68e9e5ae0000000038007f73,1763796437958,1
68ebd44c000000003800d6ec,1760285773000,,68d36e0c000000000e00c3f9,会卡毛吗（我家三只毛有点严重[皱眉R]小米半年就挂了,5b6ab030d9803c00012d1b0d,LLL,https://sns-avatar-qc.xhscdn.com/avatar/1040g2jo31bcpmj41g2004ab3q7o306odh768jeg?imageView2/2/w/120/format/jpg,0,,68dbe5590000000033007c65,1763796437962,0
68ec663c0000000033021696,1760323132000,,68d36e0c000000000e00c3f9,我家是比熊和法斗，没有卡毛问题～,56341d53e00dd8103b8c268b,菠萝,https://sns-avatar-qc.xhscdn.com/avatar/64f0181cb99bc862bf6b2ea6.jpg?imageView2/2/w/120/format/jpg,0,,68ebd44c000000003800d6ec,1763796440146,0
68f734340000000039022162,1761031221000,,68d36e0c000000000e00c3f9,听说他耗材很快，一年差不多一千多，请问是不是呀,62f3813b000000001f004915,圆圆是只小灰桃,https://sns-avatar-qc.xhscdn.com/avatar/645dc6531b0ee4025dc48fb3.jpg?imageView2/2/w/120/format/jpg,0,,68dbe5590000000033007c65,1763796440150,0
68f87e060000000039029efd,1761115654000,,68d36e0c000000000e00c3f9,划地板不,57e5fd8b82ec39367dc457f4,甜芒,https://sns-avatar-qc.xhscdn.com/avatar/66f58a3ac9d260e9846d2ac3.jpg?imageView2/2/w/120/format/jpg,0,,68dbe5590000000033007c65,1763796440157,0
68f8ad980000000033021781,1761127833000,,68d36e0c000000000e00c3f9,不划,56341d53e00dd8103b8c268b,菠萝,https://sns-avatar-qc.xhscdn.com/avatar/64f0181cb99bc862bf6b2ea6.jpg?imageView2/2/w/120/format/jpg,0,,68f87e060000000039029efd,1763796440162,0
68fa48bf00000000370255d6,1761233088000,江苏,68d36e0c000000000e00c3f9,石头哪款呀,5acc771c4eacab71e0cf7582,吃汤圆不吐汤圆皮,https://sns-avatar-qc.xhscdn.com/avatar/1040g2jo3175736je446g4a4dsarhotc2trn0ndo?imageView2/2/w/120/format/jpg,0,,68e9bb21000000003803c1b8,1763796440173,0
68edb21a000000003802adb6,1760408090000,,68d36e0c000000000e00c3f9,我也是刷到大疆避障智障贴给我劝退了[捂脸R]买回石头了起码它能躲开猫狗[捂脸R],550943162e1d931936623d8b,momo,https://sns-avatar-qc.xhscdn.com/avatar/1040g2jo31hcjf6s03q204079u41hcfcbrf3ul20?imageView2/2/w/120/format/jpg,0,,68ea12a60000000038004f45,1763796442353,0
68ea3f7c0000000038013edc,1760182141000,,68d36e0c000000000e00c3f9,为啥当妈的总是最累最辛苦 应该是给家里买一台 希望别把家务总留给妈妈吧 不好意思 偏题了[抱拳R][抱拳R],58ec82106a6a6938cd309b4f,吃素的喵,https://sns-avatar-qc.xhscdn.com/avatar/642bbc625f098f6d8cb6533a.jpg?imageView2/2/w/120/format/jpg,0,,68e9ba65000000003902477b,1763796444360,74
68ea0abf000000003902199c,1760168639000,,68d36e0c000000000e00c3f9,石头p20p[点赞R]我买了一台给家里，我爸都说好[点赞R],6493b25a000000001001d210,Aaaay,https://sns-avatar-qc.xhscdn.com/avatar/1040g2jo31dafhbn3ge605p4jm9d43kgg2u782hg?imageView2/2/w/120/format/jpg,0,,68e9ba65000000003902477b,1763796444649,0
68ea1fb000000000390256a9,1760174001000,,68d36e0c000000000e00c3f9,尊滴吗！我去搜搜[飞吻R]我想的价位是在5-6千块捏,6395699b0000000026013e68,凉菜不凉,https://sns-avatar-qc.xhscdn.com/avatar/1040g2jo311buckeo6e6g5osld6dpifj8jrk0kto?imageView2/2/w/120/format/jpg,0,,68ea0abf000000003902199c,1763796444652,1
68ea1fc50000000039020260,1760174022000,,68d36e0c000000000e00c3f9,一半就够了[害羞R],6493b25a000000001001d210,Aaaay,https://sns-avatar-qc.xhscdn.com/avatar/1040g2jo31dafhbn3ge605p4jm9d43kgg2u782hg?imageView2/2/w/120/format/jpg,0,,68ea1fb000000000390256a9,1763796444658,0
68ea201d000000003902fb98,1760174109000,,68d36e0c000000000e00c3f9,真的，不骗你，我刚买回家我爸说我那个垃圾回来，用了之后我爸爸夸好几次了，说光脚走在地板上都觉得地板很干净，就像碗洗干净那种紧巴巴的感觉，你懂吧[萌萌哒R],6493b25a000000001001d210,Aaaay,https://sns-avatar-qc.xhscdn.com/avatar/1040g2jo31dafhbn3ge605p4jm9d43kgg2u782hg?imageView2/2/w/120/format/jpg,0,,68ea1fb000000000390256a9,1763796444662,3
68eb2a860000000033027fa6,1760242310000,,68d36e0c000000000e00c3f9,是这个道理[点赞R]给妈妈买一台这个表述还是不太好,5e299afe000000000100ae10,厚切猴面包_,https://sns-avatar-qc.xhscdn.com/avatar/1040g2jo31f7lpo366o0g5nh9jbv09bggppvoiig?imageView2/2/w/120/format/jpg,0,,68ea3f7c0000000038013edc,1763796444666,4
68edab9a000000003802ca3f,1760406427000,,68d36e0c000000000e00c3f9,你好优秀呀[点赞R],62b2f8fd000000001b024eed,桑麻君,https://sns-avatar-qc.xhscdn.com/avatar/62b2f8fd000000001b024eed.jpg?imageView2/2/w/120/format/jpg,0,,68e9ba65000000003902477b,1763796446883,0
68f19b9e0000000033027fed,1760664479000,,68d36e0c000000000e00c3f9,这种买一套给妈妈 既说明过去一直是妈妈在做家务，又说明默认了妈妈做家务，妈妈挺惨的哈哈。,5edf9d8d00000000010067f0,Astra,https://sns-avatar-qc.xhscdn.com/avatar/1040g2jo31otkc2381o0g5nmvjm6g8pvgp48d810?imageView2/2/w/120/format/jpg,0,,68ea3f7c0000000038013edc,1763796446895,7
68f1a8af0000000038026e36,1760667824000,,68d36e0c000000000e00c3f9,[笑哭R][笑哭R]是呀,58ec82106a6a6938cd309b4f,吃素的喵,https://sns-avatar-qc.xhscdn.com/avatar/642bbc625f098f6d8cb6533a.jpg?imageView2/2/w/120/format/jpg,0,,68f19b9e0000000033027fed,1763796446917,0
68f1c4e00000000039001a18,1760675041000,,68d36e0c000000000e00c3f9,别听评论区的～有心就够了 无论怎么样你都在帮家里分担[皱眉R],5b61c76c68d7910001d66237,Cynthia,https://sns-avatar-qc.xhscdn.com/avatar/1040g2jo31o74cng5g6004a81o13moohn8q9vr7o?imageView2/2/w/120/format/jpg,0,,68e9ba65000000003902477b,1763796446929,14
68f1fc5f000000003902010b,1760689247000,,68d36e0c000000000e00c3f9,楼主可能是单亲家庭呗，按照一般的语言运用习惯完整家庭的孩子很少有人会说“给妈妈买”，一般都说“给家里买”,66e00836000000001d03236b,沙笔吧沃曹,https://sns-avatar-qc.xhscdn.com/avatar/1040g2jo31ndid9atl0005pn010r7e8rbdbu1ql0?imageView2/2/w/120/format/jpg,0,,68ea3f7c0000000038013edc,1763796446932,2
690400e50000000038017ad9,1761870053000,北京,68d36e0c000000000e00c3f9,肯定是因为家里都是妈妈做家务啊，不是不说就能改变妈妈做家务这个事实,5debbe4e000000000100bd0e,图图。,https://sns-avatar-qc.xhscdn.com/avatar/5debbe6dbc0fed0001742eba.jpg?imageView2/2/w/120/format/jpg,0,,68ea3f7c0000000038013edc,1763796449105,0
69040127000000003900a054,1761870120000,北京,68d36e0c000000000e00c3f9,并没有觉得，70左右以上的父母，爸爸做家务的很少吧,5debbe4e000000000100bd0e,图图。,https://sns-avatar-qc.xhscdn.com/avatar/5debbe6dbc0fed0001742eba.jpg?imageView2/2/w/120/format/jpg,0,,68f1fc5f000000003902010b,1763796449109,0
68eb2d5b0000000039008f56,1760243035000,,68d36e0c000000000e00c3f9,不好意思 我是觉得光女性做家务太辛苦了[大笑R],58ec82106a6a6938cd309b4f,吃素的喵,https://sns-avatar-qc.xhscdn.com/avatar/642bbc625f098f6d8cb6533a.jpg?imageView2/2/w/120/format/jpg,0,,68eb2a860000000033027fa6,1763796449116,3
68fe9c270000000033021fd1,1761516583000,安徽,68d36e0c000000000e00c3f9,我觉得不了解人家家庭状况就这么说挺冒犯的[叹气R],673b1346000000001c019aab,吉吉国王,https://sns-avatar-qc.xhscdn.com/avatar/645b802027c6616ef4dc0b4a.jpg?imageView2/2/w/120/format/jpg,0,,68f1fc5f000000003902010b,1763796449121,1
68fe9c8800000000370266b1,1761516680000,安徽,68d36e0c000000000e00c3f9,不了解人家家庭就这样说其实挺冒犯的,673b1346000000001c019aab,吉吉国王,https://sns-avatar-qc.xhscdn.com/avatar/645b802027c6616ef4dc0b4a.jpg?imageView2/2/w/120/format/jpg,0,,68eb2a860000000033027fa6,1763796449131,1
68e751d400000000390062ff,1759990229000,,68d36e0c000000000e00c3f9,蹲下大家的回复我也想知道,59b64ecd50c4b40f0f4126d1,少挖鼻孔,https://sns-avatar-qc.xhscdn.com/avatar/1040g2jo31gbf9c1rjo0049pk8u7cq9mhtn4bir8?imageView2/2/w/120/format/jpg,0,,68e34c740000000039020575,1763796451139,2
68e7d40f000000003901f5c1,1760023567000,,68d36e0c000000000e00c3f9,同蹲大家的回复，想给爸妈买一台,5f720171000000000101d459,七七叭叭,https://sns-avatar-qc.xhscdn.com/avatar/5f72019cdc09f50001d8a267.jpg?imageView2/2/w/120/format/jpg,0,,68e34c740000000039020575,1763796451443,1
68e9bedf0000000039023f64,1760149215000,,68d36e0c000000000e00c3f9,石头避雷 我就是用的石头 噪音巨大 客厅打扫卫生 卧室关门都能听到,5b22596611be106231f09ce3,小胖吃的多啊啊,https://sns-avatar-qc.xhscdn.com/avatar/645b08e102c16c941e0bc359.jpg?imageView2/2/w/120/format/jpg,0,,68e34c740000000039020575,1763796451446,1
68e9bfc60000000039024ad3,1760149447000,,68d36e0c000000000e00c3f9,[笑哭R]啊，我现在就用的石头，除非扫地的时候调到最大吸力，其他时候声音还能接受，我就是这台用了挺久了想换一台新的,5a1514974eacab0cb15c37c0,子不语,https://sns-avatar-qc.xhscdn.com/avatar/1040g2jo31eeph4s1h65g49vouqa9edu0tinpc1g?imageView2/2/w/120/format/jpg,0,,68e9bedf0000000039023f64,1763796451456,1
68e9c028000000003901e986,1760149545000,,68d36e0c000000000e00c3f9,好吧 我买来用了一个礼拜 然后想退 不给退了[笑哭R] 而且我家有宠物 要三四天清理一下石头 不清理的话就会臭[笑哭R],5b22596611be106231f09ce3,小胖吃的多啊啊,https://sns-avatar-qc.xhscdn.com/avatar/645b08e102c16c941e0bc359.jpg?imageView2/2/w/120/format/jpg,0,,68e9bfc60000000039024ad3,1763796451460,0
68f132a60000000039022419,1760637607000,,68d36e0c000000000e00c3f9,我家养狗，只要没有拖到狗屎，一直都没臭过，开强力扫拖声音会大，但是一般都是白天打扫也无所谓，干净就行了，可以过地毯和厨房轨道。用了几个月了，体验感还是很不错的,59e5f8f411be10557fec0a40,商忙忙,https://sns-avatar-qc.xhscdn.com/avatar/1040g2jo31a00go446q0g49uk09sf82i09b3h1bg?imageView2/2/w/120/format/jpg,0,,68e34c740000000039020575,1763796451472,0
68f218890000000033024bcd,1760696457000,,68d36e0c000000000e00c3f9,请问是哪个款呢,624adf1f000000001000b2c9,脑花好食,https://sns-avatar-qc.xhscdn.com/avatar/1040g2jo31eb6571a0m5g5oiarsfk1cm9fdbujq0?imageView2/2/w/120/format/jpg,0,,68e9bfc60000000039024ad3,1763796453707,0
68f2299b0000000039029cc5,1760700827000,,68d36e0c000000000e00c3f9,你说我现在用的这款吗？G10好几年了,5a1514974eacab0cb15c37c0,子不语,https://sns-avatar-qc.xhscdn.com/avatar/1040g2jo31eeph4s1h65g49vouqa9edu0tinpc1g?imageView2/2/w/120/format/jpg,0,,68f218890000000033024bcd,1763796453713,0
68f48d37000000003902bdac,1760857401000,,68d36e0c000000000e00c3f9,我觉得挺好、但扫拖都挺好、但我一般出门才开机器、因为我都会开最大马力 、声音确实大、安静模式很温柔声音也小。,597b8a1050c4b40294e38ba7,yojoyo,https://sns-avatar-qc.xhscdn.com/avatar/1040g2jo314lpddbplq0049n0g95112t7jnmp908?imageView2/2/w/120/format/jpg,0,http://sns-webpic-qc.xhscdn.com/202511221527/fabaf2e1716587353270fdbeff5c6194/comment/1040g2h031nqgff1d4u0049n0g95112t7r231gl0!nd_whgt34_webp_wm_1,68e34c740000000039020575,1763796453722,0
6904139800000000330267b6,1761874840000,四川,68d36e0c000000000e00c3f9,石头刮花瓷砖，家里的砖已经花了,60f8ea730000000001009a90,沉沦,https://sns-avatar-qc.xhscdn.com/avatar/645daa65c630ddf17c187de1.jpg?imageView2/2/w/120/format/jpg,0,,68e34c740000000039020575,1763796453730,0
6902093e000000003902085d,1761741118000,广东,68d36e0c000000000e00c3f9,"我觉得是，具体看你自己家使用怎么样了
",63d8cd1c00000000260120dd,米米蛀牙牙,https://sns-avatar-qc.xhscdn.com/avatar/1040g2jo31nubngpd6g0g5q6pttj8coa22iieqpo?imageView2/2/w/120/format/jpg,0,,68e34c740000000039020575,1763796453741,6
69004d5a0000000038027181,1761627483000,山东,68d36e0c000000000e00c3f9,锁电池啥意思？我5月份买的，还在用,5acc55cde8ac2b7a7c641fca,keleiyun,https://sns-avatar-qc.xhscdn.com/avatar/be4e54a984a21be925a215a08fb36c8b.jpg?imageView2/2/w/120/format/jpg,0,,68ff696b000000003902ba61,1763796455749,2
6900e4a00000000038030da8,1761666209000,安徽,68d36e0c000000000e00c3f9,过保后差不多电池也不行了，为了防止💥？然后他给你锁电池，你充不进去电，只能去售后，但因为你过保了，所以就要花钱去换，了解他们的手法了吧，就很恶心,59d635e044363b6ca52f1a99,黑哥的语言是不通的,https://sns-avatar-qc.xhscdn.com/avatar/1040g2jo31ngi2gl8l80049s7f6qu06kpb5v9038?imageView2/2/w/120/format/jpg,0,,69004d5a0000000038027181,1763796455949,4
690154e70000000038004a7e,1761694951000,山东,68d36e0c000000000e00c3f9,那也就是说我就只能在保修期内使用了？确实很恶心啊[捂脸R]故障好多，保修期好像就一年吧？还没有延保服务,5acc55cde8ac2b7a7c641fca,keleiyun,https://sns-avatar-qc.xhscdn.com/avatar/be4e54a984a21be925a215a08fb36c8b.jpg?imageView2/2/w/120/format/jpg,0,,6900e4a00000000038030da8,1763796456001,0
69038dc4000000003302201b,1761840580000,浙江,68d36e0c000000000e00c3f9,[失望R]为啥我用了这么久还没锁，19年买的还在用，没坏就没换。,59f8dbc24eacab28fc4d3c9c,家有小冒泡,https://sns-avatar-qc.xhscdn.com/avatar/612b04402ff7056181fb267c.jpg?imageView2/2/w/120/format/jpg,0,,690154e70000000038004a7e,1763796456019,0
6903ef1a000000003802fefb,1761865498000,山东,68d36e0c000000000e00c3f9,型号的原因？我有个同事家也是用了七八年了，一直正常。可能近几年买的才这样？[笑哭R]不懂，用用看。听说这个锁电池以后，我提高了使用频率，本来三天一扫拖改成两天一扫拖了[捂脸R],5acc55cde8ac2b7a7c641fca,keleiyun,https://sns-avatar-qc.xhscdn.com/avatar/be4e54a984a21be925a215a08fb36c8b.jpg?imageView2/2/w/120/format/jpg,0,,69038dc4000000003302201b,1763796456045,0
6905a1020000000033022e5b,1761976579000,江苏,68d36e0c000000000e00c3f9,真的是这样，我买的一代，过保后2个月电池就坏了，真的不行,5572da4e484fb614c148e4ff,是顾顾啊～,https://sns-avatar-qc.xhscdn.com/avatar/1040g2jo30ruel22d2o7040otiod4tp7v8sbsvr8?imageView2/2/w/120/format/jpg,0,,69004d5a0000000038027181,1763796456073,0
690ca4650000000039001478,1762436198000,山东,68d36e0c000000000e00c3f9,哎，可惜已经入坑了，也改变不了啥了，只能说以后换的时候不选它了[捂脸R]我这个买了6个月，已经换过一次，返厂一次，主板坏过了，履带那个杆断过了，故障率确实挺高的[捂脸R]估计过保以后会更频繁，还没有延保可以买……唉！,5acc55cde8ac2b7a7c641fca,keleiyun,https://sns-avatar-qc.xhscdn.com/avatar/be4e54a984a21be925a215a08fb36c8b.jpg?imageView2/2/w/120/format/jpg,0,,6905a1020000000033022e5b,1763796458334,0
690d4914000000003300f1ea,1762478357000,江苏,68d36e0c000000000e00c3f9,买的J1，充不进电，量电池包总电压为0，但拆开电池包量每节电池电压都是3.9伏，有电，因该是被锁了，网上买了电池，量电池包电压14.6，插上扫地机器人，灯闪了一下，再拆下来量，电压为0，又被锁了，所以别想着换电池了，浪费了一百多,667f9bfd00000000030339b5,xp平凡,https://sns-avatar-qc.xhscdn.com/avatar/645b7e90e29f7d0acadad8aa.jpg?imageView2/2/w/120/format/jpg,0,,68ff696b000000003902ba61,1763796458343,0
69019f7f0000000039025d1a,1761714048000,湖北,68d36e0c000000000e00c3f9,这。。。。,5a4b96c94eacab59d4a3e047,hh🦋,https://sns-avatar-qc.xhscdn.com/avatar/1040g2jo31b8lh7namo004a0kg6bcjo27qkja1qg?imageView2/2/w/120/format/jpg,0,,68ff696b000000003902ba61,1763796458357,0
68ef80a70000000038024406,1760526503000,,68d36e0c000000000e00c3f9,把追觅退了买其他任何一个品牌都可以[微笑R]追觅会后悔,5e72522c00000000010086df,GraceBopp,https://sns-avatar-qc.xhscdn.com/avatar/1040g2jo30vtigkh2lu005njia8m091mvlfllr7o?imageView2/2/w/120/format/jpg,0,,68eb6456000000003800de3b,1763796460365,1
68ef80e2000000003802f144,1760526563000,,68d36e0c000000000e00c3f9,[微笑R]咋办啊，盒子都扔了，还觉得自己收拾干净家里很开心,5884378d7fc5b80a8c0ac351,逗号,https://sns-avatar-qc.xhscdn.com/avatar/1040g2jo310mem8hamg00492inbrorgqhtf83bf8?imageView2/2/w/120/format/jpg,0,,68ef80a70000000038024406,1763796460615,0
68ef8723000000003801297d,1760528163000,,68d36e0c000000000e00c3f9,我只能说七天无理由想办法退了吧（来自被追觅洗地机扫地机器人折磨了几年的人的劝导,5e72522c00000000010086df,GraceBopp,https://sns-avatar-qc.xhscdn.com/avatar/1040g2jo30vtigkh2lu005njia8m091mvlfllr7o?imageView2/2/w/120/format/jpg,0,,68ef80e2000000003802f144,1763796460618,0
68efa0110000000039004e9a,1760534546000,,68d36e0c000000000e00c3f9,那也不是7天了，我还没装修好就买了，那时候着急赶着国补,5884378d7fc5b80a8c0ac351,逗号,https://sns-avatar-qc.xhscdn.com/avatar/1040g2jo310mem8hamg00492inbrorgqhtf83bf8?imageView2/2/w/120/format/jpg,0,,68ef8723000000003801297d,1763796460624,0
68efa0900000000039001391,1760534673000,,68d36e0c000000000e00c3f9,哎[捂脸R],5e72522c00000000010086df,GraceBopp,https://sns-avatar-qc.xhscdn.com/avatar/1040g2jo30vtigkh2lu005njia8m091mvlfllr7o?imageView2/2/w/120/format/jpg,0,,68efa0110000000039004e9a,1763796460629,0
68f1a29d0000000032003ad6,1760666270000,,68d36e0c000000000e00c3f9,真的别买追觅，很烂，买的都退了，售后还差,5c696b2f0000000011004f77,蛋挞,https://sns-avatar-qc.xhscdn.com/avatar/1040g2jo319sobj0p7i005n39dcnk8jrnaof7pmo?imageView2/2/w/120/format/jpg,0,,68eb6456000000003800de3b,1763796460643,0
68f21d730000000038009de6,1760697716000,,68d36e0c000000000e00c3f9,[哭惹R][哭惹R][哭惹R][哭惹R],5884378d7fc5b80a8c0ac351,逗号,https://sns-avatar-qc.xhscdn.com/avatar/1040g2jo310mem8hamg00492inbrorgqhtf83bf8?imageView2/2/w/120/format/jpg,0,,68f1a29d0000000032003ad6,1763796462822,0
68ed1f600000000037024fb2,1760370529000,,68d36e0c000000000e00c3f9,退[飞吻R],5ed26ea2000000000101f668,滨江有房出租,https://sns-avatar-qc.xhscdn.com/avatar/60792eefa5d0267d91e2caa0.jpg?imageView2/2/w/120/format/jpg,0,,68eb6456000000003800de3b,1763796462827,1
6901a43c0000000039026bbf,1761715260000,江苏,68d36e0c000000000e00c3f9,换,5d19cff4000000001601cba8,ST SDE,https://sns-avatar-qc.xhscdn.com/avatar/5f34247f78a07800018f9036.jpg?imageView2/2/w/120/format/jpg,0,,69019ef10000000033004686,1763796464840,0
6901a45200000000390282e9,1761715283000,江苏,68d36e0c000000000e00c3f9,到时候估计三代也出来了,5d19cff4000000001601cba8,ST SDE,https://sns-avatar-qc.xhscdn.com/avatar/5f34247f78a07800018f9036.jpg?imageView2/2/w/120/format/jpg,0,,69019ef10000000033004686,1763796465131,0
690209fe00000000330246ca,1761741311000,山东,68d36e0c000000000e00c3f9,包换的,5bd68734a31c0d0001c7dc8c,喵喵,https://sns-avatar-qc.xhscdn.com/avatar/1040g2jo31no15850l80g4bru6fr90l4r8v0ffcg?imageView2/2/w/120/format/jpg,0,,69019ef10000000033004686,1763796465134,0
690ad229000000003901e621,1762316842000,湖北,6900b236000000000700ac85,会不会有些贵呀，价格这些会友好的么[害羞R],5b7a97434d5c2f0001842a71,花7,https://sns-avatar-qc.xhscdn.com/avatar/1040g2jo31bv1i32d12604ah3qbbk6ajh7mh0skg?imageView2/2/w/120/format/jpg,6,,0,1763796469431,0
6902b55f0000000039001703,1761785184000,浙江,6900b236000000000700ac85,最近挑选已经眼花缭乱了,621a1b620000000002021ae3,小宋,https://sns-avatar-qc.xhscdn.com/avatar/63f43542d27b886b4408d25c.jpg?imageView2/2/w/120/format/jpg,6,,0,1763796469435,0
690f0d4800000000390331a1,1762594120000,山东,6900b236000000000700ac85,工作的效率是怎么样的，售后服务怎么样,63efb5da000000000f013bca,家住春日部,https://sns-avatar-qc.xhscdn.com/avatar/1040g2jo31ij7klb3026g5ovfmnd3qeuasmfkh98?imageView2/2/w/120/format/jpg,4,,0,1763796469442,0
690f23d80000000037013f2a,1762599897000,重庆,6900b236000000000700ac85,有宠物的家庭推荐养吗，会不会黏毛呀,65071c1f0000000002013e3f,伤心白,https://sns-avatar-qc.xhscdn.com/avatar/1040g2jo31n4pqh966m6g5p873gfgifhve7uvslg?imageView2/2/w/120/format/jpg,3,,0,1763796469449,0
690236e5000000003800b60f,1761752805000,中国,6900b236000000000700ac85,这个是什么价位呀 符合大众消费吗,6856b14c000000001e00706f,小小酥,https://sns-avatar-qc.xhscdn.com/avatar/1040g2jo31kh9rg73j05g5q2mm567gs3fh4iin5o?imageView2/2/w/120/format/jpg,3,,0,1763796469456,0
6901c415000000003800cc53,1761723413000,湖南,6900b236000000000700ac85,犄角旮旯的地方能扫到吗,669b770f000000002402223c,十月,https://sns-avatar-qc.xhscdn.com/avatar/1040g2jo31g16q50c026g5pkres7p48hsqst3l78?imageView2/2/w/120/format/jpg,3,,0,1763796469465,0
690f16a60000000039020cec,1762596519000,山东,6900b236000000000700ac85,噪音会不会很大啊？享不享受国补活动啊,6294dc9a000000001501c5d4,奶酪,https://sns-avatar-qc.xhscdn.com/avatar/6407d9841824e81451ba6b20.jpg?imageView2/2/w/120/format/jpg,2,,0,1763796469478,0
690f15bb0000000039007408,1762596284000,河南,6900b236000000000700ac85,清洁效果是怎么样的呢 续航功能好不好哦[赞R],68a9332a0000000019015d9c,小苹果,https://sns-avatar-qc.xhscdn.com/avatar/1040g2jo31lgtp1io5i005q596cl6ancs4s9j9b0?imageView2/2/w/120/format/jpg,2,,0,1763796469488,0
690b76890000000037010416,1762358922000,广东,6900b236000000000700ac85,使用时间久了会不会有异味呀？,68454353000000001d015a97,吃一口栗子,https://sns-avatar-qc.xhscdn.com/avatar/1040g2jo31msp5tcf6g005q258d9namknao7r91o?imageView2/2/w/120/format/jpg,2,,0,1763796469499,0
690b3fe4000000003901c896,1762344933000,广东,6900b236000000000700ac85,这款扫地机能自动识别避开障碍物吗？,68ee881b0000000037033ded,芋泥啵啵,https://sns-avatar-qc.xhscdn.com/avatar/1040g2jo31o90q45g4u6g5q7eh0dtuffd2uq2et0?imageView2/2/w/120/format/jpg,2,,0,1763796469506,0
69130e96000000003102e373,1762856598000,陕西,6900b236000000000700ac85,性价比很高，这个配置和效果，价格很友好了,6343dc9e000000001901ce45,当然爱生活,https://sns-avatar-qc.xhscdn.com/avatar/1040g2jo31mrssabj50105oq3rif6bji5erkd61g?imageView2/2/w/120/format/jpg,0,,690ad229000000003901e621,1763796471523,0
690adc0f00000000390097b9,1762319376000,山东,6900b236000000000700ac85,蹲一下价格,64d33b4c000000000e01f602,招财,https://sns-avatar-qc.xhscdn.com/avatar/1040g2jo318vr01ns44a05p6j7d63jtg2jm760q8?imageView2/2/w/120/format/jpg,0,,690ad229000000003901e621,1763796471737,0
690b1ebf0000000038027837,1762336447000,广东,6900b236000000000700ac85,好不好吧,66599dec0000000007005abf,天天,https://sns-avatar-qc.xhscdn.com/avatar/1040g2jo31ekon2n3h0005pipjnm1omlvk5atp18?imageView2/2/w/120/format/jpg,0,,690ad229000000003901e621,1763796471740,0
690b76910000000033007797,1762358929000,广东,6900b236000000000700ac85,有没有活动,68454353000000001d015a97,吃一口栗子,https://sns-avatar-qc.xhscdn.com/avatar/1040g2jo31msp5tcf6g005q258d9namknao7r91o?imageView2/2/w/120/format/jpg,0,,690ad229000000003901e621,1763796471749,0
690eda58000000003901ebe5,1762581080000,广东,6900b236000000000700ac85,最近有什么活动,5e4a1d230000000001001d82,年糕,https://sns-avatar-qc.xhscdn.com/avatar/1040g2jo31of9i3t8526g5nia3khg87c2ngsri18?imageView2/2/w/120/format/jpg,0,,690ad229000000003901e621,1763796471753,0
69130ea5000000003103378a,1762856614000,陕西,6900b236000000000700ac85,大促可以多蹲一下,6343dc9e000000001901ce45,当然爱生活,https://sns-avatar-qc.xhscdn.com/avatar/1040g2jo31mrssabj50105oq3rif6bji5erkd61g?imageView2/2/w/120/format/jpg,0,,690eda58000000003901ebe5,1763796471769,0
69130f89000000003102ed40,1762856841000,陕西,6900b236000000000700ac85,可以试试这款大疆ROMO P哦,6343dc9e000000001901ce45,当然爱生活,https://sns-avatar-qc.xhscdn.com/avatar/1040g2jo31mrssabj50105oq3rif6bji5erkd61g?imageView2/2/w/120/format/jpg,0,,6902b55f0000000039001703,1763796473778,0
690a24720000000038033937,1762272370000,贵州,6900b236000000000700ac85,慢慢来吧,68ccb6b80000000021021257,淘,https://sns-avatar-qc.xhscdn.com/avatar/1040g2jo31mksjpe55m605q6cmqs8c4inqah5vh8?imageView2/2/w/120/format/jpg,0,,6902b55f0000000039001703,1763796473983,0
690a259e000000003800e742,1762272671000,广东,6900b236000000000700ac85,我也是,68e62c870000000037007fe5,不眠岛,https://sns-avatar-qc.xhscdn.com/avatar/1040g2jo31obnltjvg6005q765i3tovv5j79k04g?imageView2/2/w/120/format/jpg,0,,6902b55f0000000039001703,1763796473986,0
690ab87b0000000039027b5a,1762310268000,山西,6900b236000000000700ac85,真的是,68a2cd460000000019018100,😃😃😃😃,https://sns-avatar-qc.xhscdn.com/avatar/645b7f3c86578b8c6ab3b068.jpg?imageView2/2/w/120/format/jpg,0,,6902b55f0000000039001703,1763796473992,0
690ad6300000000039026740,1762317872000,山东,6900b236000000000700ac85,我也是,625a33c3000000001000ffef,橘子皮,https://sns-avatar-qc.xhscdn.com/avatar/1040g2jo31mq6bi37mm3g5q6jebh8kh6k7b19hj0?imageView2/2/w/120/format/jpg,0,,6902b55f0000000039001703,1763796473999,0
690b3fec0000000039031f6c,1762344941000,广东,6900b236000000000700ac85,我也是[捂脸R][捂脸R],68ee881b0000000037033ded,芋泥啵啵,https://sns-avatar-qc.xhscdn.com/avatar/1040g2jo31o90q45g4u6g5q7eh0dtuffd2uq2et0?imageView2/2/w/120/format/jpg,0,,6902b55f0000000039001703,1763796474003,0
69130e630000000030024e25,1762856547000,陕西,6900b236000000000700ac85,干活高效又聪明，放心用,6343dc9e000000001901ce45,当然爱生活,https://sns-avatar-qc.xhscdn.com/avatar/1040g2jo31mrssabj50105oq3rif6bji5erkd61g?imageView2/2/w/120/format/jpg,0,,690f0d4800000000390331a1,1763796476012,0
690f15c40000000038006101,1762596292000,河南,6900b236000000000700ac85,有没有活动,68a9332a0000000019015d9c,小苹果,https://sns-avatar-qc.xhscdn.com/avatar/1040g2jo31lgtp1io5i005q596cl6ancs4s9j9b0?imageView2/2/w/120/format/jpg,0,,690f0d4800000000390331a1,1763796476222,0
690f1e92000000003300c444,1762598546000,广东,6900b236000000000700ac85,怎么说的呢,666e92a00000000003030475,池鲤.,https://sns-avatar-qc.xhscdn.com/avatar/1040g2jo31oj2ln1f060g5pjeiag0u13lg8rtatg?imageView2/2/w/120/format/jpg,0,,690f0d4800000000390331a1,1763796476229,0
69130e6c0000000031003a01,1762856556000,陕西,6900b236000000000700ac85,近期可以多蹲一下,6343dc9e000000001901ce45,当然爱生活,https://sns-avatar-qc.xhscdn.com/avatar/1040g2jo31mrssabj50105oq3rif6bji5erkd61g?imageView2/2/w/120/format/jpg,0,,690f15c40000000038006101,1763796476233,0
69130e8b0000000032001c8f,1762856587000,陕西,6900b236000000000700ac85,特别推荐！防缠绕，清理宠物毛发很方便，像狗狗的尿液什么的也会避开不会拖得哪都是,6343dc9e000000001901ce45,当然爱生活,https://sns-avatar-qc.xhscdn.com/avatar/1040g2jo31mrssabj50105oq3rif6bji5erkd61g?imageView2/2/w/120/format/jpg,0,,690f23d80000000037013f2a,1763796478242,0
690f41a4000000003902bdf9,1762607524000,河南,6900b236000000000700ac85,我也想知道呢,618e5cca000000002102673c,.^,https://sns-avatar-qc.xhscdn.com/avatar/1040g2jo31mds4to14u005ocebj58cppsv0vbad0?imageView2/2/w/120/format/jpg,0,,690f23d80000000037013f2a,1763796478475,0
690f4574000000003300e070,1762608500000,北京,6900b236000000000700ac85,有没有毛屑,671713b7000000000d025f77,HE,https://sns-avatar-qc.xhscdn.com/avatar/1040g2jo31mo5b30i58005pon2erjcnrneo31600?imageView2/2/w/120/format/jpg,0,,690f23d80000000037013f2a,1763796478479,0
6913108f0000000030026675,1762857103000,陕西,6900b236000000000700ac85,最近应该有活动，可以多蹲一下,6343dc9e000000001901ce45,当然爱生活,https://sns-avatar-qc.xhscdn.com/avatar/1040g2jo31mrssabj50105oq3rif6bji5erkd61g?imageView2/2/w/120/format/jpg,0,,690236e5000000003800b60f,1763796480489,0
690237560000000033022d93,1761752919000,广东,6900b236000000000700ac85,我也不了解,5cfb2bc5000000001702065d,黑松露,https://sns-avatar-qc.xhscdn.com/avatar/1040g2jo31lp9mc8i5e005n7r5f2ls1itt2bnke8?imageView2/2/w/120/format/jpg,0,,690236e5000000003800b60f,1763796480713,0
690aca9a0000000038016261,1762314907000,湖北,6900b236000000000700ac85,会不会贵呀,66d5d0c7000000001d032e59,为什么要名字,https://sns-avatar-qc.xhscdn.com/avatar/1040g2jo3178g8uvbju605pmlq33nebip1im9kao?imageView2/2/w/120/format/jpg,0,,690236e5000000003800b60f,1763796480716,0
691310660000000031000e52,1762857063000,陕西,6900b236000000000700ac85,边边角角都能照顾到,6343dc9e000000001901ce45,当然爱生活,https://sns-avatar-qc.xhscdn.com/avatar/1040g2jo31mrssabj50105oq3rif6bji5erkd61g?imageView2/2/w/120/format/jpg,0,,6901c415000000003800cc53,1763796482723,0
690236d9000000003802d9bc,1761752793000,中国,6900b236000000000700ac85,也想知道,6856b14c000000001e00706f,小小酥,https://sns-avatar-qc.xhscdn.com/avatar/1040g2jo31kh9rg73j05g5q2mm567gs3fh4iin5o?imageView2/2/w/120/format/jpg,0,,6901c415000000003800cc53,1763796482929,0
6902b3460000000037013703,1761784646000,河南,6900b236000000000700ac85,可以,68cf942e0000000021019323,孤独岛,https://sns-avatar-qc.xhscdn.com/avatar/1040g2jo31mm83peu50605omrtni7qj61cbpf5o0?imageView2/2/w/120/format/jpg,0,,6901c415000000003800cc53,1763796482931,0
69130f21000000003200218e,1762856738000,陕西,6900b236000000000700ac85,工作声音很轻,6343dc9e000000001901ce45,当然爱生活,https://sns-avatar-qc.xhscdn.com/avatar/1040g2jo31mrssabj50105oq3rif6bji5erkd61g?imageView2/2/w/120/format/jpg,0,,690f16a60000000039020cec,1763796484939,0
690f20da000000003300d6da,1762599131000,重庆,6900b236000000000700ac85,不是很大就行[暗中观察R],64c35b97000000000b0047d0,春来,https://sns-avatar-qc.xhscdn.com/avatar/1040g2jo30n2f7nok5c6g5p63bebiohugud8gc78?imageView2/2/w/120/format/jpg,0,,690f16a60000000039020cec,1763796485149,0
69130c93000000003102d066,1762856084000,陕西,6900b236000000000700ac85,清洁效果很棒，续航也很给力,6343dc9e000000001901ce45,当然爱生活,https://sns-avatar-qc.xhscdn.com/avatar/1040g2jo31mrssabj50105oq3rif6bji5erkd61g?imageView2/2/w/120/format/jpg,0,,690f15bb0000000039007408,1763796487175,0
690f16ad0000000039020eaa,1762596526000,山东,6900b236000000000700ac85,我也想知道,6294dc9a000000001501c5d4,奶酪,https://sns-avatar-qc.xhscdn.com/avatar/6407d9841824e81451ba6b20.jpg?imageView2/2/w/120/format/jpg,0,,690f15bb0000000039007408,1763796487356,0
69130ef90000000031033a52,1762856697000,陕西,6900b236000000000700ac85,不会，基站有自清洁，保持干爽无异味,6343dc9e000000001901ce45,当然爱生活,https://sns-avatar-qc.xhscdn.com/avatar/1040g2jo31mrssabj50105oq3rif6bji5erkd61g?imageView2/2/w/120/format/jpg,0,,690b76890000000037010416,1763796489367,0
690ec8f6000000003902a5da,1762576630000,山西,6900b236000000000700ac85,不知道了,683aadea000000001e002f9c,苹果,https://sns-avatar-qc.xhscdn.com/avatar/1040g2jo31mrivogm4u605q1qlnl7gbssc71o3io?imageView2/2/w/120/format/jpg,0,,690b76890000000037010416,1763796489601,0
69130fba0000000030025be0,1762856890000,陕西,6900b236000000000700ac85,可以的，智能避障很灵敏,6343dc9e000000001901ce45,当然爱生活,https://sns-avatar-qc.xhscdn.com/avatar/1040g2jo31mrssabj50105oq3rif6bji5erkd61g?imageView2/2/w/120/format/jpg,0,,690b3fe4000000003901c896,1763796491605,0
690f24050000000033023c58,1762599941000,重庆,6900b236000000000700ac85,安全性可以的[黄金薯R],65071c1f0000000002013e3f,伤心白,https://sns-avatar-qc.xhscdn.com/avatar/1040g2jo31n4pqh966m6g5p873gfgifhve7uvslg?imageView2/2/w/120/format/jpg,0,,690b3fe4000000003901c896,1763796491787,0
690f456a00000000370279ab,1762608491000,北京,6900b236000000000700ac85,家里的床底和沙发底也都可以打扫干净吗,671713b7000000000d025f77,HE,https://sns-avatar-qc.xhscdn.com/avatar/1040g2jo31mo5b30i58005pon2erjcnrneo31600?imageView2/2/w/120/format/jpg,1,,0,1763796494023,1
690f419f000000003902bc97,1762607520000,河南,6900b236000000000700ac85,@榆木脑袋 这款性价比怎么样啊,618e5cca000000002102673c,.^,https://sns-avatar-qc.xhscdn.com/avatar/1040g2jo31mds4to14u005ocebj58cppsv0vbad0?imageView2/2/w/120/format/jpg,1,,0,1763796494031,0
690f210a0000000033023434,1762599179000,重庆,6900b236000000000700ac85,之前只看过他家的摄影机想买，没想到还有扫地机[黄金薯R],64c35b97000000000b0047d0,春来,https://sns-avatar-qc.xhscdn.com/avatar/1040g2jo30n2f7nok5c6g5p63bebiohugud8gc78?imageView2/2/w/120/format/jpg,1,,0,1763796494041,0
690f1e8e000000003300463f,1762598542000,广东,6900b236000000000700ac85,扫地机这个要怎么选择的呀[笑哭R]我都不太懂呢,666e92a00000000003030475,池鲤.,https://sns-avatar-qc.xhscdn.com/avatar/1040g2jo31oj2ln1f060g5pjeiag0u13lg8rtatg?imageView2/2/w/120/format/jpg,1,,0,1763796494056,0
690eda520000000039033e47,1762581075000,广东,6900b236000000000700ac85,比较顽固的污渍可以扫掉吗，能续航多久,5e4a1d230000000001001d82,年糕,https://sns-avatar-qc.xhscdn.com/avatar/1040g2jo31of9i3t8526g5nia3khg87c2ngsri18?imageView2/2/w/120/format/jpg,1,,0,1763796494065,0
690ec8e9000000003902d0a4,1762576617000,山西,6900b236000000000700ac85,扫的干净的吗,683aadea000000001e002f9c,苹果,https://sns-avatar-qc.xhscdn.com/avatar/1040g2jo31mrivogm4u605q1qlnl7gbssc71o3io?imageView2/2/w/120/format/jpg,1,,0,1763796494073,0
690b1eba000000003802e896,1762336442000,广东,6900b236000000000700ac85,@77 在哪里入的呢看起来挺高级的,66599dec0000000007005abf,天天,https://sns-avatar-qc.xhscdn.com/avatar/1040g2jo31ekon2n3h0005pipjnm1omlvk5atp18?imageView2/2/w/120/format/jpg,1,,0,1763796494076,0
690adc080000000038005ea5,1762319368000,山东,6900b236000000000700ac85,声音的话大不大呀？我家宝儿睡觉可轻了,64d33b4c000000000e01f602,招财,https://sns-avatar-qc.xhscdn.com/avatar/1040g2jo318vr01ns44a05p6j7d63jtg2jm760q8?imageView2/2/w/120/format/jpg,1,,0,1763796494079,0
690ad63a00000000390329a2,1762317882000,山东,6900b236000000000700ac85,现在补贴力度大不大,625a33c3000000001000ffef,橘子皮,https://sns-avatar-qc.xhscdn.com/avatar/1040g2jo31mq6bi37mm3g5q6jebh8kh6k7b19hj0?imageView2/2/w/120/format/jpg,1,,0,1763796494084,1
690ad1790000000039025ad5,1762316665000,广东,6900b236000000000700ac85,扫地机老人好不好操作啊？扫得干不干净啊？[偷笑R],6690a6c20000000003032fcf,糖炒板栗,https://sns-avatar-qc.xhscdn.com/avatar/1040g2jo31ob2drg64q6g5pkgkr10ubuf9au0m0g?imageView2/2/w/120/format/jpg,0,,0,1763796494107,0
69130eba0000000031003d4d,1762856634000,陕西,6900b236000000000700ac85,当然可以，这些难打扫的地方都能进去,6343dc9e000000001901ce45,当然爱生活,https://sns-avatar-qc.xhscdn.com/avatar/1040g2jo31mrssabj50105oq3rif6bji5erkd61g?imageView2/2/w/120/format/jpg,0,,690f456a00000000370279ab,1763796496129,0
69130ec90000000032001e83,1762856649000,陕西,6900b236000000000700ac85,性价比蛮高的，是很多家庭的首选,6343dc9e000000001901ce45,当然爱生活,https://sns-avatar-qc.xhscdn.com/avatar/1040g2jo31mrssabj50105oq3rif6bji5erkd61g?imageView2/2/w/120/format/jpg,0,,690f419f000000003902bc97,1763796496134,0
69130f33000000003102e9ee,1762856755000,陕西,6900b236000000000700ac85,对呀，技术实力很强，扫地机同样好用,6343dc9e000000001901ce45,当然爱生活,https://sns-avatar-qc.xhscdn.com/avatar/1040g2jo31mrssabj50105oq3rif6bji5erkd61g?imageView2/2/w/120/format/jpg,0,,690f210a0000000033023434,1763796496140,0
69130f4b0000000032002362,1762856780000,陕西,6900b236000000000700ac85,要看避障、吸力和基站功能，选这款真的很省心,6343dc9e000000001901ce45,当然爱生活,https://sns-avatar-qc.xhscdn.com/avatar/1040g2jo31mrssabj50105oq3rif6bji5erkd61g?imageView2/2/w/120/format/jpg,0,,690f1e8e000000003300463f,1763796496146,0
69130f63000000003100041f,1762856803000,陕西,6900b236000000000700ac85,可以的，清理的还是蛮干净的,6343dc9e000000001901ce45,当然爱生活,https://sns-avatar-qc.xhscdn.com/avatar/1040g2jo31mrssabj50105oq3rif6bji5erkd61g?imageView2/2/w/120/format/jpg,0,,690eda520000000039033e47,1763796496157,0
69130f680000000031000448,1762856808000,陕西,6900b236000000000700ac85,干净喔,6343dc9e000000001901ce45,当然爱生活,https://sns-avatar-qc.xhscdn.com/avatar/1040g2jo31mrssabj50105oq3rif6bji5erkd61g?imageView2/2/w/120/format/jpg,0,,690ec8e9000000003902d0a4,1763796496166,0
69130fad000000003102ee9d,1762856878000,陕西,6900b236000000000700ac85,官旗或各大平台都有，品质有保障,6343dc9e000000001901ce45,当然爱生活,https://sns-avatar-qc.xhscdn.com/avatar/1040g2jo31mrssabj50105oq3rif6bji5erkd61g?imageView2/2/w/120/format/jpg,0,,690b1eba000000003802e896,1763796496173,0
69130fca0000000030025ca9,1762856907000,陕西,6900b236000000000700ac85,不大，我家宝宝平时睡觉我都开着扫完全不怕,6343dc9e000000001901ce45,当然爱生活,https://sns-avatar-qc.xhscdn.com/avatar/1040g2jo31mrssabj50105oq3rif6bji5erkd61g?imageView2/2/w/120/format/jpg,0,,690adc080000000038005ea5,1763796496188,0
69130fd40000000031000814,1762856916000,陕西,6900b236000000000700ac85,最近可以多蹲一下活动,6343dc9e000000001901ce45,当然爱生活,https://sns-avatar-qc.xhscdn.com/avatar/1040g2jo31mrssabj50105oq3rif6bji5erkd61g?imageView2/2/w/120/format/jpg,0,,690ad63a00000000390329a2,1763796496206,0
690aca7c000000003803fea7,1762314877000,湖北,6900b236000000000700ac85,看着感觉有点治愈这些的有没有呢,66d5d0c7000000001d032e59,为什么要名字,https://sns-avatar-qc.xhscdn.com/avatar/1040g2jo3178g8uvbju605pmlq33nebip1im9kao?imageView2/2/w/120/format/jpg,0,,0,1763796496451,0
690aca44000000003300789d,1762314820000,贵州,6900b236000000000700ac85,容易清洗吗？就怕毛发粘在上面，不容易清洗,66ae679b000000001d0300dc,磨磨唧唧,https://sns-avatar-qc.xhscdn.com/avatar/1040g2jo31o6e9608g6605plecudne06sdkvb878?imageView2/2/w/120/format/jpg,0,,0,1763796496454,0
690aca330000000039006160,1762314804000,广东,6900b236000000000700ac85,扫地机续航能力怎么样呀？性价比高不高啊？,62d1445b000000000303fb77,少少糖主义,https://sns-avatar-qc.xhscdn.com/avatar/1040g2jo31ksv4fbl2u005omh8hdgvurn0c8u8g8?imageView2/2/w/120/format/jpg,1,,0,1763796496462,0
690ab8780000000039027aca,1762310264000,山西,6900b236000000000700ac85,这个价格怎么样？最近有没有活动？,68a2cd460000000019018100,😃😃😃😃,https://sns-avatar-qc.xhscdn.com/avatar/645b7f3c86578b8c6ab3b068.jpg?imageView2/2/w/120/format/jpg,1,,0,1763796496467,0
690aa9ce000000003701176a,1762306510000,河南,6900b236000000000700ac85,@不想喝牛奶 这款打扫的干净吗,650636420000000017022b4e,有钱花了,https://sns-avatar-qc.xhscdn.com/avatar/1040g2jo315bbic5kgu6g5p866p15saqelv6oamo?imageView2/2/w/120/format/jpg,0,,0,1763796496470,0
690a25a5000000003900917c,1762272678000,广东,6900b236000000000700ac85,价格会不会太贵了吧,68e62c870000000037007fe5,不眠岛,https://sns-avatar-qc.xhscdn.com/avatar/1040g2jo31obnltjvg6005q765i3tovv5j79k04g?imageView2/2/w/120/format/jpg,0,,0,1763796496473,0
690a246b000000003802775b,1762272363000,贵州,6900b236000000000700ac85,售后有保障吗？,68ccb6b80000000021021257,淘,https://sns-avatar-qc.xhscdn.com/avatar/1040g2jo31mksjpe55m605q6cmqs8c4inqah5vh8?imageView2/2/w/120/format/jpg,2,,0,1763796496479,0
690ad18c000000003901c3bb,1762316684000,广东,6900b236000000000700ac85,有优惠可以买嘛？,6690a6c20000000003032fcf,糖炒板栗,https://sns-avatar-qc.xhscdn.com/avatar/1040g2jo31ob2drg64q6g5pkgkr10ubuf9au0m0g?imageView2/2/w/120/format/jpg,0,,690aca330000000039006160,1763796498489,0
690ad240000000003901eb6f,1762316865000,湖北,6900b236000000000700ac85,会不会贵呀[暗中观察R],5b7a97434d5c2f0001842a71,花7,https://sns-avatar-qc.xhscdn.com/avatar/1040g2jo31bv1i32d12604ah3qbbk6ajh7mh0skg?imageView2/2/w/120/format/jpg,0,,690ab8780000000039027aca,1763796498490,0
69130fda000000003102effe,1762856922000,陕西,6900b236000000000700ac85,当然有,6343dc9e000000001901ce45,当然爱生活,https://sns-avatar-qc.xhscdn.com/avatar/1040g2jo31mrssabj50105oq3rif6bji5erkd61g?imageView2/2/w/120/format/jpg,0,,690a246b000000003802775b,1763796498492,0
690aa9d5000000003300e440,1762306518000,河南,6900b236000000000700ac85,我有想知道呢,650636420000000017022b4e,有钱花了,https://sns-avatar-qc.xhscdn.com/avatar/1040g2jo315bbic5kgu6g5p866p15saqelv6oamo?imageView2/2/w/120/format/jpg,0,,690a246b000000003802775b,1763796498730,0
6905633a000000003802464f,1761960763000,福建,68ff4c01000000000300d07d,续航怎么样呀 性价比高吗,5dfca85100000000010029b9,别管,https://sns-avatar-qc.xhscdn.com/avatar/1040g2jo310tlq37omm105ns2i77g8a13k8lr6j0?imageView2/2/w/120/format/jpg,10,,0,1763796503031,1
6905fa8d000000003803dc72,1761999501000,广东,68ff4c01000000000300d07d,容易卡头发嘛？有没有噪音呀,64649c15000000000f006d56,小狗吃饭,https://sns-avatar-qc.xhscdn.com/avatar/1040g2jo31on38iac6g005p34jgajoram9v6649o?imageView2/2/w/120/format/jpg,9,,0,1763796503038,1
6905ce50000000003300fdf5,1761988176000,河南,68ff4c01000000000300d07d,边边角角都可以打扫到的吗 最近有没有活动的呀[飞吻R],67f8bf89000000000d0084fa,耶鱼粥叔叔,https://sns-avatar-qc.xhscdn.com/avatar/1040g2jo31g5rho8ghs5g5pvonu4j917qheqn83o?imageView2/2/w/120/format/jpg,5,,0,1763796503045,0
6914569c00000000390036a0,1762940572000,广东,68ff4c01000000000300d07d,清洁力怎么样的啊，质量有什么保障的吗？,6785e43e0000000008018d43,南思,https://sns-avatar-qc.xhscdn.com/avatar/1040g2jo31lbs5jai5o005ps5sgv233a3u4u8i98?imageView2/2/w/120/format/jpg,3,,0,1763796503054,1
68ff7693000000003901f73f,1761572499000,山东,68ff4c01000000000300d07d,打扫一次需要多长时间啊,6784b6d70000000005009cef,大甜瓜,https://sns-avatar-qc.xhscdn.com/avatar/1040g2jo31j2fk0ci0o005ps4mrbh977fjersq6g?imageView2/2/w/120/format/jpg,3,,0,1763796503068,1
69143d590000000039026ff3,1762934106000,吉林,68ff4c01000000000300d07d,售后怎么样质保多久啊,68b6dac0000000001903f269,小幸运,https://sns-avatar-qc.xhscdn.com/avatar/1040g2jo31mu73lnu50605q5mrb06fsj9k9h66qo?imageView2/2/w/120/format/jpg,3,,0,1763796503076,0
6905b7e90000000033006a1e,1761982442000,贵州,68ff4c01000000000300d07d,能不能自动识别障碍物然后绕开啊？,66ae679b000000001d0300dc,磨磨唧唧,https://sns-avatar-qc.xhscdn.com/avatar/1040g2jo31o6e9608g6605plecudne06sdkvb878?imageView2/2/w/120/format/jpg,3,,0,1763796503084,0
68ff7313000000003300c904,1761571604000,云南,68ff4c01000000000300d07d,价格质量怎么样,61b759990000000010006db9,只饮烈酒不谈过往,https://sns-avatar-qc.xhscdn.com/avatar/1040g2jo31o8ecbk95mdg5odnb6ck0rdp84d452o?imageView2/2/w/120/format/jpg,3,,0,1763796503087,0
691457a70000000038030a2c,1762940839000,广东,68ff4c01000000000300d07d,边边角角是可以扫到的吗 有没有自清洁的呢？,620b1f56000000002102393c,kw,https://sns-avatar-qc.xhscdn.com/avatar/1040g2jo31feqcsqh6o6g5ogb3tb8ce9st9plc9o?imageView2/2/w/120/format/jpg,2,,0,1763796503096,0
690ec851000000003900562f,1762576465000,广东,68ff4c01000000000300d07d,适合养宠家庭吗？,657c04b20000000020035999,晚还没有安.,https://sns-avatar-qc.xhscdn.com/avatar/1040g2jo31hi5fsjs3q005pbs0ip86mcppjranu0?imageView2/2/w/120/format/jpg,2,,0,1763796503114,0
691476520000000037027f37,1762948691000,湖南,68ff4c01000000000300d07d,续航方面的表现整体不错。其满电状态下可以轻松完成100多平米房屋的扫拖工作，即使是大户型，它也会在电量不足时自动返回基站充电，并继续完成未清洁的区域，无需人工干预,5fff1e4a0000000001005517,Fay夫人（大平层装修中）,https://sns-avatar-qc.xhscdn.com/avatar/1040g2jo31mrs0npu5i005nvv3p508l8nvn3tpbg?imageView2/2/w/120/format/jpg,0,,6905633a000000003802464f,1763796505139,1
6905689d0000000039007fdd,1761962142000,福建,68ff4c01000000000300d07d,性价比高吗,673bf7d6000000001c01bed4,关键词,https://sns-avatar-qc.xhscdn.com/avatar/1040g2jo31o2q3b0imm005ppruvb73fmk18bnj7g?imageView2/2/w/120/format/jpg,0,,6905633a000000003802464f,1763796505373,0
6905720a000000003900b6d1,1761964555000,辽宁,68ff4c01000000000300d07d,来个测评哦,5b2fbf8611be1079ae032595,小太阳佳佳,https://sns-avatar-qc.xhscdn.com/avatar/1040g2jo3180o9g4lk6004a6hq1voc9clmtdcjho?imageView2/2/w/120/format/jpg,0,,6905633a000000003802464f,1763796505383,0
6905bf740000000037010122,1761984373000,山东,68ff4c01000000000300d07d,蹲蹲,68b6b6da000000001802f936,小兔叽叽,https://sns-avatar-qc.xhscdn.com/avatar/1040g2jo31mpu3q2l5m705q5mmrd65u9memce828?imageView2/2/w/120/format/jpg,0,,6905633a000000003802464f,1763796505388,0
6905ca10000000003302397f,1761987089000,重庆,68ff4c01000000000300d07d,还可以吧,64fafbe70000000006032595,水豚,https://sns-avatar-qc.xhscdn.com/avatar/1040g2jo31hv3fli264005p7qvfjhm9cl3ok4rm0?imageView2/2/w/120/format/jpg,0,,6905633a000000003802464f,1763796505392,0
690c7834000000003300df00,1762424884000,湖南,68ff4c01000000000300d07d,续航一般多久,66f01ca0000000000b03334a,十一,https://sns-avatar-qc.xhscdn.com/avatar/1040g2jo31j4u9vip2u605png3ig2ucqa8vru3rg?imageView2/2/w/120/format/jpg,0,,6905633a000000003802464f,1763796505397,0
690c92f100000000330204d7,1762431730000,山东,68ff4c01000000000300d07d,我也想问呢,625669ba0000000021028079,拾忆,https://sns-avatar-qc.xhscdn.com/avatar/1040g2jo31jqss3972u6g5oimd6t8d03pcfc2tmg?imageView2/2/w/120/format/jpg,0,,6905633a000000003802464f,1763796507581,0
690cbe4d00000000380158c0,1762442830000,广东,68ff4c01000000000300d07d,我也蹲一下,67018dd2000000001d02018a,Yy,https://sns-avatar-qc.xhscdn.com/avatar/1040g2jo31lligkks58005po1hn97c0ca18klpcg?imageView2/2/w/120/format/jpg,0,,6905633a000000003802464f,1763796507583,0
690e1159000000003702679f,1762529626000,广东,68ff4c01000000000300d07d,那这种会不会很耗电呀？噪音大不大？,5f76574f000000000101cd4e,腼腆小美,https://sns-avatar-qc.xhscdn.com/avatar/1040g2jo31obe9suc6m0g5psaboiinm94os9j9co?imageView2/2/w/120/format/jpg,0,,6905633a000000003802464f,1763796507590,0
690e17b900000000380267eb,1762531257000,广东,68ff4c01000000000300d07d,那这种会不会很耗电呀？噪音大不大？,678a5e25000000000a03d924,招财鱼,https://sns-avatar-qc.xhscdn.com/avatar/1040g2jo31obe9suc6m005psaboiinm94lhf39fg?imageView2/2/w/120/format/jpg,0,,6905633a000000003802464f,1763796507601,0
691475e3000000003302769e,1762948580000,湖南,68ff4c01000000000300d07d,大疆ROMO系列在毛发处理方面表现较好，其尘盒与拖布支架采用‌一体化快拆设计‌，清理起来非常方便，真正做到了“懒人友好,5fff1e4a0000000001005517,Fay夫人（大平层装修中）,https://sns-avatar-qc.xhscdn.com/avatar/1040g2jo31mrs0npu5i005nvv3p508l8nvn3tpbg?imageView2/2/w/120/format/jpg,0,,6905fa8d000000003803dc72,1763796509617,0
690621570000000039027afa,1762009431000,河南,68ff4c01000000000300d07d,有几年的质保呀,61e00b280000000021022875,上岸,https://sns-avatar-qc.xhscdn.com/avatar/1040g2jo31m8oaldakq6g5of01ck8ca3l6td4i50?imageView2/2/w/120/format/jpg,0,,6905fa8d000000003803dc72,1763796509828,0
690c78fb0000000038006caa,1762425084000,湖南,68ff4c01000000000300d07d,运行声音大吗,669b770f000000002402223c,十月,https://sns-avatar-qc.xhscdn.com/avatar/1040g2jo31g16q50c026g5pkres7p48hsqst3l78?imageView2/2/w/120/format/jpg,0,,6905fa8d000000003803dc72,1763796509833,0
690dff3f00000000380094c1,1762524991000,广西,68ff4c01000000000300d07d,我也想知道,6846ba74000000001e009685,酸菜鱼,https://sns-avatar-qc.xhscdn.com/avatar/1040g2jo31igoqb4l0c605q26n9q7h5k5b8gbn4g?imageView2/2/w/120/format/jpg,0,,6905fa8d000000003803dc72,1763796509837,0
690e0855000000003900a8b9,1762527318000,广西,68ff4c01000000000300d07d,没用过,673b06680000000001000dbd,可咸可甜,https://sns-avatar-qc.xhscdn.com/avatar/1040g2jo31i580ibt786g5ppr0pk083dtmmhn90g?imageView2/2/w/120/format/jpg,0,,6905fa8d000000003803dc72,1763796509845,0
690ec8470000000039000973,1762576455000,广东,68ff4c01000000000300d07d,怎么样呢,657c04b20000000020035999,晚还没有安.,https://sns-avatar-qc.xhscdn.com/avatar/1040g2jo31hi5fsjs3q005pbs0ip86mcppjranu0?imageView2/2/w/120/format/jpg,0,,6905fa8d000000003803dc72,1763796509850,0
6914317a0000000037025aaa,1762931067000,湖南,68ff4c01000000000300d07d,声音大吗,67ecc5cd000000000601c221,我是小可爱,https://sns-avatar-qc.xhscdn.com/avatar/1040g2jo31fv720g8gg6g5pvcon6hjgh1uafnapg?imageView2/2/w/120/format/jpg,0,,6905fa8d000000003803dc72,1763796512048,0
691431a00000000039032809,1762931104000,湖南,68ff4c01000000000300d07d,我也怕会卡头发,68af92b0000000001900c01b,葡萄芋圆,https://sns-avatar-qc.xhscdn.com/avatar/1040g2jo31ngbn6gt4u6g5q5fiao69g0rm36omj0?imageView2/2/w/120/format/jpg,0,,6905fa8d000000003803dc72,1763796512054,0
691441cb0000000037024c36,1762935243000,广东,68ff4c01000000000300d07d,怎么说的呀,666e92a00000000003030475,池鲤.,https://sns-avatar-qc.xhscdn.com/avatar/1040g2jo31oj2ln1f060g5pjeiag0u13lg8rtatg?imageView2/2/w/120/format/jpg,0,,6905fa8d000000003803dc72,1763796512063,0
6914784f0000000033004326,1762949199000,湖南,68ff4c01000000000300d07d,边角清洁方面表现优异，能有效清理墙角、桌腿缝隙等区域‌,5fff1e4a0000000001005517,Fay夫人（大平层装修中）,https://sns-avatar-qc.xhscdn.com/avatar/1040g2jo31mrs0npu5i005nvv3p508l8nvn3tpbg?imageView2/2/w/120/format/jpg,0,,6905ce50000000003300fdf5,1763796514067,0
6905d7050000000033027eac,1761990405000,河南,68ff4c01000000000300d07d,价格怎么样,5f4a5ca30000000001004705,晴天,https://sns-avatar-qc.xhscdn.com/avatar/1040g2jo31o8s7m1bmm005nqabihg8ho5dp4a0ko?imageView2/2/w/120/format/jpg,0,,6905ce50000000003300fdf5,1763796514342,0
6905fa92000000003900651c,1761999507000,广东,68ff4c01000000000300d07d,我也想问呀,64649c15000000000f006d56,小狗吃饭,https://sns-avatar-qc.xhscdn.com/avatar/1040g2jo31on38iac6g005p34jgajoram9v6649o?imageView2/2/w/120/format/jpg,0,,6905ce50000000003300fdf5,1763796514346,0
690c63670000000039033724,1762419560000,山东,68ff4c01000000000300d07d,噪音大不大,63efb5da000000000f013bca,家住春日部,https://sns-avatar-qc.xhscdn.com/avatar/1040g2jo31ij7klb3026g5ovfmnd3qeuasmfkh98?imageView2/2/w/120/format/jpg,0,,6905ce50000000003300fdf5,1763796514353,0
690d91030000000033007f25,1762496771000,贵州,68ff4c01000000000300d07d,可以打扫到，活动就看双十一了。,59c3732651783a37589d98b3,宏霞食养,https://sns-avatar-qc.xhscdn.com/avatar/1040g2jo3100k44a15o6g49qqg0pid65jnoitm0o?imageView2/2/w/120/format/jpg,0,,6905ce50000000003300fdf5,1763796514357,0
691477fa0000000033020b7e,1762949114000,湖南,68ff4c01000000000300d07d,"清洁力方面表现较为出色，其硬件配置和智能算法共同确保了高效的清洁效果。根据评测，它采用双边刷设计，其中一侧可伸出，能有效清扫边角垃圾，实现一遍过清洁
在质量保障方面，大疆为Romo扫地机器人提供了较为全面的售后服务",5fff1e4a0000000001005517,Fay夫人（大平层装修中）,https://sns-avatar-qc.xhscdn.com/avatar/1040g2jo31mrs0npu5i005nvv3p508l8nvn3tpbg?imageView2/2/w/120/format/jpg,0,,6914569c00000000390036a0,1763796516371,0
6914618e0000000039024f4f,1762943375000,云南,68ff4c01000000000300d07d,有质保的吧,6037882f000000000101e895,祈礼,https://sns-avatar-qc.xhscdn.com/avatar/1040g2jo31mvi5rd252505o1nh0ngbq4lk14th1g?imageView2/2/w/120/format/jpg,0,,6914569c00000000390036a0,1763796516543,0
691493700000000039025884,1762956144000,山东,68ff4c01000000000300d07d,应该不错吧,5ee598270000000001004d3a,温柔.,https://sns-avatar-qc.xhscdn.com/avatar/5ee598270000000001004d3a.jpg?imageView2/2/w/120/format/jpg,0,,6914569c00000000390036a0,1763796516546,0
6914797f0000000033027e02,1762949504000,湖南,68ff4c01000000000300d07d,这得看自己家的面积了,5fff1e4a0000000001005517,Fay夫人（大平层装修中）,https://sns-avatar-qc.xhscdn.com/avatar/1040g2jo31mrs0npu5i005nvv3p508l8nvn3tpbg?imageView2/2/w/120/format/jpg,0,,68ff7693000000003901f73f,1763796518558,0
690560ec0000000039004879,1761960173000,山东,68ff4c01000000000300d07d,我也想问问。,64fdd781000000000200c38b,西西1,https://sns-avatar-qc.xhscdn.com/avatar/1040g2jo31fnrli8104405o8kfjl85gq0punmdkg?imageView2/2/w/120/format/jpg,0,,68ff7693000000003901f73f,1763796518774,0
6905b8ad0000000037025d81,1761982638000,贵州,68ff4c01000000000300d07d,清洗棉布困难吗？,66ae679b000000001d0300dc,磨磨唧唧,https://sns-avatar-qc.xhscdn.com/avatar/1040g2jo31o6e9608g6605plecudne06sdkvb878?imageView2/2/w/120/format/jpg,0,,68ff7693000000003901f73f,1763796518790,0
691479c00000000033006212,1762949569000,湖南,68ff4c01000000000300d07d,售前售后不用担心哦。,5fff1e4a0000000001005517,Fay夫人（大平层装修中）,https://sns-avatar-qc.xhscdn.com/avatar/1040g2jo31mrs0npu5i005nvv3p508l8nvn3tpbg?imageView2/2/w/120/format/jpg,0,,69143d590000000039026ff3,1763796520810,0
691456a2000000003801391f,1762940578000,广东,68ff4c01000000000300d07d,同问一下呀,6785e43e0000000008018d43,南思,https://sns-avatar-qc.xhscdn.com/avatar/1040g2jo31lbs5jai5o005ps5sgv233a3u4u8i98?imageView2/2/w/120/format/jpg,0,,69143d590000000039026ff3,1763796521082,0
691457b00000000038030bb7,1762940849000,广东,68ff4c01000000000300d07d,质保有多久,620b1f56000000002102393c,kw,https://sns-avatar-qc.xhscdn.com/avatar/1040g2jo31feqcsqh6o6g5ogb3tb8ce9st9plc9o?imageView2/2/w/120/format/jpg,0,,69143d590000000039026ff3,1763796521084,0
69147824000000003702772d,1762949157000,湖南,68ff4c01000000000300d07d,‌大疆ROMO扫地机器人具备自动识别障碍物并绕开的能力‌，其避障技术基于无人机同源的环境感知系统，可实现毫米级避障。,5fff1e4a0000000001005517,Fay夫人（大平层装修中）,https://sns-avatar-qc.xhscdn.com/avatar/1040g2jo31mrs0npu5i005nvv3p508l8nvn3tpbg?imageView2/2/w/120/format/jpg,0,,6905b7e90000000033006a1e,1763796523092,0
690c5baf000000003800fa8a,1762417583000,河北,68ff4c01000000000300d07d,应该可以吧,656e98ca000000002002d1ae,姿599,https://sns-avatar-qc.xhscdn.com/avatar/1040g2jo30vap2rg25a605pbej3585kdefbsst00?imageView2/2/w/120/format/jpg,0,,6905b7e90000000033006a1e,1763796523337,0
690e2152000000003901cd3c,1762533714000,浙江,68ff4c01000000000300d07d,是吧,5f19147b000000000100b0e6,momo,https://sns-avatar-qc.xhscdn.com/avatar/1040g2jo31knpmb072g605nop2htg9c765fbl610?imageView2/2/w/120/format/jpg,0,,6905b7e90000000033006a1e,1763796523346,0
691476160000000037011f12,1762948631000,湖南,68ff4c01000000000300d07d,大疆Romo系列扫地机器人定位高端市场，其产品在‌避障能力‌、‌清洁效果‌和‌智能化程度‌等方面表现出色，但价格相对较高,5fff1e4a0000000001005517,Fay夫人（大平层装修中）,https://sns-avatar-qc.xhscdn.com/avatar/1040g2jo31mrs0npu5i005nvv3p508l8nvn3tpbg?imageView2/2/w/120/format/jpg,0,,68ff7313000000003300c904,1763796525351,0
6904f916000000003800b45b,1761933591000,广东,68ff4c01000000000300d07d,好不好的呢,68445b41000000001d01763e,大熊,https://sns-avatar-qc.xhscdn.com/avatar/1040g2jo31k02o49d2u005q24bd0nathuem9ij3g?imageView2/2/w/120/format/jpg,0,,68ff7313000000003300c904,1763796525570,0
690574e10000000038030a41,1761965281000,贵州,68ff4c01000000000300d07d,不太了解,67cbbb63000000000d00951b,李在干森么,https://sns-avatar-qc.xhscdn.com/avatar/1040g2jo31orv0tigho6g5pubndhj958rk0jqsl8?imageView2/2/w/120/format/jpg,0,,68ff7313000000003300c904,1763796525578,0
691476ad0000000033026a33,1762948781000,湖南,68ff4c01000000000300d07d,支持边角清洁和自清洁功能‌,5fff1e4a0000000001005517,Fay夫人（大平层装修中）,https://sns-avatar-qc.xhscdn.com/avatar/1040g2jo31mrs0npu5i005nvv3p508l8nvn3tpbg?imageView2/2/w/120/format/jpg,0,,691457a70000000038030a2c,1763796527583,0
69145ef3000000003902d67a,1762942707000,山东,68ff4c01000000000300d07d,同问一下呢,6360ce95000000001f01bbe0,有点子好运,https://sns-avatar-qc.xhscdn.com/avatar/671e390d7310b9cc5f613a99.jpg?imageView2/2/w/120/format/jpg,0,,691457a70000000038030a2c,1763796527758,0
691479d80000000037026f45,1762949593000,湖南,68ff4c01000000000300d07d,挺合适的，不管是毛发打扰起来很轻松,5fff1e4a0000000001005517,Fay夫人（大平层装修中）,https://sns-avatar-qc.xhscdn.com/avatar/1040g2jo31mrs0npu5i005nvv3p508l8nvn3tpbg?imageView2/2/w/120/format/jpg,0,,690ec851000000003900562f,1763796529763,0
69142f6200000000330239c3,1762930531000,广东,68ff4c01000000000300d07d,我觉得可以,5cfb2bc5000000001702065d,黑松露,https://sns-avatar-qc.xhscdn.com/avatar/1040g2jo31lp9mc8i5e005n7r5f2ls1itt2bnke8?imageView2/2/w/120/format/jpg,0,,690ec851000000003900562f,1763796529991,0
69162c8d000000003800c293,1763060877000,广东,68ff4c01000000000300d07d,这个是会自动避障碍吗？,68e2729c000000003801eb01,三文鱼,https://sns-avatar-qc.xhscdn.com/avatar/1040g2jo31ncm0kqeli6g5q72eaee3qo117q8r20?imageView2/2/w/120/format/jpg,1,,0,1763796532235,0
6914cb54000000003901f382,1762970453000,广东,68ff4c01000000000300d07d,沙发底下面能扫得到吗？维修多久,6190da4000000000100045c2,小懒。？？？,https://sns-avatar-qc.xhscdn.com/avatar/1040g2jo30s3p4t5c32505ocgr9040he2jcadlf8?imageView2/2/w/120/format/jpg,1,,0,1763796532239,1
6914a3f6000000003800c09a,1762960375000,广东,68ff4c01000000000300d07d,这个是什么价位呀 符合大众消费吗,68f85f87000000003201dc78,麦当劳,https://sns-avatar-qc.xhscdn.com/avatar/1040g2jo31oi5aljpmm6g5q7obu3sjn3olpr49so?imageView2/2/w/120/format/jpg,1,,0,1763796532247,0
6914936900000000390289d0,1762956137000,山东,68ff4c01000000000300d07d,扫地机器人真的有效果吗？耗电多不多？@每天被自己帅醒,5ee598270000000001004d3a,温柔.,https://sns-avatar-qc.xhscdn.com/avatar/5ee598270000000001004d3a.jpg?imageView2/2/w/120/format/jpg,0,,0,1763796532254,0
69147ae6000000003802fd3a,1762949863000,广西,68ff4c01000000000300d07d,唉  孕期呆在家都不想动呢,668cf99a000000000303125e,呆呆自然卷,https://sns-avatar-qc.xhscdn.com/avatar/645b7c0d1d74d41345e61461.jpg?imageView2/2/w/120/format/jpg,1,,0,1763796532266,0
6914678b0000000037027240,1762944907000,贵州,68ff4c01000000000300d07d,这个机器人能扫到桌子底下沙发缝这些窄的地方吗？会不会卡进去出不来呀？,5f03f53b000000000100300b,煎饼狗子,https://sns-avatar-qc.xhscdn.com/avatar/1040g2jo31ndtd68ll8005no3uktg8c0b4njc1b0?imageView2/2/w/120/format/jpg,1,,0,1763796532277,0
69146186000000003902b0f8,1762943367000,云南,68ff4c01000000000300d07d,充电速度快吗？能自己回基站充电吗？,6037882f000000000101e895,祈礼,https://sns-avatar-qc.xhscdn.com/avatar/1040g2jo31mvi5rd252505o1nh0ngbq4lk14th1g?imageView2/2/w/120/format/jpg,1,,0,1763796532284,0
691695f4000000003701346e,1763087861000,湖南,68ff4c01000000000300d07d,会自动臂障，还能避开液体。,5fff1e4a0000000001005517,Fay夫人（大平层装修中）,https://sns-avatar-qc.xhscdn.com/avatar/1040g2jo31mrs0npu5i005nvv3p508l8nvn3tpbg?imageView2/2/w/120/format/jpg,0,,69162c8d000000003800c293,1763796534288,0
6915ada60000000037026473,1763028391000,湖南,68ff4c01000000000300d07d,能打扫到，,5fff1e4a0000000001005517,Fay夫人（大平层装修中）,https://sns-avatar-qc.xhscdn.com/avatar/1040g2jo31mrs0npu5i005nvv3p508l8nvn3tpbg?imageView2/2/w/120/format/jpg,0,,6914cb54000000003901f382,1763796534293,0
69162c810000000039006016,1763060866000,广东,68ff4c01000000000300d07d,我也好奇呀,68e2729c000000003801eb01,三文鱼,https://sns-avatar-qc.xhscdn.com/avatar/1040g2jo31ncm0kqeli6g5q72eaee3qo117q8r20?imageView2/2/w/120/format/jpg,0,,6914a3f6000000003800c09a,1763796534299,0
6914a3f0000000003800ffc8,1762960368000,广东,68ff4c01000000000300d07d,确实呀,68f85f87000000003201dc78,麦当劳,https://sns-avatar-qc.xhscdn.com/avatar/1040g2jo31oi5aljpmm6g5q7obu3sjn3olpr49so?imageView2/2/w/120/format/jpg,0,,69147ae6000000003802fd3a,1763796534303,0
691478720000000037024bf4,1762949235000,湖南,68ff4c01000000000300d07d,机器人能轻松清扫桌子底下、沙发缝等窄小空间，且具备出色的避障能力，极少卡困。‌,5fff1e4a0000000001005517,Fay夫人（大平层装修中）,https://sns-avatar-qc.xhscdn.com/avatar/1040g2jo31mrs0npu5i005nvv3p508l8nvn3tpbg?imageView2/2/w/120/format/jpg,0,,6914678b0000000037027240,1763796534315,0
6914774a000000003302219f,1762948939000,湖南,68ff4c01000000000300d07d,有两个版本哦，充电速度也是不同的，可以关注一下大疆旗舰店哈,5fff1e4a0000000001005517,Fay夫人（大平层装修中）,https://sns-avatar-qc.xhscdn.com/avatar/1040g2jo31mrs0npu5i005nvv3p508l8nvn3tpbg?imageView2/2/w/120/format/jpg,0,,69146186000000003902b0f8,1763796534327,0
69205b50000000001601c8c5,1763728210000,内蒙古,69203cc3000000001e000b53,这个确定是看书，不是看手机吗？[偷笑R],66497b660000000007007a73,九叶,https://sns-avatar-qc.xhscdn.com/avatar/1040g2jo31p1bp8482o6g5pi9fdj1oujjr6ocmbo?imageView2/2/w/120/format/jpg,11,http://sns-webpic-qc.xhscdn.com/202511221528/99f7e313835a4270c06de52729d2f35d/comment/1040g2h031p59chhdig605pi9fdj1oujjkuhf4mo!nd_whgt34_webp_wm_1,0,1763796536592,427
69205f08000000003802bcf8,1763729160000,中国台湾,69203cc3000000001e000b53,小豆腐的父母是有錢人嗎？[惊恐R],659e2b9f0000000022001c5b,凱蘿人生綜合題,https://sns-avatar-qc.xhscdn.com/avatar/1040g2jo31icpv164ga005pcu5efog72reo2gigo?imageView2/2/w/120/format/jpg,12,,0,1763796536617,14
6920563c000000001d02569a,1763726927000,浙江,69203cc3000000001e000b53,上舞蹈课得到的小蝴蝶贴纸～[偷笑R]一直不愿意拿下来,613b06a000000000020264e1,小豆腐Molly,https://sns-avatar-qc.xhscdn.com/avatar/1040g2jo319chhfc2lq005o9r0qg0kp71tqg9b80?imageView2/2/w/120/format/jpg,4,http://sns-webpic-qc.xhscdn.com/202511221528/76874842496fc07ecb764786ddb570ec/comment/1040g2h031p58ommmia0g5o9r0qg0kp717tjlo00!nd_whgt34_webp_wm_1,0,1763796536618,189
69215b77000000000601a2cd,1763793784000,广东,69203cc3000000001e000b53,视觉避障再精细一点，就可以避开灰尘了[抠鼻R],645a59450000000014011553,下1届美国总统,https://sns-avatar-qc.xhscdn.com/avatar/1040g2jo315hs63q00q6g5p2qb52l25ajva4cn98?imageView2/2/w/120/format/jpg,0,,0,1763796536620,1
69215a6a000000001d0259c7,1763793514000,辽宁,69203cc3000000001e000b53,都是你赚钱买的,5b5d3f1ce8ac2b36dc181913,冰茶不加冰,https://sns-avatar-qc.xhscdn.com/avatar/1040g2jo319td367l6o6g4a7kpovho68juboo2p8?imageView2/2/w/120/format/jpg,0,,0,1763796536623,0
69214d980000000006018fef,1763790233000,广西,69203cc3000000001e000b53,小豆腐 我的梦中情娃[偷笑R],5c04cc980000000008015c62,🍉🍉,https://sns-avatar-qc.xhscdn.com/avatar/5c04cc980000000008015c62.jpg?imageView2/2/w/120/format/jpg,0,,0,1763796536625,0
69214d950000000038013509,1763790229000,贵州,69203cc3000000001e000b53,真可爱小豆腐,68ba5f96000000001900e6dd,饭团的饲养员,https://sns-avatar-qc.xhscdn.com/avatar/1040g2jo31ncqdl1s6m005q5qbub69pmt2k2d7r0?imageView2/2/w/120/format/jpg,0,,0,1763796536627,0
6921217e000000000601af51,1763778942000,中国台湾,69203cc3000000001e000b53,家裡原本不是別墅區嗎怎麼搬到這裡了[笑哭R],5e47f7d9000000000100883e,戒掉壞習慣！,https://sns-avatar-qc.xhscdn.com/avatar/633c44a32031474c2045e08c.jpg?imageView2/2/w/120/format/jpg,2,,0,1763796536633,2
69214b460000000038012342,1763789639000,天津,69203cc3000000001e000b53,我家女儿也超喜欢拿着手机模仿主播在家里各种录制各种介绍[捂脸R][捂脸R],68039d0100000000060129b9,双胞胎清宝湘宝,https://sns-avatar-qc.xhscdn.com/avatar/1040g2jo31log00o2li5g5q03jk0hiadpo7h5h00?imageView2/2/w/120/format/jpg,0,,0,1763796536637,1
6921347a000000003900b3b4,1763783802000,广东,69203cc3000000001e000b53,娃的外套好好看，是什么牌子呀,6676e07c000000000700444b,Soleil,https://sns-avatar-qc.xhscdn.com/avatar/645b80521e6a57c3bdb8f301.jpg?imageView2/2/w/120/format/jpg,0,,0,1763796536650,0
69205d6a000000001403f550,1763728746000,浙江,69203cc3000000001e000b53,我才注意到居然是滑视频的动作[笑哭R][笑哭R][笑哭R],613b06a000000000020264e1,小豆腐Molly,https://sns-avatar-qc.xhscdn.com/avatar/1040g2jo319chhfc2lq005o9r0qg0kp71tqg9b80?imageView2/2/w/120/format/jpg,0,,69205b50000000001601c8c5,1763796538659,460
6920651f000000001d024544,1763730720000,浙江,69203cc3000000001e000b53,应该是电子书吧,5adf4318e8ac2b37d635799b,哈哈哈,https://sns-avatar-qc.xhscdn.com/avatar/1040g2jo31dnpfckih2604a4psu1hgucrif7vhb0?imageView2/2/w/120/format/jpg,0,,69205d6a000000001403f550,1763796538824,16
6920689a000000003800a416,1763731610000,广东,69203cc3000000001e000b53,@🚙,55b3a7ad3397db495a0fbf01,搞屁啊,https://sns-avatar-qc.xhscdn.com/avatar/1040g2jo31ho0qbf2js00410ee6jqrfo1l4ssd3o?imageView2/2/w/120/format/jpg,0,,69205b50000000001601c8c5,1763796538827,0
69206938000000001403c0d2,1763731768000,广东,69203cc3000000001e000b53,小红书,5adc6ac6e8ac2b68812812b2,不吃葡萄皮,https://sns-avatar-qc.xhscdn.com/avatar/637f7aa8adcf149a0c639103.jpg?imageView2/2/w/120/format/jpg,0,,69205b50000000001601c8c5,1763796538833,35
69206ffa0000000016021d18,1763733499000,内蒙古,69203cc3000000001e000b53,哈哈哈  太可爱了,66497b660000000007007a73,九叶,https://sns-avatar-qc.xhscdn.com/avatar/1040g2jo31p1bp8482o6g5pi9fdj1oujjr6ocmbo?imageView2/2/w/120/format/jpg,0,http://sns-webpic-qc.xhscdn.com/202511221528/d6c1f0451de715e7e14552054925cc65/comment/1040g2h031p59chhdig505pi9fdj1oujjh8a8lp8!nd_whgt34_webp_wm_1,69205d6a000000001403f550,1763796538839,7
692130d1000000003802966f,1763782866000,北京,69203cc3000000001e000b53,小红书[doge],5a597b64e8ac2b3af33e80b4,我是（哽咽）徐俊大,https://sns-avatar-qc.xhscdn.com/avatar/1040g2jo31c8544380m004a0qejtm905k4865h1o?imageView2/2/w/120/format/jpg,0,,69205b50000000001601c8c5,1763796538845,2
69205bef0000000014036e71,1763728367000,浙江,69203cc3000000001e000b53,哈哈哈哈哈哈,613b06a000000000020264e1,小豆腐Molly,https://sns-avatar-qc.xhscdn.com/avatar/1040g2jo319chhfc2lq005o9r0qg0kp71tqg9b80?imageView2/2/w/120/format/jpg,0,,69205b50000000001601c8c5,1763796541050,8
69209543000000001d025079,1763743044000,广东,69203cc3000000001e000b53,哈哈哈哈哈,61152be300000000010163ea,修勾呱呱（🍀）,https://sns-avatar-qc.xhscdn.com/avatar/1040g2jo31p193dtni6605o8l5fhgaova8ccbjdo?imageView2/2/w/120/format/jpg,0,,69205d6a000000001403f550,1763796541056,0
6920bd2d000000001601cd03,1763753261000,美国,69203cc3000000001e000b53,哈哈哈哈哈哈哈哈哈哈哈,55594d7fe4b1cf4ba156fd20,小柴芝麻,https://sns-avatar-qc.xhscdn.com/avatar/1040g2jo30un4e1v6560040knsl6nvv90nu8egdg?imageView2/2/w/120/format/jpg,0,,69205d6a000000001403f550,1763796541064,0
692127b30000000006018730,1763780531000,浙江,69203cc3000000001e000b53,哈哈哈哈哈,59c39fe744363b2d95b482e8,Hey！Nissa,https://sns-avatar-qc.xhscdn.com/avatar/1040g2jo317mpd9kngq0049qquafuf0n8737a00o?imageView2/2/w/120/format/jpg,0,,69205b50000000001601c8c5,1763796541067,0
692129be000000001702e497,1763781055000,重庆,69203cc3000000001e000b53,哈哈哈哈哈哈,57f06df56a6a69438be45846,UI,https://sns-avatar-qc.xhscdn.com/avatar/1040g2jo31oj4u3idg60048nsdumvam2693fm7p8?imageView2/2/w/120/format/jpg,0,,69205b50000000001601c8c5,1763796541083,0
69208811000000000e034640,1763739665000,广东,69203cc3000000001e000b53,拍视频接广告不用上班也能赚好多钱呢[捂脸R][捂脸R]，人家是大博主,6039baa800000000010007b0,落泊,https://sns-avatar-qc.xhscdn.com/avatar/1040g2jo31br6houagc005o1pnak081tg0n6rfkg?imageView2/2/w/120/format/jpg,0,,69205f08000000003802bcf8,1763796543099,83
69208293000000001600c1bb,1763738259000,广东,69203cc3000000001e000b53,超有钱[捂脸R],60c9efc90000000001003972,猪古力🐻,https://sns-avatar-qc.xhscdn.com/avatar/1040g2jo31gdn3bqvjs5g5o69tv4g8ebiitoncn0?imageView2/2/w/120/format/jpg,0,,69205f08000000003802bcf8,1763796543318,21
69209590000000000e0341fa,1763743120000,重庆,69203cc3000000001e000b53,难道平常视频不明显吗[捂脸R][捂脸R][捂脸R],64b54400000000002b00bc8e,无谓望到永远,https://sns-avatar-qc.xhscdn.com/avatar/1040g2jo31p1ljt3via0g5p5l8g0apf4e30atvrg?imageView2/2/w/120/format/jpg,0,,69205f08000000003802bcf8,1763796543321,34
69209aa6000000003800b669,1763744422000,江苏,69203cc3000000001e000b53,小豆腐旺父母[笑哭R],6520092b0000000002010b94,富强健康平安,https://sns-avatar-qc.xhscdn.com/avatar/1040g2jo31bugttvd10605p9014lgi2sk29jqfeg?imageView2/2/w/120/format/jpg,0,,69205f08000000003802bcf8,1763796543329,17
69209c3000000000380125ac,1763744817000,安徽,69203cc3000000001e000b53,感觉富养的女儿才有这种样子吧[哭惹R],61d7ad2d0000000021020ee9,🍚,https://sns-avatar-qc.xhscdn.com/avatar/1040g2jo31ldhvpbslm005oenlkmoc3n9s7g55fg?imageView2/2/w/120/format/jpg,0,,69205f08000000003802bcf8,1763796543334,7
69209ebd0000000039003abc,1763745470000,浙江,69203cc3000000001e000b53,不做博主也有钱,6486d0c5000000001001e514,nc别来沾边,https://sns-avatar-qc.xhscdn.com/avatar/1040g2jo31nf2edrblm005p46q32k3p8kubsndco?imageView2/2/w/120/format/jpg,0,,69208811000000000e034640,1763796543351,7
6920d87900000000160274d0,1763760249000,四川,69203cc3000000001e000b53,豆腐姐爷爷买的房子[笑哭R],5eec8ee3000000000100598e,123456,https://sns-avatar-qc.xhscdn.com/avatar/411309441983cdc4ce073ff8da73b5b6.jpg?imageView2/2/w/120/format/jpg,0,,69205f08000000003802bcf8,1763796545640,4
6920f99b000000000601abe5,1763768731000,浙江,69203cc3000000001e000b53,老豆腐是富二代,5337ab17b4c4d635535f160c,还我马甲线,https://sns-avatar-qc.xhscdn.com/avatar/645b7ea002c16c941e0bcb05.jpg?imageView2/2/w/120/format/jpg,0,,69205f08000000003802bcf8,1763796545644,14
692106c300000000380278ef,1763772099000,湖南,69203cc3000000001e000b53,本来就有钱啊 以前也是别墅,5c68c38e00000000100329f8,Collins.,https://sns-avatar-qc.xhscdn.com/avatar/625d584c36c5e1eb1f48e68b.jpg?imageView2/2/w/120/format/jpg,0,,69205f08000000003802bcf8,1763796545651,11
69210848000000003800dccd,1763772489000,海南,69203cc3000000001e000b53,小豆腐自己是[笑哭R],55aa0652f5a2633616fe4261,是嘎嘎嘎嘎啊,https://sns-avatar-qc.xhscdn.com/avatar/61bec988ac4d406aad0d50af.jpg?imageView2/2/w/120/format/jpg,0,,69205f08000000003802bcf8,1763796545658,0
69211b1d000000000601b62a,1763777310000,广东,69203cc3000000001e000b53,有钱又咋了，有钱英皇也有欠债穷困潦倒的时候[捂脸R][捂脸R]，别人是靠自己的能力拍视频赚的钱，你只看到家里有钱，看不到别人拍视频剪视频的努力[微笑R][微笑R],6039baa800000000010007b0,落泊,https://sns-avatar-qc.xhscdn.com/avatar/1040g2jo31br6houagc005o1pnak081tg0n6rfkg?imageView2/2/w/120/format/jpg,0,,69209ebd0000000039003abc,1763796545664,3
69211e8e000000003802bb9e,1763778190000,浙江,69203cc3000000001e000b53,[石化R],6486d0c5000000001001e514,nc别来沾边,https://sns-avatar-qc.xhscdn.com/avatar/1040g2jo31nf2edrblm005p46q32k3p8kubsndco?imageView2/2/w/120/format/jpg,0,,69211b1d000000000601b62a,1763796547812,0
69206060000000000e037ba4,1763729505000,河北,69203cc3000000001e000b53,我们小豆腐太美丽啦[哇R][哇R][哇R][哇R],56bbf00acb35fb0f06fd9274,不知道叫什么的仙女,https://sns-avatar-qc.xhscdn.com/avatar/1040g2jo31o4ncd84506045hkapo0l4jkr59gjvo?imageView2/2/w/120/format/jpg,0,,6920563c000000001d02569a,1763796549816,8
6920577d0000000006019601,1763727229000,河南,69203cc3000000001e000b53,好可爱的小豆腐[喝奶茶R],61a2df4a0000000021024ef4,爆汁生煎,https://sns-avatar-qc.xhscdn.com/avatar/62eea98cf18af8b8ae44f551.jpg?imageView2/2/w/120/format/jpg,0,,6920563c000000001d02569a,1763796550010,2
692063f700000000160231cf,1763730424000,湖南,69203cc3000000001e000b53,哇塞哇塞氛围感豆腐姐,66c6b6a1000000001d031811,薯你最红,https://sns-avatar-qc.xhscdn.com/avatar/1040g2jo31k5a5l6vio605pm6mqgne60hc41h2c8?imageView2/2/w/120/format/jpg,0,,6920563c000000001d02569a,1763796550013,1
69210a89000000001702eaf9,1763773065000,江苏,69203cc3000000001e000b53,随便一拍都很漂亮的小豆腐,6036357200000000010004e1,夺命大鸡腿,https://sns-avatar-qc.xhscdn.com/avatar/6036357200000000010004e1.jpg?imageView2/2/w/120/format/jpg,0,,6920563c000000001d02569a,1763796550021,0
692130c700000000160235a1,1763782855000,美国,69203cc3000000001e000b53,视频说是学区房，大陆都是按学区上学的，想去好的小学就要买那附近的房子才能有名额去上，所以学区房很值钱,60a21e13000000000101c7b6,momo,https://sns-avatar-qc.xhscdn.com/avatar/60a21e39dc1682c7707a7d88.jpg?imageView2/2/w/120/format/jpg,0,,6921217e000000000601af51,1763796552029,5
69212c1c00000000380104ff,1763781660000,中国香港,69203cc3000000001e000b53,之前有说这里上学近比较方便,54808f1ad6e4a96174300be2,KK,https://sns-avatar-qc.xhscdn.com/avatar/1040g2jo31fp4ikr0nqd0400ph07hk2v2kqltaso?imageView2/2/w/120/format/jpg,0,,6921217e000000000601af51,1763796552218,0
69212c4c0000000038031594,1763781709000,广东,69203cc3000000001e000b53,六岁小女孩赚钱帮父母买学区房，太励志了[点赞R][点赞R][点赞R],66416fe1000000000700449c,深惠户外volg前叉术后渡劫,https://sns-avatar-qc.xhscdn.com/avatar/1040g2jo31jfscigg34005pi1dvghoh4s4i7155o?imageView2/2/w/120/format/jpg,0,,0,1763796554396,1
692147ac0000000039008a99,1763788717000,浙江,69203cc3000000001e000b53,哈哈[笑哭R],5c8c999c00000000110113ed,Aurora🔚,https://sns-avatar-qc.xhscdn.com/avatar/1040g2jo31oufbkktha005n4cj6e4a4vd7ko690g?imageView2/2/w/120/format/jpg,0,http://sns-webpic-qc.xhscdn.com/202511221529/4ec16866ed78455aeb93257091c89ae6/comment/1040g2h031p667qcojc005n4cj6e4a4vdv2mq5u8!nd_whgt34_webp_wm_1,0,1763796554399,2
6920658b0000000038013da4,1763730828000,广东,69203cc3000000001e000b53,小豆腐的家好大呀！,6201e90b000000001000aaca,甜啵轩宝,https://sns-avatar-qc.xhscdn.com/avatar/1040g2jo31kc5b7f02o005og1t45k1ama1nro61o?imageView2/2/w/120/format/jpg,1,,0,1763796554409,6
692067bb0000000014034288,1763731387000,安徽,69203cc3000000001e000b53,感觉楼层不高 我喜欢住高一点 否则有点吵,5d3005af000000001101a55b,E老师的看文记录,https://sns-avatar-qc.xhscdn.com/avatar/1040g2jo31b0rslhqni005n9g0mnkb9ar0dh2ki0?imageView2/2/w/120/format/jpg,1,,0,1763796554414,0
692128f00000000016022b21,1763780848000,湖北,69203cc3000000001e000b53,好想为小豆腐设计房间[扶额R],5ea24ab80000000001008309,大唐,https://sns-avatar-qc.xhscdn.com/avatar/1040g2jo31l0il7cj2o005nl29as090o95p2mam8?imageView2/2/w/120/format/jpg,0,,0,1763796554422,0
69212812000000001d02629b,1763780626000,浙江,69203cc3000000001e000b53,这个扫地机好,59c39fe744363b2d95b482e8,Hey！Nissa,https://sns-avatar-qc.xhscdn.com/avatar/1040g2jo317mpd9kngq0049qquafuf0n8737a00o?imageView2/2/w/120/format/jpg,0,,0,1763796554430,0
69205b9900000000060197e6,1763728282000,安徽,69203cc3000000001e000b53,这个透明壳………真的好看么？？,5c1355eb0000000006018a3c,HJunnnnn,https://sns-avatar-qc.xhscdn.com/avatar/61a3a07cdcd50ddd3ec460c4.jpg?imageView2/2/w/120/format/jpg,1,,0,1763796554433,5
6921227c000000003802c5e6,1763779196000,湖南,69203cc3000000001e000b53,她好像宋祖儿,5a61302011be103b308cb34f,恩恩酱🎠,https://sns-avatar-qc.xhscdn.com/avatar/1040g2jo31nql0fe9mg0g4a0u96o21cqf6foi2a0?imageView2/2/w/120/format/jpg,0,,0,1763796554442,0
692058d9000000003900bc9e,1763727578000,马来西亚,69203cc3000000001e000b53,只可以在角落比耶[捂脸R],5d24f581000000001203c716,Rebeccayao,https://sns-avatar-qc.xhscdn.com/avatar/1040g2jo31mdvdk1m6g005n94um0knhom29j5f50?imageView2/2/w/120/format/jpg,2,http://sns-webpic-qc.xhscdn.com/202511221529/7ee548e483e91c1701a12f6f5e58683b/comment/1040g2h031p592t70jc005n94um0knhomm08l78g!nd_whgt34_webp_wm_1,0,1763796554446,14
69211c45000000001702ec11,1763777605000,河北,69203cc3000000001e000b53,hhhhhh，小豆腐咋这么有意思呢，戏精宝宝[偷笑R],599955ba82ec3920f08fbeb0,不再卖吐司面包,https://sns-avatar-qc.xhscdn.com/avatar/1040g2jo31d5et69egk0049ocprarlflgg6m3d9o?imageView2/2/w/120/format/jpg,0,,0,1763796554453,0
692065ac00000000380102a8,1763730861000,广东,69203cc3000000001e000b53,多少平方米的呀？,6201e90b000000001000aaca,甜啵轩宝,https://sns-avatar-qc.xhscdn.com/avatar/1040g2jo31kc5b7f02o005og1t45k1ama1nro61o?imageView2/2/w/120/format/jpg,0,,6920658b0000000038013da4,1763796556459,2
69212d0f0000000038017f48,1763781903000,浙江,69203cc3000000001e000b53,我们这边学区房一般都是老小区,570b65a9aed758745bc4992c,小陌陌的溜娃日记,https://sns-avatar-qc.xhscdn.com/avatar/1040g2jo31e045bvvgk0047rujjiqj69ctcl6gno?imageView2/2/w/120/format/jpg,0,,692067bb0000000014034288,1763796556464,0
6920705f000000001601f305,1763733599000,四川,69203cc3000000001e000b53,好看，我喜欢,59759a835e87e732f88e9df8,小妤Sunny,https://sns-avatar-qc.xhscdn.com/avatar/1040g2jo316ri61d9go205oe5jk240ulb8silve0?imageView2/2/w/120/format/jpg,0,,69205b9900000000060197e6,1763796556490,4
6920602a000000003803cf69,1763729450000,马来西亚,69203cc3000000001e000b53,好努力刷存在感的吴彦祖 [笑哭R],5d24f581000000001203c716,Rebeccayao,https://sns-avatar-qc.xhscdn.com/avatar/1040g2jo31mdvdk1m6g005n94um0knhom29j5f50?imageView2/2/w/120/format/jpg,0,,69205fcc000000001502ccd5,1763796556534,2
69205fcc000000001502ccd5,1763729356000,浙江,69203cc3000000001e000b53,哈哈哈哈哈,613b06a000000000020264e1,小豆腐Molly,https://sns-avatar-qc.xhscdn.com/avatar/1040g2jo319chhfc2lq005o9r0qg0kp71tqg9b80?imageView2/2/w/120/format/jpg,0,,692058d9000000003900bc9e,1763796556825,1
692114ab00000000380282a7,1763775660000,广东,69203cc3000000001e000b53,宝宝小巧思的位置看书要注意头顶哦,62f3cadf000000001f014a37,夏屿柠,https://sns-avatar-qc.xhscdn.com/avatar/1040g2jo31lm1lqgmlm505onjpbfnqihnm2hccho?imageView2/2/w/120/format/jpg,0,,0,1763796559034,0
69206c34000000001601da43,1763732532000,中国台湾,69203cc3000000001e000b53,甲醛测了吗？,6804b428000000000e01fa46,小熊唯妮😺🍚,https://sns-avatar-qc.xhscdn.com/avatar/1040g2jo31n3kkvk1mg6g5q04mgk3jui67ve1q5o?imageView2/2/w/120/format/jpg,1,,0,1763796559045,0
6920592600000000380112a7,1763727654000,广东,69203cc3000000001e000b53,很期待呢小豆腐的房间是不是很梦幻型[哇R],5cf7ca65000000001600a772,woshi淘淘吖,https://sns-avatar-qc.xhscdn.com/avatar/1040g2jo31bccm5mqg2005n7np9ilh9rilvbdtn8?imageView2/2/w/120/format/jpg,2,,0,1763796559051,3
69209b7c0000000039006a70,1763744636000,美国,69203cc3000000001e000b53,恭喜呀，不過有個小建議主臥是不是可以跟衣帽間對調，因為主臥看出去對面有大樓比較沒有隱私,65339c63000000002b002168,momo,https://sns-avatar-qc.xhscdn.com/avatar/645b7f8f2a34639eb26eb1cd.jpg?imageView2/2/w/120/format/jpg,1,,0,1763796559065,0
6920700f000000001600c8d0,1763733520000,四川,69203cc3000000001e000b53,放心啦，肯定不会放过这个环节,59759a835e87e732f88e9df8,小妤Sunny,https://sns-avatar-qc.xhscdn.com/avatar/1040g2jo316ri61d9go205oe5jk240ulb8silve0?imageView2/2/w/120/format/jpg,0,,69206c34000000001601da43,1763796561079,8
69205b0b000000000e035c94,1763728139000,浙江,69203cc3000000001e000b53,她的房间留给她自己布置,613b06a000000000020264e1,小豆腐Molly,https://sns-avatar-qc.xhscdn.com/avatar/1040g2jo319chhfc2lq005o9r0qg0kp71tqg9b80?imageView2/2/w/120/format/jpg,0,,6920592600000000380112a7,1763796561082,11
69205eb5000000003802f7e5,1763729077000,广东,69203cc3000000001e000b53,那更期待了[哇R],5cf7ca65000000001600a772,woshi淘淘吖,https://sns-avatar-qc.xhscdn.com/avatar/1040g2jo31bccm5mqg2005n7np9ilh9rilvbdtn8?imageView2/2/w/120/format/jpg,0,,69205b0b000000000e035c94,1763796561277,1
69213e10000000001403c9fe,1763786256000,浙江,69203cc3000000001e000b53,卧室朝南才有阳光哦  以后会装窗帘的呀～ 现在的衣帽间是没有阳光的～,613b06a000000000020264e1,小豆腐Molly,https://sns-avatar-qc.xhscdn.com/avatar/1040g2jo319chhfc2lq005o9r0qg0kp71tqg9b80?imageView2/2/w/120/format/jpg,0,,69209b7c0000000039006a70,1763796563287,0
69201ed1000000001702cc4d,1763712723000,上海,691ee07b000000000d03d404,好可爱[心心眼R]跟我家的好像,6875e9f8000000000d03c320,知夏宠物设计,https://sns-avatar-qc.xhscdn.com/avatar/1040g2jo31ota25791k605q3lt7s3fgp0q1k9f30?imageView2/2/w/120/format/jpg,2,http://sns-webpic-qc.xhscdn.com/202511221529/312d0735cc30223f48d53dd18b8c73bc/comment/1040g2h031p50ub1i2o105q3lt7s3fgp0ojkcfc0!nd_whgt34_webp_wm_1,0,1763796565543,11
692157be0000000038033354,1763792830000,山东,691ee07b000000000d03d404,只要有它什么都不算[派对R],690b5dcc00000000370320e3,毛宠,https://sns-avatar-qc.xhscdn.com/avatar/1040g2jo31omca90jmg605q8bbn6du873gsu5qg8?imageView2/2/w/120/format/jpg,0,,0,1763796565548,0
691f134c0000000014036450,1763644240000,辽宁,691ee07b000000000d03d404,对 这个也不算 我给球球做手术呢 我感觉他生病了,60207d9c0000000001009552,刀片&小芸小狗日记,https://sns-avatar-qc.xhscdn.com/avatar/1040g2jo31o94hrui52705o10fme095aiqdct21o?imageView2/2/w/120/format/jpg,5,http://sns-webpic-qc.xhscdn.com/202511221529/8915ff1691e751d31ebe6ab11e0b917e/comment/1040g2h031p4196pd28105o10fme095ai4nptu2g!nd_whgt34_webp_wm_1,0,1763796565569,42
6921307a00000000380289fc,1763782779000,河南,691ee07b000000000d03d404,,685e361f000000001b01aba1,梦回乔一依,https://sns-avatar-qc.xhscdn.com/avatar/1040g2jo31okfn14igg605q2u6ofmrat1t3lboa8?imageView2/2/w/120/format/jpg,0,http://sns-webpic-qc.xhscdn.com/202511221529/b29bca5fb2dc263ef19e1981e7f39301/comment/1040g2h031p63d6qsjc605q2u6ofmrat153jn0p8!nd_whgt34_webp_wm_1,0,1763796565577,0
691f1b530000000038024943,1763646292000,重庆,691ee07b000000000d03d404,花妈，快看我前两天做的表情包，预判了！,5ee844a600000000010027a3,茉莉蜜茶.,https://sns-avatar-qc.xhscdn.com/avatar/1040g2jo310l86p8u6e005nn88ij089t395vk3v8?imageView2/2/w/120/format/jpg,0,http://sns-webpic-qc.xhscdn.com/202511221529/af269ba6ecd21dc420c0644e1a42c442/comment/1040g2h031p42aipcjc005nn88ij089t380e4igo!nd_whlt34_webp_wm_1,0,1763796565586,6
69212f83000000000601962c,1763782532000,广东,691ee07b000000000d03d404,他叫云朵吗[哇R][哇R][哇R]好白好白,66432b480000000003030421,青汀宠膳,https://sns-avatar-qc.xhscdn.com/avatar/1040g2jo31mqhnllsl06g5pi35d40u111j2hc8go?imageView2/2/w/120/format/jpg,0,,0,1763796565593,1
6921221c000000001d01ec8a,1763779101000,四川,691ee07b000000000d03d404,可爱[飞吻R],5d311c7e0000000016036426,一坊面业手记,https://sns-avatar-qc.xhscdn.com/avatar/1040g2jo31p512rpqjc6g5n9h3hv5mp16oistc2g?imageView2/2/w/120/format/jpg,0,,0,1763796565606,0
69206414000000000e0340e4,1763730452000,江苏,691ee07b000000000d03d404,小狗不会掉头发，不要冤枉花花[斜眼R],5655794ee58d1368f54597f8,拒绝吃草的芃潼潼,https://sns-avatar-qc.xhscdn.com/avatar/5655794ee58d1368f54597f8.jpg?imageView2/2/w/120/format/jpg,0,,0,1763796565664,0
6920617e00000000160262c6,1763729790000,江苏,691ee07b000000000d03d404,哈哈,68ea3cc00000000037031f2c,(哈利）和（美元）的日常,https://sns-avatar-qc.xhscdn.com/avatar/1040g2jo31p40ks6m2u005q7a7j0du7pcej5q898?imageView2/2/w/120/format/jpg,0,,0,1763796565672,0
69205901000000003802d9be,1763727618000,山西,691ee07b000000000d03d404,我不行了，我家狗原本是黑色，就因为玩泡沫箱全部变白了。变白不说，还难清理,63f74d7c000000001001f091,妍曦露,https://sns-avatar-qc.xhscdn.com/avatar/1040g2jo31p2bhj4aig6g5ovn9lu43s4hevn7leo?imageView2/2/w/120/format/jpg,0,,0,1763796565680,0
69202af600000000140376d5,1763715831000,广东,691ee07b000000000d03d404,哇，这是项链吗？,6904ab99000000003101c0f3,Alysia Fuente,https://sns-avatar-qc.xhscdn.com/avatar/1040g2jo31ortg7to105g5q84lecsbg7j6qi2qvg?imageView2/2/w/120/format/jpg,0,,69201ed1000000001702cc4d,1763796567697,0
69202b670000000016020a3e,1763715943000,上海,691ee07b000000000d03d404,嗯嗯[飞吻R],6875e9f8000000000d03c320,知夏宠物设计,https://sns-avatar-qc.xhscdn.com/avatar/1040g2jo31ota25791k605q3lt7s3fgp0q1k9f30?imageView2/2/w/120/format/jpg,0,,69202af600000000140376d5,1763796567874,0
691f13d1000000001d01c3dd,1763644369000,安徽,691ee07b000000000d03d404,拔罐呢,5cab08430000000017021da7,小花花的每一天,https://sns-avatar-qc.xhscdn.com/avatar/6250407c9a6b6bd137d8ef34.jpg?imageView2/2/w/120/format/jpg,0,,691f134c0000000014036450,1763796569878,8
691f314000000000140369e2,1763651904000,湖南,691ee07b000000000d03d404,哈哈哈哈哈哈哈哈[doge],5c8e244d0000000010014695,一怦爱吃肉,https://sns-avatar-qc.xhscdn.com/avatar/1040g2jo31ofdcjd1l2005n4e4h6k2hklh1mbluo?imageView2/2/w/120/format/jpg,0,,691f13d1000000001d01c3dd,1763796570105,0
69200603000000001403cee8,1763706371000,上海,691ee07b000000000d03d404,@Kiki007,577267267fc5b8356490ea5d,快乐🧡收藏家,https://sns-avatar-qc.xhscdn.com/avatar/1040g2jo31k2f7t7pia7048h1uhjidqitu80b7ho?imageView2/2/w/120/format/jpg,0,,691f134c0000000014036450,1763796570126,0
692030b900000000160261c8,1763717306000,北京,691ee07b000000000d03d404,好朋友掏心掏肺。,5b2e8ceee8ac2b02b8a2c709,Kiki007,https://sns-avatar-qc.xhscdn.com/avatar/1040g2jo314d3tn6f6e004a6h6r6etho9l5krfro?imageView2/2/w/120/format/jpg,0,,69200603000000001403cee8,1763796570141,0
691f205f0000000038009596,1763647584000,河北,691ee07b000000000d03d404,哈哈哈哈哈哈,5a92028f4eacab0a067ef485,张小宝🍀🍀（好运版）,https://sns-avatar-qc.xhscdn.com/avatar/5a9202c5d2c8a5484e7a82d3.jpg?imageView2/2/w/120/format/jpg,0,,691f13d1000000001d01c3dd,1763796570144,0
69203d35000000001d01c7b6,1763720502000,河南,691ee07b000000000d03d404,[害羞R]好想弄一支,5c5533fc000000001103e969,小红薯uayks8ld,https://sns-avatar-qc.xhscdn.com/avatar/7121a416be8e543266fd62c1cc9d575e.jpg?imageView2/2/w/120/format/jpg,0,,0,1763796572371,0
692026e70000000038006ca9,1763714791000,天津,691ee07b000000000d03d404,你敢不敢放狗？伤心的语言。看看花花会不会来安慰你？,67387e27000000000800b3e4,牛奶团团.（找闺）🍬,https://sns-avatar-qc.xhscdn.com/avatar/1040g2jo31oj6976d6g605ppofoji1cv4p4vjo6o?imageView2/2/w/120/format/jpg,0,,0,1763796572375,0
692022fc000000001601d1e8,1763713789000,广东,691ee07b000000000d03d404,这是什么狗 比熊串串吗,691c17e9000000000903f0c5,桃夭灼华,https://sns-avatar-qc.xhscdn.com/avatar/e53758b4-6315-383f-871f-2cf92128e2e3?imageView2/2/w/120/format/jpg,0,,0,1763796572380,0
69201c6b0000000039002470,1763712108000,云南,691ee07b000000000d03d404,好玩,6901ebe50000000037006691,小红薯69025E56,https://sns-avatar-qc.xhscdn.com/avatar/645b7e4b86578b8c6ab3b056.jpg?imageView2/2/w/120/format/jpg,0,,0,1763796572387,0
69200b89000000001403e772,1763707785000,上海,691ee07b000000000d03d404,可爱到离谱的🐶🐶，雪白雪白,5eda38900000000001006922,猪蹄,https://sns-avatar-qc.xhscdn.com/avatar/53ba1722242c3e9344db7b0fc2e1005f.jpg?imageView2/2/w/120/format/jpg,0,,0,1763796572397,0
691eef24000000001702d52f,1763634981000,河北,691ee07b000000000d03d404,我行了戴眼镜的时候真的好可爱,60ab89220000000001001f71,穿黑丝的性感母蟑螂,https://sns-avatar-qc.xhscdn.com/avatar/1040g2jo31jul3o30343g5o5bh4h087rhp08qk88?imageView2/2/w/120/format/jpg,2,http://sns-webpic-qc.xhscdn.com/202511221529/db000ea45246aeff908f19e8c74ad2d7/comment/1040g2h031p3stvtf2u605o5bh4h087rhhq6b808!nd_whlt34_webp_wm_1,0,1763796572406,8
692003c40000000038025d7c,1763705796000,辽宁,691ee07b000000000d03d404,直接颁个“绝世好狗“的小狗牌吧[偷笑R]这也没算那也没算[大笑R],60f226140000000001009f00,小红薯60F34FD8,https://sns-avatar-qc.xhscdn.com/avatar/64e1a288984ee15d6bda1c9b.jpg?imageView2/2/w/120/format/jpg,0,,0,1763796572413,0
691ffff50000000014034cee,1763704821000,山东,691ee07b000000000d03d404,好玩,625c469200000000100088d1,宋玉芳,https://sns-avatar-qc.xhscdn.com/avatar/1040g2jo30ubcd342l6505ois8q94126hfngr0qg?imageView2/2/w/120/format/jpg,0,,0,1763796572424,0
691eee740000000039001f93,1763634804000,安徽,691ee07b000000000d03d404,1,634a307a0000000018028631,RST,https://sns-avatar-qc.xhscdn.com/avatar/1040g2jo31oujahd6ha6g5oqa61t651hh9k9aruo?imageView2/2/w/120/format/jpg,0,,0,1763796572442,1
691fcf0100000000380155d2,1763692290000,广东,691ee07b000000000d03d404,这是超小体吗,628876e10000000021029359,妍Q.,https://sns-avatar-qc.xhscdn.com/avatar/c94b2589011be6d87bfbbbf21db9e2a0.jpg?imageView2/2/w/120/format/jpg,0,,0,1763796572449,0
691ef075000000001601ddcf,1763635317000,安徽,691ee07b000000000d03d404,高知小狗[飞吻R],5cab08430000000017021da7,小花花的每一天,https://sns-avatar-qc.xhscdn.com/avatar/6250407c9a6b6bd137d8ef34.jpg?imageView2/2/w/120/format/jpg,0,http://sns-webpic-qc.xhscdn.com/202511221529/8b6470928b343c26f20328818b44cce0/comment/1040g2h031p3t347qig005n5b111ls7d7r65amv8!nd_whlt34_webp_wm_1,691eef24000000001702d52f,1763796574464,24
691f1b520000000016021594,1763646291000,河北,691ee07b000000000d03d404,可爱死了，这样吧，你把小狗送给我好不好？,60ab89220000000001001f71,穿黑丝的性感母蟑螂,https://sns-avatar-qc.xhscdn.com/avatar/1040g2jo31jul3o30343g5o5bh4h087rhp08qk88?imageView2/2/w/120/format/jpg,0,http://sns-webpic-qc.xhscdn.com/202511221529/c95a037176dccdc758e919366cfc8922/comment/1040g2h031p42aia42s6g5o5bh4h087rh5onfr70!nd_whlt34_webp_wm_1,691ef075000000001601ddcf,1763796574697,0
691ffe91000000001403c3d0,1763704466000,陕西,691ee07b000000000d03d404,Chxhfhjdiidiffjjdueirititifiififotororotofoijnzdjjdjxjaijdfjjc,66af314e000000001d021008,小红薯66AFF4F2,https://sns-avatar-qc.xhscdn.com/avatar/645b7efe1fc3de4c930effac.jpg?imageView2/2/w/120/format/jpg,0,,0,1763796577014,1
691fef09000000001502f1f3,1763700492000,四川,691ee07b000000000d03d404,在坐车车,5c5ef4620000000010005ea7,少吃荔枝,https://sns-avatar-qc.xhscdn.com/avatar/1040g2jo31ougi2l1gu1g5n2uuhh40nl7gmqouco?imageView2/2/w/120/format/jpg,0,http://sns-webpic-qc.xhscdn.com/202511221529/c4b2cf2024443dd2b54449e2c50c6760/comment/1040g2h031p4s5iqli80g5n2uuhh40nl7ue5o7io!nd_whgt34_webp_wm_1,0,1763796577018,0
691ffacd0000000039006cbd,1763703501000,江苏,691ee07b000000000d03d404,为什么妹妹和花花长的越来越像了,62066e5500000000100063aa,啦啦啦啦啦,https://sns-avatar-qc.xhscdn.com/avatar/1040g2jo31o9sh0ku5md05og6dpak0otah08cub0?imageView2/2/w/120/format/jpg,0,,0,1763796577023,0
691ff1b1000000001403c178,1763701169000,湖北,691ee07b000000000d03d404,乖八的小狗,66c3da1f000000000b030526,小红薯66C4163F,https://sns-avatar-qc.xhscdn.com/avatar/645b7e78731e07eb8ca3d81b.jpg?imageView2/2/w/120/format/jpg,0,,0,1763796577027,0
691fee94000000001d01d930,1763700372000,内蒙古,691ee07b000000000d03d404,@ᅠᅠᅠ  想摸一下,5b7d4b18499cb00001779a57,喷我全你错,https://sns-avatar-qc.xhscdn.com/avatar/6558a8b02831d102a9529abc.jpg?imageView2/2/w/120/format/jpg,0,,0,1763796577032,0
691ef1a40000000039001b6f,1763635621000,云南,691ee07b000000000d03d404,小斗博主不愧是顶流，淘气却懂事[派对R] ee被小花花种草了[棒R],5aafacb111be102db3283abe,Candy3507,https://sns-avatar-qc.xhscdn.com/avatar/1040g2jo3118holii6g004a3niqmb2elul6pk7s0?imageView2/2/w/120/format/jpg,1,,0,1763796577039,4
691ef037000000001702d67c,1763635255000,浙江,691ee07b000000000d03d404,怀疑你在阴阳小电视里,60042a4100000000010033fe,Momo,https://sns-avatar-qc.xhscdn.com/avatar/1040g2jo31hae5r863u0g5o04590g8cvuj00fqso?imageView2/2/w/120/format/jpg,1,,0,1763796577044,4
691fcd27000000001601f016,1763691815000,河南,691ee07b000000000d03d404,可爱[烟花R][赞R],660a2da9000000000b00dec3,绘画师,https://sns-avatar-qc.xhscdn.com/avatar/1040g2jo31hgld3vk3ie05pga5mkipnm3mhvuj00?imageView2/2/w/120/format/jpg,0,,0,1763796577048,0
691ef6dd000000003800c316,1763636958000,重庆,691ee07b000000000d03d404,花花的小屁股我想亲一口[doge],5ee844a600000000010027a3,茉莉蜜茶.,https://sns-avatar-qc.xhscdn.com/avatar/1040g2jo310l86p8u6e005nn88ij089t395vk3v8?imageView2/2/w/120/format/jpg,0,,0,1763796577054,1
691f26ed000000001702e51f,1763649262000,湖南,691ee07b000000000d03d404,这张超级无敌可爱[飞吻R],675edd3d0000000015006206,微笑花花,https://sns-avatar-qc.xhscdn.com/avatar/1040g2jo31m71o4mrm8605pqurkul8og67irlp40?imageView2/2/w/120/format/jpg,0,http://sns-webpic-qc.xhscdn.com/202511221529/dba4c53c48a167afe891774b40800065/comment/1040g2h031p43nst52g6g5pqurkul8og6dnjb75g!nd_whgt34_webp_wm_1,0,1763796577061,1
691ef4030000000016022b77,1763636228000,安徽,691ee07b000000000d03d404,嘿嘿,5cab08430000000017021da7,小花花的每一天,https://sns-avatar-qc.xhscdn.com/avatar/6250407c9a6b6bd137d8ef34.jpg?imageView2/2/w/120/format/jpg,0,http://sns-webpic-qc.xhscdn.com/202511221529/3368d361e4c8b7abcb9f283d26b33b1d/comment/1040g2h031p3t347qig0g5n5b111ls7d7qqqjuto!nd_whgt34_webp_wm_1,691ef1a40000000039001b6f,1763796579067,2
691ef09d0000000016021c06,1763635357000,安徽,691ee07b000000000d03d404,纯夸奖[飞吻R][飞吻R],5cab08430000000017021da7,小花花的每一天,https://sns-avatar-qc.xhscdn.com/avatar/6250407c9a6b6bd137d8ef34.jpg?imageView2/2/w/120/format/jpg,0,,691ef037000000001702d67c,1763796579074,1
691fe5f2000000001702cb72,1763698163000,湖北,691ee07b000000000d03d404,真可爱咧[赞R],589ef7f082ec39668fa26963,幸运鹅～,https://sns-avatar-qc.xhscdn.com/avatar/1040g2jo31nnlhjqo5m00494lnmrv0qb3q74jgn8?imageView2/2/w/120/format/jpg,0,,0,1763796579309,0
691fc71b0000000006018aaf,1763690268000,山东,691ee07b000000000d03d404,太可爱了吧[飞吻R],5c184e430000000005031721,四角兽之家,https://sns-avatar-qc.xhscdn.com/avatar/1040g2jo31ovs1ls410005n0o9p1he5p12et4u18?imageView2/2/w/120/format/jpg,0,,0,1763796579311,1
691fdad5000000001600cc1f,1763695318000,广东,691ee07b000000000d03d404,太可爱了,659358ed000000001f03a7bd,小汉堡夹心,https://sns-avatar-qc.xhscdn.com/avatar/1040g2jo313mnti4j1q6g5pcjb3mnv9tt9d8uhr0?imageView2/2/w/120/format/jpg,0,,0,1763796579315,0
69205e2600000000380056a5,1763728935000,上海,691ee07b000000000d03d404,可爱,68ceadf8000000002101f955,小红薯68CF2161,https://sns-avatar-qc.xhscdn.com/avatar/645b806f731e07eb8ca3d845.jpg?imageView2/2/w/120/format/jpg,0,,0,1763796579322,0
691eee100000000038033e6c,1763634705000,山东,691ee07b000000000d03d404,1,60814675000000000100acde,沅.,https://sns-avatar-qc.xhscdn.com/avatar/1040g2jo31obklu2f5ml05o418pqg9b6ua65egmo?imageView2/2/w/120/format/jpg,2,,0,1763796579326,3
691f22a30000000038027aed,1763648164000,山东,691ee07b000000000d03d404,蛋仔：这是掏肚子啊，啊，啊，啊，啊[哭惹R][哭惹R][哭惹R],5bd0a0187292370001fd0ae0,兔小兔兔,https://sns-avatar-qc.xhscdn.com/avatar/6503dd42e016340f266333a0.jpg?imageView2/2/w/120/format/jpg,0,,0,1763796579341,1
691fd48300000000160206b4,1763693699000,浙江,691ee07b000000000d03d404,[派对R]么么么么哒,5c52692400000000110089e4,newwomen,https://sns-avatar-qc.xhscdn.com/avatar/1040g2jo31be8fi6mg05g5n2id4i492f4ivsj7gg?imageView2/2/w/120/format/jpg,0,,0,1763796579347,0
691fd08a0000000039000c1b,1763692682000,江苏,691ee07b000000000d03d404,[飞吻R]好可爱的狗狗,6459eb4c000000001400d238,luna的萌宠世界,https://sns-avatar-qc.xhscdn.com/avatar/1040g2jo31p25ga982g6g5p2ptd651khoa4e41m0?imageView2/2/w/120/format/jpg,0,,0,1763796579360,0
691ef1bb000000003900b46b,1763635643000,北京,691ee07b000000000d03d404,花师傅：我可是很乖的！,559a2114f5a2637d20f7469d,大头捏捏,https://sns-avatar-qc.xhscdn.com/avatar/1040g2jo30rgbs0m41e0040u1evgh8hktu5toq9g?imageView2/2/w/120/format/jpg,0,,0,1763796579363,2
691fcf6c000000003800fc29,1763692396000,河北,691ee07b000000000d03d404,调皮的小可爱,5df3a06b000000000100a9a3,不爱洗澡的小汤圆,https://sns-avatar-qc.xhscdn.com/avatar/1040g2jo31o274tf6l8005nfjk1lg9ad3hp5344g?imageView2/2/w/120/format/jpg,0,,0,1763796579378,0
691eee51000000001702e3ce,1763634769000,宁夏,691ee07b000000000d03d404,真乘[点赞R],61a2d8aa0000000010007077,^姜辞🍋,https://sns-avatar-qc.xhscdn.com/avatar/1040g2jo31o201dig6m605od2r2l40s3ndj1k9l0?imageView2/2/w/120/format/jpg,0,,691eee100000000038033e6c,1763796581395,0
691eeeaf000000003800a9f0,1763634863000,福建,691ee07b000000000d03d404,刚刚,5d165467000000001000ccdc,Flies,https://sns-avatar-qc.xhscdn.com/avatar/1040g2jo31ot7u8fr1a0g5n8mahjk1j6sao1cok0?imageView2/2/w/120/format/jpg,0,,691eee100000000038033e6c,1763796581562,0
691fc7da000000001d02541b,1763690459000,安徽,691ee07b000000000d03d404,好可爱的狗子哈哈哈哈哈,6486c4990000000025037597,用户加载中,https://sns-avatar-qc.xhscdn.com/avatar/1040g2jo31l6hiji5ku6g5p46oicpetcn7td9odg?imageView2/2/w/120/format/jpg,0,,0,1763796583802,1
691f6d5a000000000e0352eb,1763667290000,贵州,691ee07b000000000d03d404,花花送过来我教育教育,623b4adb000000001000483a,丸.,https://sns-avatar-qc.xhscdn.com/avatar/1040g2jo31p34j1htic005ohr9bdk0i1q32ak4j0?imageView2/2/w/120/format/jpg,0,,0,1763796583805,0
691f379c0000000014034036,1763653533000,陕西,691ee07b000000000d03d404,你就惯吧,5ac891d34eacab568995ff4a,殷雅俐瑛,https://sns-avatar-qc.xhscdn.com/avatar/1040g2jo31k40ei213q5g4a4bl28t7vqarn6jdi0?imageView2/2/w/120/format/jpg,0,,0,1763796583813,1
6909f6e10000000038005e4e,1762260705000,浙江,690482d200000000050105c7,哈哈哈，大胃王这个比喻好形象呀,659a53a300000000220016e2,77,https://sns-avatar-qc.xhscdn.com/avatar/1040g2jo31ji4qu2k32005pcqaehog5n2d66r75g?imageView2/2/w/120/format/jpg,1,,0,1763796588091,1
6904a5dc000000003901fbd2,1761912284000,广东,690482d200000000050105c7,"不愧是研发无人机的居然能自己绕开电线
",5ea83cdd000000000100a263,LJIAM,https://sns-avatar-qc.xhscdn.com/avatar/1040g2jo317h16vt5gs005nl87jeg98j39gp9kpg?imageView2/2/w/120/format/jpg,1,,0,1763796588094,1
6909fa75000000003300eae2,1762261622000,福建,690482d200000000050105c7,想给我爸妈买一个[偷笑R],67b41733000000000e01e8e8,TvT,https://sns-avatar-qc.xhscdn.com/avatar/1040g2jo31o24d3o0mm005ptk2spjjq78si7l678?imageView2/2/w/120/format/jpg,1,,0,1763796588105,0
6909fa270000000033021454,1762261544000,浙江,690482d200000000050105c7,等我存钱买一个[暗中观察R],66a8cce2000000001d02342e,鲸鱼,https://sns-avatar-qc.xhscdn.com/avatar/1040g2jo31oug2gjv1a005pl8pjh7cd1ejavlc58?imageView2/2/w/120/format/jpg,1,,0,1763796588110,0
6909f84a0000000039029da7,1762261066000,重庆,690482d200000000050105c7,颜值还挺好,64be3379000000001403d04f,游泳小鱼,https://sns-avatar-qc.xhscdn.com/avatar/1040g2jo31oqbu99th4605p5u6dsl7k2fnu0q308?imageView2/2/w/120/format/jpg,1,,0,1763796588117,0
6909f7d50000000033024266,1762260950000,宁夏,690482d200000000050105c7,好智能爱了爱了,6379ed34000000001f01c1d4,小萌星,https://sns-avatar-qc.xhscdn.com/avatar/1040g2jo31p0rojrlj2205orptkq7rgekhsooptg?imageView2/2/w/120/format/jpg,1,,0,1763796588126,0
69097f1d00000000370242e8,1762230046000,山东,690482d200000000050105c7,想入手了[偷笑R],625150f30000000021022a11,在老公后门找到前女友的美甲碎钻,https://sns-avatar-qc.xhscdn.com/avatar/1040g2jo31jajeffo2u005oiha3pocaghnijrkb0?imageView2/2/w/120/format/jpg,1,,0,1763796588137,0
69097f080000000037010887,1762230025000,浙江,690482d200000000050105c7,好适合懒人呀,644cb240000000001f03017e,琼ovo,https://sns-avatar-qc.xhscdn.com/avatar/66169bf17409a5396532bfb4.jpg?imageView2/2/w/120/format/jpg,1,,0,1763796588145,0
69097b250000000038033862,1762229030000,江苏,690482d200000000050105c7,角落扫得到吗,660aa61a000000000d024005,娟娟,https://sns-avatar-qc.xhscdn.com/avatar/1040g2jo31kp25o7iio6g5pgakod3cg05fu12hio?imageView2/2/w/120/format/jpg,1,,0,1763796588150,0
69062ae7000000003302632e,1762011880000,北京,690482d200000000050105c7,卷起来[点赞R],5821159082ec395f69d1d781,Celina,https://sns-avatar-qc.xhscdn.com/avatar/5dda8e0aa49cfc00016470eb.jpg?imageView2/2/w/120/format/jpg,1,,0,1763796588155,0
690af56500000000310323fe,1762325861000,广东,690482d200000000050105c7,嘻嘻也很符合它,61b8129c0000000010005453,苏喜家装记,https://sns-avatar-qc.xhscdn.com/avatar/1040g2jo31kbnvpq1iu105odo2ae40l2j9f8afoo?imageView2/2/w/120/format/jpg,0,,6909f6e10000000038005e4e,1763796590166,0
690af4d300000000320039dd,1762325716000,广东,690482d200000000050105c7,我和朋友也这么说！,61b8129c0000000010005453,苏喜家装记,https://sns-avatar-qc.xhscdn.com/avatar/1040g2jo31kbnvpq1iu105odo2ae40l2j9f8afoo?imageView2/2/w/120/format/jpg,0,,6904a5dc000000003901fbd2,1763796590169,0
690af53b0000000031003de2,1762325820000,广东,690482d200000000050105c7,很适合哟~,61b8129c0000000010005453,苏喜家装记,https://sns-avatar-qc.xhscdn.com/avatar/1040g2jo31kbnvpq1iu105odo2ae40l2j9f8afoo?imageView2/2/w/120/format/jpg,0,,6909fa75000000003300eae2,1763796590176,0
690af5440000000030027a9c,1762325828000,广东,690482d200000000050105c7,嘿嘿等你,61b8129c0000000010005453,苏喜家装记,https://sns-avatar-qc.xhscdn.com/avatar/1040g2jo31kbnvpq1iu105odo2ae40l2j9f8afoo?imageView2/2/w/120/format/jpg,0,,6909fa270000000033021454,1763796590180,0
690af5570000000030027b6f,1762325848000,广东,690482d200000000050105c7,对呢，简约又大气,61b8129c0000000010005453,苏喜家装记,https://sns-avatar-qc.xhscdn.com/avatar/1040g2jo31kbnvpq1iu105odo2ae40l2j9f8afoo?imageView2/2/w/120/format/jpg,0,,6909f84a0000000039029da7,1763796590195,0
690af4e80000000032003af1,1762325736000,广东,690482d200000000050105c7,快入手！当甩手掌柜~,61b8129c0000000010005453,苏喜家装记,https://sns-avatar-qc.xhscdn.com/avatar/1040g2jo31kbnvpq1iu105odo2ae40l2j9f8afoo?imageView2/2/w/120/format/jpg,0,,6909f7d50000000033024266,1763796590199,0
690af4f70000000031003a9a,1762325751000,广东,690482d200000000050105c7,go！！入手不亏,61b8129c0000000010005453,苏喜家装记,https://sns-avatar-qc.xhscdn.com/avatar/1040g2jo31kbnvpq1iu105odo2ae40l2j9f8afoo?imageView2/2/w/120/format/jpg,0,,69097f1d00000000370242e8,1763796590212,0
690af50500000000300277c7,1762325766000,广东,690482d200000000050105c7,对呀~直接躺着啥都不用管,61b8129c0000000010005453,苏喜家装记,https://sns-avatar-qc.xhscdn.com/avatar/1040g2jo31kbnvpq1iu105odo2ae40l2j9f8afoo?imageView2/2/w/120/format/jpg,0,,69097f080000000037010887,1763796590217,0
690af5130000000032003d2c,1762325780000,广东,690482d200000000050105c7,必须能！扫托覆盖率很不错滴,61b8129c0000000010005453,苏喜家装记,https://sns-avatar-qc.xhscdn.com/avatar/1040g2jo31kbnvpq1iu105odo2ae40l2j9f8afoo?imageView2/2/w/120/format/jpg,0,,69097b250000000038033862,1763796590220,0
690af5200000000032003dc1,1762325792000,广东,690482d200000000050105c7,扫地机行业都按这个标准卷起来！,61b8129c0000000010005453,苏喜家装记,https://sns-avatar-qc.xhscdn.com/avatar/1040g2jo31kbnvpq1iu105odo2ae40l2j9f8afoo?imageView2/2/w/120/format/jpg,0,,69062ae7000000003302632e,1763796590224,0
690ffb85000000003901f04a,1762655110000,山西,690482d200000000050105c7,怎么入手了,666e54fb000000000d025fe0,开心,https://sns-avatar-qc.xhscdn.com/avatar/1040g2jo315prh7940m605pjeajtjcnv025ldaso?imageView2/2/w/120/format/jpg,0,,0,1763796590491,0
690ffb7f00000000330259a6,1762655103000,福建,690482d200000000050105c7,有啥优惠活动吗,68b719c8000000001901b2e7,三宇,https://sns-avatar-qc.xhscdn.com/avatar/1040g2jo31ojd803k06605q5n3746bcn70vi1ev0?imageView2/2/w/120/format/jpg,0,,0,1763796590498,0
690ffb7e0000000038029691,1762655102000,江苏,690482d200000000050105c7,角落扫得到吗？,660aa61a000000000d024005,娟娟,https://sns-avatar-qc.xhscdn.com/avatar/1040g2jo31kp25o7iio6g5pgakod3cg05fu12hio?imageView2/2/w/120/format/jpg,0,,0,1763796590506,0
690ffb350000000039032dd0,1762655030000,吉林,690482d200000000050105c7,赖人神器解放双手了,6617638600000000030324bb,欢言,https://sns-avatar-qc.xhscdn.com/avatar/1040g2jo31ot0c9m1h26g5pgnce30u95r5qp1d8g?imageView2/2/w/120/format/jpg,0,,0,1763796590515,0
690ffb320000000033023c64,1762655026000,山东,690482d200000000050105c7,牛啊！🐮,65d9e678000000000d027eb8,海阔,https://sns-avatar-qc.xhscdn.com/avatar/1040g2jo318l18qbe46605pepsps3cvloirkumrg?imageView2/2/w/120/format/jpg,0,,0,1763796590523,0
690ffb220000000038013f90,1762655011000,黑龙江,690482d200000000050105c7,省电吗,64227a8c0000000012011a6b,一路有你,https://sns-avatar-qc.xhscdn.com/avatar/1040g2jo31ns26iprmm605neon2bg975i3s0alig?imageView2/2/w/120/format/jpg,0,,0,1763796590529,0
690ffb15000000003900afa8,1762654997000,山东,690482d200000000050105c7,这个有几种颜色？,63305a8000000000230243e1,酒窝丫丫,https://sns-avatar-qc.xhscdn.com/avatar/643bf134c687b72439220d5e.jpg?imageView2/2/w/120/format/jpg,0,,0,1763796590535,0
690ffb0c0000000039027768,1762654989000,黑龙江,690482d200000000050105c7,价格贵不贵,5f8997860000000001009a9f,all,https://sns-avatar-qc.xhscdn.com/avatar/5f9a2bf2b75cf50001bbfe11.jpg?imageView2/2/w/120/format/jpg,0,,0,1763796590537,0
690ffb060000000038016466,1762654983000,浙江,690482d200000000050105c7,好干净啊[赞R],5b55a61e6b58b717109ce719,岁岁,https://sns-avatar-qc.xhscdn.com/avatar/1040g2jo312s1499sl05g4a7e4vj1tpopmbk7408?imageView2/2/w/120/format/jpg,0,,0,1763796590541,0
690ffafc0000000038013991,1762654972000,河南,690482d200000000050105c7,质量怎么样呢,5edcce910000000001003b8d,XU,https://sns-avatar-qc.xhscdn.com/avatar/1040g2jo31o4p9lu058lg5nmspq8g8esdan3a7jg?imageView2/2/w/120/format/jpg,0,,0,1763796590545,0
690ffafc00000000370123f5,1762654973000,吉林,690482d200000000050105c7,这真是懒人神器吆,5f4cde920000000001009e2e,丽,https://sns-avatar-qc.xhscdn.com/avatar/1040g2jo31p659u41jc6g5nqcrq9097he28ad6bg?imageView2/2/w/120/format/jpg,0,,0,1763796592751,0
690ffaf30000000039002668,1762654964000,湖南,690482d200000000050105c7,价格多少呢,5b796033c50bb300019171f9,佳人,https://sns-avatar-qc.xhscdn.com/avatar/5bc9892585c53600013a270f.jpg?imageView2/2/w/120/format/jpg,0,,0,1763796592758,0
690ffaef000000003900aa50,1762654960000,黑龙江,690482d200000000050105c7,有优惠吗,61582f72000000000201bd94,莹莹,https://sns-avatar-qc.xhscdn.com/avatar/1040g2jo31bp90pca0k6g5oao5tp0jfckrmh3r0g?imageView2/2/w/120/format/jpg,0,,0,1763796592763,0
690ffaed000000003802be81,1762654957000,山西,690482d200000000050105c7,超级好用[doge],66211f0f000000000b033ddd,雨洛,https://sns-avatar-qc.xhscdn.com/avatar/1040g2jo31nmeua77l8605ph13s7iufetfqmhmm8?imageView2/2/w/120/format/jpg,0,,0,1763796592769,0
690ffaed0000000033022d2c,1762654958000,陕西,690482d200000000050105c7,解放双手,60f2daa40000000001006e75,廢話少說,https://sns-avatar-qc.xhscdn.com/avatar/1040g2jo31e5q1okugm005o7irai08rjl9rjl52g?imageView2/2/w/120/format/jpg,0,,0,1763796592776,0
690ffae60000000039031c5c,1762654951000,山东,690482d200000000050105c7,这个耗电多吗？,661136130000000007004c9a,心想事成,https://sns-avatar-qc.xhscdn.com/avatar/66123688e7af697a90b9b6b8.jpg?imageView2/2/w/120/format/jpg,0,,0,1763796592782,0
690ffae60000000038033f39,1762654950000,广西,690482d200000000050105c7,支持呢,63f4defc000000001001e177,蛋挞,https://sns-avatar-qc.xhscdn.com/avatar/1040g2jo316fh2c85gu605ovkrru43obnr6uj2r8?imageView2/2/w/120/format/jpg,0,,0,1763796592793,0
690ffae5000000003800db62,1762654950000,黑龙江,690482d200000000050105c7,求一个链接,5fb9aa6d0000000001008196,春天,https://sns-avatar-qc.xhscdn.com/avatar/1040g2jo31kgo6rhkj26g5ntpl9mg90cmmhcbfuo?imageView2/2/w/120/format/jpg,0,,0,1763796592798,0
690ffadf0000000039031a70,1762654943000,湖南,690482d200000000050105c7,什么牌子的,66758e0f0000000007005c42,小月,https://sns-avatar-qc.xhscdn.com/avatar/1040g2jo315l07fsu0s005pjlho7hon22vv6sqfg?imageView2/2/w/120/format/jpg,0,,0,1763796592805,0
690ffad50000000032001f71,1762654933000,上海,690482d200000000050105c7,现在会有优惠吗,562f6cbe03eb847d4a4390ff,喵小姐Zoe,https://sns-avatar-qc.xhscdn.com/avatar/1040g2jo30vc1pj2l5i0041sn92mbt47v90ip7k8?imageView2/2/w/120/format/jpg,0,,0,1763796592812,0
690ffad00000000038015ca1,1762654928000,湖北,690482d200000000050105c7,头发也可以打扫吗,65a392a6000000000b03fe7e,诺诺,https://sns-avatar-qc.xhscdn.com/avatar/1040g2jo3166u7i9uha5g5pd3iaj2vvjuh1n9tqo?imageView2/2/w/120/format/jpg,0,,0,1763796595144,0
690ffad000000000330064ba,1762654929000,黑龙江,690482d200000000050105c7,链接发给我,635de86e0000000012026a20,盼盼,https://sns-avatar-qc.xhscdn.com/avatar/1040g2jo31o0p3d1q066g5oqtt1n4kqh07nqeeho?imageView2/2/w/120/format/jpg,0,,0,1763796595155,0
690ffacd000000003102e037,1762654925000,上海,690482d200000000050105c7,简直是懒人神器啊,5d0a0fbd0000000012033c8c,秀逗魔导士,https://sns-avatar-qc.xhscdn.com/avatar/1040g2jo31d1llsia16005n8a1uukmf4cpj2lf60?imageView2/2/w/120/format/jpg,0,,0,1763796595161,0
690ffaca0000000039023764,1762654922000,广西,690482d200000000050105c7,哇塞这个好啊,5e815e31000000000100a79d,wemhua,https://sns-avatar-qc.xhscdn.com/avatar/1040g2jo31b689v2b6m605nk1boog99st5gj9650?imageView2/2/w/120/format/jpg,0,,0,1763796595164,0
690ffac600000000380060e0,1762654919000,山东,690482d200000000050105c7,这个扫的干净吗？,64426c43000000001f030b91,浅浅一笑,https://sns-avatar-qc.xhscdn.com/avatar/667185fe51dbbac8f58a5e94.jpg?imageView2/2/w/120/format/jpg,0,,0,1763796595170,0
690ffac6000000003300d09c,1762654919000,湖南,690482d200000000050105c7,质量好不好,66704974000000000700527a,格格,https://sns-avatar-qc.xhscdn.com/avatar/1040g2jo31562iu5f14005pjg95q1okjqbgr82ig?imageView2/2/w/120/format/jpg,0,,0,1763796595177,0
690ffab5000000003803f408,1762654901000,湖北,690482d200000000050105c7,价格怎么样,65d607a200000000050332ec,椰子帆船,https://sns-avatar-qc.xhscdn.com/avatar/1040g2jo31l0jhfjlj2005pem0uh1ecnciskkvi0?imageView2/2/w/120/format/jpg,0,,0,1763796595180,0
690b3bec0000000039020499,1762343917000,重庆,690482d200000000050105c7,有没有小伙伴需要romo的，来找我！,67516103000000001c01b8f9,小张当销冠（苍蝇版）,https://sns-avatar-qc.xhscdn.com/avatar/1040g2jo31g4eaeeoh86g5pqhc41n3e7pf0p2guo?imageView2/2/w/120/format/jpg,0,,0,1763796595189,0
6909fd7e0000000038027348,1762262399000,陕西,690482d200000000050105c7,不错哦[害羞R][偷笑R],643e6d10000000002a008aca,小黎,https://sns-avatar-qc.xhscdn.com/avatar/1040g2jo31iv4gl45he005p1udk8ah2mafl74ui8?imageView2/2/w/120/format/jpg,0,,0,1763796595193,0
6909fc04000000003901fbd5,1762262020000,湖北,690482d200000000050105c7,@卡不卡呢？[黑薯问号R],5b864f70fd88cc0001ca343a,默墨,https://sns-avatar-qc.xhscdn.com/avatar/1040g2jo31ge2aum4j4504alrqf7n0d1qtulhun8?imageView2/2/w/120/format/jpg,0,,0,1763796595197,0
6909f9d7000000003802be59,1762261464000,浙江,690482d200000000050105c7,真的能扫这么干净吗,667d9ae8000000000700593b,西边雨,https://sns-avatar-qc.xhscdn.com/avatar/1040g2jo31p07foh1ig005pjtjbk1om9ral7g4ig?imageView2/2/w/120/format/jpg,0,,0,1763796597400,0
6909f9a70000000039000861,1762261415000,浙江,690482d200000000050105c7,需要多少钱一台,5c6e260300000000100012bc,捞起月亮的渔民,https://sns-avatar-qc.xhscdn.com/avatar/1040g2jo31oj8mv47l8005n3e4o1k04lsrp86btg?imageView2/2/w/120/format/jpg,0,,0,1763796597404,0
6909f99e0000000033022f67,1762261407000,福建,690482d200000000050105c7,续航久嘛我想买[扯脸H],5db43006000000000100ad60,rrr,https://sns-avatar-qc.xhscdn.com/avatar/1040g2jo31ooa1hdg6m005ndk60309bb0elm9tlo?imageView2/2/w/120/format/jpg,0,,0,1763796597406,0
6909f950000000003803c871,1762261329000,浙江,690482d200000000050105c7,在浙江买有国补吗,68a46d8f0000000019022f90,榆林🌳,https://sns-avatar-qc.xhscdn.com/avatar/1040g2jo31opb58skl8005q54dm7mcbsg7dq619o?imageView2/2/w/120/format/jpg,0,,0,1763796597415,0
6909f938000000003800823f,1762261304000,江苏,690482d200000000050105c7,大疆扫地机器人，好用大品牌,6787981d000000000601d20f,毅个芯,https://sns-avatar-qc.xhscdn.com/avatar/1040g2jo31p6712sliu605ps7j0ehjkgfeqq1trg?imageView2/2/w/120/format/jpg,0,,0,1763796597422,0
6909f92b0000000039026a5e,1762261292000,福建,690482d200000000050105c7,想买这懒人救星啊[暗中观察R],5cf4bd03000000001002b1dd,弑染,https://sns-avatar-qc.xhscdn.com/avatar/1040g2jo31p3t5jr0i40g5q34lmn7n156ltjtv40?imageView2/2/w/120/format/jpg,0,,0,1763796597424,0
6909f8d700000000390289f0,1762261208000,福建,690482d200000000050105c7,双十一买价格怎么样[偷笑R],6864adae000000001e0384a6,浮浮,https://sns-avatar-qc.xhscdn.com/avatar/1040g2jo31p3t5jr0i4005q34lmn7n156gi8v5rg?imageView2/2/w/120/format/jpg,0,,0,1763796597432,0
6909f85b000000003802bdfc,1762261083000,重庆,690482d200000000050105c7,耗能怎么样,61fcff010000000010004aa8,秋色入冬,https://sns-avatar-qc.xhscdn.com/avatar/1040g2jo31oqc3vpvha3g5ofsvs0k0il8op9lthg?imageView2/2/w/120/format/jpg,0,,0,1763796597459,0
6909f74f00000000330259a6,1762260816000,广东,690482d200000000050105c7,现在购买有国补吗,63c9618d0000000027029c86,白日梦旅行家,https://sns-avatar-qc.xhscdn.com/avatar/1000g2jo2n6d060ojs06g5ou9c66pt74695c077g?imageView2/2/w/120/format/jpg,0,,0,1763796597474,0
6909f714000000003701176b,1762260757000,广东,690482d200000000050105c7,清洁能力真的很好,6539158f000000000301d72a,落落,https://sns-avatar-qc.xhscdn.com/avatar/1040g2jo31m16d6pb5i6g5p9p2m7grlpalc0qlc8?imageView2/2/w/120/format/jpg,0,,0,1763796597477,0
68934f09000000002b021a33,1754484490000,,6892f751000000000302676b,话说，这个不能做到把价格打下来，很失望[哭惹R],5c4883f0000000001003f51a,夜梦剧中人,https://sns-avatar-qc.xhscdn.com/avatar/62cd743871d2e5225c64093a.jpg?imageView2/2/w/120/format/jpg,12,,0,1763796601889,65
68934b42000000002b01a26d,1754483523000,,6892f751000000000302676b,好牛啊京东上有国补，我先冲了！,5b6fe79d9276ee00015fccb2,wikey,https://sns-avatar-qc.xhscdn.com/avatar/636a55ea071735f26c2ad11c.jpg?imageView2/2/w/120/format/jpg,12,http://sns-webpic-qc.xhscdn.com/202511221530/c0ec7c0598dc6a0cf328cc623047a9ac/comment/1040g2h031krh5qcbj2004ad0tcjprj5idvdq1jg!nd_whgt34_webp_wm_1,0,1763796601892,40
68944a7a000000002a0340e9,1754548858000,,6892f751000000000302676b,我认为它是一款滞后的产品，早应该要在两年前上。家里有三层，我还要买三台，倒不如请个阿姨划算，她能煮饭，打扫整个房子卫生[失望R]还能带动就业,5875070e5e87e730face58c2,阿猿游戏酱,https://sns-avatar-qc.xhscdn.com/avatar/1040g2jo31kc9gicej270491dbs3gsm6261nn3m8?imageView2/2/w/120/format/jpg,13,,0,1763796601899,28
689c8ad5000000003001a405,1755089623000,,6892f751000000000302676b,,6543c284000000000d007e70,图图🥕,https://sns-avatar-qc.xhscdn.com/avatar/1040g2jo31mh3u2e84u6g5pa3oa238vjgk5uts10?imageView2/2/w/120/format/jpg,4,http://sns-webpic-qc.xhscdn.com/202511221530/b66d03a3fdfac70a406257586d4e7fa9/comment/1040g2h031l4i65flj66g5pa3oa238vjghl9803g!nd_whgt34_webp_wm_1,0,1763796601908,10
68959ad6000000002902b19b,1754634966000,,6892f751000000000302676b,臭味大家可以换成酵素水 自己做 最好用柚子皮加糖 发酵 以后 ，用这个水加自来水勾兑清洁， 不会臭还会很清香,55806e10e4b1cf6cb4538504,背靠银河联盟,https://sns-avatar-qc.xhscdn.com/avatar/1040g2jo315ve685v1a0g40qvucn11184rc4cido?imageView2/2/w/120/format/jpg,1,,0,1763796601919,13
6896b0a300000000290242b2,1754706084000,,6892f751000000000302676b,别信这种恰饭的，用一次就漏水,5fdea8c50000000001000d01,食品造型师lito,https://sns-avatar-qc.xhscdn.com/avatar/5fdea8c50000000001000d01.jpg?imageView2/2/w/120/format/jpg,2,http://sns-webpic-qc.xhscdn.com/202511221530/e4da1ddc0720acae5ce3f3f3786a07c2/comment/1040g2h031kur8lnrj0105nuul32g8381js690lg!nd_whgt34_webp_wm_1,0,1763796601939,7
6893a201000000002b015bd6,1754505730000,,6892f751000000000302676b,没创新，价格没优势。,5d4667ac0000000016023903,Mardanro,https://sns-avatar-qc.xhscdn.com/avatar/1040g2jo31h3migfrjo005na6cum5ke8315lq5k8?imageView2/2/w/120/format/jpg,1,,0,1763796601944,6
68ab4172000000003001d899,1756053875000,,6892f751000000000302676b,我送姐的礼物 被她吐槽了[笑哭R][笑哭R],5dec0d780000000001002e7b,树媪枝初,https://sns-avatar-qc.xhscdn.com/avatar/1040g2jo31c89fdfo0m105nfc1ls08bjr0dv7sn0?imageView2/2/w/120/format/jpg,0,http://sns-webpic-qc.xhscdn.com/202511221530/47746d6dfbf13121835b3cdb6339cb58/comment/1040g2h031litvfr65m005nfc1ls08bjr74lvsbo!nd_whgt34_webp_wm_1,0,1763796601954,5
6895bd250000000029031638,1754643750000,,6892f751000000000302676b,没有上下水？,5b2a051c6b58b758974563cf,擂皮蛋,https://sns-avatar-qc.xhscdn.com/avatar/1040g2jo31o9471bflm004a6dvk2hooufhei8fpo?imageView2/2/w/120/format/jpg,2,,0,1763796601956,0
68948470000000002a00567b,1754563697000,,6892f751000000000302676b,难道只有我觉得这很丑吗？,5dfad30c000000000100704e,生活在丽江的巴菲猫,https://sns-avatar-qc.xhscdn.com/avatar/620667b6295236f9227f5e64.jpg?imageView2/2/w/120/format/jpg,2,,0,1763796601963,0
689c8403000000003002dc66,1755087876000,,6892f751000000000302676b,价格也还行吧，标准版3700加上这功能完全匹配，顶配的透明款主要是外观设计的创新，看你愿不愿意为颜值买单了,662e5fcb0000000003033a26,鲸落南北,https://sns-avatar-qc.xhscdn.com/avatar/1040g2jo31cqckhsf10605phebv5gueh6g39ikdo?imageView2/2/w/120/format/jpg,0,,68934f09000000002b021a33,1763796603972,37
6893518b000000002a01a9bf,1754485132000,,6892f751000000000302676b,能国补,62189d5900000000210259a1,橙子皮不是橘子皮,https://sns-avatar-qc.xhscdn.com/avatar/1040g2jo31do11ei90m0g5op4i87osieqonb3fi8?imageView2/2/w/120/format/jpg,0,,68934f09000000002b021a33,1763796604221,0
689352c3000000002a01a5e8,1754485443000,,6892f751000000000302676b,贵吗，感觉一般,678e4269000000000e01ca17,FixzzA4,https://sns-avatar-qc.xhscdn.com/avatar/1040g2jo31lr2jkp9ku005pse89kjjignq2lkja0?imageView2/2/w/120/format/jpg,0,,68934f09000000002b021a33,1763796604224,0
6893588c0000000029029aac,1754486925000,,6892f751000000000302676b,这不是给普通人准备的,65093f9b0000000017022882,束光,https://sns-avatar-qc.xhscdn.com/avatar/1040g2jo31dd95hpj0s005p897udlsa42m4b37n8?imageView2/2/w/120/format/jpg,0,,68934f09000000002b021a33,1763796604231,6
689361e2000000002b022972,1754489315000,,6892f751000000000302676b,[笑哭R]大疆无人机也不便宜啊，就没便宜的,66a60fc6000000000d027978,sysc,https://sns-avatar-qc.xhscdn.com/avatar/1040g2jo315projdeio6g5pl61v33cubot6bae2g?imageView2/2/w/120/format/jpg,0,,689350050000000029035a7d,1763796604237,5
6894b435000000002a019416,1754575925000,,6892f751000000000302676b,这个扫地机要是能飞就好了。,64ae0424000000002a035ec7,张邺心,https://sns-avatar-qc.xhscdn.com/avatar/1040g2jo31l59nvqijq005p5e0giamnm7gs417n0?imageView2/2/w/120/format/jpg,0,,68934f09000000002b021a33,1763796604247,0
689579a7000000002902423c,1754626472000,,6892f751000000000302676b,它把价格打下来，叫其他厂怎么办,5947a6856a6a6901b1630e43,垚垚垚,https://sns-avatar-qc.xhscdn.com/avatar/5b791ae0c5f6de00018f6e2a.jpg?imageView2/2/w/120/format/jpg,0,,68934f09000000002b021a33,1763796606425,0
68c430360000000030022fcf,1757687863000,,6892f751000000000302676b,有国补啊,64b12885000000000b016539,Dji takyeon,https://sns-avatar-qc.xhscdn.com/avatar/1040g2jo31ov1g1hfhk0g5p5h522iqp9p8o6a9oo?imageView2/2/w/120/format/jpg,0,,68934f09000000002b021a33,1763796606427,0
68f376fa0000000037010e21,1760786171000,,6892f751000000000302676b,为啥网上有的人P水箱 4100就能买到，但是我现在看全都是4699，还是双十一活动国补之后的[笑哭R]而且价格一直在变,5f9e04f4000000000101d472,yahu,https://sns-avatar-qc.xhscdn.com/avatar/5f9e04f4000000000101d472.jpg?imageView2/2/w/120/format/jpg,0,,689350050000000029035a7d,1763796606438,0
689350050000000029035a7d,1754484741000,,6892f751000000000302676b,那是不肯能的[汗颜R]，我在大疆授权体验店工作,66c5b5b2000000001d0208fa,IAEA,https://sns-avatar-qc.xhscdn.com/avatar/1040g2jo31oi3eif7lm6g5pm5mmp7c27qdjn5ns8?imageView2/2/w/120/format/jpg,0,,68934f09000000002b021a33,1763796606441,16
689364d9000000002902eeda,1754490074000,,6892f751000000000302676b,买大疆的东西就得看下自己的钱包,66c5b5b2000000001d0208fa,IAEA,https://sns-avatar-qc.xhscdn.com/avatar/1040g2jo31oi3eif7lm6g5pm5mmp7c27qdjn5ns8?imageView2/2/w/120/format/jpg,0,,689361e2000000002b022972,1763796606455,4
68f5efd3000000003800a506,1760948180000,,6892f751000000000302676b,垃圾科沃斯都卖五六千 我甚至觉得它不贵[笑哭R],567b796f9eb578122991a800,Dalton,https://sns-avatar-qc.xhscdn.com/avatar/5ec0ada0e170500001dbb86e.jpg?imageView2/2/w/120/format/jpg,0,,68934f09000000002b021a33,1763796608622,0
689c8432000000003000a7ca,1755087922000,,6892f751000000000302676b,我这标准版的优惠后3700，感觉我又行了,5ff8406a0000000001008ba9,不不不不,https://sns-avatar-qc.xhscdn.com/avatar/1040g2jo31n3kliok526g5nvo81l092t9b1scj10?imageView2/2/w/120/format/jpg,0,,68934b42000000002b01a26d,1763796610626,12
68934fa6000000002b01d586,1754484647000,,6892f751000000000302676b,[笑哭R]我这儿4200还在纠结,56b96d30cb35fb0367a37ec1,百万美金的atm,https://sns-avatar-qc.xhscdn.com/avatar/1040g2jo30qimgivj020045h0k1mj0vm1be5iqo8?imageView2/2/w/120/format/jpg,0,,68934b42000000002b01a26d,1763796610818,0
689350c70000000029026522,1754484935000,,6892f751000000000302676b,有30天试用啊，怎么也得试一试[暗中观察R],626fb68e0000000021028e8d,小甜甜大甜甜,https://sns-avatar-qc.xhscdn.com/avatar/63fb05f52cce174c505203ef.jpg?imageView2/2/w/120/format/jpg,0,,68934fa6000000002b01d586,1763796610825,1
68935245000000002a00b581,1754485317000,,6892f751000000000302676b,和别家比贵了[笑哭R],61ed0a3600000000100097b8,江河流觞,https://sns-avatar-qc.xhscdn.com/avatar/1040g2jo31opeuvjukq6g5ofd18r415too13vql0?imageView2/2/w/120/format/jpg,0,,68934b42000000002b01a26d,1763796610829,1
68935c90000000002b022705,1754487954000,,6892f751000000000302676b,我选择dy[doge],5f9be23f0000000001007419,相机购机情报员,https://sns-avatar-qc.xhscdn.com/avatar/1040g2jo314ulc069he605nsrs8vg8t0paes2cd0?imageView2/2/w/120/format/jpg,0,http://sns-webpic-qc.xhscdn.com/202511221530/1a9f78cbbde4018c27816602f27b622f/comment/1040g2h031krj9dtd2ud05nsrs8vg8t0pgitocg8!nd_whgt34_webp_wm_1,68934b42000000002b01a26d,1763796610835,2
689361e2000000002b00a1b5,1754489315000,,6892f751000000000302676b,我八点准备下单的是京东是37xx来着 后面没付款忘记了再看可能优惠没了[哭惹R],5b6fe79d9276ee00015fccb2,wikey,https://sns-avatar-qc.xhscdn.com/avatar/636a55ea071735f26c2ad11c.jpg?imageView2/2/w/120/format/jpg,0,,68935de6000000002903fd5d,1763796610844,0
68944f92000000002903d9bb,1754550163000,,6892f751000000000302676b,看了测评感觉除了长的好看点，功能智能啥的并没有什么特别的优势价格偏高很多,5c6d3f3f0000000011006b80,奥黛丽、犊子,https://sns-avatar-qc.xhscdn.com/avatar/1040g2jo317tn2vb70s5g5n3d7svk8qs05ig2dh8?imageView2/2/w/120/format/jpg,0,,68934b42000000002b01a26d,1763796613082,1
6895ea020000000029032e58,1754655235000,,6892f751000000000302676b,浙江商场s版加国补才3994,5a505661e8ac2b70170662c7,nono,https://sns-avatar-qc.xhscdn.com/avatar/1040g2jo315ao4c5qha004a0minb62om7pbtt670?imageView2/2/w/120/format/jpg,0,,68934b42000000002b01a26d,1763796613085,0
689c845b000000002603720f,1755087966000,,6892f751000000000302676b,我买的顶配版已经到了，透明的太好看了！！,5e27a3ea0000000001008557,2z007,https://sns-avatar-qc.xhscdn.com/avatar/1040g2jo30o0g4agdhm605nh7kfl091anknis1l8?imageView2/2/w/120/format/jpg,0,http://sns-webpic-qc.xhscdn.com/202511221530/ff41da1110594ae56d6f3265b30885b1/comment/1040g2h031l4hcs0a2o005nh7kfl091anvtptut0!nd_whgt34_webp_wm_1,68934b42000000002b01a26d,1763796613092,0
68c033890000000030011272,1757426570000,,6892f751000000000302676b,@Liberty,5be2a6cd2b162a0001704d57,WAH,https://sns-avatar-qc.xhscdn.com/avatar/1040g2jo3159a5kai0m004bolt1jcqjan4djb8fg?imageView2/2/w/120/format/jpg,0,,68934b42000000002b01a26d,1763796613095,0
68935de6000000002903fd5d,1754488295000,,6892f751000000000302676b,s版3739啊[doge]你是不是没领300的新品优惠？,61ffd7030000000010008dc8,定点四的周期,https://sns-avatar-qc.xhscdn.com/avatar/1040g2jo313rv5skd26505ofvqs1k13e8jnj2jq0?imageView2/2/w/120/format/jpg,0,,68934b42000000002b01a26d,1763796613101,1
68936439000000002a00138a,1754489914000,,6892f751000000000302676b,没有，新品都有优惠，他有一个减300，然后你再领个国补就有了。我建议在淘宝买，我在京东上看都没货了，但淘宝上还有货，并且赠品也还有。,61ffd7030000000010008dc8,定点四的周期,https://sns-avatar-qc.xhscdn.com/avatar/1040g2jo313rv5skd26505ofvqs1k13e8jnj2jq0?imageView2/2/w/120/format/jpg,0,,689361e2000000002b00a1b5,1763796615321,0
68a29f4e000000003000ef1e,1755488078000,,6892f751000000000302676b,我不觉得滞后，首先人家这个透明外观就领先很多了，实际使用确实避障比我家之前那个丝滑很多。圆盘的清洁力很多人觉得不行，但如果不是开荒保洁也完全够用了，市面上宣传的那种滚筒用久了里面会很脏，都是商家夸出来的,5ac31340e8ac2b3d96a658a6,我也想冷冰冰,https://sns-avatar-qc.xhscdn.com/avatar/1040g2jo31j4qmmcggs004a48d19k0m563spp948?imageView2/2/w/120/format/jpg,0,,68944a7a000000002a0340e9,1763796617324,21
689484be000000002903dab3,1754563774000,,6892f751000000000302676b,哈哈哈哈哈哈哈哈你最会计算[偷笑R],57cfa5c282ec39117879e5cc,王什么王🥕,https://sns-avatar-qc.xhscdn.com/avatar/1040g2jo31mtmh8274s0048m73lis5pec1a66uf8?imageView2/2/w/120/format/jpg,0,,68944a7a000000002a0340e9,1763796617556,3
6896bb97000000002b023aa0,1754708888000,,6892f751000000000302676b,我觉得你中文应该挺好，可能是广东方言，早应该要在两年前上。是什么意思，谢谢,650cfb9d0000000012004c12,大胡子老爷,https://sns-avatar-qc.xhscdn.com/avatar/650d0820a864902d5bb13738.jpg?imageView2/2/w/120/format/jpg,0,,68944a7a000000002a0340e9,1763796617559,2
6896d4f6000000002b016a7c,1754715382000,,6892f751000000000302676b,可能因为文化差异比较大。解释下，我是广州人，粤语表达的是“早就应该要係两年前要上”，意思是这款产品是两年前就应该要推出了。现在推出没什么优势，也没有竞争力。不过怎么都会有疆粉埋单,5875070e5e87e730face58c2,阿猿游戏酱,https://sns-avatar-qc.xhscdn.com/avatar/1040g2jo31kc9gicej270491dbs3gsm6261nn3m8?imageView2/2/w/120/format/jpg,0,,6896bb97000000002b023aa0,1763796617567,4
6897564e000000002b01e527,1754748495000,,6892f751000000000302676b,谢谢回复[握手R],650cfb9d0000000012004c12,大胡子老爷,https://sns-avatar-qc.xhscdn.com/avatar/650d0820a864902d5bb13738.jpg?imageView2/2/w/120/format/jpg,0,,6896d4f6000000002b016a7c,1763796617572,0
68976527000000002b02f7fa,1754752295000,,6892f751000000000302676b,[派对R],5875070e5e87e730face58c2,阿猿游戏酱,https://sns-avatar-qc.xhscdn.com/avatar/1040g2jo31kc9gicej270491dbs3gsm6261nn3m8?imageView2/2/w/120/format/jpg,0,,6897564e000000002b01e527,1763796617577,0
689b270c0000000026036071,1754998541000,,6892f751000000000302676b,同样问题，买了三台石头，大疆应该发明一款一楼扫完飞到二楼继续扫的机器人,5ddcf13700000000010074a5,小风阿,https://sns-avatar-qc.xhscdn.com/avatar/63a86a5f41e218c74f5b7282.jpg?imageView2/2/w/120/format/jpg,0,,68944a7a000000002a0340e9,1763796619794,2
689b2ccb00000000270016c6,1755000012000,,6892f751000000000302676b,你这个想法还挺创新的哈哈。现在市面上有可以上楼梯的扫地机了,5875070e5e87e730face58c2,阿猿游戏酱,https://sns-avatar-qc.xhscdn.com/avatar/1040g2jo31kc9gicej270491dbs3gsm6261nn3m8?imageView2/2/w/120/format/jpg,0,,689b270c0000000026036071,1763796619798,0
68a2ae4b000000002700a785,1755491917000,,6892f751000000000302676b,有去看过实物嘛？比猫砂盆还要大很多[笑哭R],5875070e5e87e730face58c2,阿猿游戏酱,https://sns-avatar-qc.xhscdn.com/avatar/1040g2jo31kc9gicej270491dbs3gsm6261nn3m8?imageView2/2/w/120/format/jpg,0,http://sns-webpic-qc.xhscdn.com/202511221530/d5de8f5d088a5b33cc0fbb6e41a8cba8/comment/1040g2h031lai0m1b5e00491dbs3gsm622v0pp78!nd_whgt34_webp_wm_1,68a29f4e000000003000ef1e,1763796619808,0
68a2ae960000000027000eaf,1755491991000,,6892f751000000000302676b,透明外观确实很加分，但不代表领先，是工业设计加分，不是技术加分,5875070e5e87e730face58c2,阿猿游戏酱,https://sns-avatar-qc.xhscdn.com/avatar/1040g2jo31kc9gicej270491dbs3gsm6261nn3m8?imageView2/2/w/120/format/jpg,0,,68a29f4e000000003000ef1e,1763796619813,0
68d5d48d000000001903ca0b,1758844046000,,6892f751000000000302676b,透明外观[石化R] 有啥领先的 什么样式主义[石化R] 还是太有钱了,676913cd0000000019008dc2,摩模,https://sns-avatar-qc.xhscdn.com/avatar/1040g2jo31lkpclu05o6g5pr92f6m93e2l95goj8?imageView2/2/w/120/format/jpg,0,,68a29f4e000000003000ef1e,1763796619818,1
68dab1de0000000039023383,1759162846000,,6892f751000000000302676b,@谢菠萝🍍,61c8b87d000000001000eab2,JustNanf,https://sns-avatar-qc.xhscdn.com/avatar/1040g2jo31b7flap57q005oe8n1uk1qliedcbv00?imageView2/2/w/120/format/jpg,0,,689b270c0000000026036071,1763796622032,0
68eab2550000000038029058,1760211542000,,6892f751000000000302676b,你怎么那么勤？,5cd00a790000000012007000,从不堵车大疆KK,https://sns-avatar-qc.xhscdn.com/avatar/1040g2jo31ng8h5ia5i605n6g19skgs0037540c0?imageView2/2/w/120/format/jpg,0,,68a29f4e000000003000ef1e,1763796622035,0
689c8ae300000000300157b8,1755089635000,,6892f751000000000302676b,[偷笑R][偷笑R]我买的标配版，3700到手这个价格感觉挺值的，透明的确实好看舍不得哈哈哈[哇R][哇R][哇R],6543c284000000000d007e70,图图🥕,https://sns-avatar-qc.xhscdn.com/avatar/1040g2jo31mh3u2e84u6g5pa3oa238vjgk5uts10?imageView2/2/w/120/format/jpg,0,,689c8ad5000000003001a405,1763796624045,6
68a2a1ba000000002603f3d5,1755488700000,,6892f751000000000302676b,标准版的也很好看啊，看你怎么拍了[偷笑R],59e6eb4fe8ac2b0b96f4e7eb,莞莞,https://sns-avatar-qc.xhscdn.com/avatar/639f1009ee8f22ec58e267f0.jpg?imageView2/2/w/120/format/jpg,0,http://sns-webpic-qc.xhscdn.com/202511221530/f3326d249bacd923d7c2da52d5294363/comment/1040g2h031lae6aq9585049ukt8lkvpvbspdmfmo!nd_whgt34_webp_wm_1,689c8ad5000000003001a405,1763796624259,3
68ebbb91000000003902054f,1760279441000,,6892f751000000000302676b,实际使用体验如何？尤其是基站自清洁，抹布烘干怎么样，有没有臭味啊,5ee5eb30000000000101e0aa,Gabriella,https://sns-avatar-qc.xhscdn.com/avatar/5ee5eb30000000000101e0aa.jpg?imageView2/2/w/120/format/jpg,0,,689c8ae300000000300157b8,1763796624266,0
69020e52000000003900947b,1761742419000,广东,6892f751000000000302676b,扫拖的干净吗,5fb36591000000000101ecd6,momo,https://sns-avatar-qc.xhscdn.com/avatar/1040g2jo313r2tqhphk005ntjcm8gbr6m9sreph8?imageView2/2/w/120/format/jpg,0,,689c8ae300000000300157b8,1763796624271,0
68959b0a0000000029037a90,1754635019000,,6892f751000000000302676b,如果用洗地板的清洁水 ，特别是化学制剂，那么2天包臭。,55806e10e4b1cf6cb4538504,背靠银河联盟,https://sns-avatar-qc.xhscdn.com/avatar/1040g2jo315ve685v1a0g40qvucn11184rc4cido?imageView2/2/w/120/format/jpg,0,,68959ad6000000002902b19b,1763796626277,6
68a86eb5000000002700ce2f,1755868854000,,6892f751000000000302676b,水箱版吗,5a9314e04eacab12d2a7b963,kimiwww,https://sns-avatar-qc.xhscdn.com/avatar/1040g2jo317d4pbck3q6g4a2edlae1eb3976go30?imageView2/2/w/120/format/jpg,0,,6896b0a300000000290242b2,1763796626283,0
68a888030000000030024941,1755875331000,,6892f751000000000302676b,是,5fdea8c50000000001000d01,食品造型师lito,https://sns-avatar-qc.xhscdn.com/avatar/5fdea8c50000000001000d01.jpg?imageView2/2/w/120/format/jpg,0,,68a86eb5000000002700ce2f,1763796626493,0
68f3777000000000330270e3,1760786288000,,6892f751000000000302676b,大疆就不可能在价格上有优势啦[笑哭R]啥东西都是一直贵,5f9e04f4000000000101d472,yahu,https://sns-avatar-qc.xhscdn.com/avatar/5f9e04f4000000000101d472.jpg?imageView2/2/w/120/format/jpg,0,,6893a201000000002b015bd6,1763796628497,0
6895bf20000000001003d5fb,1754644256000,,6892f751000000000302676b,有自动上下水版和水箱版两种可选，价格不同,62f35521000000001f005b3e,可爱的小红薯,https://sns-avatar-qc.xhscdn.com/avatar/be4e54a984a21be925a215a08fb36c8b.jpg?imageView2/2/w/120/format/jpg,0,,6895bd250000000029031638,1763796628501,0
6895bf50000000002a01f35b,1754644305000,,6892f751000000000302676b,自动上下水版贵600块钱,62f35521000000001f005b3e,可爱的小红薯,https://sns-avatar-qc.xhscdn.com/avatar/be4e54a984a21be925a215a08fb36c8b.jpg?imageView2/2/w/120/format/jpg,0,,6895bf20000000001003d5fb,1763796628688,0
68958ce3000000002903b490,1754631396000,,6892f751000000000302676b,是的，只有你一个人,5c854bea000000001001149e,Guluguluwater,https://sns-avatar-qc.xhscdn.com/avatar/62da1bdface421ccea1a3b9a.jpg?imageView2/2/w/120/format/jpg,0,,68948470000000002a00567b,1763796630692,8
689c76dc0000000030007aba,1755084509000,,6892f751000000000302676b,是的,5fa6c5ac000000000101cd08,傻吃猛涨,https://sns-avatar-qc.xhscdn.com/avatar/1040g2jo31claae7sgc005nt6omm0bj88qgjhrv0?imageView2/2/w/120/format/jpg,0,,68948470000000002a00567b,1763796630920,0
691f0ee5000000003802b1dc,1763643109000,湖南,691ee0e1000000001d03aae9,扫地机是自动充电吗？价钱多少？,6667b2f60000000007006996,雨晨,https://sns-avatar-qc.xhscdn.com/avatar/1040g2jo31oo3eoul6m6g5pj7mbr1oqcmpr9vv48?imageView2/2/w/120/format/jpg,4,,0,1763796635184,0
691fe027000000001d025612,1763696679000,河南,691ee0e1000000001d03aae9,续航功能是怎么样的呢 有没有优惠活动哦[笑哭R],65bf49b1000000000e025922,睡不醒嘛,https://sns-avatar-qc.xhscdn.com/avatar/1040g2jo31l2o1af12g6g5pdv96ojkm92ssb79l8?imageView2/2/w/120/format/jpg,1,,0,1763796635187,0
691fe1470000000016021df6,1763696967000,山东,691ee0e1000000001d03aae9,一共有几个模式的呀，这个有其他颜色的吗,69030f4900000000370320f9,半夏,https://sns-avatar-qc.xhscdn.com/avatar/1040g2jo31o8mrsjc6g005q831t4tu87pnu3gq2g?imageView2/2/w/120/format/jpg,2,,0,1763796635192,0
691f6e21000000001403d876,1763667489000,广东,691ee0e1000000001d03aae9,这个售后服务怎么样呢有没有保障呢,6736bc87000000001c01b9f5,A.楠,https://sns-avatar-qc.xhscdn.com/avatar/1040g2jo31bie3orqh6005ppmni3n3efln42dio0?imageView2/2/w/120/format/jpg,0,,0,1763796635194,0
691f6aee000000003800696e,1763666670000,广东,691ee0e1000000001d03aae9,这个是什么价位呀 符合大众消费吗,6856b14c000000001e00706f,小小酥,https://sns-avatar-qc.xhscdn.com/avatar/1040g2jo31kh9rg73j05g5q2mm567gs3fh4iin5o?imageView2/2/w/120/format/jpg,0,,0,1763796635203,0
691f5e9e000000001403da93,1763663518000,广东,691ee0e1000000001d03aae9,现在还有没有补贴呀截止到什么时候呢,68e24079000000003801e77f,姚一姚,https://sns-avatar-qc.xhscdn.com/avatar/1040g2jo31nol4ak950605q7281su3prv58mh4v8?imageView2/2/w/120/format/jpg,0,,0,1763796635207,0
691f476c000000001600d1b2,1763657580000,广东,691ee0e1000000001d03aae9,拖布能热风烘干吗？潮湿天会发霉发臭吗？,6628b751000000000d0262b1,家政小y,https://sns-avatar-qc.xhscdn.com/avatar/1040g2jo31hqp4v003o6g5ph8mt8jcolhhdmcd2o?imageView2/2/w/120/format/jpg,0,,0,1763796635214,0
691f0757000000001602549a,1763641175000,贵州,691ee0e1000000001d03aae9,扫得干净吗？他能自己充电吗？,5c14ac260000000005011af4,小红薯,https://sns-avatar-qc.xhscdn.com/avatar/1040g2jo31l1ess49j0605n0klgj1a6nk9siakl0?imageView2/2/w/120/format/jpg,4,,0,1763796635222,0
691f39f60000000038025e2e,1763654135000,广东,691ee0e1000000001d03aae9,这个有没有国补呀 家里的想换一下,5d5fe0210000000001005fd1,oooou,https://sns-avatar-qc.xhscdn.com/avatar/1040g2jo31ksjtbdc2u005navs0gg8nuhd2b4l4o?imageView2/2/w/120/format/jpg,0,,0,1763796635226,1
691fe098000000001d026db5,1763696792000,山东,691ee0e1000000001d03aae9,防缠绕效果怎么样啊，有没有小夜灯模式,63efb5da000000000f013bca,家住春日部,https://sns-avatar-qc.xhscdn.com/avatar/1040g2jo31ij7klb3026g5ovfmnd3qeuasmfkh98?imageView2/2/w/120/format/jpg,1,,0,1763796635237,0
691f1121000000001d024a2b,1763643682000,辽宁,691ee0e1000000001d03aae9,蹲一个,66094d5f000000000600c065,宁宁,https://sns-avatar-qc.xhscdn.com/avatar/1040g2jo31npir4rj526g5pg99lfhhg35fja9e6g?imageView2/2/w/120/format/jpg,0,,691f0ee5000000003802b1dc,1763796637249,0
691f13590000000038011b00,1763644250000,广西,691ee0e1000000001d03aae9,贵不贵呢,668cf99a000000000303125e,呆呆自然卷,https://sns-avatar-qc.xhscdn.com/avatar/645b7c0d1d74d41345e61461.jpg?imageView2/2/w/120/format/jpg,0,,691f0ee5000000003802b1dc,1763796637441,0
691f1571000000001502f3c1,1763644785000,河南,691ee0e1000000001d03aae9,同问,673470ab000000001d02cc21,天天开心啊,https://sns-avatar-qc.xhscdn.com/avatar/1040g2jo31ci2sk0bge505ppke2lndj11t9ocd70?imageView2/2/w/120/format/jpg,0,,691f0ee5000000003802b1dc,1763796637453,0
691f262a000000001702f01d,1763649067000,广东,691ee0e1000000001d03aae9,想知道,68454353000000001d015a97,吃一口栗子,https://sns-avatar-qc.xhscdn.com/avatar/1040g2jo31msp5tcf6g005q258d9namknao7r91o?imageView2/2/w/120/format/jpg,0,,691f0ee5000000003802b1dc,1763796637458,0
691fe09c000000001d026e82,1763696796000,山东,691ee0e1000000001d03aae9,续航怎么样,63efb5da000000000f013bca,家住春日部,https://sns-avatar-qc.xhscdn.com/avatar/1040g2jo31ij7klb3026g5ovfmnd3qeuasmfkh98?imageView2/2/w/120/format/jpg,0,,691fe027000000001d025612,1763796639471,0
691ff9f5000000001403df02,1763703286000,北京,691ee0e1000000001d03aae9,应该是也有,5d2a83f100000000120140fc,很靠近海,https://sns-avatar-qc.xhscdn.com/avatar/1040g2jo31ijirf6r7s6g5n9agfokig7sq3mt39g?imageView2/2/w/120/format/jpg,0,,691fe1470000000016021df6,1763796639474,0
69206716000000003800e447,1763731222000,广东,691ee0e1000000001d03aae9,呀,6856b14c000000001e00706f,小小酥,https://sns-avatar-qc.xhscdn.com/avatar/1040g2jo31kh9rg73j05g5q2mm567gs3fh4iin5o?imageView2/2/w/120/format/jpg,0,,691fe1470000000016021df6,1763796639702,0
691f0810000000003900308c,1763641360000,山西,691ee0e1000000001d03aae9,同问,66e90812000000001d0204aa,加油,https://sns-avatar-qc.xhscdn.com/avatar/1040g2jo31o14qsck066g5pn91097c15aegf54i0?imageView2/2/w/120/format/jpg,0,,691f0757000000001602549a,1763796641705,0
691f19fc00000000380147d4,1763645949000,贵州,691ee0e1000000001d03aae9,好像会自己回基站,61343cd70000000002025b60,你的排骨玉米汤耶,https://sns-avatar-qc.xhscdn.com/avatar/1040g2jo31flc4u9l7q6g5o9k7jbgkmr0drhk750?imageView2/2/w/120/format/jpg,0,,691f0757000000001602549a,1763796641897,0
691f1ca50000000039007668,1763646629000,山东,691ee0e1000000001d03aae9,有什么活动,66e39836000000000b031a15,小鲈鱼,https://sns-avatar-qc.xhscdn.com/avatar/1040g2jo31nl28f4g6g005pn3j0r2u6glb0vtii8?imageView2/2/w/120/format/jpg,0,,691f0757000000001602549a,1763796641902,0
691f279b000000003800420d,1763649435000,河南,691ee0e1000000001d03aae9,有没有国补,5fe1ac920000000001004fd2,CC,https://sns-avatar-qc.xhscdn.com/avatar/1040g2jo31fhqs1mdg06g5nv1li908jui6gjuktg?imageView2/2/w/120/format/jpg,0,,691f0757000000001602549a,1763796641907,0
691ffcd7000000001600ff41,1763704024000,北京,691ee0e1000000001d03aae9,应该是有的吧,64adff9b000000002a037511,GLORIA,https://sns-avatar-qc.xhscdn.com/avatar/66346f8cf0d677bf5a5b01b4.jpg?imageView2/2/w/120/format/jpg,0,,691fe098000000001d026db5,1763796643915,0
691f41ec000000003803f2d3,1763656173000,广东,691ee0e1000000001d03aae9,质量是有保障的吧？应该有国补活动吧,67018dd2000000001d02018a,Yy,https://sns-avatar-qc.xhscdn.com/avatar/1040g2jo31lligkks58005po1hn97c0ca18klpcg?imageView2/2/w/120/format/jpg,1,,0,1763796644170,1
691f3f55000000001d0264d9,1763655510000,重庆,691ee0e1000000001d03aae9,我就觉得这个好适合我呢 懒人必备,668539fe000000000d02454f,露比比,https://sns-avatar-qc.xhscdn.com/avatar/1040g2jo314pqvkta0o6g5pk577v3chafg17crng?imageView2/2/w/120/format/jpg,1,,0,1763796644175,0
691f38f2000000001502e5db,1763653875000,广东,691ee0e1000000001d03aae9,大疆还有扫地机的啊？质量如何？,61af2e71000000001000ec3c,勇敢小羊,https://sns-avatar-qc.xhscdn.com/avatar/1040g2jo31mh92q3fkq5g5odf5pok1r1sqcm0pog?imageView2/2/w/120/format/jpg,0,,0,1763796644184,0
691f38f500000000380246d2,1763653878000,广东,691ee0e1000000001d03aae9,机器人续航能力怎么样呀？角角落落都能扫干净吗？,62d1445b000000000303fb77,少少糖主义,https://sns-avatar-qc.xhscdn.com/avatar/1040g2jo31ksv4fbl2u005omh8hdgvurn0c8u8g8?imageView2/2/w/120/format/jpg,0,,0,1763796644196,0
691f32790000000016026d1e,1763652217000,广东,691ee0e1000000001d03aae9,小户型适不适合这个的呀,67e177cf000000000e01dee2,炫碗螺蛳粉,https://sns-avatar-qc.xhscdn.com/avatar/1040g2jo31lka276gl8605pv1ev7jjnn2bcgd1a0?imageView2/2/w/120/format/jpg,0,,0,1763796644202,0
691f27970000000038024943,1763649432000,河南,691ee0e1000000001d03aae9,地上有猫毛也可以打扫干净吗,5fe1ac920000000001004fd2,CC,https://sns-avatar-qc.xhscdn.com/avatar/1040g2jo31fhqs1mdg06g5nv1li908jui6gjuktg?imageView2/2/w/120/format/jpg,0,,0,1763796644213,0
691f27520000000038014a5b,1763649362000,广东,691ee0e1000000001d03aae9,这款扫地机器人角落好打扫吗,67ab206d000000000e012fe3,小年糕,https://sns-avatar-qc.xhscdn.com/avatar/1040g2jo31n8t8eoa58005ptb41mjibv3iqiqqgo?imageView2/2/w/120/format/jpg,0,,0,1763796644232,0
691ff9ef000000000e036acd,1763703280000,北京,691ee0e1000000001d03aae9,还有液体躲避的啊，这还挺好的呢[害羞R]挺好的,5d2a83f100000000120140fc,很靠近海,https://sns-avatar-qc.xhscdn.com/avatar/1040g2jo31ijirf6r7s6g5n9agfokig7sq3mt39g?imageView2/2/w/120/format/jpg,0,,0,1763796644241,0
691f262500000000160209ad,1763649061000,广东,691ee0e1000000001d03aae9,这个最近有没有国补活动呀,68454353000000001d015a97,吃一口栗子,https://sns-avatar-qc.xhscdn.com/avatar/1040g2jo31msp5tcf6g005q258d9namknao7r91o?imageView2/2/w/120/format/jpg,0,,0,1763796644253,0
691f2d340000000038025891,1763650869000,广东,691ee0e1000000001d03aae9,孩子总是把家里搞得乱七八糟的这个价格多少？,66ba2699000000000b033f84,小黑鱼,https://sns-avatar-qc.xhscdn.com/avatar/1040g2jo31ofcferi58005plq4qciufs4il6ppqg?imageView2/2/w/120/format/jpg,0,,0,1763796644257,1
691f447b0000000038005579,1763656828000,贵州,691ee0e1000000001d03aae9,应该是有的,68ccb6b80000000021021257,淘,https://sns-avatar-qc.xhscdn.com/avatar/1040g2jo31mksjpe55m605q6cmqs8c4inqah5vh8?imageView2/2/w/120/format/jpg,0,,691f41ec000000003803f2d3,1763796646270,0
691fe02a000000001403632f,1763696683000,河南,691ee0e1000000001d03aae9,我也觉得呢,65bf49b1000000000e025922,睡不醒嘛,https://sns-avatar-qc.xhscdn.com/avatar/1040g2jo31l2o1af12g6g5pdv96ojkm92ssb79l8?imageView2/2/w/120/format/jpg,0,,691f3f55000000001d0264d9,1763796646273,0
691f2c8b000000001502e66c,1763650699000,广东,691ee0e1000000001d03aae9,这款扫地机器人能把犄角旮旯清洁干净吗？,68ee881b0000000037033ded,芋泥啵啵,https://sns-avatar-qc.xhscdn.com/avatar/1040g2jo31o90q45g4u6g5q7eh0dtuffd2uq2et0?imageView2/2/w/120/format/jpg,0,,0,1763796646548,0
691f258d000000003801300b,1763648909000,广东,691ee0e1000000001d03aae9,续航能力怎么样啊？价格贵不贵？,64649c15000000000f006d56,小狗吃饭,https://sns-avatar-qc.xhscdn.com/avatar/1040g2jo31on38iac6g005p34jgajoram9v6649o?imageView2/2/w/120/format/jpg,0,,0,1763796646553,1
691f1ff3000000003800e7b8,1763647475000,河南,691ee0e1000000001d03aae9,扫地机器人会不会自动回充啊？最后的垃圾怎么清理,67e6066600000000060127b2,一只小薯,https://sns-avatar-qc.xhscdn.com/avatar/1040g2jo31oglnftcmg6g5pv60pj1i9ti9hcadbg?imageView2/2/w/120/format/jpg,0,,0,1763796646557,0
691f1f5f000000003803d065,1763647328000,广东,691ee0e1000000001d03aae9,那看来再也不用担心，孩子捣乱到崩溃程度,654c69da000000000400a610,纯白,https://sns-avatar-qc.xhscdn.com/avatar/1040g2jo31m73mj0h5m5g5pacd7d119ggfujr13g?imageView2/2/w/120/format/jpg,0,,0,1763796646563,0
691f1e370000000038024c0d,1763647031000,广东,691ee0e1000000001d03aae9,想知道售后好不好的嘞？,658cfa2b0000000022016442,傻大鹅,https://sns-avatar-qc.xhscdn.com/avatar/1040g2jo31n56512c5m6g5pccv8loip222n95hsg?imageView2/2/w/120/format/jpg,0,,0,1763796646571,0
691f1ca2000000003800d903,1763646626000,山东,691ee0e1000000001d03aae9,这个工作的效率是怎么样的呀，现在有什么活动的吗,66e39836000000000b031a15,小鲈鱼,https://sns-avatar-qc.xhscdn.com/avatar/1040g2jo31nl28f4g6g005pn3j0r2u6glb0vtii8?imageView2/2/w/120/format/jpg,0,,0,1763796646579,0
691f1bf30000000038013926,1763646452000,贵州,691ee0e1000000001d03aae9,清洁力度真的大吗，有没有运费险啊,67cbbb63000000000d00951b,李在干森么,https://sns-avatar-qc.xhscdn.com/avatar/1040g2jo31orv0tigho6g5pubndhj958rk0jqsl8?imageView2/2/w/120/format/jpg,0,,0,1763796646589,0
691ffcd30000000016021390,1763704019000,北京,691ee0e1000000001d03aae9,有娃儿的家庭，还是非常有必要找个家务好帮手的啊,64adff9b000000002a037511,GLORIA,https://sns-avatar-qc.xhscdn.com/avatar/66346f8cf0d677bf5a5b01b4.jpg?imageView2/2/w/120/format/jpg,0,,0,1763796646594,0
691f1b21000000001600febc,1763646241000,河南,691ee0e1000000001d03aae9,清洁力是怎么样的呢 续航功能好不好,65338b82000000002a0197a7,蘑菇,https://sns-avatar-qc.xhscdn.com/avatar/1040g2jo31liab2kkl8605p9jhe1aj5t7sa4c32g?imageView2/2/w/120/format/jpg,0,,0,1763796646607,0
691f1a8b000000001403ecf3,1763646091000,重庆,691ee0e1000000001d03aae9,这款有避障功能吗？使用的时候声音大不大呀？,62ed2c26000000001f015518,潮嬷最爽捏,https://sns-avatar-qc.xhscdn.com/avatar/1040g2jo31mmmk50m52105ond5gj7ql8o4hicmqg?imageView2/2/w/120/format/jpg,0,,0,1763796646613,0
691f19e5000000003803e542,1763645925000,贵州,691ee0e1000000001d03aae9,带娃鸡飞狗跳的时候真的很需要一个帮手,61343cd70000000002025b60,你的排骨玉米汤耶,https://sns-avatar-qc.xhscdn.com/avatar/1040g2jo31flc4u9l7q6g5o9k7jbgkmr0drhk750?imageView2/2/w/120/format/jpg,0,,0,1763796648820,0
691f1755000000001d01e23e,1763645270000,广东,691ee0e1000000001d03aae9,边边角角是可以扫到吗 有没有自清洁的功能呢,626a79b2000000001000ebbe,SQ,https://sns-avatar-qc.xhscdn.com/avatar/1040g2jo31fauef056a005ojaf6p41qtuup8mlgg?imageView2/2/w/120/format/jpg,0,,0,1763796648824,0
691f0d1b0000000014035388,1763642652000,山东,691ee0e1000000001d03aae9,现在有双十一活动么,66a8b22a000000001d033a18,啊哦,https://sns-avatar-qc.xhscdn.com/avatar/1040g2jo31j5i9k6s2g705pl8m8l7eegoprkm3lg?imageView2/2/w/120/format/jpg,0,,0,1763796648835,1
691f0858000000001702ecab,1763641433000,广东,691ee0e1000000001d03aae9,@77看起来挺高级的呢好不好,6038d2fa0000000001005b62,UU,https://sns-avatar-qc.xhscdn.com/avatar/1040g2jo311q69rekgk5g5o1oqbt08mr2gqcjjro?imageView2/2/w/120/format/jpg,1,,0,1763796648840,0
691f0577000000003800484d,1763640696000,山东,691ee0e1000000001d03aae9,有自清洁省事好多,5afd9a33e8ac2b24201c1ea6,橘子橘,https://sns-avatar-qc.xhscdn.com/avatar/1040g2jo31p3dah1uig004a5dp7d367l6034sse8?imageView2/2/w/120/format/jpg,0,,0,1763796648846,1
691f172f0000000006018e16,1763645232000,广东,691ee0e1000000001d03aae9,续航怎么样？,637cce98000000001f01d413,嘟嘟,https://sns-avatar-qc.xhscdn.com/avatar/1040g2jo31p41ho7ci6005orspqc7rl0j5vkhn60?imageView2/2/w/120/format/jpg,0,,0,1763796648856,0
691f15f80000000016024654,1763644920000,湖南,691ee0e1000000001d03aae9,边角清洁干净吗？是全自动清洗吗？,639d538c00000000260058d5,初夏,https://sns-avatar-qc.xhscdn.com/avatar/1040g2jo31or3tjgu1o305oko5mnoc7a3f5ugdlg?imageView2/2/w/120/format/jpg,0,,0,1763796648870,0
691f15c0000000001d027cc7,1763644864000,山东,691ee0e1000000001d03aae9,售后服务有保障的吗,68b7e480000000001903f3f7,🌸,https://sns-avatar-qc.xhscdn.com/avatar/1040g2jo31lv902f9l0605q5nsi06fsvnhepo1lg?imageView2/2/w/120/format/jpg,0,,0,1763796648876,0
691f156000000000140368cd,1763644768000,河南,691ee0e1000000001d03aae9,真的有那么好吗,673470ab000000001d02cc21,天天开心啊,https://sns-avatar-qc.xhscdn.com/avatar/1040g2jo31ci2sk0bge505ppke2lndj11t9ocd70?imageView2/2/w/120/format/jpg,0,,0,1763796648889,0
691f139a000000003800e4ab,1763644314000,广西,691ee0e1000000001d03aae9,要是遇到障碍物会自动绕开吗,668cf99a000000000303125e,呆呆自然卷,https://sns-avatar-qc.xhscdn.com/avatar/645b7c0d1d74d41345e61461.jpg?imageView2/2/w/120/format/jpg,0,,0,1763796648892,0
691fdf71000000001601de06,1763696497000,山东,691ee0e1000000001d03aae9,有什么活动,69030f4900000000370320f9,半夏,https://sns-avatar-qc.xhscdn.com/avatar/1040g2jo31o8mrsjc6g005q831t4tu87pnu3gq2g?imageView2/2/w/120/format/jpg,0,,691f0858000000001702ecab,1763796650905,0
691f12d6000000000601b5a3,1763644118000,湖南,691ee0e1000000001d03aae9,赶紧要老公给我安排一台[偷笑R],5e2fc3e0000000000100239f,雪┃落不留痕,https://sns-avatar-qc.xhscdn.com/avatar/1040g2jo31okm6lu0ku005nhfofg088svuss1fig?imageView2/2/w/120/format/jpg,0,,0,1763796651156,0
691f1118000000001d024767,1763643672000,辽宁,691ee0e1000000001d03aae9,家里有宠物猫毛可以用吗,66094d5f000000000600c065,宁宁,https://sns-avatar-qc.xhscdn.com/avatar/1040g2jo31npir4rj526g5pg99lfhhg35fja9e6g?imageView2/2/w/120/format/jpg,0,,0,1763796651160,0
691f10ab000000003802809b,1763643564000,山东,691ee0e1000000001d03aae9,不知道价格怎么样[偷笑R],65800eec000000003d029227,小小Q,https://sns-avatar-qc.xhscdn.com/avatar/1040g2jo31p4dv9r42g6g5pc01rmfd4h7ucpjs4g?imageView2/2/w/120/format/jpg,0,,0,1763796651171,0
69047900000000003800e9d7,1761900800000,天津,6903723800000000050121c6,地上到处都是猫毛会不会容易卡顿呀？,67484477000000001c01b88d,福气包,https://sns-avatar-qc.xhscdn.com/avatar/1040g2jo31n38d7ds6g5g5pq88hrn3e4d25hb1no?imageView2/2/w/120/format/jpg,9,,0,1763796655462,0
6904a08600000000390048df,1761910919000,江西,6903723800000000050121c6,刚刚看现在romo透明版才四千多，真的香啊,679208750000000007001442,vv,https://sns-avatar-qc.xhscdn.com/avatar/1040g2jo31f1m0eoe6i5g5psi11qho5222f35b4o?imageView2/2/w/120/format/jpg,4,,0,1763796655465,4
6904b2180000000039020dc5,1761915416000,北京,6903723800000000050121c6,沙发底和床底是不是也都可以打扫干净啊,632852b00000000023039b01,waou,https://sns-avatar-qc.xhscdn.com/avatar/1040g2jo3186qd1avgq605op8aao8v6o1ou7sh38?imageView2/2/w/120/format/jpg,5,,0,1763796655471,1
690634450000000037010081,1762014277000,贵州,6903723800000000050121c6,这款扫地机双十一有没有优惠政策？,5f03f53b000000000100300b,煎饼狗子,https://sns-avatar-qc.xhscdn.com/avatar/1040g2jo31ndtd68ll8005no3uktg8c0b4njc1b0?imageView2/2/w/120/format/jpg,3,,0,1763796655476,0
69061ef1000000003800ec0b,1762008817000,陕西,6903723800000000050121c6,买到合适的，我觉得确实是很重要的呢,630d8c32000000001200d7e4,52赫兹的鲸,https://sns-avatar-qc.xhscdn.com/avatar/1040g2jo31h9q29n43s6g5oodhgp4hlv4mukfseg?imageView2/2/w/120/format/jpg,3,,0,1763796655480,0
690469c000000000370263e6,1761896897000,山东,6903723800000000050121c6,疆真是赢麻了,5bd68734a31c0d0001c7dc8c,喵喵,https://sns-avatar-qc.xhscdn.com/avatar/1040g2jo31no15850l80g4bru6fr90l4r8v0ffcg?imageView2/2/w/120/format/jpg,1,,0,1763796655485,3
69062598000000003702754b,1762010520000,贵州,6903723800000000050121c6,这个机器人能扫到桌子底下沙发缝这些窄的地方吗？会不会卡进去出不来呀？,5b28ecc511be1058e4aabb4c,泡泡岑,https://sns-avatar-qc.xhscdn.com/avatar/1040g2jo31ooeda0s58004a6d1rmcbeqcus9ivo0?imageView2/2/w/120/format/jpg,2,,0,1763796655490,0
6904ea380000000038026e97,1761929785000,湖南,6903723800000000050121c6,扫地机扫得干净吗？,6902d1f0000000003201c0f6,丫丫,https://sns-avatar-qc.xhscdn.com/avatar/1040g2jo31o8eshj76g605q82q7ocjg7m4umvh6g?imageView2/2/w/120/format/jpg,2,,0,1763796655496,0
6904b2010000000039032019,1761915393000,山东,6903723800000000050121c6,扫地机器人真的有效果吗？我家也想买一个呢。@每天被自己帅醒,5ee598270000000001004d3a,温柔.,https://sns-avatar-qc.xhscdn.com/avatar/5ee598270000000001004d3a.jpg?imageView2/2/w/120/format/jpg,2,,0,1763796655510,0
6906d295000000003903388f,1762054806000,山东,6903723800000000050121c6,扫地机器人好不好操作呢 清洁的干净彻底吗@每天被自己帅醒,5ee598270000000001004d3a,温柔.,https://sns-avatar-qc.xhscdn.com/avatar/5ee598270000000001004d3a.jpg?imageView2/2/w/120/format/jpg,1,,0,1763796655515,0
6904bac600000000380253c3,1761917638000,山东,6903723800000000050121c6,完全不会，吸的很干净,640dd691000000002901151e,阿K设计家,https://sns-avatar-qc.xhscdn.com/avatar/1040g2jo3170qoora440g5p0dqq8qa58ui38d708?imageView2/2/w/120/format/jpg,0,,69047900000000003800e9d7,1763796657527,0
6904798f000000003300d388,1761900944000,天津,6903723800000000050121c6,死角可以擦得到吗,5d2efe6b000000001001afa6,不是你bb,https://sns-avatar-qc.xhscdn.com/avatar/62f0a3c677548c142dfa0cff.jpg?imageView2/2/w/120/format/jpg,0,,69047900000000003800e9d7,1763796657720,0
69047a080000000039001094,1761901065000,天津,6903723800000000050121c6,好多都不行了。,67484477000000001c01b88d,福气包,https://sns-avatar-qc.xhscdn.com/avatar/1040g2jo31n38d7ds6g5g5pq88hrn3e4d25hb1no?imageView2/2/w/120/format/jpg,0,,6904798f000000003300d388,1763796657723,0
6904910f000000003800fbd3,1761906959000,河南,6903723800000000050121c6,应该不会吧,62d7cbd4000000000e00dc9b,开心的荷包蛋,https://sns-avatar-qc.xhscdn.com/avatar/644c81c61c152185687142e6.jpg?imageView2/2/w/120/format/jpg,0,,69047900000000003800e9d7,1763796657734,0
6904b206000000003902c4fc,1761915399000,山东,6903723800000000050121c6,应该不会,5ee598270000000001004d3a,温柔.,https://sns-avatar-qc.xhscdn.com/avatar/5ee598270000000001004d3a.jpg?imageView2/2/w/120/format/jpg,0,,69047900000000003800e9d7,1763796657737,0
6904b2220000000039029e43,1761915426000,北京,6903723800000000050121c6,有防缠绕吧,632852b00000000023039b01,waou,https://sns-avatar-qc.xhscdn.com/avatar/1040g2jo3186qd1avgq605op8aao8v6o1ou7sh38?imageView2/2/w/120/format/jpg,0,,69047900000000003800e9d7,1763796657745,1
690554250000000039031e73,1761956901000,山东,6903723800000000050121c6,同问下,625a33c3000000001000ffef,橘子皮,https://sns-avatar-qc.xhscdn.com/avatar/1040g2jo31mq6bi37mm3g5q6jebh8kh6k7b19hj0?imageView2/2/w/120/format/jpg,0,,69047900000000003800e9d7,1763796659931,0
69056d300000000038015ceb,1761963312000,浙江,6903723800000000050121c6,价格怎么样？,621a1b620000000002021ae3,小宋,https://sns-avatar-qc.xhscdn.com/avatar/63f43542d27b886b4408d25c.jpg?imageView2/2/w/120/format/jpg,0,,6904bac600000000380253c3,1763796659934,0
69061f0c000000003802926a,1762008844000,陕西,6903723800000000050121c6,应该不会的,630d8c32000000001200d7e4,52赫兹的鲸,https://sns-avatar-qc.xhscdn.com/avatar/1040g2jo31h9q29n43s6g5oodhgp4hlv4mukfseg?imageView2/2/w/120/format/jpg,0,,69047900000000003800e9d7,1763796659942,0
6904bad20000000038009afa,1761917651000,山东,6903723800000000050121c6,香呀，很好用,640dd691000000002901151e,阿K设计家,https://sns-avatar-qc.xhscdn.com/avatar/1040g2jo3170qoora440g5p0dqq8qa58ui38d708?imageView2/2/w/120/format/jpg,0,,6904a08600000000390048df,1763796661950,0
6904beb10000000039001bdf,1761918641000,河南,6903723800000000050121c6,好想拥有[皱眉R],60e5d54e000000000101f00e,燕麦粥,https://sns-avatar-qc.xhscdn.com/avatar/63775781c2c6d49da5773a86.jpg?imageView2/2/w/120/format/jpg,0,,6904a08600000000390048df,1763796662146,0
690572f300000000390205c9,1761964788000,广东,6903723800000000050121c6,大疆无敌。,683470f5000000001d0095d9,不会炸机的小牛,https://sns-avatar-qc.xhscdn.com/avatar/1040g2jo31mj0ibo8ks6g5q1ke3qn95epk9h7rm0?imageView2/2/w/120/format/jpg,0,,6904bad20000000038009afa,1763796662154,0
6906344b0000000033007397,1762014283000,贵州,6903723800000000050121c6,是的啊,5f03f53b000000000100300b,煎饼狗子,https://sns-avatar-qc.xhscdn.com/avatar/1040g2jo31ndtd68ll8005no3uktg8c0b4njc1b0?imageView2/2/w/120/format/jpg,0,,6904a08600000000390048df,1763796662161,0
6904bae7000000003802a837,1761917671000,山东,6903723800000000050121c6,是的，完全没问题,640dd691000000002901151e,阿K设计家,https://sns-avatar-qc.xhscdn.com/avatar/1040g2jo3170qoora440g5p0dqq8qa58ui38d708?imageView2/2/w/120/format/jpg,0,,6904b2180000000039020dc5,1763796664172,0
6904bf280000000033006f19,1761918761000,陕西,6903723800000000050121c6,应该可以吧,5bc41ba5f5c832000166e02f,哎呀呀,https://sns-avatar-qc.xhscdn.com/avatar/1040g2jo31ncmbtfalm0g4bfd3mdqbo1f0m90t30?imageView2/2/w/120/format/jpg,0,,6904b2180000000039020dc5,1763796664451,0
69057d1400000000330060f5,1761967380000,广东,6903723800000000050121c6,都是可以的,68b817b2000000001901c204,咕噜小坨坨,https://sns-avatar-qc.xhscdn.com/avatar/1040g2jo31lvfd9565i205q5o2up6bgg4poiaprg?imageView2/2/w/120/format/jpg,0,,6904b2180000000039020dc5,1763796664455,0
6906077a000000003801262e,1762002811000,贵州,6903723800000000050121c6,我也想问,68ba8330000000001a00f9a6,小甜甜,https://sns-avatar-qc.xhscdn.com/avatar/1040g2jo31o1c4d696m6g5q5qgco6hud678h9ja8?imageView2/2/w/120/format/jpg,0,,6904b2180000000039020dc5,1763796664466,0
6906122a0000000033025458,1762005546000,广东,6903723800000000050121c6,那这种会不会很耗电呀？噪音大不大？,5f76574f000000000101cd4e,腼腆小美,https://sns-avatar-qc.xhscdn.com/avatar/1040g2jo31obe9suc6m0g5psaboiinm94os9j9co?imageView2/2/w/120/format/jpg,0,,6904b2180000000039020dc5,1763796664476,0
6907f34f00000000380339c1,1762128720000,山东,6903723800000000050121c6,有呀，上某🐱活动进行时,640dd691000000002901151e,阿K设计家,https://sns-avatar-qc.xhscdn.com/avatar/1040g2jo3170qoora440g5p0dqq8qa58ui38d708?imageView2/2/w/120/format/jpg,0,,690634450000000037010081,1763796666483,0
690637a4000000003300e613,1762015140000,广东,6903723800000000050121c6,可能是满减[笑哭R],6402d29c000000001f032b85,柠檬苏打,https://sns-avatar-qc.xhscdn.com/avatar/1040g2jo31k7shgo732005p02qae7uas5cq1is9o?imageView2/2/w/120/format/jpg,0,,690634450000000037010081,1763796666762,0
6906d29e0000000039026260,1762054814000,山东,6903723800000000050121c6,希望有活动,5ee598270000000001004d3a,温柔.,https://sns-avatar-qc.xhscdn.com/avatar/5ee598270000000001004d3a.jpg?imageView2/2/w/120/format/jpg,0,,690634450000000037010081,1763796666766,0
6907f422000000003800554e,1762128930000,山东,6903723800000000050121c6,测试了三款，觉得大疆Rome S不错,640dd691000000002901151e,阿K设计家,https://sns-avatar-qc.xhscdn.com/avatar/1040g2jo3170qoora440g5p0dqq8qa58ui38d708?imageView2/2/w/120/format/jpg,0,,69061ef1000000003800ec0b,1763796668773,0
69061fba000000003803f6ee,1762009019000,广东,6903723800000000050121c6,是的呢,67ab206d000000000e012fe3,小年糕,https://sns-avatar-qc.xhscdn.com/avatar/1040g2jo31n8t8eoa58005ptb41mjibv3iqiqqgo?imageView2/2/w/120/format/jpg,0,,69061ef1000000003800ec0b,1763796668937,0
690625a2000000003300c975,1762010531000,贵州,6903723800000000050121c6,是的呢,5b28ecc511be1058e4aabb4c,泡泡岑,https://sns-avatar-qc.xhscdn.com/avatar/1040g2jo31ooeda0s58004a6d1rmcbeqcus9ivo0?imageView2/2/w/120/format/jpg,0,,69061ef1000000003800ec0b,1763796668943,0
6907f42c0000000039000fd9,1762128940000,山东,6903723800000000050121c6,对的，好用，值得入手,640dd691000000002901151e,阿K设计家,https://sns-avatar-qc.xhscdn.com/avatar/1040g2jo3170qoora440g5p0dqq8qa58ui38d708?imageView2/2/w/120/format/jpg,0,,690469c000000000370263e6,1763796670951,0
6907f3b60000000039000768,1762128822000,山东,6903723800000000050121c6,不会，他会自己避障,640dd691000000002901151e,阿K设计家,https://sns-avatar-qc.xhscdn.com/avatar/1040g2jo3170qoora440g5p0dqq8qa58ui38d708?imageView2/2/w/120/format/jpg,0,,69062598000000003702754b,1763796670954,0
6906d26400000000390223a0,1762054757000,山东,6903723800000000050121c6,应该不会吧,63c967da0000000026012740,每天被自己帅醒,https://sns-avatar-qc.xhscdn.com/avatar/63dbe25ddcd74778ab684628.jpg?imageView2/2/w/120/format/jpg,0,,69062598000000003702754b,1763796671186,0
6907f3a10000000039004610,1762128802000,山东,6903723800000000050121c6,挺干净的，不光扫的干净，拖的效果也很不错,640dd691000000002901151e,阿K设计家,https://sns-avatar-qc.xhscdn.com/avatar/1040g2jo3170qoora440g5p0dqq8qa58ui38d708?imageView2/2/w/120/format/jpg,0,,6904ea380000000038026e97,1763796673192,0
6904f6ac00000000380131a9,1761932972000,广东,6903723800000000050121c6,效果怎么样,68445b41000000001d01763e,大熊,https://sns-avatar-qc.xhscdn.com/avatar/1040g2jo31k02o49d2u005q24bd0nathuem9ij3g?imageView2/2/w/120/format/jpg,0,,6904ea380000000038026e97,1763796673420,0
6907f3c80000000038025285,1762128841000,山东,6903723800000000050121c6,挺好用的，解放自己的双手，省心又省力,640dd691000000002901151e,阿K设计家,https://sns-avatar-qc.xhscdn.com/avatar/1040g2jo3170qoora440g5p0dqq8qa58ui38d708?imageView2/2/w/120/format/jpg,0,,6904b2010000000039032019,1763796675425,0
6904b4ca0000000033027ffa,1761916107000,山东,6903723800000000050121c6,那就一起入手吧,68cd43ee000000002202e92d,^巴黎雨夜💗,https://sns-avatar-qc.xhscdn.com/avatar/645b7f4a9262aeee795c99e7.jpg?imageView2/2/w/120/format/jpg,0,,6904b2010000000039032019,1763796675594,0
6907f36c00000000390001ec,1762128748000,山东,6903723800000000050121c6,好操作的，他会自己建模，然后每天按照房间顺序清扫,640dd691000000002901151e,阿K设计家,https://sns-avatar-qc.xhscdn.com/avatar/1040g2jo3170qoora440g5p0dqq8qa58ui38d708?imageView2/2/w/120/format/jpg,0,,6906d295000000003903388f,1763796677600,0
69063794000000003300e385,1762015125000,广东,6903723800000000050121c6,扫地机真的好纠结咋样的好[叹气R]@咕噜咕噜,6402d29c000000001f032b85,柠檬苏打,https://sns-avatar-qc.xhscdn.com/avatar/1040g2jo31k7shgo732005p02qae7uas5cq1is9o?imageView2/2/w/120/format/jpg,1,,0,1763796677811,0
69061fc1000000003900730b,1762009026000,广东,6903723800000000050121c6,沙发底下也可以打扫的干干净净吗,67ab206d000000000e012fe3,小年糕,https://sns-avatar-qc.xhscdn.com/avatar/1040g2jo31n8t8eoa58005ptb41mjibv3iqiqqgo?imageView2/2/w/120/format/jpg,1,,0,1763796677817,0
6906122200000000330251dc,1762005539000,广东,6903723800000000050121c6,防缠绕效果要怎么选择呀，现在有什么补贴活动[doge],5f76574f000000000101cd4e,腼腆小美,https://sns-avatar-qc.xhscdn.com/avatar/1040g2jo31obe9suc6m0g5psaboiinm94os9j9co?imageView2/2/w/120/format/jpg,0,,0,1763796677822,0
69060dc300000000390294c0,1762004420000,湖南,6903723800000000050121c6,犄角旮旯可以扫到吗，续航多久,5e2fc3e0000000000100239f,雪┃落不留痕,https://sns-avatar-qc.xhscdn.com/avatar/1040g2jo31okm6lu0ku005nhfofg088svuss1fig?imageView2/2/w/120/format/jpg,1,,0,1763796677828,0
69060775000000003803fc21,1762002806000,贵州,6903723800000000050121c6,有自动避开异物的功能吗？,68ba8330000000001a00f9a6,小甜甜,https://sns-avatar-qc.xhscdn.com/avatar/1040g2jo31o1c4d696m6g5q5qgco6hud678h9ja8?imageView2/2/w/120/format/jpg,1,,0,1763796677832,0
6905e23f000000003802a800,1761993279000,浙江,6903723800000000050121c6,续航怎么样啊，蹲蹲测评,5f25235e000000000101c166,扶光,https://sns-avatar-qc.xhscdn.com/avatar/63ef063fc2da9f94112978b8.jpg?imageView2/2/w/120/format/jpg,0,,0,1763796677837,0
6905ddc8000000003902eab5,1761992136000,山东,6903723800000000050121c6,吸力有多大的？,67ac578a000000000e011772,南舟,https://sns-avatar-qc.xhscdn.com/avatar/1040g2jo31jklqkd6jq6g5ptcau53i5ri34tvtqg?imageView2/2/w/120/format/jpg,0,,0,1763796677845,0
69059e74000000003902f393,1761975925000,河南,6903723800000000050121c6,清洁效果是怎么样的呢 有没有活动,68bd7fc60000000019014787,小猪包,https://sns-avatar-qc.xhscdn.com/avatar/1040g2jo31m4pum1f4u605q5tfv36ahs7tv7jvjg?imageView2/2/w/120/format/jpg,1,,0,1763796677851,1
69057d0e000000003300cf44,1761967375000,广东,6903723800000000050121c6,应该怎么挑选才能有合适的呢？,68b817b2000000001901c204,咕噜小坨坨,https://sns-avatar-qc.xhscdn.com/avatar/1040g2jo31lvfd9565i205q5o2up6bgg4poiaprg?imageView2/2/w/120/format/jpg,0,,0,1763796677856,0
69056d2d000000003900542e,1761963309000,浙江,6903723800000000050121c6,这个会不会很耗电啊？,621a1b620000000002021ae3,小宋,https://sns-avatar-qc.xhscdn.com/avatar/63f43542d27b886b4408d25c.jpg?imageView2/2/w/120/format/jpg,2,,0,1763796677864,0
6907f384000000003802b2ee,1762128773000,山东,6903723800000000050121c6,可以试试大疆，我用着还是不错的,640dd691000000002901151e,阿K设计家,https://sns-avatar-qc.xhscdn.com/avatar/1040g2jo3170qoora440g5p0dqq8qa58ui38d708?imageView2/2/w/120/format/jpg,0,,69063794000000003300e385,1763796679870,0
6907f3df00000000380050ed,1762128863000,山东,6903723800000000050121c6,可以，它进入黑暗的地方会自动开启灯光,640dd691000000002901151e,阿K设计家,https://sns-avatar-qc.xhscdn.com/avatar/1040g2jo3170qoora440g5p0dqq8qa58ui38d708?imageView2/2/w/120/format/jpg,0,,69061fc1000000003900730b,1763796679875,0
6907f40b0000000039004c1b,1762128907000,山东,6903723800000000050121c6,可以扫到,640dd691000000002901151e,阿K设计家,https://sns-avatar-qc.xhscdn.com/avatar/1040g2jo3170qoora440g5p0dqq8qa58ui38d708?imageView2/2/w/120/format/jpg,0,,69060dc300000000390294c0,1763796679885,0
6907f3f8000000003802e710,1762128888000,山东,6903723800000000050121c6,有呀，避障功能挺灵敏的,640dd691000000002901151e,阿K设计家,https://sns-avatar-qc.xhscdn.com/avatar/1040g2jo3170qoora440g5p0dqq8qa58ui38d708?imageView2/2/w/120/format/jpg,0,,69060775000000003803fc21,1763796679889,0
69098dc600000000380106a4,1762233799000,山东,6903723800000000050121c6,清洁和避障效果都挺不错的[doge],5bd59fb010d5f4000142da17,麦奇咔嚓嚓,https://sns-avatar-qc.xhscdn.com/avatar/1040g2jo31na475o9l8004blb1qfr1mgn5ra0bl0?imageView2/2/w/120/format/jpg,0,,69059e74000000003902f393,1763796679894,0
69059e7a0000000039033928,1761975930000,河南,6903723800000000050121c6,同问一下吧,68bd7fc60000000019014787,小猪包,https://sns-avatar-qc.xhscdn.com/avatar/1040g2jo31m4pum1f4u605q5tfv36ahs7tv7jvjg?imageView2/2/w/120/format/jpg,0,,69056d2d000000003900542e,1763796679900,0
6905da560000000031032060,1761991254000,河南,6903723800000000050121c6,不会吧,5f3a4ae30000000001003279,麻辣毛蛋.,https://sns-avatar-qc.xhscdn.com/avatar/1040g2jo31ktusb7v34005npq9bhg8cjp38oh8ig?imageView2/2/w/120/format/jpg,0,,69056d2d000000003900542e,1763796680138,0
69055433000000003902e772,1761956915000,山东,6903723800000000050121c6,可以自清洁太方便了,625a33c3000000001000ffef,橘子皮,https://sns-avatar-qc.xhscdn.com/avatar/1040g2jo31mq6bi37mm3g5q6jebh8kh6k7b19hj0?imageView2/2/w/120/format/jpg,0,,0,1763796682396,1
6904f6ce0000000038014b47,1761933007000,广东,6903723800000000050121c6,头发掉太多啦[哭惹R]应该买扫地机器人还是洗地机呢,68445b41000000001d01763e,大熊,https://sns-avatar-qc.xhscdn.com/avatar/1040g2jo31k02o49d2u005q24bd0nathuem9ij3g?imageView2/2/w/120/format/jpg,0,,0,1763796682398,0
6904bf24000000003300f179,1761918756000,陕西,6903723800000000050121c6,买到合适的肯定比买到贵的更重要了呀,5bc41ba5f5c832000166e02f,哎呀呀,https://sns-avatar-qc.xhscdn.com/avatar/1040g2jo31ncmbtfalm0g4bfd3mdqbo1f0m90t30?imageView2/2/w/120/format/jpg,0,,0,1763796682404,0
6904b4bc0000000033027c1e,1761916093000,山东,6903723800000000050121c6,扫地机器人质量怎么样呀 不知道到时候好清洗吗 @微笑,68cd43ee000000002202e92d,^巴黎雨夜💗,https://sns-avatar-qc.xhscdn.com/avatar/645b7f4a9262aeee795c99e7.jpg?imageView2/2/w/120/format/jpg,1,,0,1763796682409,0
69049079000000003802eca8,1761906809000,山东,6903723800000000050121c6,@草莓啵啵奶 你不是说也想买一个吗？可以看一看的呀,65800eec000000003d029227,小小Q,https://sns-avatar-qc.xhscdn.com/avatar/1040g2jo31p4dv9r42g6g5pc01rmfd4h7ucpjs4g?imageView2/2/w/120/format/jpg,0,,0,1763796682412,0
69048c01000000003802989a,1761905666000,河南,6903723800000000050121c6,最近挑扫地机器人挑的头都大了 不知道买什么好了,62d7cbd4000000000e00dc9b,开心的荷包蛋,https://sns-avatar-qc.xhscdn.com/avatar/644c81c61c152185687142e6.jpg?imageView2/2/w/120/format/jpg,1,,0,1763796682415,0
69047b4e0000000039029a78,1761901391000,陕西,6903723800000000050121c6,有角落的地方能不能扫干净性价比高不高，价格有优惠吗？,64ea8e79000000000100e225,星河湾,https://sns-avatar-qc.xhscdn.com/avatar/1040g2jo31o7phuek4q605p7ahpsg9oh5g3evr9o?imageView2/2/w/120/format/jpg,1,,0,1763796682420,0
6904bae00000000038004d65,1761917665000,山东,6903723800000000050121c6,质量没问题的，很好用,640dd691000000002901151e,阿K设计家,https://sns-avatar-qc.xhscdn.com/avatar/1040g2jo3170qoora440g5p0dqq8qa58ui38d708?imageView2/2/w/120/format/jpg,0,,6904b4bc0000000033027c1e,1763796684425,0
6904baf20000000039003a87,1761917682000,山东,6903723800000000050121c6,可以试试我的同款,640dd691000000002901151e,阿K设计家,https://sns-avatar-qc.xhscdn.com/avatar/1040g2jo3170qoora440g5p0dqq8qa58ui38d708?imageView2/2/w/120/format/jpg,0,,69048c01000000003802989a,1763796684428,0
6904907d000000003900506a,1761906814000,山东,6903723800000000050121c6,有没有活动,65800eec000000003d029227,小小Q,https://sns-avatar-qc.xhscdn.com/avatar/1040g2jo31p4dv9r42g6g5pc01rmfd4h7ucpjs4g?imageView2/2/w/120/format/jpg,0,,69047b4e0000000039029a78,1763796684437,0
691f0344000000003802cc53,1763640132000,河南,691ee41a000000001d03cefb,好好奇姐姐是专门剪下来的头发嘛？看着好规整的一嘬头发,60f9248a000000000101563d,Daphne,https://sns-avatar-qc.xhscdn.com/avatar/1040g2jo31o28ic3ag6005o7p4i50alht3jma9d0?imageView2/2/w/120/format/jpg,3,,0,1763796686669,11
692132210000000038032182,1763783202000,广东,691ee41a000000001d03cefb,好想看一集小狗特辑[害羞R][害羞R],5ba669095376e50001aff36b,瓜瓜瓜,https://sns-avatar-qc.xhscdn.com/avatar/5ba66988d9ad7f000112de4f.jpg?imageView2/2/w/120/format/jpg,0,,0,1763796686671,0
6920336f000000003800b7f7,1763718002000,广东,691ee41a000000001d03cefb,哈哈哈哈哈哈哈哈,59464dad82ec3944a7d770ba,l啾啾,https://sns-avatar-qc.xhscdn.com/avatar/625261bbbdf643fd4147767a.jpg?imageView2/2/w/120/format/jpg,0,http://sns-webpic-qc.xhscdn.com/202511221531/ed5969de8375042fc46723cc13b18458/comment/1040g2h031p54gp2a3c0049ke6l6qqs5qr5rrco0!nd_whgt34_webp_wm_1,0,1763796686679,0
691f1a490000000038015239,1763646029000,陕西,691ee41a000000001d03cefb,这个地方Rosie好像星星人[皱眉R],61080bdc00000000010038aa,碳水化合羊,https://sns-avatar-qc.xhscdn.com/avatar/1040g2jo3162rsqumhc6g5o881fe08e5a32k5elo?imageView2/2/w/120/format/jpg,0,http://sns-webpic-qc.xhscdn.com/202511221531/6f18b493939d05f291868bab45a83537/comment/1040g2h031p426h7t2g1g5o881fe08e5avaf2mro!nd_whgt34_webp_wm_1,0,1763796686685,5
691eff12000000001403546e,1763639059000,山东,691ee41a000000001d03cefb,s妹真的超级有天赋我的天,5bcf3ec9618f630001f66810,无敌鱼贩子,https://sns-avatar-qc.xhscdn.com/avatar/1040g2jo31j4t8c7kic004bj57pvciq0gs0fbhbo?imageView2/2/w/120/format/jpg,0,,0,1763796686692,16
691f251b000000001d02799b,1763648795000,四川,691ee41a000000001d03cefb,现在基本都是中文对话了吗，好喜欢宝宝们说中文，说得太好啦,5cc24e00000000001003ebf5,爱鑫妍Emoon（见过张杰四次版）,https://sns-avatar-qc.xhscdn.com/avatar/6278a366176abe94f63b9205.jpg?imageView2/2/w/120/format/jpg,0,,0,1763796686705,0
692018d5000000001601e67b,1763711189000,四川,691ee41a000000001d03cefb,小老三现在都成大姑娘了！[偷笑R],5cd3b0df000000001702c13c,叶䗛 . 拟态,https://sns-avatar-qc.xhscdn.com/avatar/5ee8e5d1a39a90000176af43.jpg?imageView2/2/w/120/format/jpg,0,,0,1763796686722,0
691fcfb1000000001502f37f,1763692465000,青海,691ee41a000000001d03cefb,许愿，希望能有一个姐姐这么可爱的三个宝宝之一或之二[偷笑R],5ab9ff1611be1078831db91a,MJoy,https://sns-avatar-qc.xhscdn.com/avatar/1040g2jo31j56hohq2a004a3vq3vhde8qah1n2po?imageView2/2/w/120/format/jpg,0,,0,1763796686731,0
691f20bc0000000038006c8c,1763647677000,广东,691ee41a000000001d03cefb,姐姐家看着真的超级舒服[哭惹R]我能不能去你们家住两天[哭惹R][哭惹R][哭惹R][哭惹R],61bc4c020000000010008757,咩咩,https://sns-avatar-qc.xhscdn.com/avatar/1040g2jo30ntnhtt1he6g5ods9g1411qngg6hjgo?imageView2/2/w/120/format/jpg,0,,0,1763796686744,0
691f3631000000001403f2e7,1763653169000,广西,691ee41a000000001d03cefb,这个扫地机很适合每天掉很多头发的我[皱眉R],651d7f43000000002402d0a0,绣球,https://sns-avatar-qc.xhscdn.com/avatar/1040g2jo31393g5rli06g5p8tft1p5k5042t1v1g?imageView2/2/w/120/format/jpg,0,,0,1763796686750,0
691f046a000000000e037cb0,1763640426000,河南,691ee41a000000001d03cefb,是rosie日常给自己剪头发[捂脸R] 我去收拾她们房间 桌子上就有这么几搓[呃R],5575985967bc650d3d34d310,ZoeAndDan,https://sns-avatar-qc.xhscdn.com/avatar/1040g2jo30vst11dg660040pkgvc5jkogd7j9e3o?imageView2/2/w/120/format/jpg,0,,691f0344000000003802cc53,1763796688760,50
691f054900000000380093a7,1763640650000,河南,691ee41a000000001d03cefb,Hhhh有点rosie的作风，姐姐回我好开心！[派对R][大笑R][大笑R],60f9248a000000000101563d,Daphne,https://sns-avatar-qc.xhscdn.com/avatar/1040g2jo31o28ic3ag6005o7p4i50alht3jma9d0?imageView2/2/w/120/format/jpg,0,,691f046a000000000e037cb0,1763796688981,4
691f18a50000000038030d24,1763645606000,天津,691ee41a000000001d03cefb,姐姐宝宝们睡觉的时候记得把嘴巴合上避免口呼吸！,5e5497470000000001000794,精华液,https://sns-avatar-qc.xhscdn.com/avatar/1040g2jo31eispsoqgm005nikit3g81skgrl5b4g?imageView2/2/w/120/format/jpg,0,,691f046a000000000e037cb0,1763796688985,3
692004ca0000000038033e13,1763706059000,山东,691ee41a000000001d03cefb,家里一个孩子也是一满地的玩具[失望R],578901f982ec39391ce407cd,小专主播,https://sns-avatar-qc.xhscdn.com/avatar/1040g2jo31gb7sgrkjs6g48hvus0vi1udke00g68?imageView2/2/w/120/format/jpg,0,,0,1763796691219,1
691fb7f9000000001702c3c5,1763686394000,江苏,691ee41a000000001d03cefb,姐姐姐夫晚上喝拿铁嘛[偷笑R],5b65915c2253240001156e27,糯糯馕炒米粉,https://sns-avatar-qc.xhscdn.com/avatar/1040g2jo31mta2v70mg004a99gm8lorh72b5d1e8?imageView2/2/w/120/format/jpg,0,,0,1763796691226,0
691f3e24000000001403e89e,1763655205000,浙江,691ee41a000000001d03cefb,zoe，那个歌词音响好用吗,603b7e46000000000101cdcf,yihi酱,https://sns-avatar-qc.xhscdn.com/avatar/603b7e8e0686649722d496af.jpg?imageView2/2/w/120/format/jpg,0,,0,1763796691236,0
691f3824000000000e03797b,1763653669000,天津,691ee41a000000001d03cefb,,59d1efd351783a3c32f8955f,给你一巴张女士,https://sns-avatar-qc.xhscdn.com/avatar/1040g2jo31od10qil4ul049rtbgnt75av4sr4eo8?imageView2/2/w/120/format/jpg,0,http://sns-webpic-qc.xhscdn.com/202511221531/11381ac07bd1ac1c0283daaaf6f54c4e/comment/1040g2h031p45r4mn2c0049rtbgnt75avdgj73ao!nd_whlt34_webp_wm_1,0,1763796691238,2
691f290a000000001d02765f,1763649802000,广东,691ee41a000000001d03cefb,多接点广告，养活网络的我[玫瑰R],56c2e8044775a7411eb7ea08,第三次方,https://sns-avatar-qc.xhscdn.com/avatar/61ff424fee534be11b3d0ae1.jpg?imageView2/2/w/120/format/jpg,0,,0,1763796691249,0
691f1dbe000000003900036a,1763646910000,湖北,691ee41a000000001d03cefb,哇[哇R],5aa9e9474eacab01a8bca92f,胖可,https://sns-avatar-qc.xhscdn.com/avatar/61f294d135316175b9e776ec.jpg?imageView2/2/w/120/format/jpg,0,,0,1763796691264,0
691f0e38000000003800d059,1763642937000,广西,691ee41a000000001d03cefb,姐姐跟vivi身体好了嘛,60c413f200000000010083f8,树袋熊,https://sns-avatar-qc.xhscdn.com/avatar/1040g2jo31k8k69ifio005o642fp090vo33u1f2o?imageView2/2/w/120/format/jpg,0,,0,1763796691268,0
691efdfb000000001d01f61b,1763638779000,山东,691ee41a000000001d03cefb,哇塞前排！求姐姐翻牌啊啊啊啊啊啊,61e7ed4c0000000010005266,悲伤鸡蛋饼,https://sns-avatar-qc.xhscdn.com/avatar/1040g2jo31m0k17j9li005of7tl640kj6kseviig?imageView2/2/w/120/format/jpg,0,,0,1763796691278,1
691f06fa000000000e035af3,1763641083000,广东,691ee41a000000001d03cefb,姐姐终于等到你更新啦,646c16da000000001002426b,嘿哈呼啦噜,https://sns-avatar-qc.xhscdn.com/avatar/1000g2jo2krqhu92io0405p3c2rd44gjbcc2higo?imageView2/2/w/120/format/jpg,0,,0,1763796691288,0
691efef8000000003802d951,1763639032000,河南,691ee41a000000001d03cefb,姐姐更新快点～,5e8088080000000001006c09,吃饱的时候不饿,https://sns-avatar-qc.xhscdn.com/avatar/1040g2jo31ofij8cg5me05nk0h0408r09a3abbag?imageView2/2/w/120/format/jpg,0,,0,1763796691302,0
691f01090000000016027cf6,1763639561000,广东,691ee41a000000001d03cefb,啊啊啊啊好可爱[哭惹R][哭惹R][哭惹R][哭惹R],5aa3e1944eacab4fb422dcd9,Katrina&,https://sns-avatar-qc.xhscdn.com/avatar/1040g2jo31p60v2jp2oe04a38cpgp9n6p5erq8tg?imageView2/2/w/120/format/jpg,0,,0,1763796693676,0
691f15b00000000014037c5f,1763644848000,广东,691ee41a000000001d03cefb,姐姐这个是水箱款吗,56ab92b36a6a6954300ff4f2,无人区玫瑰🦋💖,https://sns-avatar-qc.xhscdn.com/avatar/1040g2jo31o18rb0m4s0045dvnq9b7t7ilnee2jg?imageView2/2/w/120/format/jpg,0,,0,1763796693679,0
691f06a8000000001601c15a,1763641001000,河南,691ee41a000000001d03cefb,哇塞看起来好好用的机器人,6443bbd2000000001002489a,狮子味蒜香小绵羊,https://sns-avatar-qc.xhscdn.com/avatar/1040g2jo316jsbeeh3g005p23nf944i4qul5cevo?imageView2/2/w/120/format/jpg,0,,0,1763796693686,1
691f0d9a000000001601f4ac,1763642779000,四川,691ee41a000000001d03cefb,,5990519c6a6a692e43a6043f,贰拾老妈,https://sns-avatar-qc.xhscdn.com/avatar/1040g2jo31ak4i5fr7a0g49nuif8po11vcu0kah8?imageView2/2/w/120/format/jpg,0,http://sns-webpic-qc.xhscdn.com/202511221531/bb5fcfe2a946908da55e2ab8829de0a8/comment/1040g2h031p40kvcjis0049nuif8po11vomta0b0!nd_whlt34_webp_wm_1,0,1763796693692,0
691efee70000000016027913,1763639016000,浙江,691ee41a000000001d03cefb,每天必看我的女鹅们[飞吻R][哇R][哇R],5d32bd5d000000001102d445,星辰 云朵,https://sns-avatar-qc.xhscdn.com/avatar/1040g2jo30uop6ffm58605n9inlekdl25irtimh8?imageView2/2/w/120/format/jpg,0,,0,1763796693701,0
691f0c6c0000000014036c40,1763642477000,福建,691ee41a000000001d03cefb,来了,67376c2f000000001c01b8cf,小红薯6737B886,https://sns-avatar-qc.xhscdn.com/avatar/645b7ea002c16c941e0bcb05.jpg?imageView2/2/w/120/format/jpg,0,,0,1763796693711,0
691f02be00000000160226c3,1763639999000,天津,691ee41a000000001d03cefb,好想知道最后喝的是什么呀[笑哭R][笑哭R][笑哭R],607a861b000000000100a9a4,uuuuu678,https://sns-avatar-qc.xhscdn.com/avatar/1040g2jo31g8cpd3i20005o3qgodg9ad4p672vq8?imageView2/2/w/120/format/jpg,0,,0,1763796693715,0
691efe350000000039008e75,1763638838000,广东,691ee41a000000001d03cefb,更新啦！,5d95675a000000000101af1c,南瓜后米嚼嚼,https://sns-avatar-qc.xhscdn.com/avatar/1040g2jo31k14spiiio005nclctd0bbosrr5v628?imageView2/2/w/120/format/jpg,0,,0,1763796693722,0
691efe6c0000000014036ac7,1763638892000,江西,691ee41a000000001d03cefb,好喜欢呀[飞吻R],5c79ffbd0000000010027d1b,微辣不要葱,https://sns-avatar-qc.xhscdn.com/avatar/1040g2jo31p05iv6ui8005n3pvuuk4v8rj4kvsjg?imageView2/2/w/120/format/jpg,0,,0,1763796693725,1
691efea4000000003802ad0c,1763638948000,宁夏,691ee41a000000001d03cefb,1,5b8e99212fc4fb000114a582,早春,https://sns-avatar-qc.xhscdn.com/avatar/61e58dbffb7067cafd1edae6.jpg?imageView2/2/w/120/format/jpg,0,,0,1763796693728,0
691f04950000000038029349,1763640470000,河南,691ee41a000000001d03cefb,来了,616e1048000000001f03b312,原来是棍棍儿,https://sns-avatar-qc.xhscdn.com/avatar/1040g2jo30sihdiu5j65g5obe2147vcoi75gurs0?imageView2/2/w/120/format/jpg,0,,0,1763796695937,1
691f01db0000000038025e7b,1763639772000,河南,691ee41a000000001d03cefb,s妹的爆米花好好看[派对R],5cd434350000000011030bfe,北方爱吃香菜的小土豆,https://sns-avatar-qc.xhscdn.com/avatar/1040g2jo31msmunoh5ic05n6k6gqke2vucrmr3oo?imageView2/2/w/120/format/jpg,0,,0,1763796695941,1
691efdc30000000039002188,1763638724000,河北,691ee41a000000001d03cefb,终于等到更新啦,5b41d504e8ac2b0a5be5d98f,果~~,https://sns-avatar-qc.xhscdn.com/avatar/1040g2jo319vc0slkng604a6v6qag9mcf989ffn8?imageView2/2/w/120/format/jpg,0,,0,1763796695947,1
691efdef00000000060185ec,1763638768000,山东,691ee41a000000001d03cefb,姐姐 孩子们生病都好了嘛[亲一个R],602347f2000000000100435c,Fei~,https://sns-avatar-qc.xhscdn.com/avatar/1040g2jo30nudqnuh126g5o138vp08gqs2832vig?imageView2/2/w/120/format/jpg,0,,0,1763796695951,0
691f1b12000000001602598b,1763646226000,广西,691ee41a000000001d03cefb,@泡泡,6052c624000000000101fcf2,小罗没有网,https://sns-avatar-qc.xhscdn.com/avatar/1040g2jo31orp2dciha5g5o2iooi0bv7ims8gcoo?imageView2/2/w/120/format/jpg,0,,0,1763796695955,0
691efdcc000000001502c0d6,1763638732000,山东,691ee41a000000001d03cefb,[哇R],602347f2000000000100435c,Fei~,https://sns-avatar-qc.xhscdn.com/avatar/1040g2jo30nudqnuh126g5o138vp08gqs2832vig?imageView2/2/w/120/format/jpg,0,,0,1763796695959,1
68fb38880000000038025473,1761294472000,广东,68f9ec32000000000301dcef,售后服务好不好啊，清洁力怎么样呀？,6785e43e0000000008018d43,南思,https://sns-avatar-qc.xhscdn.com/avatar/1040g2jo31lbs5jai5o005ps5sgv233a3u4u8i98?imageView2/2/w/120/format/jpg,3,,0,1763796700308,1
68fae798000000003900bb6f,1761273753000,贵州,68f9ec32000000000301dcef,大疆是真的好用 就是有点贵,634a9567000000001802995b,灰太狼,https://sns-avatar-qc.xhscdn.com/avatar/634a9567000000001802995b.jpg?imageView2/2/w/120/format/jpg,3,,0,1763796700337,0
68fb78b10000000039031023,1761310898000,河南,68f9ec32000000000301dcef,清洁效果好不好的呀 活动开始了吗,65bf49b1000000000e025922,睡不醒嘛,https://sns-avatar-qc.xhscdn.com/avatar/1040g2jo31l2o1af12g6g5pdv96ojkm92ssb79l8?imageView2/2/w/120/format/jpg,2,,0,1763796700346,0
68fb788a000000003300620d,1761310859000,河南,68f9ec32000000000301dcef,拐角处能不能清洁干净呀？,6682a2180000000007006adc,生菜,https://sns-avatar-qc.xhscdn.com/avatar/1040g2jo31nujeejd6g0g5pk2k8c1oqms379j18g?imageView2/2/w/120/format/jpg,2,,0,1763796700350,0
68fb72100000000039025181,1761309200000,山东,68f9ec32000000000301dcef,这个省电吗这个犄角旮旯可以吗,60e93182000000000100b0b3,非非,https://sns-avatar-qc.xhscdn.com/avatar/2b4cefbb01e0a0824f5c173dde7f98b2.jpg?imageView2/2/w/120/format/jpg,2,,0,1763796700353,0
68faeb370000000039001359,1761274679000,贵州,68f9ec32000000000301dcef,角落清理得干净吗,67cbbb63000000000d00951b,李在干森么,https://sns-avatar-qc.xhscdn.com/avatar/1040g2jo31orv0tigho6g5pubndhj958rk0jqsl8?imageView2/2/w/120/format/jpg,1,,0,1763796700356,1
68fbdfe30000000033025afd,1761337315000,重庆,68f9ec32000000000301dcef,这个是不是可以防缠绕呀,64c2cc56000000001403c2fa,少吃点,https://sns-avatar-qc.xhscdn.com/avatar/1040g2jo30ostq09t3q6g5p62phb57gnq53u8970?imageView2/2/w/120/format/jpg,1,,0,1763796700358,0
68fb9980000000003802cf4e,1761319297000,广东,68f9ec32000000000301dcef,沙发底下也可以打扫的干干净净吗,67ab206d000000000e012fe3,小年糕,https://sns-avatar-qc.xhscdn.com/avatar/1040g2jo31n8t8eoa58005ptb41mjibv3iqiqqgo?imageView2/2/w/120/format/jpg,1,,0,1763796700360,0
68fb960c0000000038016d1b,1761318413000,广西,68f9ec32000000000301dcef,遇到头发会不会缠绕啊,6846ba74000000001e009685,酸菜鱼,https://sns-avatar-qc.xhscdn.com/avatar/1040g2jo31igoqb4l0c605q26n9q7h5k5b8gbn4g?imageView2/2/w/120/format/jpg,1,,0,1763796700361,0
68fafba500000000380273f1,1761278885000,山东,68f9ec32000000000301dcef,避障效果好不好啊？可以防缠绕吗,685a5868000000001d00a3b6,草莓要加冰,https://sns-avatar-qc.xhscdn.com/avatar/1040g2jo31lt1nclvlu005q2qb1k798tmk1japdo?imageView2/2/w/120/format/jpg,1,,0,1763796700362,0
6902c4e1000000003300ec5f,1761789154000,江西,68f9ec32000000000301dcef,清洁力👍,6524c060000000002a02b9db,设计师雯雯🏠（别墅软装中）,https://sns-avatar-qc.xhscdn.com/avatar/1040g2jo312o320ffiq6g5p94o1galeero93bij0?imageView2/2/w/120/format/jpg,0,,68fb38880000000038025473,1763796702366,0
68fb3a75000000003802559c,1761294966000,贵州,68f9ec32000000000301dcef,我也想问,61c561fc00000000100082ec,理想信念,https://sns-avatar-qc.xhscdn.com/avatar/1040g2jo31o7k8hru06705oe5c7u410nc7n30r9o?imageView2/2/w/120/format/jpg,0,,68fb38880000000038025473,1763796702594,0
68fb776a00000000330278ae,1761310570000,广西,68f9ec32000000000301dcef,还可以吧,68009977000000000e02fd71,豆芽,https://sns-avatar-qc.xhscdn.com/avatar/1040g2jo31i1cancm78605q00j5rjlvbhe3slt98?imageView2/2/w/120/format/jpg,0,,68fb38880000000038025473,1763796702597,0
6902c4d50000000033006a37,1761789142000,江西,68f9ec32000000000301dcef,现在还有活动可以去看看,6524c060000000002a02b9db,设计师雯雯🏠（别墅软装中）,https://sns-avatar-qc.xhscdn.com/avatar/1040g2jo312o320ffiq6g5p94o1galeero93bij0?imageView2/2/w/120/format/jpg,0,,68fae798000000003900bb6f,1763796704606,0
68fb5b3a0000000038024d78,1761303354000,浙江,68f9ec32000000000301dcef,我也觉得,5f25235e000000000101c166,扶光,https://sns-avatar-qc.xhscdn.com/avatar/63ef063fc2da9f94112978b8.jpg?imageView2/2/w/120/format/jpg,0,,68fae798000000003900bb6f,1763796704778,0
68fb76ad000000003803e6ca,1761310381000,广西,68f9ec32000000000301dcef,有活动吗,673b06680000000001000dbd,可咸可甜,https://sns-avatar-qc.xhscdn.com/avatar/1040g2jo31i580ibt786g5ppr0pk083dtmmhn90g?imageView2/2/w/120/format/jpg,0,,68fae798000000003900bb6f,1763796704783,0
6902c4f10000000033023360,1761789169000,江西,68f9ec32000000000301dcef,清洁力高,6524c060000000002a02b9db,设计师雯雯🏠（别墅软装中）,https://sns-avatar-qc.xhscdn.com/avatar/1040g2jo312o320ffiq6g5p94o1galeero93bij0?imageView2/2/w/120/format/jpg,0,,68fb78b10000000039031023,1763796706790,0
68fb9a5400000000380072ba,1761319508000,陕西,68f9ec32000000000301dcef,我也想知道,630d8c32000000001200d7e4,52赫兹的鲸,https://sns-avatar-qc.xhscdn.com/avatar/1040g2jo31h9q29n43s6g5oodhgp4hlv4mukfseg?imageView2/2/w/120/format/jpg,0,,68fb78b10000000039031023,1763796706953,0
6902c54000000000330203f8,1761789249000,江西,68f9ec32000000000301dcef,可以的,6524c060000000002a02b9db,设计师雯雯🏠（别墅软装中）,https://sns-avatar-qc.xhscdn.com/avatar/1040g2jo312o320ffiq6g5p94o1galeero93bij0?imageView2/2/w/120/format/jpg,0,,68fb788a000000003300620d,1763796708957,0
6905dc95000000003902d995,1761991830000,天津,68f9ec32000000000301dcef,可以吗,5fd199f9000000000100ab7a,听山说雾,https://sns-avatar-qc.xhscdn.com/avatar/1040g2jo31n6u5tip520g5o20888g969pgjhgvdo?imageView2/2/w/120/format/jpg,0,,68fb788a000000003300620d,1763796709128,0
6902c51400000000330075b8,1761789204000,江西,68f9ec32000000000301dcef,犄角旮旯都能兼顾到,6524c060000000002a02b9db,设计师雯雯🏠（别墅软装中）,https://sns-avatar-qc.xhscdn.com/avatar/1040g2jo312o320ffiq6g5p94o1galeero93bij0?imageView2/2/w/120/format/jpg,0,,68fb72100000000039025181,1763796711133,0
68fb821600000000390214a3,1761313303000,湖南,68f9ec32000000000301dcef,价格怎么样,5e2fc3e0000000000100239f,雪┃落不留痕,https://sns-avatar-qc.xhscdn.com/avatar/1040g2jo31okm6lu0ku005nhfofg088svuss1fig?imageView2/2/w/120/format/jpg,0,,68fb72100000000039025181,1763796711349,0
6902c53a0000000037011564,1761789242000,江西,68f9ec32000000000301dcef,角落都能兼顾,6524c060000000002a02b9db,设计师雯雯🏠（别墅软装中）,https://sns-avatar-qc.xhscdn.com/avatar/1040g2jo312o320ffiq6g5p94o1galeero93bij0?imageView2/2/w/120/format/jpg,0,,68faeb370000000039001359,1763796713355,0
6902c5190000000033023bb9,1761789210000,江西,68f9ec32000000000301dcef,有防缠绕的,6524c060000000002a02b9db,设计师雯雯🏠（别墅软装中）,https://sns-avatar-qc.xhscdn.com/avatar/1040g2jo312o320ffiq6g5p94o1galeero93bij0?imageView2/2/w/120/format/jpg,0,,68fbdfe30000000033025afd,1763796713357,0
6902c528000000003701117a,1761789225000,江西,68f9ec32000000000301dcef,深入沙发底床底,6524c060000000002a02b9db,设计师雯雯🏠（别墅软装中）,https://sns-avatar-qc.xhscdn.com/avatar/1040g2jo312o320ffiq6g5p94o1galeero93bij0?imageView2/2/w/120/format/jpg,0,,68fb9980000000003802cf4e,1763796713364,0
6902c52e0000000033020046,1761789230000,江西,68f9ec32000000000301dcef,防缠绕,6524c060000000002a02b9db,设计师雯雯🏠（别墅软装中）,https://sns-avatar-qc.xhscdn.com/avatar/1040g2jo312o320ffiq6g5p94o1galeero93bij0?imageView2/2/w/120/format/jpg,0,,68fb960c0000000038016d1b,1763796713366,0
6902c5720000000037024133,1761789299000,江西,68f9ec32000000000301dcef,避障科技,6524c060000000002a02b9db,设计师雯雯🏠（别墅软装中）,https://sns-avatar-qc.xhscdn.com/avatar/1040g2jo312o320ffiq6g5p94o1galeero93bij0?imageView2/2/w/120/format/jpg,0,,68fafba500000000380273f1,1763796713370,0
690afa3d000000003300603e,1762327102000,安徽,68f9ec32000000000301dcef,好用，确实很方便[派对R],675850f1000000001d02c049,苏宁Max（包河万达店）清洁选品官,https://sns-avatar-qc.xhscdn.com/avatar/1040g2jo31o7jft4e5m6g5pqoa3ondg29c3p1qh8?imageView2/2/w/120/format/jpg,0,,0,1763796713590,0
6906158b0000000039007cb5,1762006412000,山东,68f9ec32000000000301dcef,打算选一个扫地机器人，边边角角可以打扫干净吗,63402cca0000000012027b32,新的小美,https://sns-avatar-qc.xhscdn.com/avatar/651ae1b86115ef5370ecb3d6.jpg?imageView2/2/w/120/format/jpg,0,,0,1763796713594,0
6906020200000000370136dc,1762001410000,江西,68f9ec32000000000301dcef,多久充一次电呢，质量是有保障的吧,66f93e6a000000001d023e5f,星球,https://sns-avatar-qc.xhscdn.com/avatar/1040g2jo319635dphku005pnp7pl7cfivajoure8?imageView2/2/w/120/format/jpg,0,,0,1763796713599,0
690601e80000000039029c31,1762001385000,江西,68f9ec32000000000301dcef,死角是都能清理的到吗，续航有多久啊,6714e483000000001d033e2e,冰茶,https://sns-avatar-qc.xhscdn.com/avatar/1040g2jo31g2727phne0g5poksi1nefhe6bke920?imageView2/2/w/120/format/jpg,0,,0,1763796713601,0
6905f9ae0000000037013d94,1761999279000,广东,68f9ec32000000000301dcef,那这个价格怎么样的呀？有没有优惠的呢,5cfb2bc5000000001702065d,黑松露,https://sns-avatar-qc.xhscdn.com/avatar/1040g2jo31lp9mc8i5e005n7r5f2ls1itt2bnke8?imageView2/2/w/120/format/jpg,0,,0,1763796713606,0
6905f6f800000000390317f0,1761998585000,江苏,68f9ec32000000000301dcef,有没有自清洁呀？,64d101a1000000000b0082c2,莓吕苏珊娜,https://sns-avatar-qc.xhscdn.com/avatar/1040g2jo30o6uv78ri86g5p6h06gip0m21pi5g1o?imageView2/2/w/120/format/jpg,0,,0,1763796713609,0
6905f1cf000000003900153a,1761997264000,江苏,68f9ec32000000000301dcef,运行的时候声音大不大？,674055c5000000001c019b97,桃桃,https://sns-avatar-qc.xhscdn.com/avatar/1040g2jo31ll6p8h858005pq0an2n36sn3opm2c0?imageView2/2/w/120/format/jpg,0,,0,1763796713611,0
6905dc83000000003902d462,1761991811000,天津,68f9ec32000000000301dcef,床下面可不可以打扫干净,5fd199f9000000000100ab7a,听山说雾,https://sns-avatar-qc.xhscdn.com/avatar/1040g2jo31n6u5tip520g5o20888g969pgjhgvdo?imageView2/2/w/120/format/jpg,0,,0,1763796713614,0
68fc40dc0000000033023e11,1761362141000,河南,68f9ec32000000000301dcef,质量保障多长时间啊,68cf942e0000000021019323,孤独岛,https://sns-avatar-qc.xhscdn.com/avatar/1040g2jo31mm83peu50605omrtni7qj61cbpf5o0?imageView2/2/w/120/format/jpg,0,,0,1763796713617,0
68fbc149000000003902eb21,1761329482000,重庆,68f9ec32000000000301dcef,那可以以旧换新的吗,668539fe000000000d02454f,露比比,https://sns-avatar-qc.xhscdn.com/avatar/1040g2jo314pqvkta0o6g5pk577v3chafg17crng?imageView2/2/w/120/format/jpg,0,,0,1763796713620,0
68fb9a4e0000000039006856,1761319502000,陕西,68f9ec32000000000301dcef,家里有宠物，不知道这种的真的可以扫干净吗,630d8c32000000001200d7e4,52赫兹的鲸,https://sns-avatar-qc.xhscdn.com/avatar/1040g2jo31h9q29n43s6g5oodhgp4hlv4mukfseg?imageView2/2/w/120/format/jpg,0,,0,1763796715811,0
68fb834e0000000038010a71,1761313614000,湖南,68f9ec32000000000301dcef,有没有性价比好的呢,68426ffc000000001d01716c,瓜瓜,https://sns-avatar-qc.xhscdn.com/avatar/1040g2jo31ii6rm1i0a005q22dvu7asbc1766mv0?imageView2/2/w/120/format/jpg,0,,0,1763796715813,0
68fb820f00000000390314ba,1761313295000,湖南,68f9ec32000000000301dcef,科技改变生活呀,5e2fc3e0000000000100239f,雪┃落不留痕,https://sns-avatar-qc.xhscdn.com/avatar/1040g2jo31okm6lu0ku005nhfofg088svuss1fig?imageView2/2/w/120/format/jpg,2,,0,1763796715819,1
68fb81c700000000390303c5,1761313224000,山东,68f9ec32000000000301dcef,售后服务有保障的吗,68b7e480000000001903f3f7,🌸,https://sns-avatar-qc.xhscdn.com/avatar/1040g2jo31lv902f9l0605q5nsi06fsvnhepo1lg?imageView2/2/w/120/format/jpg,0,,0,1763796715826,0
68fb77650000000037010d83,1761310565000,广西,68f9ec32000000000301dcef,这个没电了会自己回去充电吗,68009977000000000e02fd71,豆芽,https://sns-avatar-qc.xhscdn.com/avatar/1040g2jo31i1cancm78605q00j5rjlvbhe3slt98?imageView2/2/w/120/format/jpg,0,,0,1763796715831,0
68fb7746000000003902a910,1761310534000,山东,68f9ec32000000000301dcef,你们家买了多久了啊,5f86ae61000000000101d0f6,小红薯,https://sns-avatar-qc.xhscdn.com/avatar/1040g2jo31m2304mokq6g5ns6lpggbk7map3pdfo?imageView2/2/w/120/format/jpg,0,,0,1763796715835,0
68fb71a30000000038006d99,1761309092000,广东,68f9ec32000000000301dcef,抗摔能力怎么样呀？我家之前那个自己摔一下楼梯了[笑哭R],5e27c69100000000010039d5,烊烊啊～,https://sns-avatar-qc.xhscdn.com/avatar/5e27c6cd091ac00001c57615.jpg?imageView2/2/w/120/format/jpg,0,,0,1763796715840,0
68fb7171000000003902a902,1761309041000,山东,68f9ec32000000000301dcef,真的得好好选择，不然就会和我家一样闲置了[哭惹R],6819edaa000000000e01ef01,关于小熊,https://sns-avatar-qc.xhscdn.com/avatar/1040g2jo31ha51fk042005q0ptml3jro1207cttg?imageView2/2/w/120/format/jpg,0,,0,1763796715846,0
68fb6b2400000000380298e1,1761307428000,辽宁,68f9ec32000000000301dcef,毛发看起来吸收也挺强的，不错哦,5b2fbf8611be1079ae032595,小太阳佳佳,https://sns-avatar-qc.xhscdn.com/avatar/1040g2jo3180o9g4lk6004a6hq1voc9clmtdcjho?imageView2/2/w/120/format/jpg,0,,0,1763796715850,0
68fb5b2f000000003802cde7,1761303344000,浙江,68f9ec32000000000301dcef,效果怎么样啊，蹲蹲测评,5f25235e000000000101c166,扶光,https://sns-avatar-qc.xhscdn.com/avatar/63ef063fc2da9f94112978b8.jpg?imageView2/2/w/120/format/jpg,0,,0,1763796715853,0
68fb833a000000003800a28a,1761313594000,湖南,68f9ec32000000000301dcef,确实如此,68426ffc000000001d01716c,瓜瓜,https://sns-avatar-qc.xhscdn.com/avatar/1040g2jo31ii6rm1i0a005q22dvu7asbc1766mv0?imageView2/2/w/120/format/jpg,0,,68fb820f00000000390314ba,1763796717859,0
68fb9616000000003803d268,1761318422000,广西,68f9ec32000000000301dcef,说得很对呢,6846ba74000000001e009685,酸菜鱼,https://sns-avatar-qc.xhscdn.com/avatar/1040g2jo31igoqb4l0c605q26n9q7h5k5b8gbn4g?imageView2/2/w/120/format/jpg,0,,68fb820f00000000390314ba,1763796718071,1
68fb47880000000039033ac1,1761298313000,河南,68f9ec32000000000301dcef,这个扫地机角落可以扫干净吗？,67e2ca4c000000000d00ac1a,沉宁,https://sns-avatar-qc.xhscdn.com/avatar/1040g2jo31p3q7q3k265g5pv2p9639b0qblacn2g?imageView2/2/w/120/format/jpg,0,,0,1763796720308,0
68fb3a72000000003803e8ac,1761294963000,贵州,68f9ec32000000000301dcef,扫地机器人吸附油污速度快吗？,61c561fc00000000100082ec,理想信念,https://sns-avatar-qc.xhscdn.com/avatar/1040g2jo31o7k8hru06705oe5c7u410nc7n30r9o?imageView2/2/w/120/format/jpg,0,,0,1763796720313,0
68fb2df60000000033021806,1761291767000,广东,68f9ec32000000000301dcef,什么样的不会卡头发，家里头发比较多,65bb6ed800000000090242ca,EiEii,https://sns-avatar-qc.xhscdn.com/avatar/1040g2jo31l4maeq3306g5pdrdrc2cgma8mecf80?imageView2/2/w/120/format/jpg,0,,0,1763796720331,0
68fb2ad9000000003902f0b1,1761290969000,广东,68f9ec32000000000301dcef,续航时间会更长吗，价格怎么样,67c55ca9000000000e01ecba,鱼鱼冻干,https://sns-avatar-qc.xhscdn.com/avatar/1040g2jo31elchefjku005pu5bikjjr5qh6mvd98?imageView2/2/w/120/format/jpg,0,,0,1763796720349,0
68fb12a60000000033020e95,1761284774000,广东,68f9ec32000000000301dcef,没想到大疆都出扫地机器人了啊 价位多少啊？,621e22d700000000210299a0,鱼卷,https://sns-avatar-qc.xhscdn.com/avatar/1040g2jo31gmp1tkgji005ogu4bbod6d0n2l1h58?imageView2/2/w/120/format/jpg,0,,0,1763796720367,0
68fb126f00000000390035cf,1761284719000,广东,68f9ec32000000000301dcef,质量方面怎么样啊？售后服务好不好,66ba2699000000000b033f84,小黑鱼,https://sns-avatar-qc.xhscdn.com/avatar/1040g2jo31ofcferi58005plq4qciufs4il6ppqg?imageView2/2/w/120/format/jpg,0,,0,1763796720379,1
68fb0654000000003902682b,1761281621000,山西,68f9ec32000000000301dcef,清洁能力怎么样价格怎么样？,68a2cd460000000019018100,😃😃😃😃,https://sns-avatar-qc.xhscdn.com/avatar/645b7f3c86578b8c6ab3b068.jpg?imageView2/2/w/120/format/jpg,0,,0,1763796720384,1
68fb056b0000000033004458,1761281387000,广东,68f9ec32000000000301dcef,看的我好纠结啊 都不知道要怎么选择了,5cfb2bc5000000001702065d,黑松露,https://sns-avatar-qc.xhscdn.com/avatar/1040g2jo31lp9mc8i5e005n7r5f2ls1itt2bnke8?imageView2/2/w/120/format/jpg,0,,0,1763796720392,0
68fafed50000000038031a50,1761279701000,广东,68f9ec32000000000301dcef,扫地机器人的价格会不会很贵啊，有没有活动,63f62f96000000001001e70a,阴晴不定,https://sns-avatar-qc.xhscdn.com/avatar/1040g2jo31iv7j3ldha5g5ovm5ub43poavr6u7oo?imageView2/2/w/120/format/jpg,0,,0,1763796720405,0
68fafe87000000003802d9af,1761279624000,广东,68f9ec32000000000301dcef,@天天 有没有活动啊？看起来很高级。,611c84540000000001006e6c,77,https://sns-avatar-qc.xhscdn.com/avatar/1040g2jo31dbo8re80m005o8sgha08rjcejnjumo?imageView2/2/w/120/format/jpg,0,,0,1763796720415,0
68faf64b000000003901e8e2,1761277516000,江西,68f9ec32000000000301dcef,有避障功能的吧？性价比怎么样的呢,6714e483000000001d033e2e,冰茶,https://sns-avatar-qc.xhscdn.com/avatar/1040g2jo31g2727phne0g5poksi1nefhe6bke920?imageView2/2/w/120/format/jpg,0,,0,1763796722645,1
68faf1f20000000039031a5e,1761276402000,山东,68f9ec32000000000301dcef,补贴力度大不大,625a33c3000000001000ffef,橘子皮,https://sns-avatar-qc.xhscdn.com/avatar/1040g2jo31mq6bi37mm3g5q6jebh8kh6k7b19hj0?imageView2/2/w/120/format/jpg,0,,0,1763796722654,1
69211bd00000000038029f68,1763777489000,四川,691ef480000000001e0302ea,大疆扫地机器人用时没啥动静，挺安静的,64467623000000000f005d72,小红薯644740E1,https://sns-avatar-qc.xhscdn.com/avatar/1040g2jo318qmcrg8jq405p26eohjonbi6p2cijg?imageView2/2/w/120/format/jpg,0,,0,1763796727066,0
692120e7000000001d0269b3,1763778792000,山东,691ef480000000001e0302ea,扫地的时候边缘不会漏,6293732c0000000021023fa3,俏皮,https://sns-avatar-qc.xhscdn.com/avatar/1040g2jo31l5qlcvrl0605okjecm8cft3n6did38?imageView2/2/w/120/format/jpg,0,,0,1763796727072,0
692121ae00000000390070d7,1763778990000,山西,691ef480000000001e0302ea,大疆这款污水箱有除臭模块，再也没有闷臭味了,65829289000000003d035eea,用户6577921168,https://sns-avatar-qc.xhscdn.com/avatar/1040g2jo31ornujd01o6g5pc2ia4vennab88rglo?imageView2/2/w/120/format/jpg,0,,0,1763796727078,0
6921009100000000140345c2,1763770513000,江苏,691ef480000000001e0302ea,操作超简单。小朋友也会了,6584d914000000001c00b7cf,招财进宝,https://sns-avatar-qc.xhscdn.com/avatar/1040g2jo31os5pk5tgs6g5pc4r4a71duf6v6bug0?imageView2/2/w/120/format/jpg,0,,0,1763796727082,0
6921201f000000003802f9af,1763778591000,辽宁,691ef480000000001e0302ea,胶毛一体滚刷太实用,66404d070000000003031d3d,yan,https://sns-avatar-qc.xhscdn.com/avatar/1040g2jo31mpuq7shlm605pi09k3gu79tn1atq40?imageView2/2/w/120/format/jpg,0,,0,1763796727093,0
69210b51000000001d02718c,1763773266000,重庆,691ef480000000001e0302ea,清洁时不会打扰家里的小泰迪，噪音很小,5a79996db1da1452cc89d8c7,大海里的鱼,https://sns-avatar-qc.xhscdn.com/avatar/1040g2jo30t3offas3u604a1ab0cmrm67n75161g?imageView2/2/w/120/format/jpg,0,,0,1763796727099,0
69210b12000000001502c4dd,1763773203000,山西,691ef480000000001e0302ea,用了一段时间，好了,5befae6b51783a7ec5bf3e6e,好人一生平安,https://sns-avatar-qc.xhscdn.com/avatar/1040g2jo31o53nbqnks604brdhun6mfjekbg2coo?imageView2/2/w/120/format/jpg,0,,0,1763796727111,0
6921047e000000001602184f,1763771518000,江苏,691ef480000000001e0302ea,很好用，刚买没多久,634a93c2000000001802d4ad,国色芳华,https://sns-avatar-qc.xhscdn.com/avatar/1040g2jo31cus9t2j0k605oqaif165l5dpd9bseg?imageView2/2/w/120/format/jpg,0,,0,1763796727116,0
69210ab9000000001601e6f5,1763773114000,重庆,691ef480000000001e0302ea,狠狠被你种草了,5a7999badb2e605a339d7f55,风生水起,https://sns-avatar-qc.xhscdn.com/avatar/1040g2jo30t52bk6m3s604a1ab9crkvqlclnupj0?imageView2/2/w/120/format/jpg,0,,0,1763796727126,0
692103670000000038007003,1763771239000,江苏,691ef480000000001e0302ea,扫地的时候噪音真的很小,65040e960000000002013dd0,九月,https://sns-avatar-qc.xhscdn.com/avatar/1040g2jo31bol25lm0u6g5p841qb0ifeg1rhpr98?imageView2/2/w/120/format/jpg,0,,0,1763796727145,0
692104fa000000000e03476c,1763771642000,四川,691ef480000000001e0302ea,比以前的老款安静太多,631068a00000000012002d8c,海境888,https://sns-avatar-qc.xhscdn.com/avatar/1040g2jo31c6a8fso0e6g5oogd2g4gbccnkjqvn8?imageView2/2/w/120/format/jpg,0,,0,1763796729404,0
692109d9000000001403f094,1763772890000,河北,691ef480000000001e0302ea,我家 150 平房子一次性扫完还有电,5f27c3d5000000000100a058,潇洒人生ZXJ,https://sns-avatar-qc.xhscdn.com/avatar/1040g2jo31p5at3rnia6g5np7ofag982or4l3fpo?imageView2/2/w/120/format/jpg,0,,0,1763796729409,0
692107e6000000001d01deab,1763772390000,四川,691ef480000000001e0302ea,大疆扫地机器人用时没啥动静，挺安静的,63c9fd91000000002801b71f,紫林,https://sns-avatar-qc.xhscdn.com/avatar/1040g2jo31757rvdc446g5ou9vm8q3dovs9ctvs8?imageView2/2/w/120/format/jpg,0,,0,1763796729414,0
69210180000000001d026430,1763770753000,江苏,691ef480000000001e0302ea,刚入手一台,653f2b1e0000000006005f31,姐姐好,https://sns-avatar-qc.xhscdn.com/avatar/1040g2jo31bll0bbn166g5p9v5cf1gnphgho2r90?imageView2/2/w/120/format/jpg,0,,0,1763796729419,0
692105e800000000380335bc,1763771880000,四川,691ef480000000001e0302ea,清洁的很干净,643b3b77000000000d01ae1a,海旅,https://sns-avatar-qc.xhscdn.com/avatar/1040g2jo30u9q9r65l4605p1r7drjbbgq8kori2g?imageView2/2/w/120/format/jpg,0,,0,1763796729421,0
6920fff8000000003803c9ad,1763770360000,山西,691ef480000000001e0302ea,集尘袋很大一周换一次就行不用天天倒垃圾,618fc50b0000000002027cf6,搁浅ぇ,https://sns-avatar-qc.xhscdn.com/avatar/64994e7664af796fcd5ec466.jpg?imageView2/2/w/120/format/jpg,0,,0,1763796729424,0
692114ab000000001602163c,1763775660000,四川,691ef480000000001e0302ea,准备入手一台,5ed9de44000000000101fe2c,小红薯5ED9F46E,https://sns-avatar-qc.xhscdn.com/avatar/c94b2589011be6d87bfbbbf21db9e2a0.jpg?imageView2/2/w/120/format/jpg,0,,0,1763796729428,0
692103eb000000003801709f,1763771372000,四川,691ef480000000001e0302ea,白色的真好看,642fdac5000000001201273e,小禾,https://sns-avatar-qc.xhscdn.com/avatar/1040g2jo31798a65l466g5p1frb2ki9puqhqf1eo?imageView2/2/w/120/format/jpg,0,,0,1763796729431,0
6921026d000000003802bf81,1763770990000,山东,691ef480000000001e0302ea,买了以后送原厂的清洁套装，就很省。,6657ceed000000000d0279a9,小红薯66581358,https://sns-avatar-qc.xhscdn.com/avatar/645b7efe1fc3de4c930effac.jpg?imageView2/2/w/120/format/jpg,0,,0,1763796729436,0
692104f7000000001702e277,1763771640000,四川,691ef480000000001e0302ea,现在的扫地机器人越来越智能了,65fcc2aa000000000600f8b3,明灿,https://sns-avatar-qc.xhscdn.com/avatar/1040g2jo310rav6rpmc6g5pfsoal1hu5jtf36vo8?imageView2/2/w/120/format/jpg,0,,0,1763796729442,0
692104f2000000001502e1e9,1763771634000,四川,691ef480000000001e0302ea,全屋扫描后直线清扫，不重复不遗漏,64f445d6000000000402474b,小红薯64F58D7D,https://sns-avatar-qc.xhscdn.com/avatar/1040g2jo31oplb1qf106g5p7k8nb14hqb48cq5lg?imageView2/2/w/120/format/jpg,0,,0,1763796731644,0
692104550000000038008d5d,1763771477000,江苏,691ef480000000001e0302ea,老人也能轻松上手，会用,614c551c0000000002027dd3,优优,https://sns-avatar-qc.xhscdn.com/avatar/6396e29cee0e47d4ba354d79.jpg?imageView2/2/w/120/format/jpg,0,,0,1763796731647,0
692101e8000000001d02705a,1763770856000,内蒙古,691ef480000000001e0302ea,买来送给闺蜜,638d59e7000000001f0179d5,帅帅,https://sns-avatar-qc.xhscdn.com/avatar/638d59e7000000001f0179d5.jpg?imageView2/2/w/120/format/jpg,0,,0,1763796731654,0
692103ea000000001600ebe1,1763771370000,四川,691ef480000000001e0302ea,声音不大，很好,638a5e94000000001f01c4e6,惠泽,https://sns-avatar-qc.xhscdn.com/avatar/1040g2jo3104e2182m0605osabqa7rh76gvsjsag?imageView2/2/w/120/format/jpg,0,,0,1763796731661,0
69210250000000001403efb2,1763770961000,四川,691ef480000000001e0302ea,死角积的灰尘终于能彻底清理了,63861720000000001f0143a2,劲松,https://sns-avatar-qc.xhscdn.com/avatar/1040g2jo31g79jvsdhc505os62sg7qgt2r8lbido?imageView2/2/w/120/format/jpg,0,,0,1763796731665,0
6921032b000000003800f172,1763771180000,江苏,691ef480000000001e0302ea,还能预约，回家前给你打扫好。香不香吧你就说,60d97df70000000001004710,圆圆的糖,https://sns-avatar-qc.xhscdn.com/avatar/1040g2jo31nksvhu1066g5o6pfnrg8hog58fbiso?imageView2/2/w/120/format/jpg,0,,0,1763796731673,0
692103e900000000380078b5,1763771370000,江苏,691ef480000000001e0302ea,声音不大。家里的宝宝不会害怕,5c299f6800000000060146ca,辰辰,https://sns-avatar-qc.xhscdn.com/avatar/1040g2jo31lk17gnn58605n19jtk1ihma9edruio?imageView2/2/w/120/format/jpg,0,,0,1763796731680,0
69210254000000001d027cb2,1763770964000,四川,691ef480000000001e0302ea,能免费试用，这个是真的吗？,6493f0b40000000025035418,何方 时,https://sns-avatar-qc.xhscdn.com/avatar/1040g2jo31g79edu1166g5p4ju2q9el0o70bk94o?imageView2/2/w/120/format/jpg,0,,0,1763796731686,0
692100ff0000000039008b0d,1763770624000,江苏,691ef480000000001e0302ea,大疆扫地机器人吸力是真强,653b1c86000000000200fbee,柠檬,https://sns-avatar-qc.xhscdn.com/avatar/1040g2jo31bqr7oobgs6g5p9r3i30huvehkr591g?imageView2/2/w/120/format/jpg,0,,0,1763796731696,0
6921007900000000380299e7,1763770490000,河北,691ef480000000001e0302ea,大疆扫地机器人。懒人福音,641b9e270000000011021627,宝宝贝贝,https://sns-avatar-qc.xhscdn.com/avatar/1040g2jo31h3t8df53ucg5p0rjojkc5h7mfisrk0?imageView2/2/w/120/format/jpg,0,,0,1763796731707,0
6920fbea000000003800b330,1763769322000,辽宁,691ef480000000001e0302ea,支持语音助手联动就很方便,5b75483c6b58b7299d628368,快乐每一天9702,https://sns-avatar-qc.xhscdn.com/avatar/1040g2jo31e5gqfc8gu6g4af5jh43p0r8nui3dg8?imageView2/2/w/120/format/jpg,0,,0,1763796733956,0
6920fb53000000001d024064,1763769171000,辽宁,691ef480000000001e0302ea,我家150扫一次也不用中途充电,660104c8000000000b00df51,小云,https://sns-avatar-qc.xhscdn.com/avatar/1040g2jo31ju30hpu366g5pg10j42pnqh4kgscog?imageView2/2/w/120/format/jpg,0,,0,1763796733961,0
6920fb13000000000e036bd8,1763769108000,江苏,691ef480000000001e0302ea,机身也不大，没有很臃肿，放家里边也挺好看,623db0ff000000001000d4d4,莉莉姐,https://sns-avatar-qc.xhscdn.com/avatar/623db0ff000000001000d4d4.jpg?imageView2/2/w/120/format/jpg,0,,0,1763796733967,0
6920f695000000003803fac1,1763767957000,山东,691ef480000000001e0302ea,大疆的扫地机器人续航是真长啊,63e636270000000026005fc9,感恩的心,https://sns-avatar-qc.xhscdn.com/avatar/1040g2jo31m0smdtr5i005ov66ojpgnu9h3qnbdg?imageView2/2/w/120/format/jpg,0,,0,1763796733972,0
6920f4bc000000001d01ec36,1763767484000,山西,691ef480000000001e0302ea,小孩真的太多了，家里真的需要一个,635b33ab000000000a0225fd,小红薯635C5841,https://sns-avatar-qc.xhscdn.com/avatar/635b33ab000000000a0225fd.jpg?imageView2/2/w/120/format/jpg,0,,0,1763796733977,0
6920f367000000000e034ecb,1763767143000,河北,691ef480000000001e0302ea,集尘袋容量大的很，不用频繁倒了,635154b7000000001901c27c,七彩虹,https://sns-avatar-qc.xhscdn.com/avatar/1040g2jo31o4rqs8tkq6g5oqhairmbgjsrqmdlg0?imageView2/2/w/120/format/jpg,0,,0,1763796733982,0
6920f33a00000000380142d2,1763767099000,河北,691ef480000000001e0302ea,刚下单,5bef89f044363b5c4d35b0cb,寻觅知己,https://sns-avatar-qc.xhscdn.com/avatar/1040g2jo3134reg1c7a6g4brded4v1c6bejuq2qo?imageView2/2/w/120/format/jpg,0,,0,1763796733992,0
6920f3390000000016022db0,1763767098000,河北,691ef480000000001e0302ea,"买了以后宝宝在地上爬来爬去也放心了
[偷笑R]",5bef8c0044363b5c5291fa08,比利时,https://sns-avatar-qc.xhscdn.com/avatar/5bef8c0044363b5c5291fa08.jpg?imageView2/2/w/120/format/jpg,0,,0,1763796733997,0
6920e3ba000000001d01f867,1763763130000,内蒙古,691ef480000000001e0302ea,这个机器人挺智能的，不走重复路线,55c46b7ce4b1cf11ae7fd96a,林玥,https://sns-avatar-qc.xhscdn.com/avatar/1040g2jo31mgubn7rmm00411p23lnpmbatt59oo0?imageView2/2/w/120/format/jpg,0,,0,1763796734006,0
6920f30c000000000601b0f3,1763767053000,河北,691ef480000000001e0302ea,扫的很干净,5bef8a2044363b5c4d35b0d3,晨光,https://sns-avatar-qc.xhscdn.com/avatar/639021cdb5f0eca07a61c819.jpg?imageView2/2/w/120/format/jpg,0,,0,1763796734021,0
6920f30b000000001600d67e,1763767052000,河北,691ef480000000001e0302ea,木地板不怕受潮变形,5f4627cd0000000001003e6f,断情泪,https://sns-avatar-qc.xhscdn.com/avatar/5f4627cd0000000001003e6f.jpg?imageView2/2/w/120/format/jpg,0,,0,1763796736341,0
6920f2760000000014034f79,1763766902000,河北,691ef480000000001e0302ea,木地板也能放心用,621085d1000000002102aa0b,我等你,https://sns-avatar-qc.xhscdn.com/avatar/621085d1000000002102aa0b.jpg?imageView2/2/w/120/format/jpg,0,,0,1763796736345,0
6920f275000000001502ef7b,1763766901000,河北,691ef480000000001e0302ea,清洁力可以。不错,5bb1bccdf7e8b91d16f64c8b,,https://sns-avatar-qc.xhscdn.com/avatar/5bb1bccdf7e8b91d16f64c8b.jpg?imageView2/2/w/120/format/jpg,0,,0,1763796736355,0
6920f18a00000000160210e8,1763766667000,内蒙古,691ef480000000001e0302ea,白色好像放在那里都百搭,5f6062b600000000010016b7,心想事成,https://sns-avatar-qc.xhscdn.com/avatar/c94b2589011be6d87bfbbbf21db9e2a0.jpg?imageView2/2/w/120/format/jpg,0,,0,1763796736359,0
6920f029000000003802fc8e,1763766313000,河北,691ef480000000001e0302ea,不用搬家具，照样清扫无压力,6195a762000000001000e2d7,相逢,https://sns-avatar-qc.xhscdn.com/avatar/63e3afbf2f73a51d118da4fd.jpg?imageView2/2/w/120/format/jpg,0,,0,1763796736366,0
6920e504000000001601fe09,1763763461000,河南,691ef480000000001e0302ea,大疆扫地机器人续航超绝,68bfc92d000000001a024799,快乐宝贝,https://sns-avatar-qc.xhscdn.com/avatar/1040g2jo31ohllikjl86g5q5vp4mmkhspc4s2i78?imageView2/2/w/120/format/jpg,0,,0,1763796736373,0
6920e81f000000001502fa23,1763764256000,山西,691ef480000000001e0302ea,对有孩子的家庭简直就是超友好,5b022c474eacab2f3b3c8164,蓝天白云,https://sns-avatar-qc.xhscdn.com/avatar/1040g2jo30sgnr57ejk5g4a5gk0m4f0b4vcb2n0g?imageView2/2/w/120/format/jpg,0,,0,1763796736377,0
6920e3d5000000001502d997,1763763158000,河南,691ef480000000001e0302ea,小户型半小时就能扫完,6899e25a000000002900859a,我有厌蠢症,https://sns-avatar-qc.xhscdn.com/avatar/1040g2jo31ngh3sce50705q4ps9da91cq9oq01so?imageView2/2/w/120/format/jpg,0,,0,1763796736382,0
6920e3be000000001600efa9,1763763135000,广东,691ef480000000001e0302ea,不同场景选择模式就 OK 了,5beeb24351783a67cf12fc76,世间百态,https://sns-avatar-qc.xhscdn.com/avatar/5beeb24351783a67cf12fc76.jpg?imageView2/2/w/120/format/jpg,0,,0,1763796736397,0
6920e33e000000003803f738,1763763006000,广东,691ef480000000001e0302ea,支持多种清洁模式,63569c35000000001802c810,飘,https://sns-avatar-qc.xhscdn.com/avatar/7121a416be8e543266fd62c1cc9d575e.jpg?imageView2/2/w/120/format/jpg,0,,0,1763796736410,0
6920f826000000001403e8d2,1763768359000,河北,691ef6b5000000001e02e485,床底、沙发底不用搬家具，照样清扫无压力,5bb1bccdf7e8b91d16f64c8b,,https://sns-avatar-qc.xhscdn.com/avatar/5bb1bccdf7e8b91d16f64c8b.jpg?imageView2/2/w/120/format/jpg,0,,0,1763796740675,0
6920e93100000000380295f1,1763764530000,山东,691ef6b5000000001e02e485,全屋扫描后直线清扫，不重复不遗漏,5bf118e444363b238b868a7b,如月,https://sns-avatar-qc.xhscdn.com/avatar/1040g2jo31oe2ni3t5m5g4brnunce92jrto32di0?imageView2/2/w/120/format/jpg,0,,0,1763796740678,0
6920ead8000000001602031a,1763764952000,黑龙江,691ef6b5000000001e02e485,大疆扫地机器人续航超给力的,6257b7f5000000001000f612,幸福快乐,https://sns-avatar-qc.xhscdn.com/avatar/1040g2jo31eem0fbugm6g5oinmvqk1tgiaift7q0?imageView2/2/w/120/format/jpg,0,,0,1763796740681,0
6920f82900000000140379b2,1763768361000,河北,691ef6b5000000001e02e485,木地板也能放心用，不怕受潮变形,5bef8a2044363b5c4d35b0d3,晨光,https://sns-avatar-qc.xhscdn.com/avatar/639021cdb5f0eca07a61c819.jpg?imageView2/2/w/120/format/jpg,0,,0,1763796740690,0
6920f544000000003800934b,1763767620000,山西,691ef6b5000000001e02e485,大疆扫地机器人售后服务也很好,673de509000000001d02c447,小迷妹,https://sns-avatar-qc.xhscdn.com/avatar/1040g2jo31dm765370m6g5pptsk4ndh271n4qv98?imageView2/2/w/120/format/jpg,0,,0,1763796740693,0
6920f687000000003800e733,1763767943000,山西,691ef6b5000000001e02e485,每周只要换次尘袋、加次水就行,635cd64200000000120268fd,蓝天白云,https://sns-avatar-qc.xhscdn.com/avatar/63ba3a84d6e9ccb2a834cd96.jpg?imageView2/2/w/120/format/jpg,0,,0,1763796740698,0
6920e8f60000000016023212,1763764470000,吉林,691ef6b5000000001e02e485,小户型 20 分钟就能扫完,5f56da3b00000000010034ea,黄山,https://sns-avatar-qc.xhscdn.com/avatar/1040g2jo31970neps5a5g5oo0etg5b7j8hdgtuo0?imageView2/2/w/120/format/jpg,0,,0,1763796740703,0
6920eab80000000016026998,1763764921000,福建,691ef6b5000000001e02e485,我家120 平房子一次性扫完还有电,55ac31cbdc02d214628f1e87,满满,https://sns-avatar-qc.xhscdn.com/avatar/1040g2jo31jr26a54346040vpaiosm7k7q083658?imageView2/2/w/120/format/jpg,0,,0,1763796740708,0
69206f80000000001600e107,1763733376000,河南,691ef6b5000000001e02e485,污水箱有除臭模块，再也没有闷臭味了,5ea0080a0000000001003422,胖姐,https://sns-avatar-qc.xhscdn.com/avatar/6399392ebe2d64a191aa7536.jpg?imageView2/2/w/120/format/jpg,0,,0,1763796740714,0
6920f5390000000006019522,1763767610000,河北,691ef6b5000000001e02e485,对宠物家庭太友好了,645cc3ba000000001f033ee5,凤凰山,https://sns-avatar-qc.xhscdn.com/avatar/645cc45bcecbe3d0cec2b69c.jpg?imageView2/2/w/120/format/jpg,0,,0,1763796740717,0
6920f52d00000000380321c4,1763767598000,江苏,691ef6b5000000001e02e485,闺蜜家刚换,600ebbd5000000000101df6f,cherry674B01C2,https://sns-avatar-qc.xhscdn.com/avatar/1040g2jo31nulfonolm605o0enfagbnrfiq4oomg?imageView2/2/w/120/format/jpg,0,,0,1763796742982,0
6920f5b100000000160217fd,1763767729000,山西,691ef6b5000000001e02e485,长期用下来很省心，不用天天打扫了,62abd352000000001b029ca6,心向阳光,https://sns-avatar-qc.xhscdn.com/avatar/1040g2jo31eknst2fgu4g5olbqd96t756jjvabqo?imageView2/2/w/120/format/jpg,0,,0,1763796742992,0
6920f4d4000000000e036bf9,1763767509000,河北,691ef6b5000000001e02e485,基站也不臃肿。看着舒服,641e8aa20000000011021903,晨曦,https://sns-avatar-qc.xhscdn.com/avatar/1040g2jo314eonil4m06g5p0uhah4c683tvjs338?imageView2/2/w/120/format/jpg,0,,0,1763796742997,0
6920f4d3000000001d0278fa,1763767507000,山西,691ef6b5000000001e02e485,164ml 足够全屋拖地，不用频繁加水,63e09c640000000025004f38,小可爱63E1F119,https://sns-avatar-qc.xhscdn.com/avatar/1040g2jo31387f1hajk5g5ov0jhi98jpouvks91g?imageView2/2/w/120/format/jpg,0,,0,1763796743009,0
6920e99b000000001600db2d,1763764635000,山东,691ef6b5000000001e02e485,有宝宝和宠物的家庭用着超放心,5f59b6db0000000001009ae5,我爱爱我,https://sns-avatar-qc.xhscdn.com/avatar/1040g2jo31cff81hbh04g5nqpmrdg96n5av21ou0?imageView2/2/w/120/format/jpg,0,,0,1763796743025,0
6920f4a0000000003802ad1f,1763767456000,河北,691ef6b5000000001e02e485,机身也不占地方,5bef89f044363b5c4d35b0cb,寻觅知己,https://sns-avatar-qc.xhscdn.com/avatar/1040g2jo3134reg1c7a6g4brded4v1c6bejuq2qo?imageView2/2/w/120/format/jpg,0,,0,1763796743031,0
6920f49f000000001601ec07,1763767456000,河北,691ef6b5000000001e02e485,滤网抗菌设计，对过敏体质太友好了,5f4627cd0000000001003e6f,断情泪,https://sns-avatar-qc.xhscdn.com/avatar/5f4627cd0000000001003e6f.jpg?imageView2/2/w/120/format/jpg,0,,0,1763796743047,0
6920f457000000001d01e68b,1763767384000,河北,691ef6b5000000001e02e485,用干纸巾擦都没湿气,5bef8c0044363b5c5291fa08,比利时,https://sns-avatar-qc.xhscdn.com/avatar/5bef8c0044363b5c5291fa08.jpg?imageView2/2/w/120/format/jpg,0,,0,1763796743058,0
692081aa000000001403fec7,1763738027000,山西,691ef6b5000000001e02e485,高温高压冲洗拖布，洗完还能全链路烘干，拖布干爽没异味。,6430cd8b0000000012010a13,岁月在水湾里,https://sns-avatar-qc.xhscdn.com/avatar/1040g2jo30u4u5r8d5a605p1gpm5ki2gjv9dac9g?imageView2/2/w/120/format/jpg,0,,0,1763796743070,0
6920f0d700000000160272ad,1763766488000,山东,691ef6b5000000001e02e485,小户型也能轻松摆放,5b8e7ec2db2e607a0db71695,空谷幽兰💜,https://sns-avatar-qc.xhscdn.com/avatar/1040g2jo310ojt9nn6i504aqc3evc45klmdotrig?imageView2/2/w/120/format/jpg,0,,0,1763796743083,0
6920f458000000001403e361,1763767384000,河北,691ef6b5000000001e02e485,老公刚买。解放双手了,621085d1000000002102aa0b,我等你,https://sns-avatar-qc.xhscdn.com/avatar/621085d1000000002102aa0b.jpg?imageView2/2/w/120/format/jpg,0,,0,1763796745324,0
69206a07000000003803f3b5,1763731975000,山西,691ef6b5000000001e02e485,中途没电了，充电后能接着之前的路线扫，不用从头再来,61f233cb000000001000a238,Angelia,https://sns-avatar-qc.xhscdn.com/avatar/61f233cb000000001000a238.jpg?imageView2/2/w/120/format/jpg,0,,0,1763796745332,0
6920776f000000003803f487,1763735407000,山西,691ef6b5000000001e02e485,大疆扫地机器人自清洁基站太省心了,661f38e2000000000d024996,阳光满路,https://sns-avatar-qc.xhscdn.com/avatar/1040g2jo31gt9psgpjo6g5pgv73h3cicmu8dh610?imageView2/2/w/120/format/jpg,0,,0,1763796745348,0
692073a4000000000e035776,1763734437000,河北,691ef6b5000000001e02e485,以前扫不到的桌腿边踢脚线缝都能清洗干净,5f3b6440000000000101fda6,小雅,https://sns-avatar-qc.xhscdn.com/avatar/5f3b6440000000000101fda6.jpg?imageView2/2/w/120/format/jpg,0,,0,1763796745363,0
6920f214000000001d01c524,1763766805000,山西,691ef6b5000000001e02e485,不用拿手机，喊一声就能启动清扫，小朋友都会用,6094a403000000000100482b,指尖风雨,https://sns-avatar-qc.xhscdn.com/avatar/6094a403000000000100482b.jpg?imageView2/2/w/120/format/jpg,0,,0,1763796745376,0
6920f3140000000038027d3a,1763767060000,辽宁,691ef6b5000000001e02e485,扫地范围比拖地大,65ebe5330000000005008840,知足常乐,https://sns-avatar-qc.xhscdn.com/avatar/1040g2jo3129g5rjrlc6g5pfbskph9220ekt5h7o?imageView2/2/w/120/format/jpg,0,,0,1763796745387,0
6920d0af0000000039001591,1763758255000,云南,691ef6b5000000001e02e485,集成大容量大的很，不用频繁倒了,6698291400000000030302d1,东方,https://sns-avatar-qc.xhscdn.com/avatar/645b7f3c86578b8c6ab3b068.jpg?imageView2/2/w/120/format/jpg,0,,0,1763796745419,0
6920f2f3000000001d025a10,1763767028000,天津,691ef6b5000000001e02e485,拖布烘干后完全干爽,623d8e43000000001000d4d2,小红薯623ED25B,https://sns-avatar-qc.xhscdn.com/avatar/166ad12ae9a7f6fbb4bbbf88d417895f.jpg?imageView2/2/w/120/format/jpg,0,,0,1763796745430,0
6920f2d5000000001602542b,1763766998000,辽宁,691ef6b5000000001e02e485,小凳子、鞋子都能精准避让，超智能,6623c33d000000000b0329ce,别离,https://sns-avatar-qc.xhscdn.com/avatar/1040g2jo3129gs6q3la6g5ph3ocuiuaeesqmffg0?imageView2/2/w/120/format/jpg,0,,0,1763796745443,0
6920b9cd00000000380273c0,1763752398000,山西,691ef6b5000000001e02e485,全流程杀菌太安心，适合有宝宝的家庭,5d10837c0000000016010397,半夏凉梦,https://sns-avatar-qc.xhscdn.com/avatar/5d10837c0000000016010397.jpg?imageView2/2/w/120/format/jpg,0,,0,1763796745456,0
6920d317000000001d01e158,1763758871000,黑龙江,691ef6b5000000001e02e485,暗光环境也能正常工作,5b3daaa4b1da146a2505f87b,娴仁,https://sns-avatar-qc.xhscdn.com/avatar/1000g2jo2ktc7ituim05g4a6s06la9u3r9i8tefg?imageView2/2/w/120/format/jpg,0,,0,1763796747736,0
6920f28e00000000380276dd,1763766927000,辽宁,691ef6b5000000001e02e485,[点赞R]能识别 15 毫米以上的障碍物,65ebe7e9000000000500fbb9,好运一生,https://sns-avatar-qc.xhscdn.com/avatar/1040g2jo3129g5rjrlc5g5pfbskph9220stg0tjg?imageView2/2/w/120/format/jpg,0,,0,1763796747739,0
6920f25a0000000014034dd7,1763766874000,辽宁,691ef6b5000000001e02e485,淡淡的清香，拖地后家里空气都清新了,61d7888f000000001000abf8,幸福人生,https://sns-avatar-qc.xhscdn.com/avatar/1040g2jo312an6upm1o5g5oenh27k1avo153l8jg?imageView2/2/w/120/format/jpg,0,,0,1763796747745,0
6920f1ba00000000140343c4,1763766715000,辽宁,691ef6b5000000001e02e485,刚给家里安排上，语音控制超方便,68b1b5c30000000019011b0f,酸辣粉不要醋,https://sns-avatar-qc.xhscdn.com/avatar/1040g2jo31lp7m3g6ku6g5q5hmn1ma6ofj3e3rgg?imageView2/2/w/120/format/jpg,0,,0,1763796747750,0
6920f18f0000000038028fb2,1763766671000,江苏,691ef6b5000000001e02e485,清洁液味道很好闻,559ef8f8c2bdeb204a7f2099,WWW,https://sns-avatar-qc.xhscdn.com/avatar/559ef8f8c2bdeb204a7f2099.jpg?imageView2/2/w/120/format/jpg,0,,0,1763796747761,0
692085fa000000003802f790,1763739131000,山西,691ef6b5000000001e02e485,遇到桌椅腿会及时刹车转向，保护家具不被磕碰,5bf0e50b51783a156a87faf7,好好,https://sns-avatar-qc.xhscdn.com/avatar/1040g2jo31lp720v9l86g4brlt9ignunnjqfdmf8?imageView2/2/w/120/format/jpg,0,,0,1763796747768,0
6920ef60000000001601dd74,1763766113000,山西,691ef6b5000000001e02e485,基站也不臃肿。看着舒服,5fb12beb000000000101fe2d,心想事成,https://sns-avatar-qc.xhscdn.com/avatar/5fb12cbed860780001fb397f.jpg?imageView2/2/w/120/format/jpg,0,,0,1763796747778,0
692069850000000039002d22,1763731846000,山西,691ef6b5000000001e02e485,每天早上出门前自动启动，晚上回家就是干净的家,5bf0e50b51783a156a87faf7,好好,https://sns-avatar-qc.xhscdn.com/avatar/1040g2jo31lp720v9l86g4brlt9ignunnjqfdmf8?imageView2/2/w/120/format/jpg,0,,0,1763796747788,0
692068260000000038014a42,1763731495000,广东,691ef6b5000000001e02e485,APP 能看清洁路径图！哪里扫过、哪里没扫都清清楚楚,68db3e9a000000003202b587,10月的风,https://sns-avatar-qc.xhscdn.com/avatar/1040g2jo31p5ukfaqig605q6r7qdcldc79m4h1t8?imageView2/2/w/120/format/jpg,0,,0,1763796747793,0
6920669e000000003803e467,1763731103000,山西,691ef6b5000000001e02e485,大疆扫地机器人真的厉害，数据线、拖鞋、小玩具都能精准绕开,5c9cb915000000001202868a,风儿,https://sns-avatar-qc.xhscdn.com/avatar/1040g2jo31jv4ad7mj46g5n4sn4akl1kak9122p0?imageView2/2/w/120/format/jpg,0,,0,1763796747802,0
6920eddd000000001403c941,1763765725000,山东,691ef6b5000000001e02e485,我家扫一次也不用中途充电,671f73fd000000001d023eab,阳光,https://sns-avatar-qc.xhscdn.com/avatar/1040g2jo31nvp4h3ekq6g5povefuncflbelrs9v0?imageView2/2/w/120/format/jpg,0,,0,1763796750069,0
6920e936000000001d01e0b4,1763764534000,山东,691ef6b5000000001e02e485,小姐姐的包容心真大啊，我带娃就急了,6442092e000000001f03174c,小美美,https://sns-avatar-qc.xhscdn.com/avatar/1040g2jo31cff6rsvgm6g5p2214n7u5qcv3cau0g?imageView2/2/w/120/format/jpg,0,,0,1763796750072,0
6920e8a8000000001d01dc4f,1763764392000,辽宁,691ef6b5000000001e02e485,有大疆扫地机器人就不怕细菌残留,60178dee0000000001003ea4,一起度过的日子,https://sns-avatar-qc.xhscdn.com/avatar/1040g2jo30vgk6b845o6g5o0nhnn08fl4feq3gu0?imageView2/2/w/120/format/jpg,0,,0,1763796750079,0
6920e867000000001600d1c7,1763764327000,山东,691ef6b5000000001e02e485,狠狠动心了,5d3a6062000000001600e344,2019好运连连,https://sns-avatar-qc.xhscdn.com/avatar/1040g2jo31cff4ggl0u6g5n9qc1h5hoq48hb2pmg?imageView2/2/w/120/format/jpg,0,,0,1763796750084,0
692068d4000000003800460f,1763731668000,山西,691ef6b5000000001e02e485,长头发再也不会缠在滚刷上,5bf0e50b51783a156a87faf7,好好,https://sns-avatar-qc.xhscdn.com/avatar/1040g2jo31lp720v9l86g4brlt9ignunnjqfdmf8?imageView2/2/w/120/format/jpg,0,,0,1763796750089,0
6920d2e8000000001601d7d5,1763758824000,黑龙江,691ef6b5000000001e02e485,大疆扫地机器人能清扫地毯！！！！！！,5b3daaa1b1da1447204c5576,北方有佳人,https://sns-avatar-qc.xhscdn.com/avatar/1040g2jo31klog1dr326g4a6rvula2lbmqnejut0?imageView2/2/w/120/format/jpg,0,,0,1763796750093,0
6920720d000000001702f91a,1763734029000,山东,691ef6b5000000001e02e485,边角清洁无死角真的绝了,603b28db0000000001009aa7,上善若水,https://sns-avatar-qc.xhscdn.com/avatar/603b28db0000000001009aa7.jpg?imageView2/2/w/120/format/jpg,0,,0,1763796750098,0
69206a5e0000000038028f3f,1763732063000,山东,691ef6b5000000001e02e485,拖地的同时还能除菌，有宝宝的家庭多放心,6440c3bf000000001f0330c8,美梦成真,https://sns-avatar-qc.xhscdn.com/avatar/1040g2jo314qm15qp146g5p20oevnuc68ch73mno?imageView2/2/w/120/format/jpg,0,,0,1763796750103,0
6920cf6d0000000038032588,1763757933000,云南,691ef6b5000000001e02e485,木地板也能放心用，不怕受潮变形,66d1159a000000000b033850,小红薯66D1561B,https://sns-avatar-qc.xhscdn.com/avatar/1040g2jo31bgr39570m5g5pmh2md2ue2gve7pphg?imageView2/2/w/120/format/jpg,0,,0,1763796750107,0
692077c5000000001502d962,1763735493000,广东,691ef6b5000000001e02e485,底部不容易积污，偶尔擦一下就行，打理轻松,5bf3df1244363b36b87dcf48,boboyi,https://sns-avatar-qc.xhscdn.com/avatar/1040g2jo31oj93t97526g4bsag6fh5jq8qumcmsg?imageView2/2/w/120/format/jpg,0,,0,1763796750111,0
691f1bcd0000000014036444,1763646414000,河南,691edc28000000001e00d2be,清洁力是怎么样的哦 有没有活动,68bd7fc60000000019014787,小猪包,https://sns-avatar-qc.xhscdn.com/avatar/1040g2jo31m4pum1f4u605q5tfv36ahs7tv7jvjg?imageView2/2/w/120/format/jpg,7,,0,1763796754346,1
691f037e000000003802a6bb,1763640190000,云南,691edc28000000001e00d2be,扫地机续航强不强呀？可以用国补吗？,6889fc6d0000000028013545,麻薯,https://sns-avatar-qc.xhscdn.com/avatar/1040g2jo31lsqvt6gle6g5q49vhmq2da5b6g26c0?imageView2/2/w/120/format/jpg,6,,0,1763796754350,0
691f0d510000000038031064,1763642706000,广东,691edc28000000001e00d2be,扫地机器人太适合我这种懒人了，还方便,617d21fa0000000002027d0c,奤罗,https://sns-avatar-qc.xhscdn.com/avatar/1040g2jo31kq6i5k32o005obt47t0kv8c4p4pfto?imageView2/2/w/120/format/jpg,3,,0,1763796754359,0
691ffa30000000001d0274f4,1763703345000,河南,691edc28000000001e00d2be,家里有扫地机真的很方便,5a7afffde8ac2b786197a654,兔宝🐰,https://sns-avatar-qc.xhscdn.com/avatar/1040g2jo31lqmjftu4q004a1b1kvvr9ik434sa4g?imageView2/2/w/120/format/jpg,0,,0,1763796754363,0
691f6a410000000038029a30,1763666498000,广东,691edc28000000001e00d2be,现在还有没有补贴呀截止到什么时候呢,6856b14c000000001e00706f,小小酥,https://sns-avatar-qc.xhscdn.com/avatar/1040g2jo31kh9rg73j05g5q2mm567gs3fh4iin5o?imageView2/2/w/120/format/jpg,0,,0,1763796754368,0
691f06110000000014035341,1763640850000,山东,691edc28000000001e00d2be,扫地机器人清洁能力强不强？,66a1b35a000000000d027837,一颗橘子,https://sns-avatar-qc.xhscdn.com/avatar/1040g2jo315psc9k7go505pl1mdd3cu1nf3pf5jg?imageView2/2/w/120/format/jpg,3,,0,1763796754376,0
691f43e0000000003802a8f3,1763656673000,贵州,691edc28000000001e00d2be,可以智能语音操控吗？,68ccb6b80000000021021257,淘,https://sns-avatar-qc.xhscdn.com/avatar/1040g2jo31mksjpe55m605q6cmqs8c4inqah5vh8?imageView2/2/w/120/format/jpg,1,,0,1763796754383,0
691f47910000000016022e1f,1763657617000,广东,691edc28000000001e00d2be,可以用国家补贴吗最近刚好装修完,6628b751000000000d0262b1,家政小y,https://sns-avatar-qc.xhscdn.com/avatar/1040g2jo31hqp4v003o6g5ph8mt8jcolhhdmcd2o?imageView2/2/w/120/format/jpg,0,,0,1763796754392,0
691f320e000000001600f2fe,1763652110000,广东,691edc28000000001e00d2be,家里的头发比较多的，能不能用这个？,666e92a00000000003030475,池鲤.,https://sns-avatar-qc.xhscdn.com/avatar/1040g2jo31oj2ln1f060g5pjeiag0u13lg8rtatg?imageView2/2/w/120/format/jpg,1,,0,1763796754396,0
691f46b2000000001d0249bc,1763657394000,广东,691edc28000000001e00d2be,头发也可以打扫吗用电会不会太快？,6190da4000000000100045c2,小懒。？？？,https://sns-avatar-qc.xhscdn.com/avatar/1040g2jo30s3p4t5c32505ocgr9040he2jcadlf8?imageView2/2/w/120/format/jpg,0,,0,1763796754402,0
691f206e0000000038005eb1,1763647599000,河南,691edc28000000001e00d2be,最后垃圾咋清理,67e6066600000000060127b2,一只小薯,https://sns-avatar-qc.xhscdn.com/avatar/1040g2jo31oglnftcmg6g5pv60pj1i9ti9hcadbg?imageView2/2/w/120/format/jpg,0,,691f1bcd0000000014036444,1763796756415,0
691f24df000000003802b57a,1763648735000,广东,691edc28000000001e00d2be,还有活动吗,64649c15000000000f006d56,小狗吃饭,https://sns-avatar-qc.xhscdn.com/avatar/1040g2jo31on38iac6g005p34jgajoram9v6649o?imageView2/2/w/120/format/jpg,0,,691f1bcd0000000014036444,1763796756738,0
691f25b10000000016027ca9,1763648945000,广东,691edc28000000001e00d2be,蹲活动,68454353000000001d015a97,吃一口栗子,https://sns-avatar-qc.xhscdn.com/avatar/1040g2jo31msp5tcf6g005q258d9namknao7r91o?imageView2/2/w/120/format/jpg,0,,691f1bcd0000000014036444,1763796756740,0
691f27a8000000003800444f,1763649449000,广东,691edc28000000001e00d2be,蹲一蹲,67ab206d000000000e012fe3,小年糕,https://sns-avatar-qc.xhscdn.com/avatar/1040g2jo31n8t8eoa58005ptb41mjibv3iqiqqgo?imageView2/2/w/120/format/jpg,0,,691f1bcd0000000014036444,1763796756747,0
691f43d9000000003803d87f,1763656665000,贵州,691edc28000000001e00d2be,有没有呢？,68ccb6b80000000021021257,淘,https://sns-avatar-qc.xhscdn.com/avatar/1040g2jo31mksjpe55m605q6cmqs8c4inqah5vh8?imageView2/2/w/120/format/jpg,0,,691f1bcd0000000014036444,1763796756749,0
691f4796000000001702f274,1763657622000,广东,691edc28000000001e00d2be,活动力度大吗,6628b751000000000d0262b1,家政小y,https://sns-avatar-qc.xhscdn.com/avatar/1040g2jo31hqp4v003o6g5ph8mt8jcolhhdmcd2o?imageView2/2/w/120/format/jpg,0,,691f1bcd0000000014036444,1763796756755,0
691f6a2f00000000390061f9,1763666479000,广东,691edc28000000001e00d2be,也想知道,6856b14c000000001e00706f,小小酥,https://sns-avatar-qc.xhscdn.com/avatar/1040g2jo31kh9rg73j05g5q2mm567gs3fh4iin5o?imageView2/2/w/120/format/jpg,0,,691f1bcd0000000014036444,1763796758909,0
691f0620000000001d026736,1763640865000,山东,691edc28000000001e00d2be,现在有国补吗？,66a1b35a000000000d027837,一颗橘子,https://sns-avatar-qc.xhscdn.com/avatar/1040g2jo315psc9k7go505pl1mdd3cu1nf3pf5jg?imageView2/2/w/120/format/jpg,0,,691f037e000000003802a6bb,1763796760915,0
691f0b3a000000001600ece8,1763642170000,江苏,691edc28000000001e00d2be,这个还能国补吗？,5c8b3ff6000000001602b6c1,炸毛的仙女,https://sns-avatar-qc.xhscdn.com/avatar/1040g2jo31f715gm1mo005n4b7vr5ldm19fdst90?imageView2/2/w/120/format/jpg,0,,691f037e000000003802a6bb,1763796761127,0
691f170c000000000e0351f6,1763645196000,广东,691edc28000000001e00d2be,我也想知道,637cce98000000001f01d413,嘟嘟,https://sns-avatar-qc.xhscdn.com/avatar/1040g2jo31p41ho7ci6005orspqc7rl0j5vkhn60?imageView2/2/w/120/format/jpg,0,,691f037e000000003802a6bb,1763796761131,0
691f2b39000000003802b785,1763650361000,广东,691edc28000000001e00d2be,还有国补吗,66ba2699000000000b033f84,小黑鱼,https://sns-avatar-qc.xhscdn.com/avatar/1040g2jo31ofcferi58005plq4qciufs4il6ppqg?imageView2/2/w/120/format/jpg,0,,691f037e000000003802a6bb,1763796761139,0
691f348b0000000039008c55,1763652747000,广东,691edc28000000001e00d2be,性价比怎么样呀？,62d1445b000000000303fb77,少少糖主义,https://sns-avatar-qc.xhscdn.com/avatar/1040g2jo31ksv4fbl2u005omh8hdgvurn0c8u8g8?imageView2/2/w/120/format/jpg,0,,691f037e000000003802a6bb,1763796761143,0
691ffa370000000014035a79,1763703352000,河南,691edc28000000001e00d2be,能用多久呀充满电,5a7afffde8ac2b786197a654,兔宝🐰,https://sns-avatar-qc.xhscdn.com/avatar/1040g2jo31lqmjftu4q004a1b1kvvr9ik434sa4g?imageView2/2/w/120/format/jpg,0,,691f037e000000003802a6bb,1763796761164,0
691f250c00000000160250df,1763648780000,河南,691edc28000000001e00d2be,确实很方便,67085128000000000b033587,糖糖,https://sns-avatar-qc.xhscdn.com/avatar/1040g2jo31m3h8dtuli005po8a4k2udc7tgp6nng?imageView2/2/w/120/format/jpg,0,,691f0d510000000038031064,1763796763176,0
691f2bc2000000000601bb60,1763650498000,广东,691edc28000000001e00d2be,实用吗？,68ee881b0000000037033ded,芋泥啵啵,https://sns-avatar-qc.xhscdn.com/avatar/1040g2jo31o90q45g4u6g5q7eh0dtuffd2uq2et0?imageView2/2/w/120/format/jpg,0,,691f0d510000000038031064,1763796763352,0
691f321c000000001702c5e7,1763652125000,广东,691edc28000000001e00d2be,确实是很方便。,666e92a00000000003030475,池鲤.,https://sns-avatar-qc.xhscdn.com/avatar/1040g2jo31oj2ln1f060g5pjeiag0u13lg8rtatg?imageView2/2/w/120/format/jpg,0,,691f0d510000000038031064,1763796763355,0
691f06ea0000000038009500,1763641067000,云南,691edc28000000001e00d2be,应该挺强的,6889fc6d0000000028013545,麻薯,https://sns-avatar-qc.xhscdn.com/avatar/1040g2jo31lsqvt6gle6g5q49vhmq2da5b6g26c0?imageView2/2/w/120/format/jpg,0,,691f06110000000014035341,1763796765361,0
691f0d59000000003803eda2,1763642713000,广东,691edc28000000001e00d2be,应该挺不错的,617d21fa0000000002027d0c,奤罗,https://sns-avatar-qc.xhscdn.com/avatar/1040g2jo31kq6i5k32o005obt47t0kv8c4p4pfto?imageView2/2/w/120/format/jpg,0,,691f06110000000014035341,1763796765518,0
691f1084000000003800eb34,1763643525000,山东,691edc28000000001e00d2be,哪里买的,65800eec000000003d029227,小小Q,https://sns-avatar-qc.xhscdn.com/avatar/1040g2jo31p4dv9r42g6g5pc01rmfd4h7ucpjs4g?imageView2/2/w/120/format/jpg,0,,691f06110000000014035341,1763796765521,0
691f45a0000000000601b4a5,1763657121000,广东,691edc28000000001e00d2be,行不行呀,6190da4000000000100045c2,小懒。？？？,https://sns-avatar-qc.xhscdn.com/avatar/1040g2jo30s3p4t5c32505ocgr9040he2jcadlf8?imageView2/2/w/120/format/jpg,0,,691f43e0000000003802a8f3,1763796767529,0
691f4320000000003803c94c,1763656481000,广东,691edc28000000001e00d2be,我也想知道,67018dd2000000001d02018a,Yy,https://sns-avatar-qc.xhscdn.com/avatar/1040g2jo31lligkks58005po1hn97c0ca18klpcg?imageView2/2/w/120/format/jpg,0,,691f320e000000001600f2fe,1763796767535,0
691f432700000000380149ab,1763656487000,广东,691edc28000000001e00d2be,有没有用过的宝宝们 蹲一下真实反馈,67018dd2000000001d02018a,Yy,https://sns-avatar-qc.xhscdn.com/avatar/1040g2jo31lligkks58005po1hn97c0ca18klpcg?imageView2/2/w/120/format/jpg,0,,0,1763796767834,1
691f27c80000000038030aca,1763649480000,广东,691edc28000000001e00d2be,冲一次电可以用多久呢,67ab206d000000000e012fe3,小年糕,https://sns-avatar-qc.xhscdn.com/avatar/1040g2jo31n8t8eoa58005ptb41mjibv3iqiqqgo?imageView2/2/w/120/format/jpg,0,,0,1763796767837,0
691f25a90000000016022a93,1763648938000,广东,691edc28000000001e00d2be,能不能语音控制呢？没电了自动充电吗,68454353000000001d015a97,吃一口栗子,https://sns-avatar-qc.xhscdn.com/avatar/1040g2jo31msp5tcf6g005q258d9namknao7r91o?imageView2/2/w/120/format/jpg,0,,0,1763796767846,0
691f0b2b000000001d01ddc2,1763642155000,江苏,691edc28000000001e00d2be,需要下载小程序设定吗？家里这个是遥控的，我都懒得用了,5c8b3ff6000000001602b6c1,炸毛的仙女,https://sns-avatar-qc.xhscdn.com/avatar/1040g2jo31f715gm1mo005n4b7vr5ldm19fdst90?imageView2/2/w/120/format/jpg,1,,0,1763796767853,0
691f24d8000000003803111b,1763648728000,广东,691edc28000000001e00d2be,家里养宠物掉头发也比较多，容易卡住头发吗？,64649c15000000000f006d56,小狗吃饭,https://sns-avatar-qc.xhscdn.com/avatar/1040g2jo31on38iac6g005p34jgajoram9v6649o?imageView2/2/w/120/format/jpg,0,,0,1763796767857,1
692112140000000006018a9f,1763774996000,辽宁,691edc28000000001e00d2be,种草啦，解放双手就选它啦,653a25d8000000000301ca41,樱桃小丸子,https://sns-avatar-qc.xhscdn.com/avatar/1040g2jo31oqsrogc0u6g5p9q4nc0rii1uafljcg?imageView2/2/w/120/format/jpg,0,,0,1763796767864,0
691f20680000000038030e19,1763647593000,河南,691edc28000000001e00d2be,真的是懒人必备啊[偷笑R]下了班啥都不想干,67e6066600000000060127b2,一只小薯,https://sns-avatar-qc.xhscdn.com/avatar/1040g2jo31oglnftcmg6g5pv60pj1i9ti9hcadbg?imageView2/2/w/120/format/jpg,0,,0,1763796767873,0
691f2b310000000039005a6d,1763650353000,广东,691edc28000000001e00d2be,质量怎么样啊？不想打扫卫生啊,66ba2699000000000b033f84,小黑鱼,https://sns-avatar-qc.xhscdn.com/avatar/1040g2jo31ofcferi58005plq4qciufs4il6ppqg?imageView2/2/w/120/format/jpg,0,,0,1763796767879,1
691f159e000000000601adac,1763644830000,山东,691edc28000000001e00d2be,会不会很贵的哦,68b7e480000000001903f3f7,🌸,https://sns-avatar-qc.xhscdn.com/avatar/1040g2jo31lv902f9l0605q5nsi06fsvnhepo1lg?imageView2/2/w/120/format/jpg,0,,0,1763796767903,0
691f253b0000000016025d62,1763648827000,河南,691edc28000000001e00d2be,会自己去充电吗？充一次电可以用多久？,67085128000000000b033587,糖糖,https://sns-avatar-qc.xhscdn.com/avatar/1040g2jo31m3h8dtuli005po8a4k2udc7tgp6nng?imageView2/2/w/120/format/jpg,0,,0,1763796767913,0
691f1a83000000001d027e42,1763646084000,河南,691edc28000000001e00d2be,不太清楚呢,68bd7fc60000000019014787,小猪包,https://sns-avatar-qc.xhscdn.com/avatar/1040g2jo31m4pum1f4u605q5tfv36ahs7tv7jvjg?imageView2/2/w/120/format/jpg,0,,691f0b2b000000001d01ddc2,1763796769926,0
691f10810000000038026518,1763643522000,山东,691edc28000000001e00d2be,不知道会不会很贵[哭惹R],65800eec000000003d029227,小小Q,https://sns-avatar-qc.xhscdn.com/avatar/1040g2jo31p4dv9r42g6g5pc01rmfd4h7ucpjs4g?imageView2/2/w/120/format/jpg,0,,0,1763796770140,0
691f1708000000001403d2a1,1763645192000,广东,691edc28000000001e00d2be,充一次电能用多久呀？,637cce98000000001f01d413,嘟嘟,https://sns-avatar-qc.xhscdn.com/avatar/1040g2jo31p41ho7ci6005orspqc7rl0j5vkhn60?imageView2/2/w/120/format/jpg,0,,0,1763796770144,0
691f05d00000000038027a2d,1763640784000,山东,691edd31000000001e0322b0,质保有多久呀这款,5afd9a33e8ac2b24201c1ea6,橘子橘,https://sns-avatar-qc.xhscdn.com/avatar/1040g2jo31p3dah1uig004a5dp7d367l6034sse8?imageView2/2/w/120/format/jpg,7,,0,1763796774454,1
691f05b70000000038027696,1763640759000,河南,691edd31000000001e0322b0,犄角旮旯可以清扫干净吗？,67110b45000000001d02049d,骑老奶奶过马路,https://sns-avatar-qc.xhscdn.com/avatar/1040g2jo31mdp86935ikg5poh1d2nc14tggnc040?imageView2/2/w/120/format/jpg,11,,0,1763796774458,0
691f27700000000038007b6a,1763649392000,河南,691edd31000000001e0322b0,边边角角也可以打扫干净吗？有没有活动,5fe1ac920000000001004fd2,CC,https://sns-avatar-qc.xhscdn.com/avatar/1040g2jo31fhqs1mdg06g5nv1li908jui6gjuktg?imageView2/2/w/120/format/jpg,6,,0,1763796774464,0
691f6aa50000000039003ca9,1763666598000,广东,691edd31000000001e0322b0,这个是什么价位呀 符合大众消费吗,6856b14c000000001e00706f,小小酥,https://sns-avatar-qc.xhscdn.com/avatar/1040g2jo31kh9rg73j05g5q2mm567gs3fh4iin5o?imageView2/2/w/120/format/jpg,0,,0,1763796774470,0
691f4750000000001600ceea,1763657552000,广东,691edd31000000001e0322b0,续航多久？120㎡大户型一次能扫完吗？,6628b751000000000d0262b1,家政小y,https://sns-avatar-qc.xhscdn.com/avatar/1040g2jo31hqp4v003o6g5ph8mt8jcolhhdmcd2o?imageView2/2/w/120/format/jpg,0,,0,1763796774473,0
691f44d00000000038012260,1763656912000,贵州,691edd31000000001e0322b0,清理毛发能力咋样？可以智能连接吗？,68ccb6b80000000021021257,淘,https://sns-avatar-qc.xhscdn.com/avatar/1040g2jo31mksjpe55m605q6cmqs8c4inqah5vh8?imageView2/2/w/120/format/jpg,0,,0,1763796774485,0
691f0149000000001d027e09,1763639626000,广东,691edd31000000001e0322b0,吸力怎么样 续航怎么样,66cafda3000000001d030428,佳少且666,https://sns-avatar-qc.xhscdn.com/avatar/1040g2jo31o01eske52005pmavmhne118io39d6g?imageView2/2/w/120/format/jpg,6,,0,1763796774496,0
691f1585000000001403f21a,1763644805000,河南,691edd31000000001e0322b0,清洁效果怎么样啊蹲一波,673470ab000000001d02cc21,天天开心啊,https://sns-avatar-qc.xhscdn.com/avatar/1040g2jo31ci2sk0bge505ppke2lndj11t9ocd70?imageView2/2/w/120/format/jpg,2,,0,1763796774506,0
691f41f800000000390021b4,1763656184000,广东,691edd31000000001e0322b0,有没有用过的宝宝们 蹲一下真实反馈,67018dd2000000001d02018a,Yy,https://sns-avatar-qc.xhscdn.com/avatar/1040g2jo31lligkks58005po1hn97c0ca18klpcg?imageView2/2/w/120/format/jpg,0,,0,1763796774510,1
691f3974000000003900a18a,1763654005000,广东,691edd31000000001e0322b0,工作太忙真的没时间打扫卫生！买一个扫地机器人真的方便很多[害羞R],62d1445b000000000303fb77,少少糖主义,https://sns-avatar-qc.xhscdn.com/avatar/1040g2jo31ksv4fbl2u005omh8hdgvurn0c8u8g8?imageView2/2/w/120/format/jpg,0,,0,1763796774519,0
691f084c0000000039009a8f,1763641421000,山西,691edd31000000001e0322b0,也想知道,66e90812000000001d0204aa,加油,https://sns-avatar-qc.xhscdn.com/avatar/1040g2jo31o14qsck066g5pn91097c15aegf54i0?imageView2/2/w/120/format/jpg,0,,691f05d00000000038027a2d,1763796776527,0
691f08f5000000001601e0c5,1763641590000,贵州,691edd31000000001e0322b0,同问,5c14ac260000000005011af4,小红薯,https://sns-avatar-qc.xhscdn.com/avatar/1040g2jo31l1ess49j0605n0klgj1a6nk9siakl0?imageView2/2/w/120/format/jpg,0,,691f05d00000000038027a2d,1763796776745,0
691f1187000000001502c8ea,1763643783000,辽宁,691edd31000000001e0322b0,也想知道,66094d5f000000000600c065,宁宁,https://sns-avatar-qc.xhscdn.com/avatar/1040g2jo31npir4rj526g5pg99lfhhg35fja9e6g?imageView2/2/w/120/format/jpg,0,,691f05d00000000038027a2d,1763796776754,0
691f14160000000038006762,1763644439000,广西,691edd31000000001e0322b0,不知道啊,668cf99a000000000303125e,呆呆自然卷,https://sns-avatar-qc.xhscdn.com/avatar/645b7c0d1d74d41345e61461.jpg?imageView2/2/w/120/format/jpg,0,,691f05d00000000038027a2d,1763796776759,0
691f17430000000006019318,1763645251000,广东,691edd31000000001e0322b0,同问,637cce98000000001f01d413,嘟嘟,https://sns-avatar-qc.xhscdn.com/avatar/1040g2jo31p41ho7ci6005orspqc7rl0j5vkhn60?imageView2/2/w/120/format/jpg,0,,691f05d00000000038027a2d,1763796776762,0
691f397d000000003800937a,1763654013000,广东,691edd31000000001e0322b0,续航能力好吗？,62d1445b000000000303fb77,少少糖主义,https://sns-avatar-qc.xhscdn.com/avatar/1040g2jo31ksv4fbl2u005omh8hdgvurn0c8u8g8?imageView2/2/w/120/format/jpg,0,,691f05d00000000038027a2d,1763796776775,0
691f44d8000000003801695e,1763656920000,贵州,691edd31000000001e0322b0,我也想问问,68ccb6b80000000021021257,淘,https://sns-avatar-qc.xhscdn.com/avatar/1040g2jo31mksjpe55m605q6cmqs8c4inqah5vh8?imageView2/2/w/120/format/jpg,0,,691f05d00000000038027a2d,1763796778966,0
691f06de0000000038004053,1763641054000,贵州,691edd31000000001e0322b0,我也想问,68ba8330000000001a00f9a6,小甜甜,https://sns-avatar-qc.xhscdn.com/avatar/1040g2jo31o1c4d696m6g5q5qgco6hud678h9ja8?imageView2/2/w/120/format/jpg,0,,691f05b70000000038027696,1763796780974,0
691f0d32000000001502e788,1763642675000,山东,691edd31000000001e0322b0,同问下,66a8b22a000000001d033a18,啊哦,https://sns-avatar-qc.xhscdn.com/avatar/1040g2jo31j5i9k6s2g705pl8m8l7eegoprkm3lg?imageView2/2/w/120/format/jpg,0,,691f05b70000000038027696,1763796781211,0
691f0e990000000038004471,1763643033000,山东,691edd31000000001e0322b0,应该行,67ac5b64000000000e01342b,胖胖,https://sns-avatar-qc.xhscdn.com/avatar/1040g2jo31juf8n8oio605ptcbdi3id1b91csl28?imageView2/2/w/120/format/jpg,0,,691f05b70000000038027696,1763796781216,0
691f0fd2000000003800a2c4,1763643347000,湖南,691edd31000000001e0322b0,清洁干净吗？,6667b2f60000000007006996,雨晨,https://sns-avatar-qc.xhscdn.com/avatar/1040g2jo31oo3eoul6m6g5pj7mbr1oqcmpr9vv48?imageView2/2/w/120/format/jpg,0,,691f05b70000000038027696,1763796781222,0
691f10ca00000000380271c2,1763643595000,山东,691edd31000000001e0322b0,可以吗,65800eec000000003d029227,小小Q,https://sns-avatar-qc.xhscdn.com/avatar/1040g2jo31p4dv9r42g6g5pc01rmfd4h7ucpjs4g?imageView2/2/w/120/format/jpg,0,,691f05b70000000038027696,1763796781224,0
691f1589000000001403f32d,1763644809000,河南,691edd31000000001e0322b0,蹲一波,673470ab000000001d02cc21,天天开心啊,https://sns-avatar-qc.xhscdn.com/avatar/1040g2jo31ci2sk0bge505ppke2lndj11t9ocd70?imageView2/2/w/120/format/jpg,0,,691f05b70000000038027696,1763796781227,0
691f15d6000000001502ca45,1763644886000,山东,691edd31000000001e0322b0,可以补,68b7e480000000001903f3f7,🌸,https://sns-avatar-qc.xhscdn.com/avatar/1040g2jo31lv902f9l0605q5nsi06fsvnhepo1lg?imageView2/2/w/120/format/jpg,0,,691f05b70000000038027696,1763796783430,0
691f1ccb0000000039007c0d,1763646668000,山东,691edd31000000001e0322b0,哪里买的呀,66e39836000000000b031a15,小鲈鱼,https://sns-avatar-qc.xhscdn.com/avatar/1040g2jo31nl28f4g6g005pn3j0r2u6glb0vtii8?imageView2/2/w/120/format/jpg,0,,691f05b70000000038027696,1763796783437,0
691f26e80000000038009263,1763649257000,广东,691edd31000000001e0322b0,打扫的干净吗,64649c15000000000f006d56,小狗吃饭,https://sns-avatar-qc.xhscdn.com/avatar/1040g2jo31on38iac6g005p34jgajoram9v6649o?imageView2/2/w/120/format/jpg,0,,691f05b70000000038027696,1763796783447,0
691f27740000000038007c02,1763649396000,河南,691edd31000000001e0322b0,有没有国补,5fe1ac920000000001004fd2,CC,https://sns-avatar-qc.xhscdn.com/avatar/1040g2jo31fhqs1mdg06g5nv1li908jui6gjuktg?imageView2/2/w/120/format/jpg,0,,691f05b70000000038027696,1763796783452,0
691f32650000000016026959,1763652198000,广东,691edd31000000001e0322b0,怎么样的呢？,67e177cf000000000e01dee2,炫碗螺蛳粉,https://sns-avatar-qc.xhscdn.com/avatar/1040g2jo31lka276gl8605pv1ev7jjnn2bcgd1a0?imageView2/2/w/120/format/jpg,0,,691f05b70000000038027696,1763796783455,0
691f2cbd000000001403d707,1763650749000,广东,691edd31000000001e0322b0,我也想问这个,68ee881b0000000037033ded,芋泥啵啵,https://sns-avatar-qc.xhscdn.com/avatar/1040g2jo31o90q45g4u6g5q7eh0dtuffd2uq2et0?imageView2/2/w/120/format/jpg,0,,691f27700000000038007b6a,1763796785459,0
691f2d02000000003802e3c0,1763650818000,重庆,691edd31000000001e0322b0,清洁力度怎么样？,68eba789000000003702ff90,略略略,https://sns-avatar-qc.xhscdn.com/avatar/1040g2jo31ohbcjgomm505q7bku4ttvsgmfefjgg?imageView2/2/w/120/format/jpg,0,,691f27700000000038007b6a,1763796785892,0
691f2e5200000000380067ad,1763651155000,广东,691edd31000000001e0322b0,还有活动吗？,66ba2699000000000b033f84,小黑鱼,https://sns-avatar-qc.xhscdn.com/avatar/1040g2jo31ofcferi58005plq4qciufs4il6ppqg?imageView2/2/w/120/format/jpg,0,,691f27700000000038007b6a,1763796785898,0
691f390f000000001502eb22,1763653903000,广东,691edd31000000001e0322b0,现在有活动吗？,61af2e71000000001000ec3c,勇敢小羊,https://sns-avatar-qc.xhscdn.com/avatar/1040g2jo31mh92q3fkq5g5odf5pok1r1sqcm0pog?imageView2/2/w/120/format/jpg,0,,691f27700000000038007b6a,1763796785904,0
691f4754000000001600cf40,1763657556000,广东,691edd31000000001e0322b0,活动力度大吗,6628b751000000000d0262b1,家政小y,https://sns-avatar-qc.xhscdn.com/avatar/1040g2jo31hqp4v003o6g5ph8mt8jcolhhdmcd2o?imageView2/2/w/120/format/jpg,0,,691f27700000000038007b6a,1763796785909,0
691f6a950000000038014c53,1763666581000,广东,691edd31000000001e0322b0,也想知道,6856b14c000000001e00706f,小小酥,https://sns-avatar-qc.xhscdn.com/avatar/1040g2jo31kh9rg73j05g5q2mm567gs3fh4iin5o?imageView2/2/w/120/format/jpg,0,,691f27700000000038007b6a,1763796785925,0
691f05ac000000003802f21f,1763640748000,山东,691edd31000000001e0322b0,同问下,5afd9a33e8ac2b24201c1ea6,橘子橘,https://sns-avatar-qc.xhscdn.com/avatar/1040g2jo31p3dah1uig004a5dp7d367l6034sse8?imageView2/2/w/120/format/jpg,0,,691f0149000000001d027e09,1763796787939,0
691f05b000000000380122c1,1763640753000,河南,691edd31000000001e0322b0,对啊,67110b45000000001d02049d,骑老奶奶过马路,https://sns-avatar-qc.xhscdn.com/avatar/1040g2jo31mdp86935ikg5poh1d2nc14tggnc040?imageView2/2/w/120/format/jpg,0,,691f0149000000001d027e09,1763796788183,0
691f0924000000001702dded,1763641637000,广东,691edd31000000001e0322b0,好不好呢,6038d2fa0000000001005b62,UU,https://sns-avatar-qc.xhscdn.com/avatar/1040g2jo311q69rekgk5g5o1oqbt08mr2gqcjjro?imageView2/2/w/120/format/jpg,0,,691f0149000000001d027e09,1763796788185,0
691f0c5d000000001403d374,1763642461000,湖南,691edd31000000001e0322b0,吸力大吗,6200c0ed00000000100069aa,柠檬,https://sns-avatar-qc.xhscdn.com/avatar/1040g2jo31omntl706g505oko5mnoc7a3cakr6pg?imageView2/2/w/120/format/jpg,0,,691f0149000000001d027e09,1763796788189,0
691f17a10000000016022d4b,1763645345000,广东,691edd31000000001e0322b0,续航怎么样,626a79b2000000001000ebbe,SQ,https://sns-avatar-qc.xhscdn.com/avatar/1040g2jo31fauef056a005ojaf6p41qtuup8mlgg?imageView2/2/w/120/format/jpg,0,,691f0149000000001d027e09,1763796788194,0
691f1b44000000001d01df10,1763646277000,河南,691edd31000000001e0322b0,可以试一下,65338b82000000002a0197a7,蘑菇,https://sns-avatar-qc.xhscdn.com/avatar/1040g2jo31liab2kkl8605p9jhe1aj5t7sa4c32g?imageView2/2/w/120/format/jpg,0,,691f0149000000001d027e09,1763796788201,0
691f1e84000000003801187f,1763647108000,广东,691edd31000000001e0322b0,还可以的啦,658cfa2b0000000022016442,傻大鹅,https://sns-avatar-qc.xhscdn.com/avatar/1040g2jo31n56512c5m6g5pccv8loip222n95hsg?imageView2/2/w/120/format/jpg,0,,691f1585000000001403f21a,1763796790208,0
691f2653000000001702fb8f,1763649107000,广东,691edd31000000001e0322b0,蹲测评,68454353000000001d015a97,吃一口栗子,https://sns-avatar-qc.xhscdn.com/avatar/1040g2jo31msp5tcf6g005q258d9namknao7r91o?imageView2/2/w/120/format/jpg,0,,691f1585000000001403f21a,1763796790460,0
691f26de00000000380126a7,1763649247000,广东,691edd31000000001e0322b0,颜值挺高的，价格多少呀,64649c15000000000f006d56,小狗吃饭,https://sns-avatar-qc.xhscdn.com/avatar/1040g2jo31on38iac6g005p34jgajoram9v6649o?imageView2/2/w/120/format/jpg,1,,0,1763796792665,1
691f3908000000001502e9e7,1763653896000,广东,691edd31000000001e0322b0,续航能多久啊，需要总充电吗,61af2e71000000001000ec3c,勇敢小羊,https://sns-avatar-qc.xhscdn.com/avatar/1040g2jo31mh92q3fkq5g5odf5pok1r1sqcm0pog?imageView2/2/w/120/format/jpg,0,,0,1763796792675,0
691f117b000000001502c630,1763643772000,辽宁,691edd31000000001e0322b0,扫过后会不会有死角,66094d5f000000000600c065,宁宁,https://sns-avatar-qc.xhscdn.com/avatar/1040g2jo31npir4rj526g5pg99lfhhg35fja9e6g?imageView2/2/w/120/format/jpg,2,,0,1763796792677,0
691f06d700000000380263fe,1763641048000,贵州,691edd31000000001e0322b0,有售后保障服务吗？,68ba8330000000001a00f9a6,小甜甜,https://sns-avatar-qc.xhscdn.com/avatar/1040g2jo31o1c4d696m6g5q5qgco6hud678h9ja8?imageView2/2/w/120/format/jpg,3,,0,1763796792686,0
691f3b59000000001d024c9c,1763654489000,广东,691edd31000000001e0322b0,沙发底下也可以打扫的干干净净吗,6190da4000000000100045c2,小懒。？？？,https://sns-avatar-qc.xhscdn.com/avatar/1040g2jo30s3p4t5c32505ocgr9040he2jcadlf8?imageView2/2/w/120/format/jpg,1,,0,1763796792698,0
691f326100000000160229ac,1763652194000,广东,691edd31000000001e0322b0,售后可不可以的呀这个？,67e177cf000000000e01dee2,炫碗螺蛳粉,https://sns-avatar-qc.xhscdn.com/avatar/1040g2jo31lka276gl8605pv1ev7jjnn2bcgd1a0?imageView2/2/w/120/format/jpg,0,,0,1763796792705,0
691f2e4d000000003900505e,1763651149000,广东,691edd31000000001e0322b0,性价比怎么样啊？有入手过的吗？,66ba2699000000000b033f84,小黑鱼,https://sns-avatar-qc.xhscdn.com/avatar/1040g2jo31ofcferi58005plq4qciufs4il6ppqg?imageView2/2/w/120/format/jpg,0,,0,1763796792712,1
691f2cf300000000390089af,1763650804000,重庆,691edd31000000001e0322b0,清扫完以后需要打开机舱再清理吗？,68eba789000000003702ff90,略略略,https://sns-avatar-qc.xhscdn.com/avatar/1040g2jo31ohbcjgomm505q7bku4ttvsgmfefjgg?imageView2/2/w/120/format/jpg,0,,0,1763796792723,0
691f28c0000000001600d59a,1763649729000,广东,691edd31000000001e0322b0,解放双手的神器终于来了，再也不用和头发丝大战三百回合了,624814a30000000010007945,丸子,https://sns-avatar-qc.xhscdn.com/avatar/1040g2jo31fjmg7cog2605oi82ihk0ua57c41ceo?imageView2/2/w/120/format/jpg,0,,0,1763796792734,0
691f272d000000003800706f,1763649326000,广东,691edd31000000001e0322b0,沙发底下也可以打扫的干干净净吗,67ab206d000000000e012fe3,小年糕,https://sns-avatar-qc.xhscdn.com/avatar/1040g2jo31n8t8eoa58005ptb41mjibv3iqiqqgo?imageView2/2/w/120/format/jpg,0,,0,1763796792771,0
691f28c8000000001600d784,1763649737000,广东,691edd31000000001e0322b0,贵不贵的啊,624814a30000000010007945,丸子,https://sns-avatar-qc.xhscdn.com/avatar/1040g2jo31fjmg7cog2605oi82ihk0ua57c41ceo?imageView2/2/w/120/format/jpg,0,,691f26de00000000380126a7,1763796794786,0
691f13180000000014035623,1763644185000,湖南,691edd31000000001e0322b0,应该可以吧,5e2fc3e0000000000100239f,雪┃落不留痕,https://sns-avatar-qc.xhscdn.com/avatar/1040g2jo31okm6lu0ku005nhfofg088svuss1fig?imageView2/2/w/120/format/jpg,0,,691f117b000000001502c630,1763796794788,0
691f1a3100000000390052fd,1763646001000,贵州,691edd31000000001e0322b0,可以试用的吗？,61343cd70000000002025b60,你的排骨玉米汤耶,https://sns-avatar-qc.xhscdn.com/avatar/1040g2jo31flc4u9l7q6g5o9k7jbgkmr0drhk750?imageView2/2/w/120/format/jpg,0,,691f117b000000001502c630,1763796795119,0
691f08d30000000016026cd6,1763641555000,广东,691edd31000000001e0322b0,去问问客服,65bb6ed800000000090242ca,EiEii,https://sns-avatar-qc.xhscdn.com/avatar/1040g2jo31l4maeq3306g5pdrdrc2cgma8mecf80?imageView2/2/w/120/format/jpg,0,,691f06d700000000380263fe,1763796797124,0
691f0ec0000000003802aa0b,1763643073000,广东,691edd31000000001e0322b0,应该有的,617d21fa0000000002027d0c,奤罗,https://sns-avatar-qc.xhscdn.com/avatar/1040g2jo31kq6i5k32o005obt47t0kv8c4p4pfto?imageView2/2/w/120/format/jpg,0,,691f06d700000000380263fe,1763796797366,0
691f1ac2000000000e034cce,1763646147000,重庆,691edd31000000001e0322b0,质保几年呢？,62ed2c26000000001f015518,潮嬷最爽捏,https://sns-avatar-qc.xhscdn.com/avatar/1040g2jo31mmmk50m52105ond5gj7ql8o4hicmqg?imageView2/2/w/120/format/jpg,0,,691f06d700000000380263fe,1763796797368,0
691f41fe0000000038025d77,1763656190000,广东,691edd31000000001e0322b0,我也想知道,67018dd2000000001d02018a,Yy,https://sns-avatar-qc.xhscdn.com/avatar/1040g2jo31lligkks58005po1hn97c0ca18klpcg?imageView2/2/w/120/format/jpg,0,,691f3b59000000001d024c9c,1763796799376,0
691fe3c8000000001403eaf6,1763697609000,浙江,691ee1c7000000001f00843f,失业做自媒体，就知道过得怎么样了[doge],6525493c000000002a028a05,仙族传媒,https://sns-avatar-qc.xhscdn.com/avatar/1040g2jo31kfeqt34j66g5p9594ual2g5qafla88?imageView2/2/w/120/format/jpg,23,,0,1763796801614,8
692085630000000016025122,1763738980000,辽宁,691ee1c7000000001f00843f,这不是结婚的意义这是初婚时期，没孩子不算完美的婚姻,5763bc9a6a6a694dc0459fb8,持之以恒,https://sns-avatar-qc.xhscdn.com/avatar/1040g2jo3166dst44gu5g48gnk6u9l7to5sg39co?imageView2/2/w/120/format/jpg,1,,0,1763796801618,0
6920572e000000001403e670,1763727151000,湖北,691ee1c7000000001f00843f,好用好用,6114b6b0000000000101c98c,小红薯61153821,https://sns-avatar-qc.xhscdn.com/avatar/53ba1722242c3e9344db7b0fc2e1005f.jpg?imageView2/2/w/120/format/jpg,0,,0,1763796801625,0
692056be000000001d01feb2,1763727039000,湖北,691ee1c7000000001f00843f,我也买了，好用,672c375a000000001d02cd8a,金yizhen,https://sns-avatar-qc.xhscdn.com/avatar/645b800677c97ef1a2abc7e0.jpg?imageView2/2/w/120/format/jpg,0,,0,1763796801633,1
692026de00000000160238ad,1763714782000,山东,691ee1c7000000001f00843f,1,61938e4c000000001000faf8,安于现状的小女孩,https://sns-avatar-qc.xhscdn.com/avatar/61d65c5a01ec7494c822f5a6.jpg?imageView2/2/w/120/format/jpg,0,,0,1763796801644,0
6920199c000000001d024108,1763711389000,辽宁,691ee1c7000000001f00843f,这是有钱的意义,5b2b3d2811be106b54e2cf65,Noochoochoo,https://sns-avatar-qc.xhscdn.com/avatar/1040g2jo31o3bnq244u6g4a6el2uihjr59q9hngg?imageView2/2/w/120/format/jpg,0,,0,1763796801650,0
691f074900000000160206d8,1763641161000,江苏,691ee1c7000000001f00843f,广子就广子，还来那么长前奏[doge],652b962c000000002b001179,张恨水,https://sns-avatar-qc.xhscdn.com/avatar/1040g2jo31gt5iurjjq005p9biomao4bph0gveko?imageView2/2/w/120/format/jpg,3,,0,1763796801658,11
69200cda000000000e037993,1763708122000,新疆,691ee1c7000000001f00843f,祝㊗长长久久，我们也是自己住[赞R],634e4eac000000001802f6d3,开心果,https://sns-avatar-qc.xhscdn.com/avatar/634e507c1b1387384d24634f.jpg?imageView2/2/w/120/format/jpg,0,,0,1763796801672,0
691ffd08000000001403f94e,1763704073000,湖南,691ee1c7000000001f00843f,卖家具的,61f0033d000000000201963e,🤧,https://sns-avatar-qc.xhscdn.com/avatar/1040g2jo31ok0h2ftl0005ofg0cugj5hu276cm5o?imageView2/2/w/120/format/jpg,0,,0,1763796801687,2
691fffad000000000e0341da,1763704750000,湖北,691ee1c7000000001f00843f,大疆的避障和自清洗真的可以！比只会吃数据线的扫地机器人强多了,654a27f0000000000301e3bd,飞飞,https://sns-avatar-qc.xhscdn.com/avatar/645b7c0d1d74d41345e61461.jpg?imageView2/2/w/120/format/jpg,0,,0,1763796801694,3
691fe8500000000038031491,1763698768000,广东,691ee1c7000000001f00843f,没失业啊😧，我们有自己的主职工作,5c1318b8f7e8b9350fca89bd,陈哆宝,https://sns-avatar-qc.xhscdn.com/avatar/1040g2jo30pkson9u6s004bv26ucbh2dt2448bqo?imageView2/2/w/120/format/jpg,0,,691fe3c8000000001403eaf6,1763796803711,4
691feb8f000000001403ef71,1763699600000,浙江,691ee1c7000000001f00843f,啥工作啊？有这么闲？,6525493c000000002a028a05,仙族传媒,https://sns-avatar-qc.xhscdn.com/avatar/1040g2jo31kfeqt34j66g5p9594ual2g5qafla88?imageView2/2/w/120/format/jpg,0,,691fe8500000000038031491,1763796803941,2
691fec8f000000003802af15,1763699856000,广东,691ee1c7000000001f00843f,你这么说我真不乐意了，就是有人平时上班周末做自媒体不休息的，不要臆想闲的人才能这样，只看到别人的收获，不考虑别人背后的付出。,5af9354d11be100ecfa5dbd5,严植树,https://sns-avatar-qc.xhscdn.com/avatar/654b0efe15478523ae8af5ab.jpg?imageView2/2/w/120/format/jpg,0,,691feb8f000000001403ef71,1763796803944,4
691feccc0000000038006e08,1763699917000,广东,691ee1c7000000001f00843f,不闲，只是我们俩都是周末双休，利用自己休息的时间拍视频，努力没什么好被嘲笑的吧。,5c1318b8f7e8b9350fca89bd,陈哆宝,https://sns-avatar-qc.xhscdn.com/avatar/1040g2jo30pkson9u6s004bv26ucbh2dt2448bqo?imageView2/2/w/120/format/jpg,0,,691feb8f000000001403ef71,1763796803952,5
691fed470000000038014bc9,1763700039000,广东,691ee1c7000000001f00843f,我毕业后任职经历就是腾讯 字节 某手机品牌市场部 ，每一份工作都不闲，但我和哆宝就是能挤出时间做自媒体。想创造更美好的生活，就是要努力啊,5af9354d11be100ecfa5dbd5,严植树,https://sns-avatar-qc.xhscdn.com/avatar/654b0efe15478523ae8af5ab.jpg?imageView2/2/w/120/format/jpg,0,,691feb8f000000001403ef71,1763796803957,3
691fee40000000001403fddf,1763700289000,浙江,691ee1c7000000001f00843f,所以说你很闲啊，现在大多数都要加班，累死累活，你们还有精力摆拍视频做剪辑，普通打工人回家就趴着不想动了,6525493c000000002a028a05,仙族传媒,https://sns-avatar-qc.xhscdn.com/avatar/1040g2jo31kfeqt34j66g5p9594ual2g5qafla88?imageView2/2/w/120/format/jpg,0,,691feccc0000000038006e08,1763796803967,1
691feee8000000000601b20e,1763700457000,浙江,691ee1c7000000001f00843f,大厂996加班都要到十点，居然还有精力做自媒体，也是牛逼，佩服,6525493c000000002a028a05,仙族传媒,https://sns-avatar-qc.xhscdn.com/avatar/1040g2jo31kfeqt34j66g5p9594ual2g5qafla88?imageView2/2/w/120/format/jpg,0,,691fed470000000038014bc9,1763796806483,1
691ff089000000001403fd25,1763700874000,广东,691ee1c7000000001f00843f,那你可以不找加班的，虽说确实工作难找，你想要什么样，只要放低要求都有，可以工资不那么高，人家可能就是不靠资本家赚钱，你去打工不就是给资本家谋利润吗，能自力更生才是硬道理，这有什么闲不闲的，我也找了份虽说工资没那么高，但是我一周有三天休息时间，我就在卖货[捂脸R]，至少比我纯打工赚的多啊，真的是，你在这里找骂,646b235f000000002a00b8e5,不停写写写,https://sns-avatar-qc.xhscdn.com/avatar/1040g2jo31caktr2age6g5p3b4dfqhe75uj9l8h0?imageView2/2/w/120/format/jpg,0,,691fee40000000001403fddf,1763796806485,2
691ff0950000000038009f6b,1763700886000,广东,691ee1c7000000001f00843f,大厂其实真不是每个部门都是996式的加班，有很多种加班方式，时间是自己安排出来的,5af9354d11be100ecfa5dbd5,严植树,https://sns-avatar-qc.xhscdn.com/avatar/654b0efe15478523ae8af5ab.jpg?imageView2/2/w/120/format/jpg,0,,691feee8000000000601b20e,1763796806492,0
691ff1230000000038015136,1763701028000,广东,691ee1c7000000001f00843f,你上来就说我们失业了，告诉你没失业，你又说我们太闲，你说你打工完就不想动。但每个人都有自己的生活自己的追求，你可以躺平，我也可以动起来，闲是没事干，努力是挤出时间做更多事。我努力学习进好的公司，努力工作挤出空余时间发展副业，不觉得这有什么要被你冷嘲热讽的。,5c1318b8f7e8b9350fca89bd,陈哆宝,https://sns-avatar-qc.xhscdn.com/avatar/1040g2jo30pkson9u6s004bv26ucbh2dt2448bqo?imageView2/2/w/120/format/jpg,0,,691fee40000000001403fddf,1763796806498,0
691ff136000000001403e720,1763701046000,浙江,691ee1c7000000001f00843f,别让你老板看到了，不然他会认为你工作量太小，还有心思做这个,6525493c000000002a028a05,仙族传媒,https://sns-avatar-qc.xhscdn.com/avatar/1040g2jo31kfeqt34j66g5p9594ual2g5qafla88?imageView2/2/w/120/format/jpg,0,,691ff0950000000038009f6b,1763796806501,0
691ff2100000000038011a20,1763701265000,广东,691ee1c7000000001f00843f,你想错了，第一领导很忙，只看本职工作做的好不好。第二这之间没有任何的禁业关系，并且我的账号有流量公司还主动找我合作了视频花钱的那种。平时的活动更希望我能帮忙宣传,5af9354d11be100ecfa5dbd5,严植树,https://sns-avatar-qc.xhscdn.com/avatar/654b0efe15478523ae8af5ab.jpg?imageView2/2/w/120/format/jpg,0,,691ff136000000001403e720,1763796808734,0
691ff29d000000001403f227,1763701405000,浙江,691ee1c7000000001f00843f,那还真是天下难得的好老板,6525493c000000002a028a05,仙族传媒,https://sns-avatar-qc.xhscdn.com/avatar/1040g2jo31kfeqt34j66g5p9594ual2g5qafla88?imageView2/2/w/120/format/jpg,0,,691ff1c7000000003800fa2b,1763796808736,0
691ff35b0000000038004872,1763701595000,广东,691ee1c7000000001f00843f,老板好不好只是取决于这个员工的工作做得够不够突出，不可替代性强不强，给他带来的利益够不够多。一切都来源于自己的努力。,5c1318b8f7e8b9350fca89bd,陈哆宝,https://sns-avatar-qc.xhscdn.com/avatar/1040g2jo30pkson9u6s004bv26ucbh2dt2448bqo?imageView2/2/w/120/format/jpg,0,,691ff29d000000001403f227,1763796808743,0
691ffa2e000000001403e9cd,1763703343000,江苏,691ee1c7000000001f00843f,对于你，我只想说[汗颜R][汗颜R][汗颜R],5f49bb9800000000010059b8,期待,https://sns-avatar-qc.xhscdn.com/avatar/1040g2jo30t826o9r3u605nq9nec08mdo633peuo?imageView2/2/w/120/format/jpg,0,,691ff29d000000001403f227,1763796808750,1
691ffa45000000001403edfd,1763703365000,江苏,691ee1c7000000001f00843f,加油姐姐[吧唧R],5f49bb9800000000010059b8,期待,https://sns-avatar-qc.xhscdn.com/avatar/1040g2jo30t826o9r3u605nq9nec08mdo633peuo?imageView2/2/w/120/format/jpg,0,,691ff1c7000000003800fa2b,1763796808754,0
691ffcff0000000039009c0c,1763704063000,广东,691ee1c7000000001f00843f,加油！[吧唧R][吧唧R][爱心R],5c1318b8f7e8b9350fca89bd,陈哆宝,https://sns-avatar-qc.xhscdn.com/avatar/1040g2jo30pkson9u6s004bv26ucbh2dt2448bqo?imageView2/2/w/120/format/jpg,0,,691ffa45000000001403edfd,1763796810919,0
69200388000000003802ad9d,1763705737000,辽宁,691ee1c7000000001f00843f,你自己愿意找个加班的怨谁啊[黑薯问号R]中国这么大我就不信没不加班的工作[石化R],61386e05000000000201a207,康熙,https://sns-avatar-qc.xhscdn.com/avatar/1040g2jo31knb2obs2o5g5o9odo2gj8g7f8usk0g?imageView2/2/w/120/format/jpg,0,,691fee40000000001403fddf,1763796810927,1
69202059000000001403fe4a,1763713113000,北京,691ee1c7000000001f00843f,其实呢按实际情况来看，BOSS直聘上的惨案也确实是数不胜数的。不加班的甚至一周还有几天休的工作薪资可想而知。不过这个确实是自己的选择,61454b150000000002018345,CG 伦锡,https://sns-avatar-qc.xhscdn.com/avatar/1040g2jo31335t1r2g8605oa59cagj0q5s80bd70?imageView2/2/w/120/format/jpg,0,,69200388000000003802ad9d,1763796810934,0
692020ff000000000e03516a,1763713280000,北京,691ee1c7000000001f00843f,分情况吧，假如你的流量还不错能利益他，老板会想着合作。没有流量的话，老板懒得鸟。流量还行但是和公司利益有冲突的话，确实得偷偷的了。,61454b150000000002018345,CG 伦锡,https://sns-avatar-qc.xhscdn.com/avatar/1040g2jo31335t1r2g8605oa59cagj0q5s80bd70?imageView2/2/w/120/format/jpg,0,,691ff35b0000000038004872,1763796810941,0
6920fc430000000039002cc8,1763769412000,浙江,691ee1c7000000001f00843f,宝宝们没必要理这种人[吃瓜R],66422e8d00000000070078ae,枯雨成霜,https://sns-avatar-qc.xhscdn.com/avatar/1040g2jo31ghu07ddji5g5pi25q6hou5ek6o1uo0?imageView2/2/w/120/format/jpg,0,,691fe8500000000038031491,1763796810952,0
691ff1c7000000003800fa2b,1763701192000,广东,691ee1c7000000001f00843f,老板看到了，还帮公司品牌打过广告，您还有什么意见吗，我在公司也是非常优秀的存在。不然你做上我们两个公司的CEO再来发言？,5c1318b8f7e8b9350fca89bd,陈哆宝,https://sns-avatar-qc.xhscdn.com/avatar/1040g2jo30pkson9u6s004bv26ucbh2dt2448bqo?imageView2/2/w/120/format/jpg,0,,691ff136000000001403e720,1763796813203,0
691ffa17000000000e037270,1763703320000,江苏,691ee1c7000000001f00843f,这个人估计看不得别人好，不要和它一般见识了，博主，我就爱看你们的视频，支持你们,5f49bb9800000000010059b8,期待,https://sns-avatar-qc.xhscdn.com/avatar/1040g2jo30t826o9r3u605nq9nec08mdo633peuo?imageView2/2/w/120/format/jpg,0,,691ff29d000000001403f227,1763796813206,2
69208e780000000038027626,1763741304000,广东,691ee1c7000000001f00843f,这怎么不是？不同时期有不同时期的美好，98年还没娃很正常吧，我们选择享受当下。,5af9354d11be100ecfa5dbd5,严植树,https://sns-avatar-qc.xhscdn.com/avatar/654b0efe15478523ae8af5ab.jpg?imageView2/2/w/120/format/jpg,0,,692085630000000016025122,1763796815218,0
691f2a39000000003800f7ef,1763650106000,广东,691ee1c7000000001f00843f,嘻嘻，真的很好用啦[心心眼R],5c1318b8f7e8b9350fca89bd,陈哆宝,https://sns-avatar-qc.xhscdn.com/avatar/1040g2jo30pkson9u6s004bv26ucbh2dt2448bqo?imageView2/2/w/120/format/jpg,0,,691f074900000000160206d8,1763796815221,4
692021a0000000001403c759,1763713440000,北京,691ee1c7000000001f00843f,这种能做到让人看着舒服的广告，确实是要费不少心思的。只能直呼不错[赞R],61454b150000000002018345,CG 伦锡,https://sns-avatar-qc.xhscdn.com/avatar/1040g2jo31335t1r2g8605oa59cagj0q5s80bd70?imageView2/2/w/120/format/jpg,0,,691f2a39000000003800f7ef,1763796815686,0
692027510000000038012f98,1763714898000,广东,691ee1c7000000001f00843f,谢谢[爱心R],5c1318b8f7e8b9350fca89bd,陈哆宝,https://sns-avatar-qc.xhscdn.com/avatar/1040g2jo30pkson9u6s004bv26ucbh2dt2448bqo?imageView2/2/w/120/format/jpg,0,,692021a0000000001403c759,1763796815690,0
691ffe15000000003800c4ac,1763704342000,广东,691ee1c7000000001f00843f,你好像一个女明星，我忘记叫啥名字啦[doge],6693f849000000000d026f68,大千,https://sns-avatar-qc.xhscdn.com/avatar/1040g2jo31g8ehisb1k005pkjv14jcrr8941sgio?imageView2/2/w/120/format/jpg,0,,0,1763796817958,0
691ff92f0000000038031c94,1763703088000,四川,691ee1c7000000001f00843f,98没娃不是很正常吗，我都还没结婚呢[石化R],60a9d3b9000000000101c0da,拉普拉斯与傅立叶,https://sns-avatar-qc.xhscdn.com/avatar/60aa27928a27f3ea19af16a1.jpg?imageView2/2/w/120/format/jpg,0,,0,1763796817969,0
691ff24f000000001502df48,1763701328000,浙江,691ee1c7000000001f00843f,真感觉结婚不是坎，生孩子才是，我跟我对象现在没孩子也很快乐[笑哭R],614eeda30000000002020950,clover.雅,https://sns-avatar-qc.xhscdn.com/avatar/614eeda30000000002020950.jpg?imageView2/2/w/120/format/jpg,0,,0,1763796817974,1
691ff202000000003803261a,1763701251000,河北,691ee1c7000000001f00843f,到底有多爽啊？,62b695c10000000019021649,令狐小冲,https://sns-avatar-qc.xhscdn.com/avatar/1040g2jo31clp9qm0gm605olmin0mc5i90fhug2g?imageView2/2/w/120/format/jpg,0,,0,1763796817977,0
691fe8040000000016024ac0,1763698692000,美国,691ee1c7000000001f00843f,结婚的意义是要有一个大疆扫地机器人？[失望R],64f9146100000000060305fe,哥村手记,https://sns-avatar-qc.xhscdn.com/avatar/1040g2jo31gslu57q3q005p7p2hghm1futbnps98?imageView2/2/w/120/format/jpg,0,,0,1763796817988,0
692117410000000016021690,1763776321000,广西,691ee1c7000000001f00843f,"34生娃，59解放
30生娃，55解放
​24生娃，49解放
​不生娃，爽到99",5e60f31700000000010017f1,momo,https://sns-avatar-qc.xhscdn.com/avatar/1040g2jo31lms7al0le6g5nj0ucbg85vh7v1enk8?imageView2/2/w/120/format/jpg,0,,0,1763796818000,0
691fd8ae0000000014036728,1763694767000,江苏,691ee1c7000000001f00843f,谁帮你们拍的视频呢,6190529f0000000010005a76,敏敏,https://sns-avatar-qc.xhscdn.com/avatar/6190529f0000000010005a76.jpg?imageView2/2/w/120/format/jpg,1,,0,1763796818005,0
691fcfbe000000001502f629,1763692479000,上海,691ee1c7000000001f00843f,不结婚  恋爱更爽,5a690907e8ac2b362f353351,Bi8bo🎈,https://sns-avatar-qc.xhscdn.com/avatar/1040g2jo31p46m7pdic6g4a12fr4gecqhcu0ghf0?imageView2/2/w/120/format/jpg,0,,0,1763796818016,0
691fc8960000000039009203,1763690646000,重庆,691ee1c7000000001f00843f,说好的不穿衣服呢[生气R],61020c1e000000000101c53b,洋盘,https://sns-avatar-qc.xhscdn.com/avatar/61020c1e000000000101c53b.jpg?imageView2/2/w/120/format/jpg,0,,0,1763796818023,1
691fb917000000001d01ed9f,1763686679000,陕西,691ee1c7000000001f00843f,意义是？扫地？,599e4c4c50c4b47568cf75ef,球球啦,https://sns-avatar-qc.xhscdn.com/avatar/1040g2jo31jjguhef326049ol4d64otffsd0c320?imageView2/2/w/120/format/jpg,0,,0,1763796818034,0
691fdd290000000039009f71,1763695913000,广东,691ee1c7000000001f00843f,把手机固定一个位置点击录制，就可以了,5c1318b8f7e8b9350fca89bd,陈哆宝,https://sns-avatar-qc.xhscdn.com/avatar/1040g2jo30pkson9u6s004bv26ucbh2dt2448bqo?imageView2/2/w/120/format/jpg,0,,691fd8ae0000000014036728,1763796820043,1
691fb35a000000001d024295,1763685210000,上海,691ee1c7000000001f00843f,因为无娃所以才能开心[笑哭R],6597cd0d000000002200311e,e,https://sns-avatar-qc.xhscdn.com/avatar/645b802027c6616ef4dc0b4a.jpg?imageView2/2/w/120/format/jpg,0,,0,1763796820283,0
691efcda000000000e035128,1763638490000,广西,691ee1c7000000001f00843f,你这一个月花多少电费,612a1ce3000000000101f841,银杏子,https://sns-avatar-qc.xhscdn.com/avatar/612a1ce3000000000101f841.jpg?imageView2/2/w/120/format/jpg,1,,0,1763796820299,1
691fb229000000001702e350,1763684905000,湖北,691ee1c7000000001f00843f,结婚了？首页怎么写男朋友？,6666ec6f0000000007005c56,武汉三镇,https://sns-avatar-qc.xhscdn.com/avatar/1040g2jo31mqpa6km6m605pj6thnhon2mddqc86o?imageView2/2/w/120/format/jpg,0,,0,1763796820314,0
691fb105000000000601a4f7,1763684613000,湖北,691ee1c7000000001f00843f,具体型号。,5b1c7f38e8ac2b4dfb3237a6,小晨学长,https://sns-avatar-qc.xhscdn.com/avatar/646169611e6a57c3bdb95944.jpg?imageView2/2/w/120/format/jpg,0,,0,1763796820319,0
691fa37600000000160214b7,1763681143000,浙江,691ee1c7000000001f00843f,扫地机太孤独了，生个娃陪陪它。,5e1986b90000000001007794,路人壬,https://sns-avatar-qc.xhscdn.com/avatar/1040g2jo317frdig33q6g5ngpgqsg8tske4eeko8?imageView2/2/w/120/format/jpg,0,,0,1763796820325,1
691fa0110000000039001ffd,1763680273000,江苏,691ee1c7000000001f00843f,马的竟然是广告,5e9b896c0000000001005530,南京白港复合材料有限公司,https://sns-avatar-qc.xhscdn.com/avatar/5e9b89ccccf23a0001412d87.jpg?imageView2/2/w/120/format/jpg,0,,0,1763796820332,2
691f2837000000003802e5b3,1763649591000,广东,691ee1c7000000001f00843f,不贵的 很多都是一级能耗了放心用,5af9354d11be100ecfa5dbd5,严植树,https://sns-avatar-qc.xhscdn.com/avatar/654b0efe15478523ae8af5ab.jpg?imageView2/2/w/120/format/jpg,0,,691efcda000000000e035128,1763796822345,2
69209c860000000038012c13,1763744902000,河南,691ee4e1000000001e035c19,会不会抬头，可以自动避障吗？,628e0a86000000001501c3f6,hhh,https://sns-avatar-qc.xhscdn.com/avatar/628e0a86000000001501c3f6.jpg?imageView2/2/w/120/format/jpg,1,,0,1763796824566,0
6920b8b100000000380108e4,1763752114000,广东,691ee4e1000000001e035c19,好,611680f3000000000101e7ad,久辞,https://sns-avatar-qc.xhscdn.com/avatar/611680f3000000000101e7ad.jpg?imageView2/2/w/120/format/jpg,0,,0,1763796824571,0
6920990e000000001403492d,1763744015000,北京,691ee4e1000000001e035c19,哪里入手呀有没有活动@火鸡面,5bf8d0cf8ea35d0001d6fa70,黑啦,https://sns-avatar-qc.xhscdn.com/avatar/1040g2jo31o73jkrs4q004bteto8cvujgcknfmfg?imageView2/2/w/120/format/jpg,0,,0,1763796824577,0
69209902000000001600fcc1,1763744002000,山东,691ee4e1000000001e035c19,价格怎么样贵不贵,66f8fdd5000000000d027d08,nn,https://sns-avatar-qc.xhscdn.com/avatar/1040g2jo31olctqvdl85g5pnovnajcv88v1mbet0?imageView2/2/w/120/format/jpg,0,,0,1763796824588,0
69209d3d000000003802fea9,1763745085000,河南,691ee4e1000000001e035c19,沙发底床底可以钻进去吗？,602bf6ed000000000100490f,zay,https://sns-avatar-qc.xhscdn.com/avatar/1040g2jo31fvbiinpnk5g5o1burmg8i8fqgehgs8?imageView2/2/w/120/format/jpg,0,,0,1763796824594,0
69204301000000001702c0b2,1763721985000,陕西,691ee4e1000000001e035c19,清洁力怎么样的呀,5cfb2bc5000000001702065d,黑松露,https://sns-avatar-qc.xhscdn.com/avatar/1040g2jo31lp9mc8i5e005n7r5f2ls1itt2bnke8?imageView2/2/w/120/format/jpg,0,,0,1763796824604,0
6920096a000000001403fca9,1763707242000,江苏,691ee4e1000000001e035c19,厉害啊，看得我也想买了,6824386e000000000e02c7e6,巴麻美,https://sns-avatar-qc.xhscdn.com/avatar/1040g2jo31p5vpel7246g5q1471n3lhv6vkc7860?imageView2/2/w/120/format/jpg,0,,0,1763796824612,0
69209d45000000003802ff40,1763745094000,河南,691ee4e1000000001e035c19,用着智能吗？,602bf6ed000000000100490f,zay,https://sns-avatar-qc.xhscdn.com/avatar/1040g2jo31fvbiinpnk5g5o1burmg8i8fqgehgs8?imageView2/2/w/120/format/jpg,0,,69209c860000000038012c13,1763796826618,0
6893451f0000000029038f0d,1754481953000,,6892febe000000002501f484,,5ae96bae11be10518c71e6bd,DJI大疆创新,https://sns-avatar-qc.xhscdn.com/avatar/6151646e8fb14ef21fdddffb.jpg?imageView2/2/w/120/format/jpg,0,http://sns-webpic-qc.xhscdn.com/202511221533/d4093e6f252db0bfc67aadb73fb32dc1/comment/1040g2h031krgdr80j2004a502dlqtplt9q33iuo!nd_whgt34_webp_wm_1,0,1763796828911,7
6893460000000000290313c4,1754482177000,,6892febe000000002501f484,这么 tim 配音的吗,593ca4416f02d65999c03f39,小刘师傅,https://sns-avatar-qc.xhscdn.com/avatar/593ca4416f02d65999c03f39.jpg?imageView2/2/w/120/format/jpg,11,,0,1763796828916,33
6893475f000000002b018795,1754482528000,,6892febe000000002501f484,多，夺少？25000Pa？,6538797a0000000004008055,小红薯6538AB57,https://sns-avatar-qc.xhscdn.com/avatar/645b7f257b3e7e60e53504de.jpg?imageView2/2/w/120/format/jpg,5,,0,1763796828921,1
68934a73000000002902c440,1754483316000,,6892febe000000002501f484,影视飓风把你们收购了？[呃R],5bf398796c88640001163303,IMGoingBackToTheEarth,https://sns-avatar-qc.xhscdn.com/avatar/1040g2jo310p795jjme0g4bs8olc7ico3hih4p60?imageView2/2/w/120/format/jpg,1,,0,1763796828926,9
68934424000000002903f745,1754481700000,,6892febe000000002501f484,tim声音？第一,6637708e000000000303271c,Lileephotograohy,https://sns-avatar-qc.xhscdn.com/avatar/1040g2jo31ncn9rnf50005phne270u9osron7ld0?imageView2/2/w/120/format/jpg,1,,0,1763796828931,6
689477c1000000002b0076c1,1754560449000,,6892febe000000002501f484,多少钱一个,5b4f111d11be103e967cd8b3,搞钱要紧,https://sns-avatar-qc.xhscdn.com/avatar/c94b2589011be6d87bfbbbf21db9e2a0.jpg?imageView2/2/w/120/format/jpg,1,,0,1763796828936,0
6893933c0000000029027701,1754501948000,,6892febe000000002501f484,能够清理猫毛吗？！防缠绕吗,5c5aa7c6000000001003f161,bad maomao🐱,https://sns-avatar-qc.xhscdn.com/avatar/1040g2jo31jn0g6nd34005n2qkv347sb1sl224qg?imageView2/2/w/120/format/jpg,1,,0,1763796828944,0
689391ac0000000029030d51,1754501548000,,6892febe000000002501f484,能躲开狗屎吗,5657d7600bf90c3ae9fa4eb4,大洋芋'🍼,https://sns-avatar-qc.xhscdn.com/avatar/5657d7600bf90c3ae9fa4eb4.jpg?imageView2/2/w/120/format/jpg,1,,0,1763796828950,0
68934fb70000000029029ab3,1754484664000,,6892febe000000002501f484,请问尺寸是多少,6207ed52000000002102a79c,漂亮猫猫,https://sns-avatar-qc.xhscdn.com/avatar/1040g2jo30vtjbqvk60605og7tl98d9sssugbo78?imageView2/2/w/120/format/jpg,1,,0,1763796828958,0
689349de000000002902bf91,1754483167000,,6892febe000000002501f484,tim发错号了吧,5c1286960000000005038532,沉迷徒步的袁袁,https://sns-avatar-qc.xhscdn.com/avatar/1040g2jo3135q9229nm6g4bv1sv39d19i18hah3o?imageView2/2/w/120/format/jpg,1,,0,1763796828968,3
68934645000000002903df17,1754482245000,,6892febe000000002501f484,亿点点不一样[偷笑R],64127ef5000000001400c0ba,Cici深呼吸,https://sns-avatar-qc.xhscdn.com/avatar/66336b906bafc6d7d2f58584.jpg?imageView2/2/w/120/format/jpg,0,,6893460000000000290313c4,1763796830977,1
689348630000000029033010,1754482787000,,6892febe000000002501f484,那你还是一家吗[笑哭R],593ca4416f02d65999c03f39,小刘师傅,https://sns-avatar-qc.xhscdn.com/avatar/593ca4416f02d65999c03f39.jpg?imageView2/2/w/120/format/jpg,0,,68934645000000002903df17,1763796831173,0
68934d8f000000002903c5fb,1754484111000,,6892febe000000002501f484,就第1句话像,63bff524000000002601230b,microfishing,https://sns-avatar-qc.xhscdn.com/avatar/1040g2jo31ok2o8pc4u605otvuki9i8obq9dv8d8?imageView2/2/w/120/format/jpg,0,,689349cd000000002b018f91,1763796831177,0
6893502a00000000290368d8,1754484786000,,6892febe000000002501f484,有可能就是tim配的音,67cbb67e000000000e012a52,尘尘～,https://sns-avatar-qc.xhscdn.com/avatar/1040g2jo31eqcavcsmee05pubmpv3iaii4vchkdg?imageView2/2/w/120/format/jpg,0,http://sns-webpic-qc.xhscdn.com/202511221533/2253de7908a83cdba76bef4766332e6d/comment/1040g2h031krhp00sj4005pubmpv3iaiiequ6igg!nd_whlt34_webp_wm_1,6893460000000000290313c4,1763796831180,2
6893524a000000002b019f86,1754485323000,,6892febe000000002501f484,不是可能 就是 隔壁b站是联合投稿[笑哭R],618fea280000000021020a34,dM5在笑了-Ami1yANn,https://sns-avatar-qc.xhscdn.com/avatar/1040g2jo31dnsph76gu005ocft8k8c2hkulrfigg?imageView2/2/w/120/format/jpg,0,,6893502a00000000290368d8,1763796831187,0
6893525b000000002b01f689,1754485339000,,6892febe000000002501f484,就是tim b站是联合投稿[笑哭R],618fea280000000021020a34,dM5在笑了-Ami1yANn,https://sns-avatar-qc.xhscdn.com/avatar/1040g2jo31dnsph76gu005ocft8k8c2hkulrfigg?imageView2/2/w/120/format/jpg,0,,68934d8f000000002903c5fb,1763796831192,0
68936e40000000002b0222c3,1754492480000,,6892febe000000002501f484,在评测扫地机器人那个视频里面说了他们团队拍的tvb商业广告[偷笑R],61a37470000000001000c64a,雪猫眠,https://sns-avatar-qc.xhscdn.com/avatar/1040g2jo31lr90vt9l8605od3eho41hia2upvps8?imageView2/2/w/120/format/jpg,0,,6893525b000000002b01f689,1763796833397,2
68936e48000000002b007e85,1754492489000,,6892febe000000002501f484,在评测扫地机器人那个视频里面说了他们团队拍的tvb商业广告[偷笑R],61a37470000000001000c64a,雪猫眠,https://sns-avatar-qc.xhscdn.com/avatar/1040g2jo31lr90vt9l8605od3eho41hia2upvps8?imageView2/2/w/120/format/jpg,0,,68934d8f000000002903c5fb,1763796833401,1
6893d8c1000000002b016187,1754519745000,,6892febe000000002501f484,。。。,5f7dbf60000000000100b6bc,牧濑红莉栖,https://sns-avatar-qc.xhscdn.com/avatar/624182b54ad8df8e05f40ae8.jpg?imageView2/2/w/120/format/jpg,0,,68934d8f000000002903c5fb,1763796833407,0
6893f5d4000000002a0180f8,1754527189000,,6892febe000000002501f484,就是Tim,60b201e000000000010095b4,軒哥同学shutter,https://sns-avatar-qc.xhscdn.com/avatar/1040g2jo31fmtaa15ge4g5o5i07g095dkclnerpg?imageView2/2/w/120/format/jpg,0,,68934d8f000000002903c5fb,1763796833409,0
689349cd000000002b018f91,1754483149000,,6892febe000000002501f484,确实啊配音跟tim一毛一样,62e26740000000001e01c35a,Stein.a.Rh,https://sns-avatar-qc.xhscdn.com/avatar/1040g2jo310lvsmg8mg6g5on2ct07jgqqvt4ckd0?imageView2/2/w/120/format/jpg,0,,6893460000000000290313c4,1763796833413,8
68934b490000000029038afd,1754483529000,,6892febe000000002501f484,大疆 ROMO 机器人内部的高性能电机采用 9 叶片金属扇叶，配合专项优化的风道设计，可带来惊人的 25000 Pa 真空压力和每秒 20 升超大风量,5ae96bae11be10518c71e6bd,DJI大疆创新,https://sns-avatar-qc.xhscdn.com/avatar/6151646e8fb14ef21fdddffb.jpg?imageView2/2/w/120/format/jpg,0,,6893475f000000002b018795,1763796835417,4
68934caa000000002b01d4a1,1754483882000,,6892febe000000002501f484,你们再出个低配的，压力小一点用塑料叶片，价格砍到4000,5754e0e1a9b2ed3eb32c1007,Andy,https://sns-avatar-qc.xhscdn.com/avatar/64f2994af0a6d8b530ad8905.jpg?imageView2/2/w/120/format/jpg,0,,68934b490000000029038afd,1763796835589,1
68940170000000002b01b4bf,1754530161000,,6892febe000000002501f484,海外可以用吗,5b80871dd24e100001835a40,涓,https://sns-avatar-qc.xhscdn.com/avatar/1040g2jo317sd6adtka004ajfcq3hqmi0nct003g?imageView2/2/w/120/format/jpg,0,,68934b490000000029038afd,1763796835594,0
68940e97000000002b014800,1754533527000,,6892febe000000002501f484,你好，家里的猫狗毛能清理干净吗,5d4107a00000000011020e4e,天行阿健,https://sns-avatar-qc.xhscdn.com/avatar/1040g2jo31fvmqhpi066g5na10ug4c3iellha67o?imageView2/2/w/120/format/jpg,0,,68934b490000000029038afd,1763796835606,0
6893f2cd000000002a006c99,1754526413000,,6892febe000000002501f484,+1,61ffbc87000000001000e278,耳尖星河QvQ,https://sns-avatar-qc.xhscdn.com/avatar/1040g2jo31kvddnmu2g5g5ofvni3k1ojodl5dcug?imageView2/2/w/120/format/jpg,0,,68934b490000000029038afd,1763796835620,0
68936e6b000000002b019358,1754492523000,,6892febe000000002501f484,在评测扫地机器人那个视频里面说了他们团队拍的tvb商业广告[偷笑R],61a37470000000001000c64a,雪猫眠,https://sns-avatar-qc.xhscdn.com/avatar/1040g2jo31lr90vt9l8605od3eho41hia2upvps8?imageView2/2/w/120/format/jpg,0,,68934a73000000002902c440,1763796837628,0
68936e8b000000002b02f823,1754492556000,,6892febe000000002501f484,就是的，在评测扫地机器人那个视频里面说了他们团队拍的tvb商业广告[偷笑R],61a37470000000001000c64a,雪猫眠,https://sns-avatar-qc.xhscdn.com/avatar/1040g2jo31lr90vt9l8605od3eho41hia2upvps8?imageView2/2/w/120/format/jpg,0,,68934424000000002903f745,1763796837631,0
6894c812000000002902c0d7,1754581011000,,6892febe000000002501f484,DJI ROMO 系列扫地机器人4699元起，更多型号请移步官方商城详细了解。,5ae96bae11be10518c71e6bd,DJI大疆创新,https://sns-avatar-qc.xhscdn.com/avatar/6151646e8fb14ef21fdddffb.jpg?imageView2/2/w/120/format/jpg,0,,689477c1000000002b0076c1,1763796837637,2
6894c83c000000002902a6f6,1754581053000,,6892febe000000002501f484,大疆 ROMO 的中刷采用双悬臂螺旋结构，优雅解决毛发缠绕，对长发人士和养宠家庭更友好。,5ae96bae11be10518c71e6bd,DJI大疆创新,https://sns-avatar-qc.xhscdn.com/avatar/6151646e8fb14ef21fdddffb.jpg?imageView2/2/w/120/format/jpg,0,,6893933c0000000029027701,1763796837644,2
68972a990000000029039270,1754737305000,,6892febe000000002501f484,大疆 ROMO 若遇到宠物粪便类障碍物，机器人会避开。,5ae96bae11be10518c71e6bd,DJI大疆创新,https://sns-avatar-qc.xhscdn.com/avatar/6151646e8fb14ef21fdddffb.jpg?imageView2/2/w/120/format/jpg,0,,689391ac0000000029030d51,1763796837656,1
689359ff000000002902a763,1754487295000,,6892febe000000002501f484,"DJI ROMO 尺寸如下：
机器人：长 351 毫米，宽 351.8 毫米，高 98 毫米；
基站：长 453 毫米，宽 425 毫米，高 440 毫米。",5ae96bae11be10518c71e6bd,DJI大疆创新,https://sns-avatar-qc.xhscdn.com/avatar/6151646e8fb14ef21fdddffb.jpg?imageView2/2/w/120/format/jpg,0,,68934fb70000000029029ab3,1763796837664,2
68936e80000000002b023d13,1754492544000,,6892febe000000002501f484,b站里面是联合投稿,61a37470000000001000c64a,雪猫眠,https://sns-avatar-qc.xhscdn.com/avatar/1040g2jo31lr90vt9l8605od3eho41hia2upvps8?imageView2/2/w/120/format/jpg,0,,689349de000000002902bf91,1763796837670,0
68f34b6c0000000037011d6e,1760775020000,,6892febe000000002501f484,请问DJI ROMO会在马来西亚出售吗？,6291063c0000000021029bae,chungkam,https://sns-avatar-qc.xhscdn.com/avatar/166ad12ae9a7f6fbb4bbbf88d417895f.jpg?imageView2/2/w/120/format/jpg,0,,0,1763796837934,0
68eb80a6000000003901e961,1760264359000,,6892febe000000002501f484,li,5c17ad0e000000000502089e,柠檬味的海风,https://sns-avatar-qc.xhscdn.com/avatar/1040g2jo312skvkmd5e005n0nlk71c24ujqq6u2o?imageView2/2/w/120/format/jpg,0,,0,1763796837937,0
68d00af10000000030030e16,1758464753000,,6892febe000000002501f484,厉害,67513e030000000001000834,小棉宝丫,https://sns-avatar-qc.xhscdn.com/avatar/1040g2jo31b11kdis7c605pqh7o1g821kf8q0md0?imageView2/2/w/120/format/jpg,0,,0,1763796837947,0
68cac955000000000b0160df,1758120277000,,6892febe000000002501f484,好帅,5c3a80770000000007001812,拓疆者,https://sns-avatar-qc.xhscdn.com/avatar/1040g2jo31ni2tq4e6g705n1qg1rho60iu7s0c88?imageView2/2/w/120/format/jpg,0,,0,1763796837950,0
68a8aff7000000003001b84a,1755885560000,,6892febe000000002501f484,测测擦酱油地？,5d9afdc1000000000100a6e4,洗澡去,https://sns-avatar-qc.xhscdn.com/avatar/1040g2jo312dk52t0hi6g5ncqvn0g99n442q2tn0?imageView2/2/w/120/format/jpg,0,,0,1763796837958,0
689be75d00000000260369ac,1755047773000,,6892febe000000002501f484,真扫地机器人啊,5f7d1d4f000000000101d3d1,我要享福💛,https://sns-avatar-qc.xhscdn.com/avatar/1040g2jo31l6dai3d2u605nrt3l7gbkuh1hsbj00?imageView2/2/w/120/format/jpg,0,,0,1763796837970,0
689b791000000000300237ae,1755019536000,,6892febe000000002501f484,需要接上下水吗？[派对R],5adf88a14eacab5ec1e3e0f8,你好：董小姐～,https://sns-avatar-qc.xhscdn.com/avatar/5dc4ddaaa3ab730001b99154.jpg?imageView2/2/w/120/format/jpg,0,,0,1763796837976,0
689aa13c0000000029033342,1754964284000,,6892febe000000002501f484,机械美感,5c18dc510000000006013b68,旭雨,https://sns-avatar-qc.xhscdn.com/avatar/6491a2ea028f96bbc7355d86.jpg?imageView2/2/w/120/format/jpg,0,,0,1763796837984,0
6896b578000000002b0151ea,1754707320000,,6892febe000000002501f484,多少钱这个？,60f7aa7f000000000100ad9a,VanRide畅游温哥华,https://sns-avatar-qc.xhscdn.com/avatar/1040g2jo3161die18he0g5o7nl9vg9bcqabo55ig?imageView2/2/w/120/format/jpg,0,,0,1763796837997,0
6895e570000000002903f95c,1754654064000,,6892febe000000002501f484,我以为它遇到障碍物会飞呢[doge],5ab3a4f311be101430bd6a66,Tarobadkid,https://sns-avatar-qc.xhscdn.com/avatar/1040g2jo31hv2agds5m0g4a3qejif6qj6abd56g0?imageView2/2/w/120/format/jpg,0,,0,1763796838001,1
6895e173000000002903549a,1754653044000,,6892febe000000002501f484,水箱需要倒吗？,61922f5f000000001000a39d,Happy啄木鸟,https://sns-avatar-qc.xhscdn.com/avatar/61922f5f000000001000a39d.jpg?imageView2/2/w/120/format/jpg,0,,0,1763796840285,0
6894a58d000000002903468b,1754572174000,,6892febe000000002501f484,刚看完影视剧风的评测 就看到宣传片[doge][流汗R],64ae7c68000000001c029d53,创联网络科技工作室,https://sns-avatar-qc.xhscdn.com/avatar/1040g2jo31jclm9332u6g5p5efhk757ajp08am80?imageView2/2/w/120/format/jpg,0,,0,1763796840289,0
6894902b000000002a00979d,1754566699000,,6892febe000000002501f484,这个我用得着[偷笑R],5c1477f400000000070012c9,毛小毛,https://sns-avatar-qc.xhscdn.com/avatar/5ea0508aa4aed70001e1dee3.jpg?imageView2/2/w/120/format/jpg,0,,0,1763796840297,0
689477df000000002b01425c,1754560479000,,6892febe000000002501f484,家里有一个 能不能以旧换新[笑哭R],5b4f111d11be103e967cd8b3,搞钱要紧,https://sns-avatar-qc.xhscdn.com/avatar/c94b2589011be6d87bfbbbf21db9e2a0.jpg?imageView2/2/w/120/format/jpg,0,,0,1763796840300,0
6894777b000000002a0146bf,1754560380000,,6892febe000000002501f484,能飞吗？,6280d841000000002102910f,老木与海,https://sns-avatar-qc.xhscdn.com/avatar/6524aacc11557fc364f4facc.jpg?imageView2/2/w/120/format/jpg,0,,0,1763796840301,0
68947595000000002b019027,1754559894000,,6892febe000000002501f484,柔光砖+环氧彩砂，不知道能搞干净吗？[doge],5e4ec23900000000010085d9,棠好的小窝,https://sns-avatar-qc.xhscdn.com/avatar/1040g2jo31dq86tqogu605nieo8sg91epqupkmb8?imageView2/2/w/120/format/jpg,0,http://sns-webpic-qc.xhscdn.com/202511221534/e06e19a62558bcd2ddfa72a3365887a3/comment/1040g2h031ksl282430605nieo8sg91ep1354af8!nd_whgt34_webp_wm_1,0,1763796840304,0
68945f00000000002902ae53,1754554112000,,6892febe000000002501f484,拖布多久洗一次[笑哭R],5789bb9282ec396f018e6d45,小红薯5D4EFA51,https://sns-avatar-qc.xhscdn.com/avatar/c94b2589011be6d87bfbbbf21db9e2a0.jpg?imageView2/2/w/120/format/jpg,0,,0,1763796840311,0
68944b220000000029033611,1754549026000,,6892febe000000002501f484,APP可以不要鎖區嗎？[哭惹R]港澳台的用戶很需要啊,6633ab6e0000000003033f61,林峻宇,https://sns-avatar-qc.xhscdn.com/avatar/645b6a2cad8bfdf0d350826b.jpg?imageView2/2/w/120/format/jpg,0,,0,1763796840322,0
68944158000000002b018749,1754546521000,,6892febe000000002501f484,能飞吗[doge],538b90c1b4c4d60bb70f6a52,hymeng,https://sns-avatar-qc.xhscdn.com/avatar/1040g2jo316ju5efsgu004003ff8c2qii7g094dg?imageView2/2/w/120/format/jpg,0,,0,1763796840331,0
6894174e000000002a00cdf9,1754535758000,,6892febe000000002501f484,家具必须要配和，要不然会碰的头破血流,63e5fdee0000000026013b72,萍踪,https://sns-avatar-qc.xhscdn.com/avatar/1040g2jo31igrkb637o005ov5vnn9ierid6dffho?imageView2/2/w/120/format/jpg,0,,0,1763796840341,0
689406cf000000002a008bce,1754531536000,,6892febe000000002501f484,上下水能不能做薄一点？40多公分太高了耶，洗手台放不下[哭惹R],5aa48e57f7e8b9257b22a812,刘可乐呀,https://sns-avatar-qc.xhscdn.com/avatar/5d5f703571a94300018c0be4.jpg?imageView2/2/w/120/format/jpg,0,,0,1763796842545,0
689401f5000000002b00a7c2,1754530293000,,6892febe000000002501f484,[赞R],669e483e000000000b032c36,momo,https://sns-avatar-qc.xhscdn.com/avatar/1040g2jo31nil9h72mm505pljb9u7c2uv0mnfcto?imageView2/2/w/120/format/jpg,0,,0,1763796842548,0
689401ec000000002b01ed9a,1754530284000,,6892febe000000002501f484,[色色R][赞R][赞R],669e483e000000000b032c36,momo,https://sns-avatar-qc.xhscdn.com/avatar/1040g2jo31nil9h72mm505pljb9u7c2uv0mnfcto?imageView2/2/w/120/format/jpg,0,,0,1763796842553,0
689401ce000000002b020d98,1754530255000,,6892febe000000002501f484,[哇R][哇R][哇R],669e483e000000000b032c36,momo,https://sns-avatar-qc.xhscdn.com/avatar/1040g2jo31nil9h72mm505pljb9u7c2uv0mnfcto?imageView2/2/w/120/format/jpg,0,,0,1763796842561,0
6893fb50000000002b021bf4,1754528593000,,6892febe000000002501f484,外观不仅好看 性能功能也很厉害啊,5a64ce8c4eacab7e124e8ce3,DJILee,https://sns-avatar-qc.xhscdn.com/avatar/1040g2jo31oqd2u8fhq004a10c578p373khh8418?imageView2/2/w/120/format/jpg,0,,0,1763796842593,0
6893faa7000000002b006b86,1754528423000,,6892febe000000002501f484,666[偷笑R],5a64ce8c4eacab7e124e8ce3,DJILee,https://sns-avatar-qc.xhscdn.com/avatar/1040g2jo31oqd2u8fhq004a10c578p373khh8418?imageView2/2/w/120/format/jpg,0,,0,1763796842619,1
69209c860000000038012c13,1763744902000,河南,691ee4e1000000001e035c19,会不会抬头，可以自动避障吗？,628e0a86000000001501c3f6,hhh,https://sns-avatar-qc.xhscdn.com/avatar/628e0a86000000001501c3f6.jpg?imageView2/2/w/120/format/jpg,1,,0,1763796894547,0
6920b8b100000000380108e4,1763752114000,广东,691ee4e1000000001e035c19,好,611680f3000000000101e7ad,久辞,https://sns-avatar-qc.xhscdn.com/avatar/611680f3000000000101e7ad.jpg?imageView2/2/w/120/format/jpg,0,,0,1763796894550,0
6920990e000000001403492d,1763744015000,北京,691ee4e1000000001e035c19,哪里入手呀有没有活动@火鸡面,5bf8d0cf8ea35d0001d6fa70,黑啦,https://sns-avatar-qc.xhscdn.com/avatar/1040g2jo31o73jkrs4q004bteto8cvujgcknfmfg?imageView2/2/w/120/format/jpg,0,,0,1763796894557,0
69209902000000001600fcc1,1763744002000,山东,691ee4e1000000001e035c19,价格怎么样贵不贵,66f8fdd5000000000d027d08,nn,https://sns-avatar-qc.xhscdn.com/avatar/1040g2jo31olctqvdl85g5pnovnajcv88v1mbet0?imageView2/2/w/120/format/jpg,0,,0,1763796894561,0
69209d3d000000003802fea9,1763745085000,河南,691ee4e1000000001e035c19,沙发底床底可以钻进去吗？,602bf6ed000000000100490f,zay,https://sns-avatar-qc.xhscdn.com/avatar/1040g2jo31fvbiinpnk5g5o1burmg8i8fqgehgs8?imageView2/2/w/120/format/jpg,0,,0,1763796894566,0
69204301000000001702c0b2,1763721985000,陕西,691ee4e1000000001e035c19,清洁力怎么样的呀,5cfb2bc5000000001702065d,黑松露,https://sns-avatar-qc.xhscdn.com/avatar/1040g2jo31lp9mc8i5e005n7r5f2ls1itt2bnke8?imageView2/2/w/120/format/jpg,0,,0,1763796894573,0
6920096a000000001403fca9,1763707242000,江苏,691ee4e1000000001e035c19,厉害啊，看得我也想买了,6824386e000000000e02c7e6,巴麻美,https://sns-avatar-qc.xhscdn.com/avatar/1040g2jo31p5vpel7246g5q1471n3lhv6vkc7860?imageView2/2/w/120/format/jpg,0,,0,1763796894579,0
69209d45000000003802ff40,1763745094000,河南,691ee4e1000000001e035c19,用着智能吗？,602bf6ed000000000100490f,zay,https://sns-avatar-qc.xhscdn.com/avatar/1040g2jo31fvbiinpnk5g5o1burmg8i8fqgehgs8?imageView2/2/w/120/format/jpg,0,,69209c860000000038012c13,1763796896586,0
6909ce4e0000000039024264,1762250318000,广东,69098d96000000000700c632,他也是我的舍友快半年了 还没清理基站[黄金薯R] 但是为啥你拍得它帅气那么多,64321d92000000000d0190e3,一贤SamChan,https://sns-avatar-qc.xhscdn.com/avatar/6651c3bf970b879d65749a4d.jpg?imageView2/2/w/120/format/jpg,4,,0,1763796899004,5
69158c6b0000000039032c21,1763019883000,广东,69098d96000000000700c632,拍的太好了～逐帧欣赏,5621b6e43f95a350dbb56762,璇璇日记✨,https://sns-avatar-qc.xhscdn.com/avatar/630478ceee13e8d4fc539c19.jpg?imageView2/2/w/120/format/jpg,1,,0,1763796899007,0
690a01d40000000039023ef4,1762263509000,山西,69098d96000000000700c632,有没有优惠活动？,5b06a621db2e60799d36434c,开心,https://sns-avatar-qc.xhscdn.com/avatar/411309441983cdc4ce073ff8da73b5b6.jpg?imageView2/2/w/120/format/jpg,1,,0,1763796899016,0
6909fafa0000000037026ab3,1762261754000,黑龙江,69098d96000000000700c632,续航多久？大户型够用不,67d64aea000000000e011149,浅梦,https://sns-avatar-qc.xhscdn.com/avatar/1040g2jo31ik5oil0086g5pum9bl3i4a9ep6e988?imageView2/2/w/120/format/jpg,1,,0,1763796899019,0
6909f4130000000039004515,1762259987000,江苏,69098d96000000000700c632,声音和吹风机比哪个大？,6798173b000000000e011eb1,猪小明开挖掘机,https://sns-avatar-qc.xhscdn.com/avatar/1040g2jo31jeki3fb306g5pso2stji7lhgol65m0?imageView2/2/w/120/format/jpg,1,,0,1763796899029,0
6909eea5000000003803fb53,1762258597000,湖北,69098d96000000000700c632,APP操作复杂嘛,608d4f0000000000010076e4,阵风,https://sns-avatar-qc.xhscdn.com/avatar/608d4f0000000000010076e4.jpg?imageView2/2/w/120/format/jpg,1,,0,1763796899037,0
6909d3570000000039021246,1762251607000,广东,69098d96000000000700c632,价格多少？预算不够纠结中,678b63f8000000000e01dcd2,和鱼鱼,https://sns-avatar-qc.xhscdn.com/avatar/645b7e371fc3de4c930eff9d.jpg?imageView2/2/w/120/format/jpg,1,,0,1763796899050,0
6909acb30000000038011f81,1762241715000,上海,69098d96000000000700c632,太帅了,604dda5e000000000100560c,张小姐爱吃肉,https://sns-avatar-qc.xhscdn.com/avatar/1040g2jo30o93msi5i6105o2dr9f08lgcf3svd6g?imageView2/2/w/120/format/jpg,1,,0,1763796899060,0
6909a882000000003300e455,1762240643000,安徽,69098d96000000000700c632,[赞R][赞R],64b93d6d000000002503552c,书房K先生,https://sns-avatar-qc.xhscdn.com/avatar/1040g2jo31o7dsea9g66g5p5p7lmpel9cu11u3v8?imageView2/2/w/120/format/jpg,1,,0,1763796899068,0
6909a014000000003300dabf,1762238485000,浙江,69098d96000000000700c632,拍的太酷了！,5c64de3c0000000012029ade,冠C,https://sns-avatar-qc.xhscdn.com/avatar/5f114aa7d1425e00017898b3.jpg?imageView2/2/w/120/format/jpg,1,,0,1763796899080,0
6909d1f0000000003902d41d,1762251249000,广东,69098d96000000000700c632,他是你的室友，我是他的室友，是不是等于我和你也是室友[doge],66c06c4e000000001d021b92,我是开学,https://sns-avatar-qc.xhscdn.com/avatar/1040g2jo31o1cnftml2005pm0dh77c6si3vmsh6g?imageView2/2/w/120/format/jpg,0,,6909ce4e0000000039024264,1763796901112,2
690a0a5b0000000039002492,1762265693000,江苏,69098d96000000000700c632,室友好[doge],6335546a0000000018028394,许先森,https://sns-avatar-qc.xhscdn.com/avatar/529594cd91bbf4c43608131bf9134bdc.jpg?imageView2/2/w/120/format/jpg,0,http://sns-webpic-qc.xhscdn.com/202511221535/9105a0f2d15c71b6f8fd6a63c4f9d8b3/comment/1040g2h031ofg09tnlm705oplahl650skbafd52o!nd_whgt34_webp_wm_1,6909d1f0000000003902d41d,1763796901306,0
690afbd9000000003902a151,1762327513000,广东,69098d96000000000700c632,是真的帅啊！！！,66c06c4e000000001d021b92,我是开学,https://sns-avatar-qc.xhscdn.com/avatar/1040g2jo31o1cnftml2005pm0dh77c6si3vmsh6g?imageView2/2/w/120/format/jpg,0,,690a0a5b0000000039002492,1763796901310,0
690c05fe00000000390289dd,1762395646000,广东,69098d96000000000700c632,还真是[害羞R][害羞R],64321d92000000000d0190e3,一贤SamChan,https://sns-avatar-qc.xhscdn.com/avatar/6651c3bf970b879d65749a4d.jpg?imageView2/2/w/120/format/jpg,0,,6909d1f0000000003902d41d,1763796901314,0
69158d6c000000003901e363,1763020140000,广东,69098d96000000000700c632,谢谢你的包容[doge],66c06c4e000000001d021b92,我是开学,https://sns-avatar-qc.xhscdn.com/avatar/1040g2jo31o1cnftml2005pm0dh77c6si3vmsh6g?imageView2/2/w/120/format/jpg,0,,69158c6b0000000039032c21,1763796903322,0
690a372d0000000039026b92,1762277165000,广东,69098d96000000000700c632,可以关注下双十一[doge],66c06c4e000000001d021b92,我是开学,https://sns-avatar-qc.xhscdn.com/avatar/1040g2jo31o1cnftml2005pm0dh77c6si3vmsh6g?imageView2/2/w/120/format/jpg,0,,690a01d40000000039023ef4,1763796903325,0
690afc21000000003902332f,1762327585000,广东,69098d96000000000700c632,200-300-400-500平米都在用 因为有基站 不用担心续航,66c06c4e000000001d021b92,我是开学,https://sns-avatar-qc.xhscdn.com/avatar/1040g2jo31o1cnftml2005pm0dh77c6si3vmsh6g?imageView2/2/w/120/format/jpg,0,,6909fafa0000000037026ab3,1763796903332,0
690a378500000000390213f5,1762277254000,广东,69098d96000000000700c632,比吹风机声音大的应该是大吹风机，而这个叫扫地机,66c06c4e000000001d021b92,我是开学,https://sns-avatar-qc.xhscdn.com/avatar/1040g2jo31o1cnftml2005pm0dh77c6si3vmsh6g?imageView2/2/w/120/format/jpg,0,,6909f4130000000039004515,1763796903339,1
690a37980000000039021564,1762277273000,广东,69098d96000000000700c632,我不聪明，但我会用！你肯定没问题,66c06c4e000000001d021b92,我是开学,https://sns-avatar-qc.xhscdn.com/avatar/1040g2jo31o1cnftml2005pm0dh77c6si3vmsh6g?imageView2/2/w/120/format/jpg,0,,6909eea5000000003803fb53,1763796903342,0
6909d43e0000000039027310,1762251839000,广东,69098d96000000000700c632,如果是刚需，不差那三瓜俩枣了，早买早享受,66c06c4e000000001d021b92,我是开学,https://sns-avatar-qc.xhscdn.com/avatar/1040g2jo31o1cnftml2005pm0dh77c6si3vmsh6g?imageView2/2/w/120/format/jpg,0,,6909d3570000000039021246,1763796903346,0
690a37fa000000003901c0df,1762277371000,广东,69098d96000000000700c632,雀食帅！而且越看越帅,66c06c4e000000001d021b92,我是开学,https://sns-avatar-qc.xhscdn.com/avatar/1040g2jo31o1cnftml2005pm0dh77c6si3vmsh6g?imageView2/2/w/120/format/jpg,0,,6909acb30000000038011f81,1763796903351,0
690a380c0000000039027d6d,1762277388000,广东,69098d96000000000700c632,[飞吻R][飞吻R],66c06c4e000000001d021b92,我是开学,https://sns-avatar-qc.xhscdn.com/avatar/1040g2jo31o1cnftml2005pm0dh77c6si3vmsh6g?imageView2/2/w/120/format/jpg,0,,6909a882000000003300e455,1763796903359,0
6909a1b30000000039033da2,1762238900000,广东,69098d96000000000700c632,产品酷，怎么拍都酷[飞吻R][飞吻R][飞吻R],66c06c4e000000001d021b92,我是开学,https://sns-avatar-qc.xhscdn.com/avatar/1040g2jo31o1cnftml2005pm0dh77c6si3vmsh6g?imageView2/2/w/120/format/jpg,0,,6909a014000000003300dabf,1763796903362,0
69106e2000000000390016cd,1762684448000,北京,69098d96000000000700c632,科技感满满的机器人,664f6a57000000000d027e1c,大胡子胡了,https://sns-avatar-qc.xhscdn.com/avatar/1040g2jo31kca8310j4605pifd9bjcvgs5ucvkr8?imageView2/2/w/120/format/jpg,0,,0,1763796903627,0
690bfae7000000003300caee,1762392808000,湖南,69098d96000000000700c632,质量特别好，用起来得心应手。,68b80017000000001903cc96,ℒᎭℯ⃝巧丽💞,https://sns-avatar-qc.xhscdn.com/avatar/1040g2jo31m77ebu05m6g5q5o00bmfj4mg29tbo0?imageView2/2/w/120/format/jpg,0,,0,1763796903630,0
690bedc30000000037012a3d,1762389443000,河北,69098d96000000000700c632,质量很好，做工扎实，感觉能用好多年[偷笑R],65cd4856000000000401c879,袜趣小铺,https://sns-avatar-qc.xhscdn.com/avatar/1040g2jo3172vid5sk45g5ped91b13i3p6vkjitg?imageView2/2/w/120/format/jpg,0,,0,1763796903637,1
690bed39000000003800b833,1762389306000,河南,69098d96000000000700c632,买之前纠结好久，到手发现真的没选错[黄金薯R],68ec63640000000037032d5a,莫空林,https://sns-avatar-qc.xhscdn.com/avatar/1040g2jo31nolm0446g5g5q7ccdidubaqpu7ca8o?imageView2/2/w/120/format/jpg,0,,0,1763796903643,1
690beceb000000003901d4af,1762389228000,河北,69098d96000000000700c632,操作巨简单，我妈看一眼就会，实用性绝了[赞R],63f61651000000001001d715,合作共赢、阿浩团队  作  共  赢,https://sns-avatar-qc.xhscdn.com/avatar/63f61651000000001001d715.jpg?imageView2/2/w/120/format/jpg,0,,0,1763796903648,1
690beccf000000003902f9e9,1762389199000,江苏,69098d96000000000700c632,日常用太方便了，谁买谁知道香[doge],5ed4b4090000000001001a5c,友来有趣,https://sns-avatar-qc.xhscdn.com/avatar/5ed4b4090000000001001a5c.jpg?imageView2/2/w/120/format/jpg,0,,0,1763796903658,0
690bea530000000033021561,1762388563000,四川,69098d96000000000700c632,大疆的颜值从来没输过 这个造型也太可了[派对R],685771e0000000001d015c36,秋风,https://sns-avatar-qc.xhscdn.com/avatar/1040g2jo31oe1c3olg65g5q2ne7g7an1mlpmp5q0?imageView2/2/w/120/format/jpg,0,,0,1763796903661,0
690be9c4000000003901e626,1762388420000,湖南,69098d96000000000700c632,被颜值种草了！看起来质感超好，好想拿下[嘻嘻R],68e44b0300000000370095b0,赧颜,https://sns-avatar-qc.xhscdn.com/avatar/1040g2jo31ndrbjuo4q6g5q749c1tp5dg3op5ikg?imageView2/2/w/120/format/jpg,0,,0,1763796903676,1
690be972000000003802f0b0,1762388338000,贵州,69098d96000000000700c632,光看颜值就已经忍不住想下单了[暗中观察R],688c10a5000000002802faf1,你的关注,https://sns-avatar-qc.xhscdn.com/avatar/1040g2jo31l6p2no032505q4c22iq5unhb8ehqc8?imageView2/2/w/120/format/jpg,0,,0,1763796903690,0
690be9250000000039031bc0,1762388261000,山西,69098d96000000000700c632,看起来质感超好,6700c153000000001d021807,小红薯67015D03,https://sns-avatar-qc.xhscdn.com/avatar/645b6a2cad8bfdf0d350826b.jpg?imageView2/2/w/120/format/jpg,0,,0,1763796903700,0
690be900000000003803c8eb,1762388224000,浙江,69098d96000000000700c632,一眼就爱上！外观设计戳中我的审美，好想拥有[哇R],68efce5f0000000037008d69,走路袋风,https://sns-avatar-qc.xhscdn.com/avatar/645b7e17e29f7d0acadad89f.jpg?imageView2/2/w/120/format/jpg,0,,0,1763796905972,0
690be8ae000000003902b0ad,1762388142000,四川,69098d96000000000700c632,这扫地机器人也太棒了吧，解放了我的双手,5f5783d7000000000101db8b,YSM,https://sns-avatar-qc.xhscdn.com/avatar/5f58c64239dd560001ddcf91.jpg?imageView2/2/w/120/format/jpg,0,,0,1763796905976,0
690be82b000000003901f280,1762388012000,山东,69098d96000000000700c632,每次都种草这个透明外观,5b277bf34eacab42846ec26c,饼饼Axis,https://sns-avatar-qc.xhscdn.com/avatar/1040g2jo31g6bkdp81e004a6c1gtv7gjc0rs27b0?imageView2/2/w/120/format/jpg,0,,0,1763796905982,0
690a0441000000003802c897,1762264129000,河南,69098d96000000000700c632,售后保修多久？,5efdf9e000000000010055da,喵喵影视,https://sns-avatar-qc.xhscdn.com/avatar/611029813eebf6b30c29a27f.jpg?imageView2/2/w/120/format/jpg,1,,0,1763796905984,0
6909dc9a000000003900126c,1762253978000,河南,69098d96000000000700c632,基站占地方不？,6800aea10000000008014824,困困啊,https://sns-avatar-qc.xhscdn.com/avatar/1040g2jo31h14ib8a3u605q00lqgi2i14h42tkvg?imageView2/2/w/120/format/jpg,0,,0,1763796905988,0
6909da380000000039002bb0,1762253369000,广东,69098d96000000000700c632,有点厉害啊,59b2565450c4b43dbe611118,勤叔叔叔,https://sns-avatar-qc.xhscdn.com/avatar/61d17ae4ff508b64c9e1eb0c.jpg?imageView2/2/w/120/format/jpg,0,,0,1763796905990,0
6909d1ac0000000037011669,1762251180000,海南,69098d96000000000700c632,边角清洁一直是我的心病，没想到它能仿人手清洁，这下家里的边边角角都有着落了[笑哭R],67334830000000001d02f83e,大美丽,https://sns-avatar-qc.xhscdn.com/avatar/645b7e371fc3de4c930eff9d.jpg?imageView2/2/w/120/format/jpg,0,,0,1763796905994,0
6909b57e00000000390278c1,1762243967000,天津,69098d96000000000700c632,通明的不错,6056445a0000000001003734,草莓先生,https://sns-avatar-qc.xhscdn.com/avatar/1000g2jo2oou66k4ju0005o2m8hd08dpk96csq88?imageView2/2/w/120/format/jpg,0,,0,1763796905999,0
6909b2bc0000000033020f81,1762243260000,浙江,69098d96000000000700c632,好酷,62bfde38000000001b0266ce,南生的小生活,https://sns-avatar-qc.xhscdn.com/avatar/63e990a815a491d59298c79b.jpg?imageView2/2/w/120/format/jpg,0,,0,1763796906003,0
6909b251000000003902a58e,1762243154000,广东,69098d96000000000700c632,哥太会拍了！,6080ede00000000001007e91,花猫六点拌,https://sns-avatar-qc.xhscdn.com/avatar/61dcddde7ab70edf75f07cb9.jpg?imageView2/2/w/120/format/jpg,0,,0,1763796906006,1
691448920000000039030260,1762936978000,安徽,69098d96000000000700c632,售后的质保是一年，而且我们大疆的维修的话相对来说比较的方便，直接可以通过线上小程序寄修，嗯，直接上门取件的。包括大疆的线下门店也是比较多，都是可以到线下感受过后了再买。我们这边是大疆的授权体验店，全国包邮免费上门安装，感兴趣的话可以联系我。,608f6aa30000000001007cd7,大疆搬砖小姜,https://sns-avatar-qc.xhscdn.com/avatar/1040g2jo31oge6vl4ku605o4fdahg8v6ncmtsgko?imageView2/2/w/120/format/jpg,0,,690a0441000000003802c897,1763796908014,0
6909b194000000003300d196,1762242965000,湖南,69098d96000000000700c632,好酷的扫地机器人[派对R]好想永远[喝奶茶R],645d14a80000000029016745,圆桌的方桌生活,https://sns-avatar-qc.xhscdn.com/avatar/1040g2jo30vkh0l4t5s2g5p2t2ikaapq578nd680?imageView2/2/w/120/format/jpg,2,,0,1763796908284,0
69099afc0000000039024a63,1762237181000,广西,69098d96000000000700c632,卧槽，太酷了,5cf4bc7c0000000011037dfe,大熊宅家日记,https://sns-avatar-qc.xhscdn.com/avatar/1040g2jo316m03r32gm105n7knhu4evfu27fl8m0?imageView2/2/w/120/format/jpg,1,,0,1763796908289,0
6909b1ae0000000033021761,1762242991000,湖南,69098d96000000000700c632,激动了，是好想拥有[派对R],645d14a80000000029016745,圆桌的方桌生活,https://sns-avatar-qc.xhscdn.com/avatar/1040g2jo30vkh0l4t5s2g5p2t2ikaapq578nd680?imageView2/2/w/120/format/jpg,0,,6909b194000000003300d196,1763796910297,0
6909b1eb000000003902256a,1762243052000,广东,69098d96000000000700c632,永远拥有,66c06c4e000000001d021b92,我是开学,https://sns-avatar-qc.xhscdn.com/avatar/1040g2jo31o1cnftml2005pm0dh77c6si3vmsh6g?imageView2/2/w/120/format/jpg,0,,6909b1ae0000000033021761,1763796910525,0
69099c9f00000000390285a4,1762237599000,广东,69098d96000000000700c632,颜值技术于一身的ROMO确实酷,66c06c4e000000001d021b92,我是开学,https://sns-avatar-qc.xhscdn.com/avatar/1040g2jo31o1cnftml2005pm0dh77c6si3vmsh6g?imageView2/2/w/120/format/jpg,0,,69099afc0000000039024a63,1763796912529,0
69036a6a0000000038028670,1761831531000,北京,68f3242b00000000050392de,污水箱这个地方可以改进 脏了不好清理 棉签都没办法弄@大疆ROMO,593a60845e87e777c224303d,KING王黑炭,https://sns-avatar-qc.xhscdn.com/avatar/64904c11a532cd27e616499f.jpg?imageView2/2/w/120/format/jpg,0,http://sns-webpic-qc.xhscdn.com/202511221535/ed9322eaf59b7f67e7405c681809c1a3/comment/1040g2h031o90vgrsl80049jdlgg88c1tdse35og!nd_whgt34_webp_wm_1,0,1763796914896,0
68f38da1000000003803251c,1760791970000,,68f3242b00000000050392de,我问客服了 说不会自动识别来调整吸力 针对我的情况 让我上传日志给工程师分析了 说两个工作日后给我反馈,593a60845e87e777c224303d,KING王黑炭,https://sns-avatar-qc.xhscdn.com/avatar/64904c11a532cd27e616499f.jpg?imageView2/2/w/120/format/jpg,4,,0,1763796914913,6
68f344c50000000037025924,1760773318000,,68f3242b00000000050392de,最后价格4299比某东某够狗还便宜先，羡慕了。耗材200小时有点小贵,62b9c30d000000001b026793,momo,https://sns-avatar-qc.xhscdn.com/avatar/be4e54a984a21be925a215a08fb36c8b.jpg?imageView2/2/w/120/format/jpg,4,,0,1763796914955,4
6902e44d0000000030025bcc,1761797198000,广东,68f3242b00000000050392de,大疆的基站托盘真的能自动清洗干净吗？因为它的托盘不能取出手工清洗，所以很纠结这点。,58cea63e6a6a6960b243d72a,catcatlzqYY,https://sns-avatar-qc.xhscdn.com/avatar/58cea63e6a6a6960b243d72a.jpg?imageView2/2/w/120/format/jpg,2,,0,1763796915019,6
68f8dd0b000000003803192f,1761139980000,,68f3242b00000000050392de,礼貌请问，大疆的基站自清理的干净吗,59a9033750c4b458a3340d79,夏十柒（教师辞职版）,https://sns-avatar-qc.xhscdn.com/avatar/1040g2jo31mcc3k1ilm5g49p33p1je3bp3agsemo?imageView2/2/w/120/format/jpg,2,,0,1763796915030,5
6904e11a000000003802bc85,1761927451000,北京,68f3242b00000000050392de,感谢楼主[飞吻R]这分析太详细了！,640b4e4700000000290108a6,嵐の中で輝いて,https://sns-avatar-qc.xhscdn.com/avatar/1040g2jo30nn3365p70605p0b9p3qa2563191dtg?imageView2/2/w/120/format/jpg,3,,0,1763796915051,0
68f87c42000000003800775c,1761115203000,,68f3242b00000000050392de,但是猫呕吐不能拖吧，玩意在主人不知情的情况下呕吐给拖掉了主人不知道猫吐了不去瞧病那不更严重,659ac1b2000000002200b010,鱼猪猪,https://sns-avatar-qc.xhscdn.com/avatar/65f34ae44f8a7c5709c3f57b.jpg?imageView2/2/w/120/format/jpg,2,,0,1763796915055,1
68f4950200000000380083d9,1760859394000,,68f3242b00000000050392de,其他先不说，这个外形设计真的长我心巴上了,5b6dc426329c7e0001d39fb3,闲人赖小姐,https://sns-avatar-qc.xhscdn.com/avatar/5b6dc426329c7e0001d39fb3.jpg?imageView2/2/w/120/format/jpg,1,,0,1763796915059,3
68f87f58000000003803e795,1761115994000,,68f3242b00000000050392de,"关于各耗材使用时间的说明
集尘袋我扣 我会多用几次 哈哈哈",593a60845e87e777c224303d,KING王黑炭,https://sns-avatar-qc.xhscdn.com/avatar/64904c11a532cd27e616499f.jpg?imageView2/2/w/120/format/jpg,1,http://sns-webpic-qc.xhscdn.com/202511221535/a82479273d5efa0de95304c133a9484c/comment/1040g2h031nubp9eumg0049jdlgg88c1tob9n02g!nd_whgt34_webp_wm_1,0,1763796915072,1
68f3245f0000000038029dc2,1760765023000,,68f3242b00000000050392de,我逼逼了一千字 我好啰嗦 哈啊哈哈 还有一堆没说 就这样吧 不逼逼了[笑哭R],593a60845e87e777c224303d,KING王黑炭,https://sns-avatar-qc.xhscdn.com/avatar/64904c11a532cd27e616499f.jpg?imageView2/2/w/120/format/jpg,1,,0,1763796915093,1
68f5c72c0000000039027724,1760937772000,,68f3242b00000000050392de,养狗养猫家庭用完 会有异味嘛,54e82641e779896c8f49f72d,🖤嘻嘻不嘻嘻_嘎嘎🍓,https://sns-avatar-qc.xhscdn.com/avatar/1040g2jo318m5nh67jk00401gn7j43tpd6ls4q7g?imageView2/2/w/120/format/jpg,0,,68f38da1000000003803251c,1763796917113,0
68f6fb600000000039020daa,1761016673000,,68f3242b00000000050392de,反馈了吗,55119decb4c4d63535f5295d,🐷Edward✨,https://sns-avatar-qc.xhscdn.com/avatar/6327bf06f0ed88aca1faa9f8.jpg?imageView2/2/w/120/format/jpg,0,,68f38da1000000003803251c,1763796917374,0
68f728cd0000000038017945,1761028301000,,68f3242b00000000050392de,还没反馈呢 等反馈了告诉你,593a60845e87e777c224303d,KING王黑炭,https://sns-avatar-qc.xhscdn.com/avatar/64904c11a532cd27e616499f.jpg?imageView2/2/w/120/format/jpg,0,,68f6fb600000000039020daa,1763796917377,0
68f75c2d000000003901fbd4,1761041454000,,68f3242b00000000050392de,没有异味,582476b36a6a697557faa11a,Food流油,https://sns-avatar-qc.xhscdn.com/avatar/1040g2jo313qlqbkhhc0048r7hmrb788qtd8plh8?imageView2/2/w/120/format/jpg,0,,68f5c72c0000000039027724,1763796917379,0
68f354e1000000003803e2e1,1760777441000,,68f3242b00000000050392de,也是凑巧了 感觉虽然说早买早享受 但有时候晚点买也挺好,593a60845e87e777c224303d,KING王黑炭,https://sns-avatar-qc.xhscdn.com/avatar/64904c11a532cd27e616499f.jpg?imageView2/2/w/120/format/jpg,0,,68f344c50000000037025924,1763796919385,5
68f359ea00000000370273e1,1760778731000,,68f3242b00000000050392de,我现在看東也要4599，后天才4299,62b9c30d000000001b026793,momo,https://sns-avatar-qc.xhscdn.com/avatar/be4e54a984a21be925a215a08fb36c8b.jpg?imageView2/2/w/120/format/jpg,0,,68f354e1000000003803e2e1,1763796919563,0
68f43d08000000003902c8d0,1760836872000,,68f3242b00000000050392de,你从哪里买的这个价格呢,5cfe3b800000000010023636,小小草,https://sns-avatar-qc.xhscdn.com/avatar/62d7c6845cb8b115159e5e7a.jpg?imageView2/2/w/120/format/jpg,0,,68f344c50000000037025924,1763796919566,0
68f43d710000000033007b5b,1760836978000,,68f3242b00000000050392de,京东20号预售4299啊,62b9c30d000000001b026793,momo,https://sns-avatar-qc.xhscdn.com/avatar/be4e54a984a21be925a215a08fb36c8b.jpg?imageView2/2/w/120/format/jpg,0,,68f43d08000000003902c8d0,1763796919571,0
6902e8c9000000003802ebd4,1761798345000,北京,68f3242b00000000050392de,可以啊 很干净,593a60845e87e777c224303d,KING王黑炭,https://sns-avatar-qc.xhscdn.com/avatar/64904c11a532cd27e616499f.jpg?imageView2/2/w/120/format/jpg,0,,6902e44d0000000030025bcc,1763796921578,0
6902e963000000003800ea5d,1761798500000,北京,68f3242b00000000050392de,现在有活动 趁机下手 还可以试用七天 我觉得挺合适 纠结的时候 试用对比一下就知道该怎么选择了,593a60845e87e777c224303d,KING王黑炭,https://sns-avatar-qc.xhscdn.com/avatar/64904c11a532cd27e616499f.jpg?imageView2/2/w/120/format/jpg,0,,6902e44d0000000030025bcc,1763796921760,0
68f8dddd0000000039000b5c,1761140190000,,68f3242b00000000050392de,很干净,593a60845e87e777c224303d,KING王黑炭,https://sns-avatar-qc.xhscdn.com/avatar/64904c11a532cd27e616499f.jpg?imageView2/2/w/120/format/jpg,0,,68f8dd0b000000003803192f,1763796923765,0
68f8df8a0000000038014802,1761140618000,,68f3242b00000000050392de,感谢，着实被这个干净的基站吸引了,59a9033750c4b458a3340d79,夏十柒（教师辞职版）,https://sns-avatar-qc.xhscdn.com/avatar/1040g2jo31mcc3k1ilm5g49p33p1je3bp3agsemo?imageView2/2/w/120/format/jpg,0,,68f8dddd0000000039000b5c,1763796923985,0
6904ee1000000000380088dd,1761930768000,北京,68f3242b00000000050392de,谢谢宝子的认可！[哭惹R]我也着实喜欢这个扫地机 真的解放我的双手了[哭惹R],593a60845e87e777c224303d,KING王黑炭,https://sns-avatar-qc.xhscdn.com/avatar/64904c11a532cd27e616499f.jpg?imageView2/2/w/120/format/jpg,0,,6904e11a000000003802bc85,1763796925990,0
6904ef5f000000003800ec9b,1761931104000,北京,68f3242b00000000050392de,还有一些点没讲 比如某些模式扫的比较慢 我89平 精细模式全屋两遍清扫加两遍拖地（先扫后拖） 需要5个多小时 （在开智能充电80模式下 中间会涉及到回充） 但是我感觉时间还好 因为巨干净 而且也不用我扫 它干它的 我忙我的 有个机器佣人的感觉 哈哈哈,593a60845e87e777c224303d,KING王黑炭,https://sns-avatar-qc.xhscdn.com/avatar/64904c11a532cd27e616499f.jpg?imageView2/2/w/120/format/jpg,0,,6904e11a000000003802bc85,1763796926226,0
6906019a000000003800a534,1762001307000,北京,68f3242b00000000050392de,嗷嗷，好滴[飞吻R],640b4e4700000000290108a6,嵐の中で輝いて,https://sns-avatar-qc.xhscdn.com/avatar/1040g2jo30nn3365p70605p0b9p3qa2563191dtg?imageView2/2/w/120/format/jpg,0,,6904ef5f000000003800ec9b,1763796926229,0
68f87f0800000000380265ae,1761115912000,,68f3242b00000000050392de,有人说 用的过程中 猫吐了 扫地机会识别为不可清扫物 会抛开不处理的 如果担心这种情况 可以设置液体绕开 遇到液体 扫地机会自动绕开不处理的,593a60845e87e777c224303d,KING王黑炭,https://sns-avatar-qc.xhscdn.com/avatar/64904c11a532cd27e616499f.jpg?imageView2/2/w/120/format/jpg,0,,68f87c42000000003800775c,1763796928233,1
68f880fb000000003800c2dd,1761116412000,,68f3242b00000000050392de,具体设置在这,593a60845e87e777c224303d,KING王黑炭,https://sns-avatar-qc.xhscdn.com/avatar/64904c11a532cd27e616499f.jpg?imageView2/2/w/120/format/jpg,0,http://sns-webpic-qc.xhscdn.com/202511221535/cc48ae81ed46064f2a7e0e161c9dca0f/comment/1040g2h031nubp9eumg1049jdlgg88c1tivud6f0!nd_whgt34_webp_wm_1,68f87c42000000003800775c,1763796928419,0
68f499d8000000003800bc2e,1760860632000,,68f3242b00000000050392de,确实好看 哈哈哈,593a60845e87e777c224303d,KING王黑炭,https://sns-avatar-qc.xhscdn.com/avatar/64904c11a532cd27e616499f.jpg?imageView2/2/w/120/format/jpg,0,,68f4950200000000380083d9,1763796930423,1
68f8826a0000000039002bbe,1761116778000,,68f3242b00000000050392de,"电池的话最好开启那个闲暇时只冲至80%的按钮 这样子可以延长电池寿命 问了客服 说是建议开启呢 我问了一下ai：大疆扫地机电池充电设为空暇时充至80%，能有效减缓电池老化。
锂电池在电量过高或过低时都会加速老化，将充电上限设置为80%，可以避免电池长期处于满电状态，减少电池压力，降低电池材料的降解速度，从而延长电池寿命。有研究表明，锂离子电池在40%-80%的范围内充电，其循环寿命可达1200-1500次，而从空电到满电的循环次数仅约300-500次。",593a60845e87e777c224303d,KING王黑炭,https://sns-avatar-qc.xhscdn.com/avatar/64904c11a532cd27e616499f.jpg?imageView2/2/w/120/format/jpg,0,,68f87f58000000003803e795,1763796930426,3
68f5b48e0000000039004ac0,1760933007000,,68f3242b00000000050392de,但是写的很中肯哦，就是需要把自己使用的真实感受分享给大家[赞R][赞R][赞R][赞R],688a189800000000280304cc,DJI大疆（昆明好悦天地授权体验店）,https://sns-avatar-qc.xhscdn.com/avatar/1040g2jo31kihpi7h2o0g5q4a32ca616cn5f502o?imageView2/2/w/120/format/jpg,0,,68f3245f0000000038029dc2,1763796930429,0
692064cd0000000014037ea9,1763730637000,广西,68f3242b00000000050392de,太好用啦,62c19764000000001b026c8a,180阳光大帅哥,https://sns-avatar-qc.xhscdn.com/avatar/64feda9aa09277c8485e0abe.jpg?imageView2/2/w/120/format/jpg,0,,0,1763796930664,0
690627a40000000039031a74,1762011044000,浙江,68f3242b00000000050392de,吸力设置在哪我怎么一直找不到呀,5b9fd5053c6f5d00017cc711,土豆泥嚎🥔,https://sns-avatar-qc.xhscdn.com/avatar/1040g2jo31fqdfumo0c004b1k3qagbhoh4vo7a1g?imageView2/2/w/120/format/jpg,1,,0,1763796930670,0
6901c624000000003802bc3c,1761723941000,北京,68f3242b00000000050392de,固件更新了 yeah 烘干可以显示剩余时长了（真不错 一开始用的时候我还纳闷咋没有剩余时长提示 ）虚拟墙也有了（虽然我觉得这些功能应该一开始就有的）,593a60845e87e777c224303d,KING王黑炭,https://sns-avatar-qc.xhscdn.com/avatar/64904c11a532cd27e616499f.jpg?imageView2/2/w/120/format/jpg,0,http://sns-webpic-qc.xhscdn.com/202511221535/d96cf146a78a1c6e7b7833484256205a/comment/1040g2h031o7djv51060g49jdlgg88c1tvoj2p8g!nd_whgt34_webp_wm_1,0,1763796930678,0
69016cdd000000003800c92d,1761701086000,江苏,68f3242b00000000050392de,确定基站不用清理吗？,67173f99000000001d021738,顾萌不顾家,https://sns-avatar-qc.xhscdn.com/avatar/1040g2jo31l31qf4n306g5pon7ucnc5po3mp4pno?imageView2/2/w/120/format/jpg,1,,0,1763796930684,0
68f99f000000000039009057,1761189633000,,68f3242b00000000050392de,刚装上了,5e6868230000000001009265,小马哥,https://sns-avatar-qc.xhscdn.com/avatar/64088ccc348916cd592a3bbc.jpg?imageView2/2/w/120/format/jpg,0,http://sns-webpic-qc.xhscdn.com/202511221535/6fdfa8b623a854101a81518f9a98a419/comment/1040g2h031nvesu6l6me05nj8d0hg94j5p7jvkmo!nd_whgt34_webp_wm_1,0,1763796930691,4
68f899280000000038015e0d,1761122602000,,68f3242b00000000050392de,有一点需要提示 如果落地镜的话 每次有可能会需要碰一下哦 可能因为镜子里的视野影响它算法判断了[笑哭R]不过可以放心 碰的力度不大 不会把镜子碰碎 但是前提镜子得稳当啊 要不然一碰倒了[笑哭R]有时候它会识别到镜子下面的黑边 有时候不会 如果不放心的话 可以把镜子那块设为禁区 或者在镜子上贴一条黑胶带 方便它判断,593a60845e87e777c224303d,KING王黑炭,https://sns-avatar-qc.xhscdn.com/avatar/64904c11a532cd27e616499f.jpg?imageView2/2/w/120/format/jpg,0,http://sns-webpic-qc.xhscdn.com/202511221535/ad63f570e8099d4d403f83baf903e116/comment/1040g2h031nueu44mlm0049jdlgg88c1tl4rmiq0!nd_whgt34_webp_wm_1,0,1763796930697,0
68f87fdc0000000038033dba,1761116125000,,68f3242b00000000050392de,关于问题日志反馈 还得再等等,593a60845e87e777c224303d,KING王黑炭,https://sns-avatar-qc.xhscdn.com/avatar/64904c11a532cd27e616499f.jpg?imageView2/2/w/120/format/jpg,0,http://sns-webpic-qc.xhscdn.com/202511221535/ef3446699c810526e28a94dfed06e697/comment/1040g2h031nubp9eumg0g49jdlgg88c1t7bd52mo!nd_whgt34_webp_wm_1,0,1763796930702,0
68f85c18000000003901d19c,1761106968000,,68f3242b00000000050392de,宝子打扫的干净吗？噪音大吗？会刮伤地板吗[呃R][呃R][呃R],67234a45000000001d02e4cc,旺旺🐶大宝,https://sns-avatar-qc.xhscdn.com/avatar/1040g2jo31l5q79jsku0g5pp3992ndp6cev6hikg?imageView2/2/w/120/format/jpg,0,,0,1763796930705,0
68f70ead000000003803c7cf,1761021613000,,68f3242b00000000050392de,地毯能吸尘吗,5aeaf8bbe8ac2b17067eedd4,QQ是林小狗呀,https://sns-avatar-qc.xhscdn.com/avatar/5aeaf96dd2c8a536d22d9ce3.jpg?imageView2/2/w/120/format/jpg,1,,0,1763796930709,0
68f6573e0000000038006609,1760974654000,,68f3242b00000000050392de,外观确实好看啊[偷笑R],675008de000000001d02f3bd,霜贝蘩婒,https://sns-avatar-qc.xhscdn.com/avatar/1040g2jo31b241bmf7e0g5pqg13f7dstt4kcslno?imageView2/2/w/120/format/jpg,1,,0,1763796930715,0
690627c70000000039003d70,1762011079000,北京,68f3242b00000000050392de,清洁方案里,593a60845e87e777c224303d,KING王黑炭,https://sns-avatar-qc.xhscdn.com/avatar/64904c11a532cd27e616499f.jpg?imageView2/2/w/120/format/jpg,0,,690627a40000000039031a74,1763796932721,0
69019750000000003802cf61,1761711953000,北京,68f3242b00000000050392de,Yep 很干净 但是建议是每三个月检查一下 维护一下,593a60845e87e777c224303d,KING王黑炭,https://sns-avatar-qc.xhscdn.com/avatar/64904c11a532cd27e616499f.jpg?imageView2/2/w/120/format/jpg,0,,69016cdd000000003800c92d,1763796932725,0
68f7285a000000003803d754,1761028187000,,68f3242b00000000050392de,地毯可以吸尘的 它可以识别到,593a60845e87e777c224303d,KING王黑炭,https://sns-avatar-qc.xhscdn.com/avatar/64904c11a532cd27e616499f.jpg?imageView2/2/w/120/format/jpg,0,,68f70ead000000003803c7cf,1763796932730,0
68f65e53000000003803c783,1760976467000,,68f3242b00000000050392de,真的一透明 都有科技感了[暗中观察R],593a60845e87e777c224303d,KING王黑炭,https://sns-avatar-qc.xhscdn.com/avatar/64904c11a532cd27e616499f.jpg?imageView2/2/w/120/format/jpg,0,,68f6573e0000000038006609,1763796932740,0
68f653bb000000003701194b,1760973756000,,68f3242b00000000050392de,声音不大是嘛,6211193e0000000010005e79,甜饼,https://sns-avatar-qc.xhscdn.com/avatar/cd255d0e201935e0d852bd371f18c198.jpg?imageView2/2/w/120/format/jpg,1,,0,1763796933012,0
68f3531c00000000390011bc,1760776988000,,68f3242b00000000050392de,水箱有多大呀[偷笑R],5985bfd550c4b471434a2989,大发,https://sns-avatar-qc.xhscdn.com/avatar/5d3c5e5e4a520300017aaccc.jpg?imageView2/2/w/120/format/jpg,1,,0,1763796933019,0
68f65e3b00000000380075b5,1760976443000,,68f3242b00000000050392de,对 声音不大 标准吸力的声音基本完全可以忽略 都没吹风机响,593a60845e87e777c224303d,KING王黑炭,https://sns-avatar-qc.xhscdn.com/avatar/64904c11a532cd27e616499f.jpg?imageView2/2/w/120/format/jpg,0,,68f653bb000000003701194b,1763796935026,0
68f4f2420000000039031748,1760883266000,,68f3242b00000000050392de,4L,5cb1638f000000001100a117,彗星,https://sns-avatar-qc.xhscdn.com/avatar/648dbb3ee75e924b16d34155.jpg?imageView2/2/w/120/format/jpg,0,,68f3531c00000000390011bc,1763796935029,0
691efa050000000038007403,1763637766000,湖南,691decec000000001e011dda,什么牌子的,5b796033c50bb300019171f9,佳人,https://sns-avatar-qc.xhscdn.com/avatar/5bc9892585c53600013a270f.jpg?imageView2/2/w/120/format/jpg,1,,0,1763796937228,0
691ef9f2000000001d0276fd,1763637746000,湖南,691decec000000001e011dda,价格多少呢,66758e0f0000000007005c42,小月,https://sns-avatar-qc.xhscdn.com/avatar/1040g2jo315l07fsu0s005pjlho7hon22vv6sqfg?imageView2/2/w/120/format/jpg,0,,0,1763796937231,0
691ef99e0000000038025b53,1763637662000,江苏,691decec000000001e011dda,扫得干净吗,660aa61a000000000d024005,娟娟,https://sns-avatar-qc.xhscdn.com/avatar/1040g2jo31kp25o7iio6g5pgakod3cg05fu12hio?imageView2/2/w/120/format/jpg,0,,0,1763796937241,0
691efb5600000000390042fe,1763638103000,广东,691decec000000001e011dda,充电快不快,65eb0957000000000b030021,麻辣辣,https://sns-avatar-qc.xhscdn.com/avatar/1040g2jo31miiu05img6g5pfb15biu0114l1m5o0?imageView2/2/w/120/format/jpg,0,,0,1763796937246,0
691efa17000000000e03722e,1763637783000,吉林,691decec000000001e011dda,死角也能清扫到吗,6617638600000000030324bb,欢言,https://sns-avatar-qc.xhscdn.com/avatar/1040g2jo31ot0c9m1h26g5pgnce30u95r5qp1d8g?imageView2/2/w/120/format/jpg,0,,0,1763796937249,0
691ef9e60000000038011e1d,1763637735000,黑龙江,691decec000000001e011dda,质量好不好,67c26930000000000801569c,风雨同舟,https://sns-avatar-qc.xhscdn.com/avatar/1040g2jo31efttk0s0m605pu2d4o22lksa02fomg?imageView2/2/w/120/format/jpg,0,,0,1763796937252,0
691ef9f30000000038028c28,1763637748000,广西,691decec000000001e011dda,原来如此,5c5fbdc7000000001d01bb8f,唐糖,https://sns-avatar-qc.xhscdn.com/avatar/1040g2jo31ndemt64mg3g5q3ob843fl6n9cnqd2o?imageView2/2/w/120/format/jpg,0,,0,1763796937256,0
691efb4e000000001d01d2b8,1763638094000,广东,691decec000000001e011dda,价格相差多少,66068442000000000b00f1df,西瓜粥,https://sns-avatar-qc.xhscdn.com/avatar/1040g2jo3111nlatd6i605pg6gh12psev86mtmjg?imageView2/2/w/120/format/jpg,0,,0,1763796937259,0
691efb030000000006018e08,1763638019000,广东,691decec000000001e011dda,对比很详细,654ca211000000000203771e,朵拉,https://sns-avatar-qc.xhscdn.com/avatar/1040g2jo3147fe8hv2c605pack88gmtoumgm0lfg?imageView2/2/w/120/format/jpg,0,,0,1763796937264,0
691efa97000000001d01e73a,1763637912000,广东,691decec000000001e011dda,我家很需要,660bdc43000000000b032444,花想容,https://sns-avatar-qc.xhscdn.com/avatar/1040g2jo312m992j9icdg5pgbrh1iu9245ugbg20?imageView2/2/w/120/format/jpg,0,,0,1763796937267,0
6920288e000000001403cfbd,1763715214000,安徽,691decec000000001e011dda,大疆的扫地机器人，我们的扫地机器人和旗舰级的无人机用的是同款的芯片，所以可以做到像视频里一样毫米级的避障，无论是充电器还是女生的发圈发卡都能够识别到，我们这里是大疆的线下授权体验店，感兴趣可以联系我，全国包邮到家，师傅免费上门安装。,608f6aa30000000001007cd7,大疆搬砖小姜,https://sns-avatar-qc.xhscdn.com/avatar/1040g2jo31oge6vl4ku605o4fdahg8v6ncmtsgko?imageView2/2/w/120/format/jpg,0,,691efa050000000038007403,1763796939274,0
691ef9aa0000000038011396,1763637675000,辽宁,691decec000000001e011dda,被种草了哇,664c51d70000000003033e57,奶油焦糖屋,https://sns-avatar-qc.xhscdn.com/avatar/1040g2jo31hnrg2hs3u6g5pica7bgufinuqu4pig?imageView2/2/w/120/format/jpg,0,,0,1763796939467,0
691ef9e1000000001601e175,1763637730000,吉林,691decec000000001e011dda,懒人神器呀呀呀,5f4cde920000000001009e2e,丽,https://sns-avatar-qc.xhscdn.com/avatar/1040g2jo31p659u41jc6g5nqcrq9097he28ad6bg?imageView2/2/w/120/format/jpg,0,,0,1763796939470,0
691efa91000000000601b498,1763637906000,黑龙江,691decec000000001e011dda,什么价格呀,67c7af2a00000000080161f6,乐乐,https://sns-avatar-qc.xhscdn.com/avatar/1040g2jo31n13ael35i5g5pppsmd08ct1p4a5cf0?imageView2/2/w/120/format/jpg,0,,0,1763796939473,0
691ef9bb000000003802df32,1763637692000,黑龙江,691decec000000001e011dda,问问价格,61582f72000000000201bd94,莹莹,https://sns-avatar-qc.xhscdn.com/avatar/1040g2jo31bp90pca0k6g5oao5tp0jfckrmh3r0g?imageView2/2/w/120/format/jpg,0,,0,1763796939477,0
691efa1c000000003800c182,1763637788000,河南,691decec000000001e011dda,多少钱啊？,5edcce910000000001003b8d,XU,https://sns-avatar-qc.xhscdn.com/avatar/1040g2jo31o4p9lu058lg5nmspq8g8esdan3a7jg?imageView2/2/w/120/format/jpg,0,,0,1763796939481,0
691efa83000000001600faee,1763637892000,广东,691decec000000001e011dda,真的很实用[哇R],661c06bc000000000d027bfc,怦然心动,https://sns-avatar-qc.xhscdn.com/avatar/1040g2jo31mkchdoe586g5pgs0qu3cuvsbcbboi0?imageView2/2/w/120/format/jpg,0,,0,1763796939484,0
691efa80000000003800cfc4,1763637889000,广东,691decec000000001e011dda,解放双手了,5bb2c48bf2407b0001653858,待你如初,https://sns-avatar-qc.xhscdn.com/avatar/1040g2jo310nnjfv5mge04b8rgo28me2ottdc18o?imageView2/2/w/120/format/jpg,0,,0,1763796939488,0
691efa11000000000601981c,1763637777000,黑龙江,691decec000000001e011dda,噪音大不大,5f8997860000000001009a9f,all,https://sns-avatar-qc.xhscdn.com/avatar/5f9a2bf2b75cf50001bbfe11.jpg?imageView2/2/w/120/format/jpg,0,,0,1763796939492,0
691ef9d0000000001d01fa96,1763637712000,黑龙江,691decec000000001e011dda,我要我要,635de86e0000000012026a20,盼盼,https://sns-avatar-qc.xhscdn.com/avatar/1040g2jo31o0p3d1q066g5oqtt1n4kqh07nqeeho?imageView2/2/w/120/format/jpg,0,,0,1763796939495,0
691ef9ff0000000014034bef,1763637759000,黑龙江,691decec000000001e011dda,问问价格哈,60053f360000000001008ceb,微笑,https://sns-avatar-qc.xhscdn.com/avatar/6422df622fa7055bf349f973.jpg?imageView2/2/w/120/format/jpg,0,,0,1763796939498,0
691ef9db000000003900aa13,1763637723000,山东,691decec000000001e011dda,抄作业了,65abcdfd000000000e021738,香瓜子,https://sns-avatar-qc.xhscdn.com/avatar/662f15fe03a65d63312a3aac.jpg?imageView2/2/w/120/format/jpg,0,,0,1763796941686,0
691ef9a7000000000e0358fc,1763637672000,广西,691decec000000001e011dda,好喜欢呀,5e815e31000000000100a79d,wemhua,https://sns-avatar-qc.xhscdn.com/avatar/1040g2jo31b689v2b6m605nk1boog99st5gj9650?imageView2/2/w/120/format/jpg,0,,0,1763796941689,0
691ef9d70000000039004c35,1763637720000,浙江,691decec000000001e011dda,这次会选了[偷笑R][偷笑R],5b55a61e6b58b717109ce719,岁岁,https://sns-avatar-qc.xhscdn.com/avatar/1040g2jo312s1499sl05g4a7e4vj1tpopmbk7408?imageView2/2/w/120/format/jpg,0,,0,1763796941693,0
691ef9c8000000001d01f880,1763637704000,广西,691decec000000001e011dda,种草了呀,5c59acc9000000001b023273,琼,https://sns-avatar-qc.xhscdn.com/avatar/1040g2jo319k8m4qin2d05n2plj4mscjjj5k3uf8?imageView2/2/w/120/format/jpg,0,,0,1763796941698,0
691ef9b1000000001602376c,1763637682000,湖南,691decec000000001e011dda,质量怎么样,66704974000000000700527a,格格,https://sns-avatar-qc.xhscdn.com/avatar/1040g2jo31562iu5f14005pjg95q1okjqbgr82ig?imageView2/2/w/120/format/jpg,0,,0,1763796941707,0
691ef9c7000000001d01f870,1763637704000,黑龙江,691decec000000001e011dda,价格贵不贵,5dd8b8970000000001009cb2,雁南飞,https://sns-avatar-qc.xhscdn.com/avatar/1040g2jo31ns26iprmm6g5neon2bg975iqjhsjvo?imageView2/2/w/120/format/jpg,0,,0,1763796941711,0
691ef9b3000000001600caa5,1763637683000,山东,691decec000000001e011dda,太🐮牛了,65d9e678000000000d027eb8,海阔,https://sns-avatar-qc.xhscdn.com/avatar/1040g2jo318l18qbe46605pepsps3cvloirkumrg?imageView2/2/w/120/format/jpg,0,,0,1763796941715,0
691ef9bd000000001d01f5da,1763637694000,广东,691decec000000001e011dda,这么干净！,67136157000000000d026fc4,ovo,https://sns-avatar-qc.xhscdn.com/avatar/1040g2jo31ovkvvbqhq6g5pojc5bjcru4lkoe088?imageView2/2/w/120/format/jpg,0,,0,1763796941721,0
691ef9bb000000003802df08,1763637691000,黑龙江,691decec000000001e011dda,这个可以有[气球R][气球R],6024c2db0000000001004410,六六,https://sns-avatar-qc.xhscdn.com/avatar/60346eb948f55e51ac12f696.jpg?imageView2/2/w/120/format/jpg,0,,0,1763796941727,0
691ef9a500000000380112bf,1763637670000,广东,691decec000000001e011dda,扫地机很好用～,66195d53000000000b032ecc,momo,https://sns-avatar-qc.xhscdn.com/avatar/1040g2jo31jv0oq1032505pgpbl9iubmcnr0m3vg?imageView2/2/w/120/format/jpg,0,,0,1763796941730,0
691ef99a000000003803ca29,1763637659000,湖北,691decec000000001e011dda,适合小户型吗,65d607a200000000050332ec,椰子帆船,https://sns-avatar-qc.xhscdn.com/avatar/1040g2jo31l0jhfjlj2005pem0uh1ecnciskkvi0?imageView2/2/w/120/format/jpg,0,,0,1763796944035,0
691ed4270000000016021e96,1763628071000,广东,691decec000000001e011dda,[害羞R]终于不用清理基站了,5dd7fb670000000001007dbd,尔东,https://sns-avatar-qc.xhscdn.com/avatar/1040g2jo316dcbl7tgu605nenvdjg8vdts2b5kvo?imageView2/2/w/120/format/jpg,0,,0,1763796944038,0
691ecf2d00000000380279cb,1763626798000,广东,691decec000000001e011dda,它是大疆的，那我是不是可以用它拍照,5b5ee1d3e8ac2b060aeecc6e,肉坨,https://sns-avatar-qc.xhscdn.com/avatar/61370d1ca8ba03abec91998d.jpg?imageView2/2/w/120/format/jpg,0,,0,1763796944042,0
691ecd93000000001600e923,1763626387000,广东,691decec000000001e011dda,[汗颜R][汗颜R]大疆什么时候做扫地机了？好用吗？有没有用过的说一下,5b052548f7e8b92d0e9b6adb,小黑子,https://sns-avatar-qc.xhscdn.com/avatar/642eae3846534cda96f25724.jpg?imageView2/2/w/120/format/jpg,0,,0,1763796944047,0
691ecd8d0000000038029f03,1763626381000,广东,691decec000000001e011dda,大疆都出扫地机了 太牛了,5cd82640000000001700579d,木水,https://sns-avatar-qc.xhscdn.com/avatar/1040g2jo312ckl58662005n6o4p05olstftbh65g?imageView2/2/w/120/format/jpg,0,,0,1763796944050,0
691ecd48000000000e036d7e,1763626313000,广东,691decec000000001e011dda,先不说别的，光是不用自己清理基站真的很方便[捂脸R],5cc91bf40000000016009468,猪是念着倒,https://sns-avatar-qc.xhscdn.com/avatar/64cba19c1989c69920d9a246.jpg?imageView2/2/w/120/format/jpg,0,,0,1763796944056,0
691ecd2e000000001d02737c,1763626286000,广东,691decec000000001e011dda,有没有上下水版呀！[害羞R][害羞R],5b1407dc6b58b72814216c43,炸小鱼🐟,https://sns-avatar-qc.xhscdn.com/avatar/1040g2jo31gu13ls5ja5g4a5th13tor231bb4ut8?imageView2/2/w/120/format/jpg,0,,0,1763796944059,0
691ecd280000000014034227,1763626281000,广东,691decec000000001e011dda,大疆？是做相机的那个大疆吗,5fb00197000000000100ab57,cc,https://sns-avatar-qc.xhscdn.com/avatar/1040g2jo31nj9gq8m525g5ntg06bg9aqn75o5oj0?imageView2/2/w/120/format/jpg,0,,0,1763796944063,0
691eccfa000000001403779f,1763626234000,广东,691decec000000001e011dda,机械臂擦缝绝了，墙角终于不用自己清洁了,654dd7f6000000000403a417,小鱼大测评,https://sns-avatar-qc.xhscdn.com/avatar/1040g2jo31j69t8lgia005padqvr1790nlo1ri90?imageView2/2/w/120/format/jpg,0,,0,1763796944069,0
691eccad000000003102e097,1763626157000,广东,691decec000000001e011dda,大疆从相机届投身到扫地届了,5d70fb5d000000000100647b,nice,https://sns-avatar-qc.xhscdn.com/avatar/1040g2jo313gr6s09g6005nbgvdeg8p3ri34fde8?imageView2/2/w/120/format/jpg,0,,0,1763796944074,0
691ecca20000000039007209,1763626146000,广东,691decec000000001e011dda,这个2000块可以拿下吗,5d7849260000000001006f5b,LST,https://sns-avatar-qc.xhscdn.com/avatar/1040g2jo316ki62sp3e005nbo94j08rqrud0gj00?imageView2/2/w/120/format/jpg,0,,0,1763796946332,0
691eccb5000000003800c263,1763626165000,广东,691decec000000001e011dda,影视飓风推荐的准没错,5aad3c24e8ac2b0faf6ac399,对方正在输入中,https://sns-avatar-qc.xhscdn.com/avatar/636668823da99737387cc54b.jpg?imageView2/2/w/120/format/jpg,0,,0,1763796946335,0
69123cb00000000039008d12,1762802865000,湖南,691150010000000004001be9,这种鱼缸怎么做的呀？,5def77170000000001002165,住顶楼的寧姐姐,https://sns-avatar-qc.xhscdn.com/avatar/5def77170000000001002165.jpg?imageView2/2/w/120/format/jpg,2,,0,1763796950642,1
6911e73c0000000033005cbc,1762780989000,江苏,691150010000000004001be9,科技感满满！[派对R],67143820000000001d033ef6,尧呀尧,https://sns-avatar-qc.xhscdn.com/avatar/1040g2jo31mrvi7kq58605pok70g7efnmnkc355o?imageView2/2/w/120/format/jpg,1,,0,1763796950646,0
691287c4000000003802b374,1762822084000,山东,691150010000000004001be9,大疆也出扫地机了吗～,654c5ad9000000000200f990,电插座,https://sns-avatar-qc.xhscdn.com/avatar/1040g2jo30tv1s2bm4k605pacbbcghucgfqee2ug?imageView2/2/w/120/format/jpg,1,,0,1763796950650,0
69119b1d0000000039031bfe,1762761501000,山东,691150010000000004001be9,看上了看上了,56daedb01c07df379e4da7b6,爱研究的亦辰麻麻吖,https://sns-avatar-qc.xhscdn.com/avatar/632088f6350dadfdbce47098.jpg?imageView2/2/w/120/format/jpg,1,,0,1763796950655,0
6911aa8a00000000330242fe,1762765450000,江苏,691150010000000004001be9,这个是哪款型号？,64d463950000000001005c33,老玩童,https://sns-avatar-qc.xhscdn.com/avatar/1040g2jo30pfleb2g5k6g5p6kceag8n1j2d69mao?imageView2/2/w/120/format/jpg,1,,0,1763796950659,0
6911b2e200000000330212a0,1762767587000,江苏,691150010000000004001be9,鱼缸好治愈，是不是平时很麻烦？[微笑R],66e94043000000001d021fdd,石榴花开,https://sns-avatar-qc.xhscdn.com/avatar/1040g2jo31mpbpr6a5m6g5pn9811nc7utmpfc410?imageView2/2/w/120/format/jpg,1,,0,1763796950664,0
6916e10f00000000380098d7,1763107088000,湖南,691150010000000004001be9,请问博主，有哪一期专门介绍了鞋子收纳柜的吗？,5985791082ec3933211848bb,丝瓜儿,https://sns-avatar-qc.xhscdn.com/avatar/1040g2jo31j913lfdj40g49neh1sh0i5r851g758?imageView2/2/w/120/format/jpg,0,,0,1763796950668,0
691274be0000000039033e9b,1762817214000,上海,691150010000000004001be9,看到我们家轨道插座了高级感满满[点赞R][偷笑R],61d4cf93000000001000cca0,艾宝沃Xpower轨道插座,https://sns-avatar-qc.xhscdn.com/avatar/1040g2jo31bvolavig86g5oekpu9k1j508juoif0?imageView2/2/w/120/format/jpg,1,,0,1763796950671,0
6913e3c50000000033021705,1762911173000,江苏,691150010000000004001be9,真是使用下来避障完美不？,642ac8e10000000014010334,小财主,https://sns-avatar-qc.xhscdn.com/avatar/1040g2jo30tirbmr54md05p1ap3gl20pk0bbirq8?imageView2/2/w/120/format/jpg,0,,0,1763796950678,0
69144e57000000003902f476,1762938456000,吉林,691150010000000004001be9,定制的白色餐边柜是什么品牌的？什么型号呀？,5878d9ef5e87e7323da7b863,A徐贵人,https://sns-avatar-qc.xhscdn.com/avatar/60e831d37d75d7cae536983a.jpg?imageView2/2/w/120/format/jpg,0,,0,1763796950681,0
69127ff60000000038015785,1762820087000,山东,691150010000000004001be9,定制的[飞吻R],5f1054ba000000000101df38,923,https://sns-avatar-qc.xhscdn.com/avatar/1040g2jo310q2e6hn6m005nogait0bnpoanpm9ho?imageView2/2/w/120/format/jpg,0,,69123cb00000000039008d12,1763796952687,0
69141acd000000003302281e,1762925261000,四川,691150010000000004001be9,可以出一个鱼缸教程吗,582acd855e87e72abf07de9a,清醒南瓜🎃,https://sns-avatar-qc.xhscdn.com/avatar/1040g2jo31c7066sl0s6048rhnq6obnkqnon1pn8?imageView2/2/w/120/format/jpg,0,,69127ff60000000038015785,1763796952911,0
69128032000000003900348b,1762820147000,山东,691150010000000004001be9,[暗中观察R],5f1054ba000000000101df38,923,https://sns-avatar-qc.xhscdn.com/avatar/1040g2jo310q2e6hn6m005nogait0bnpoanpm9ho?imageView2/2/w/120/format/jpg,0,,6911e73c0000000033005cbc,1763796954919,0
6912886d0000000038031070,1762822254000,山东,691150010000000004001be9,yes,5f1054ba000000000101df38,923,https://sns-avatar-qc.xhscdn.com/avatar/1040g2jo310q2e6hn6m005nogait0bnpoanpm9ho?imageView2/2/w/120/format/jpg,0,,691287c4000000003802b374,1763796954923,0
6912806d0000000039004f3b,1762820206000,山东,691150010000000004001be9,[暗中观察R][暗中观察R],5f1054ba000000000101df38,923,https://sns-avatar-qc.xhscdn.com/avatar/1040g2jo310q2e6hn6m005nogait0bnpoanpm9ho?imageView2/2/w/120/format/jpg,0,,69119b1d0000000039031bfe,1763796954927,0
69128044000000003803d1be,1762820164000,山东,691150010000000004001be9,ROMO P,5f1054ba000000000101df38,923,https://sns-avatar-qc.xhscdn.com/avatar/1040g2jo310q2e6hn6m005nogait0bnpoanpm9ho?imageView2/2/w/120/format/jpg,0,,6911aa8a00000000330242fe,1763796954935,0
6912806a000000003803d479,1762820203000,山东,691150010000000004001be9,不麻烦[捂脸R]  想起来了就换水,5f1054ba000000000101df38,923,https://sns-avatar-qc.xhscdn.com/avatar/1040g2jo310q2e6hn6m005nogait0bnpoanpm9ho?imageView2/2/w/120/format/jpg,0,,6911b2e200000000330212a0,1763796954944,0
69128073000000003802c8fd,1762820212000,山东,691150010000000004001be9,[斜眼R],5f1054ba000000000101df38,923,https://sns-avatar-qc.xhscdn.com/avatar/1040g2jo310q2e6hn6m005nogait0bnpoanpm9ho?imageView2/2/w/120/format/jpg,0,,691274be0000000039033e9b,1763796954953,1
6912ab1a000000003300dfcf,1762831131000,山东,691150010000000004001be9,大约多久倒一次尘袋？,66a76aa6000000001d031977,笔记,https://sns-avatar-qc.xhscdn.com/avatar/645b7e17e29f7d0acadad89f.jpg?imageView2/2/w/120/format/jpg,0,,0,1763796955265,0
691352080000000039031867,1762873865000,浙江,691150010000000004001be9,闻到了金钱的味道,5aa20f80e8ac2b628fc7fb34,🍰毅果🥝,https://sns-avatar-qc.xhscdn.com/avatar/5aa20f80e8ac2b628fc7fb34.jpg?imageView2/2/w/120/format/jpg,0,,0,1763796955268,0
69119a270000000038033e54,1762761256000,广西,691150010000000004001be9,忽然有个脑洞，如果扫地机器人做成蟑螂的样子会不会有人买[偷笑R],5db7a59a0000000001004e6d,RebelCute,https://sns-avatar-qc.xhscdn.com/avatar/1040g2jo319vtfssp7g6g5ndnkmd08jjdvi55ph0?imageView2/2/w/120/format/jpg,0,,0,1763796955271,0
6912848300000000330054f0,1762821252000,江苏,691150010000000004001be9,地板可以分享下吗？,61d819b50000000010009f01,蓝猫猫,https://sns-avatar-qc.xhscdn.com/avatar/61d81a130e972971b7dd71e6.jpg?imageView2/2/w/120/format/jpg,0,,0,1763796955274,0
6912a4b80000000039030599,1762829496000,江苏,691150010000000004001be9,羡慕那个小朋友～,643f2175000000001400c5b0,珍品,https://sns-avatar-qc.xhscdn.com/avatar/1040g2jo319ni10khni6g5p1v45ql1hdg2n44qf8?imageView2/2/w/120/format/jpg,0,,0,1763796955282,0
6911d0620000000038029ecb,1762775139000,内蒙古,691150010000000004001be9,柜子深度多少,586f5d5b6a6a69115d0ea5e8,一个土喀喇,https://sns-avatar-qc.xhscdn.com/avatar/586f5d5b6a6a69115d0ea5e8.jpg?imageView2/2/w/120/format/jpg,0,,0,1763796955301,0
69119ed80000000039026757,1762762456000,江西,691150010000000004001be9,[点赞R][点赞R][点赞R],61d58f67000000002102134a,平平淡淡,https://sns-avatar-qc.xhscdn.com/avatar/cd255d0e201935e0d852bd371f18c198.jpg?imageView2/2/w/120/format/jpg,0,,0,1763796955308,0
6920041e000000001403e6fc,1763705886000,重庆,691eb28a000000001e03ac70,第一个踩了的大伙粘在鞋子上就完了,654230c80000000030032108,困困鱼.🌷,https://sns-avatar-qc.xhscdn.com/avatar/1040g2jo319b765nhlo6g5pa2634c6888hkrdsig?imageView2/2/w/120/format/jpg,0,,0,1763796959599,1
691f02b2000000001600eb61,1763639986000,四川,691eb28a000000001e03ac70,你家这个扫地机器人看起来好智能,6510ed10000000001603b9c1,丸崽学姐呀,https://sns-avatar-qc.xhscdn.com/avatar/1040g2jo30pee3t4lk06g5p8gtk85nee1r3gtn7o?imageView2/2/w/120/format/jpg,0,,0,1763796959602,0
691f1fe80000000016023a70,1763647464000,四川,691eb28a000000001e03ac70,充一次电可以用多久啊,6567f6550000000020035f10,星崽妈妈生活家,https://sns-avatar-qc.xhscdn.com/avatar/1040g2jo31jptsoe430005pb7upao6nog52898h8?imageView2/2/w/120/format/jpg,0,,0,1763796959605,0
691f1d49000000000e0342a9,1763646794000,四川,691eb28a000000001e03ac70,我家也想买一个扫地机 贵吗,5d52b0a50000000011012834,loopy女王,https://sns-avatar-qc.xhscdn.com/avatar/1040g2jo31ij5di6h7q005naim2ikaa1k9f40qp0?imageView2/2/w/120/format/jpg,0,,0,1763796959611,0
692064bf000000001502ddc5,1763730624000,广西,691eb28a000000001e03ac70,[飞吻R],62c19764000000001b026c8a,180阳光大帅哥,https://sns-avatar-qc.xhscdn.com/avatar/64feda9aa09277c8485e0abe.jpg?imageView2/2/w/120/format/jpg,0,,0,1763796959616,0
690f2e250000000037010308,1762602535000,河南,690d81780000000004029e3b,,67c193e0000000000e01f91b,蛋仔林清,https://sns-avatar-qc.xhscdn.com/avatar/1040g2jo31oggmfr0g6605pu1ifg3ju8rt4fiasg?imageView2/2/w/120/format/jpg,1,http://sns-webpic-qc.xhscdn.com/202511221536/86928303e788889c7e580a895068960a/comment/1040g2h031okgk3fel86g5pu1ifg3ju8r9791a3g!nd_whgt34_webp_wm_1,0,1763796964220,0
691dd8f4000000001502cea9,1763563765000,上海,690d81780000000004029e3b,200天免维护是什么意思？灰尘是有集尘袋吗，后期更换集尘袋就行了是吗,58a031cb50c4b45e5fc3cbea,再也不乱买东西,https://sns-avatar-qc.xhscdn.com/avatar/1040g2jo30vc09f805i00494pm4osnivas9j0sjo?imageView2/2/w/120/format/jpg,0,,0,1763796964223,0
69169132000000003900603a,1763086642000,江苏,690d81780000000004029e3b,一看价格直接给我劝退[笑哭R],59ddd5fe44363b2d57499e84,仁妹,https://sns-avatar-qc.xhscdn.com/avatar/63c230d03abf92a58b371af1.jpg?imageView2/2/w/120/format/jpg,0,,0,1763796964227,0
691076340000000033020c20,1762686517000,黑龙江,690d81780000000004029e3b,"嗯嗯
[语音] 2s
",63181bcc0000000012001346,林诗瑜,https://sns-avatar-qc.xhscdn.com/avatar/1040g2jo31p62klvr3c005ooo3f64g4q6fislioo?imageView2/2/w/120/format/jpg,0,,0,1763796964238,0
690f48ba000000003902515f,1762609339000,河南,690d81780000000004029e3b,一给你一个引,610e7344000000000100127a,向日葵,https://sns-avatar-qc.xhscdn.com/avatar/63c41efb38018c9aa5c83622.jpg?imageView2/2/w/120/format/jpg,0,,0,1763796964241,0
690f06a600000000390049df,1762592422000,广西,690d81780000000004029e3b,？[笑哭R],6832a9ee000000000e012b27,^风筝^,https://sns-avatar-qc.xhscdn.com/avatar/1040g2jo31p60ml4fioc05q1il7n3iap7bpokheg?imageView2/2/w/120/format/jpg,0,,0,1763796964245,0
690f49290000000039030e2a,1762609450000,河南,690d81780000000004029e3b,/\       /\,610e7344000000000100127a,向日葵,https://sns-avatar-qc.xhscdn.com/avatar/63c41efb38018c9aa5c83622.jpg?imageView2/2/w/120/format/jpg,0,,0,1763796964257,0
690f3e270000000038017b56,1762606631000,湖北,690d81780000000004029e3b,?,5f0e6e6e0000000001002a7c,瓦达西窝系泥蝶,https://sns-avatar-qc.xhscdn.com/avatar/1040g2jo31a1iirjq7e605noedpn08ajste8halo?imageView2/2/w/120/format/jpg,0,,690f2e250000000037010308,1763796966261,0
6921218c000000000601b282,1763778957000,浙江,691fd7ce000000001e02cae7,关键颜值还很高！！！就冲这点，我也要冲！！,67dab2b9000000000e01e06b,住别墅的酸菜鱼,https://sns-avatar-qc.xhscdn.com/avatar/1040g2jo31ojbegfk580g5obbpae0jf6hfq1i45g?imageView2/2/w/120/format/jpg,0,,0,1763796968515,0
68ab273600000000260341b4,1756047158000,,68aa0297000000001d0109fa,外观设计，为什么一定要讲求有什么功能？我就要单纯好看呀，比如有的车，除了基本配置外，好看就是个加分项,657ab1f9000000003d035e87,17,https://sns-avatar-qc.xhscdn.com/avatar/1040g2jo31nvoduirg66g5pbqm7svenk704itq3g?imageView2/2/w/120/format/jpg,10,,0,1763796972806,14
68abc4f7000000002603664e,1756087543000,,68aa0297000000001d0109fa,私以为第一条的锅不应该由设计来背，一个设计，特别是大厂的设计是什么风格，往往是由他们的品牌的定位，价值观和打法来决定的，当我们谈设计的时候不能将它从品牌中剥离出去，举个简单的例子，如果马歇尔做了一个哈曼卡顿一样的音响，会给人什么感受？大疆选择这么做自然是选择通过这么一个形态去传递出自己的品牌价值观和品牌的发展方向，从而吸引对应的客户群体，是不是必须要与家庭环境融合，个人看来这只是一个当品牌文化和使用场景产生冲突之下的选择而已，没有什么对与错，至于最后的遗憾，也只能说成也萧何，败也萧何，因为他是大疆，所以不太可能做到你期望的改变，这个生态位终究要被其他品牌占领,5b72cd6f54e3c2000119efae,Tourbillon,https://sns-avatar-qc.xhscdn.com/avatar/1040g2jo31m5uii0hlm004ae7cd6mvrtekgj30l0?imageView2/2/w/120/format/jpg,6,,0,1763796972809,9
68ac1a1700000000300320a9,1756109336000,,68aa0297000000001d0109fa,很中肯的一篇评价，作为曾经参与过这个项目的前员工，这些问题在项目初期就试图和决策者battle过，但dji在“审美”领域，一向是非常孤傲的，只能说，透明外壳是一个为了满足决策者私人审美的一个选项。,588f8ed15e87e77f26713427,momo海,https://sns-avatar-qc.xhscdn.com/avatar/1040g2jo31csp8f9210004936e47d2d17vr062oo?imageView2/2/w/120/format/jpg,3,,0,1763796972812,11
68ab0b230000000030010f50,1756039972000,,68aa0297000000001d0109fa,大疆romo的结构工程师估计背后把工业设计师都问候了一遍了。透明壳的设计完全为了外观上的标新立异，不提供任何功能上的优势，还早成结构、注塑工艺上的难度。,5e9b21a20000000001004ff5,胡安,https://sns-avatar-qc.xhscdn.com/avatar/1040g2jo31dd8359116605nkr46h08jvlcet4ve8?imageView2/2/w/120/format/jpg,3,,0,1763796972815,10
68abb6950000000030005353,1756083861000,,68aa0297000000001d0109fa,有差异化，好看，如果设计的跟其它一样，你觉得杀的出重围吗[笑哭R][笑哭R][笑哭R],647a2b1d000000001001dc47,我拉磨的,https://sns-avatar-qc.xhscdn.com/avatar/7121a416be8e543266fd62c1cc9d575e.jpg?imageView2/2/w/120/format/jpg,6,,0,1763796972822,0
68ac8a550000000030024abb,1756138069000,,68aa0297000000001d0109fa,中肯地说这个锅设计不背。风格是整个品牌的定义，并且dji第一款扫地机器人需要打响，差异化外观作为打法之一可以理解。其次不融合于家装的问题，试问iphone刚出来的时候适配你们的办公桌椅+穿搭吗，但用户购买它就是为了某种向往的生活风格态度。,5b275c7ee8ac2b47dcab3fc1,🏸,https://sns-avatar-qc.xhscdn.com/avatar/1040g2jo30vc8ijlplg0g4a6c4ce7sfu1k9psuh0?imageView2/2/w/120/format/jpg,1,,0,1763796972829,5
68aab95e0000000027006028,1756019039000,,68aa0297000000001d0109fa,和环境不搭很同意。我挑了很久最终买了石头的白色版本，也只能让他尽可能藏在角落里。博主能推荐一个你觉得不错的吗？,5c5c84660000000012032362,hahahaha,https://sns-avatar-qc.xhscdn.com/avatar/1040g2jo319oa1js0ng005n2sghj4m8r2odo2jlg?imageView2/2/w/120/format/jpg,2,,0,1763796972833,1
68ab4e9f0000000030006be1,1756057247000,,68aa0297000000001d0109fa,透明基站进个蟑螂就老实了[doge],5c28daa90000000005033ad6,三口,https://sns-avatar-qc.xhscdn.com/avatar/1040g2jo31nhpshdq4s005n18rakheemmjo87vu8?imageView2/2/w/120/format/jpg,3,,0,1763796972836,6
68abe814000000002603a707,1756096533000,,68aa0297000000001d0109fa,"我就还挺喜欢大疆这款的，每个产品都有自己对应的消费群体
",5e49453000000000010081c9,Katrina,https://sns-avatar-qc.xhscdn.com/avatar/1040g2jo31l66rjlc300g5ni98ko090e9s64vc68?imageView2/2/w/120/format/jpg,0,,0,1763796972841,10
68aae2e20000000030033c92,1756029666000,,68aa0297000000001d0109fa,你是懂设计的。,60c5f24000000000010014ea,皮球,https://sns-avatar-qc.xhscdn.com/avatar/6213b4fedcb7c5129229847d.jpg?imageView2/2/w/120/format/jpg,0,,0,1763796972847,4
68ab3ecb000000002603e119,1756053196000,,68aa0297000000001d0109fa,“你觉得好看的那些线条和造型，很多都是为了降低风阻、节省油耗、甚至保护行人。如果真只要‘好看’，那车根本开不动，或者一撞就碎。好看是结果，不是目的。”,5c694044000000001202713c,momo,https://sns-avatar-qc.xhscdn.com/avatar/1040g2jo30o3vfm082m605n398124ks9sn4as7uo?imageView2/2/w/120/format/jpg,0,,68ab273600000000260341b4,1763796974855,27
68ab3ee8000000002700ceb9,1756053224000,,68aa0297000000001d0109fa,工业设计不是艺术创作，它生来就要解决问题。你觉得车的好看不好看只是“加分项”？那是因为好的设计已经把功能、空气动力学、安全性、人机工程学无声无息地融入了你所谓的“好看”里。你没意识到它的功能，恰恰是设计成功的最高境界,5c694044000000001202713c,momo,https://sns-avatar-qc.xhscdn.com/avatar/1040g2jo30o3vfm082m605n398124ks9sn4as7uo?imageView2/2/w/120/format/jpg,0,,68ab273600000000260341b4,1763796975085,9
68abd1fb000000003003015c,1756090876000,,68aa0297000000001d0109fa,工业设计其实是一个推理的过程，在成本和技术限制下，寻找到外观最有美感的平衡点，就如戴着镣铐跳舞，所以工业设计里面其实不怎么需要灵感，毕竟开发过程是一场推理，是工程学和美学的平衡[doge],61accc070000000002018e6a,CCCCC蚊,https://sns-avatar-qc.xhscdn.com/avatar/61accc070000000002018e6a.jpg?imageView2/2/w/120/format/jpg,0,,68ab273600000000260341b4,1763796975089,5
68abd968000000002400fb25,1756092776000,,68aa0297000000001d0109fa,部分同意。有责任心、有能力的工业设计师会首先确定设计的方向和限制因素，然后在有限的空间内自然发挥，这时候灵感不是必须的，但有灵感的加持设计一定会更好。,6441309d000000000f005a99,VID,https://sns-avatar-qc.xhscdn.com/avatar/1040g2jo31mnp0letlm005p2162ejomkphhmi6io?imageView2/2/w/120/format/jpg,0,,68abd1fb000000003003015c,1763796975092,3
68abdb44000000003001d9e8,1756093253000,,68aa0297000000001d0109fa,那肯定的，有灵感的设计更容易打动人，也会走的更远，靠推理和妥协出来的作品大概率是流水线，灵感设计也需要一个有魄力的甲方爸爸[doge]能遇到肯为巧思买单的客户更可贵，,61accc070000000002018e6a,CCCCC蚊,https://sns-avatar-qc.xhscdn.com/avatar/61accc070000000002018e6a.jpg?imageView2/2/w/120/format/jpg,0,,68abd968000000002400fb25,1763796975101,2
68abe7e800000000260365ec,1756096488000,,68aa0297000000001d0109fa,站在普通消费者角度来看，好看确实是最直观的加分项，不是吗？,5ed8931f000000000101e725,💭,https://sns-avatar-qc.xhscdn.com/avatar/1040g2jo31goccldljs005nmoicfgbpp5kqg20b8?imageView2/2/w/120/format/jpg,0,,68ab273600000000260341b4,1763796975106,1
68ac14bc00000000270044d9,1756107964000,,68aa0297000000001d0109fa,好看只是你的感知，但你的感知也是被设计过的[笑哭R],5c694044000000001202713c,momo,https://sns-avatar-qc.xhscdn.com/avatar/1040g2jo30o3vfm082m605n398124ks9sn4as7uo?imageView2/2/w/120/format/jpg,0,,68abe7e800000000260365ec,1763796977357,4
68b129c600000000010007a3,1756441031000,,68aa0297000000001d0109fa,你总结的太妙了～,559565aa41a2b3129d101565,overtheair,https://sns-avatar-qc.xhscdn.com/avatar/5703ca0302f37d612b00a550.jpg?imageView2/2/w/120/format/jpg,0,,68ab3ee8000000002700ceb9,1763796977363,0
68ba9408000000000a0088bd,1757058056000,,68aa0297000000001d0109fa,这是个功能产品 不是装饰产品，最主要是还是实用,5f32b8150000000001001640,小红薯5F34079F,https://sns-avatar-qc.xhscdn.com/avatar/5f32b842f7ed910001748429.jpg?imageView2/2/w/120/format/jpg,0,,68ab273600000000260341b4,1763796977370,0
68da55850000000039033bb8,1759139205000,,68aa0297000000001d0109fa,工业设计不是艺术创作，但是工业设计里面不能没有艺术创作,5aca02264eacab01fb5cc700,墨溅琉璃,https://sns-avatar-qc.xhscdn.com/avatar/1040g2jo31ehc3p03h6004a4cgp12dho0svjeer0?imageView2/2/w/120/format/jpg,0,,68ab3ee8000000002700ceb9,1763796977376,0
68abd8070000000026007e96,1756092424000,,68aa0297000000001d0109fa,品牌的定位和风格会明确设计的方向和遵从的基本规则，但不会也不应该限制设计具体的表达方式，否则就会扼杀设计创新，失去必要的变化和活力。具体到本案，大疆对品牌设计的定位可能是科技、专业、注重用户体验，但我猜并不会细致到要求全部产品都具备“透明外壳”，否则就是在给自己找麻烦了。具体到这次的透明外壳设计，大概率是设计师在可操作空间内的设计选择，虽然获得了品牌的认可，但由此产生的设计问题，设计师是第一责任人，因为他应该是团队里最懂设计的人。,6441309d000000000f005a99,VID,https://sns-avatar-qc.xhscdn.com/avatar/1040g2jo31mnp0letlm005p2162ejomkphhmi6io?imageView2/2/w/120/format/jpg,0,,68abc4f7000000002603664e,1763796979383,2
68abda5f000000002700ae89,1756093024000,,68aa0297000000001d0109fa,透明外壳这一点我觉得你说的很对，我只是说第一点，关于要不要融入家居环境这一点，让这个设计背锅有点冤[笑哭R]后面几点我是很认同你的，透明外壳在一个有很大刮擦风险的环境里确实不是一个好的选择,5b72cd6f54e3c2000119efae,Tourbillon,https://sns-avatar-qc.xhscdn.com/avatar/1040g2jo31m5uii0hlm004ae7cd6mvrtekgj30l0?imageView2/2/w/120/format/jpg,0,,68abd8070000000026007e96,1763796979616,0
68abdc5d000000002600753e,1756093534000,,68aa0297000000001d0109fa,扫地机器人的产品特性就决定了它是一个受众非常广的大众产品而非小众产品。如果能既照顾到品牌定位做到差异化，又能较好融入家庭环境，岂不更好？没做到，并不代表做不到。如果是项目开始品牌就觉得有冲突还坚持要做，设计师应该做的是通过专业能力弱化冲突，而非顺水推舟甚至激化矛盾，因为帮助品牌拓展用户群体提升产品销量也是工业设计师的职责。,6441309d000000000f005a99,VID,https://sns-avatar-qc.xhscdn.com/avatar/1040g2jo31mnp0letlm005p2162ejomkphhmi6io?imageView2/2/w/120/format/jpg,0,,68abda5f000000002700ae89,1763796979625,0
68abdfea000000002603968e,1756094443000,,68aa0297000000001d0109fa,那么这个问题又绕回来了，虽然扫地机器人是一个大众产品，但是大疆是不是要做一个泛大众化的产品这里就要打个问号了，他们希望消费者买的是一个产品，还是一个摆件，还是一个生活信仰,5b72cd6f54e3c2000119efae,Tourbillon,https://sns-avatar-qc.xhscdn.com/avatar/1040g2jo31m5uii0hlm004ae7cd6mvrtekgj30l0?imageView2/2/w/120/format/jpg,0,,68abdc5d000000002600753e,1763796979643,1
68ac8bc600000000010014e6,1756138439000,,68aa0297000000001d0109fa,生活信仰也不能不防刮擦,5f959ccf000000000101d7b6,ATOLS,https://sns-avatar-qc.xhscdn.com/avatar/2b4cefbb01e0a0824f5c173dde7f98b2.jpg?imageView2/2/w/120/format/jpg,0,,68abdfea000000002603968e,1763796979651,0
68ac93c70000000001011bb0,1756140488000,,68aa0297000000001d0109fa,你如果看全了对话就应该知道我没有质疑贴主对于透明材质的看法，而且换一个角度来说愿意忍受这点不便的也大有人在，从入行就应该知道的一点就是你不能够也不需要讨好所有人，从品牌的角度来看我不喜欢但是能理解做透明这个选择,5b72cd6f54e3c2000119efae,Tourbillon,https://sns-avatar-qc.xhscdn.com/avatar/1040g2jo31m5uii0hlm004ae7cd6mvrtekgj30l0?imageView2/2/w/120/format/jpg,0,,68ac8bc600000000010014e6,1763796979666,0
68ac1cb700000000260041e0,1756110008000,,68aa0297000000001d0109fa,感谢提供信息，这也是设计在企业中尴尬处境的又一个写照。,6441309d000000000f005a99,VID,https://sns-avatar-qc.xhscdn.com/avatar/1040g2jo31mnp0letlm005p2162ejomkphhmi6io?imageView2/2/w/120/format/jpg,0,,68ac1a1700000000300320a9,1763796981676,0
68fcca3f000000003901da27,1761397311000,广东,68aa0297000000001d0109fa,透明外壳单看很漂亮，但很难适应多数装修风格，当然，如果有上下水设计藏柜子里就没问题，但藏起来了透明外壳又有啥意义？,5f634a2a0000000001000d8d,momo,https://sns-avatar-qc.xhscdn.com/avatar/642cc89acdbbe098f2e3f16c.jpg?imageView2/2/w/120/format/jpg,0,,68e1bcaa000000003902149e,1763796981851,1
68e1bcaa000000003902149e,1759624362000,,68aa0297000000001d0109fa,感觉你应该不是前员工 而是其他品牌的水军， 大疆审美天下无敌,5e53c54c00000000010066cd,达斯维达,https://sns-avatar-qc.xhscdn.com/avatar/1040g2jo31dnnkt22086g5nijol608pmd8ima09g?imageView2/2/w/120/format/jpg,0,,68ac1a1700000000300320a9,1763796981855,2
68bfe2f40000000030006bef,1757405941000,,68aa0297000000001d0109fa,一个大厂的产品，背后是无数张草图和超量的方案堆出来的，不是工业设计师一个人决定的，目前国内并没有能让工业设计师一个人决定的产品，小到一个充电宝都要出好多方案先给设计部门选择，再给其余部门开会商讨选择,5cc086b10000000017038d5f,。,https://sns-avatar-qc.xhscdn.com/avatar/628626b2ab9cf9a7379a7133.jpg?imageView2/2/w/120/format/jpg,0,,68ab0b230000000030010f50,1763796983861,2
68ac653e0000000030005aa3,1756128574000,,68aa0297000000001d0109fa,搞错了，这样才给高薪水结构提供了机会[笑哭R][笑哭R],647a2b1d000000001001dc47,我拉磨的,https://sns-avatar-qc.xhscdn.com/avatar/7121a416be8e543266fd62c1cc9d575e.jpg?imageView2/2/w/120/format/jpg,0,,68ab0b230000000030010f50,1763796984062,0
68bfeceb000000003000547f,1757408491000,,68aa0297000000001d0109fa,工业设计师做了很多ID方案，包括这个透明外壳的方案，提案的时候被王滔看中了，结构工程师默默在观众席碎碎念[doge],5e9b21a20000000001004ff5,胡安,https://sns-avatar-qc.xhscdn.com/avatar/1040g2jo31dd8359116605nkr46h08jvlcet4ve8?imageView2/2/w/120/format/jpg,0,,68bfe2f40000000030006bef,1763796984064,1
68abc42600000000260368e8,1756087334000,,68aa0297000000001d0109fa,事实上很多方法都可以提供差异化。都知道要技术创新，其实还有个被所有人低估了的“设计创新”。把所有希望都寄托在为了不同而不同的美学选择上，这是设计的悲哀。,6441309d000000000f005a99,VID,https://sns-avatar-qc.xhscdn.com/avatar/1040g2jo31mnp0letlm005p2162ejomkphhmi6io?imageView2/2/w/120/format/jpg,0,,68abb6950000000030005353,1763796986070,1
68abe6380000000030008d31,1756096056000,,68aa0297000000001d0109fa,你牛大疆应该请你去做产品总监[笑哭R][笑哭R][笑哭R]，去了多关照下小弟[笑哭R][笑哭R][笑哭R],647a2b1d000000001001dc47,我拉磨的,https://sns-avatar-qc.xhscdn.com/avatar/7121a416be8e543266fd62c1cc9d575e.jpg?imageView2/2/w/120/format/jpg,0,,68abc42600000000260368e8,1763796986296,0
68abe6750000000030009f92,1756096117000,,68aa0297000000001d0109fa,改天认真看看你帖子[笑哭R][笑哭R]，还没认真看，也可能你说的对的哈哈[笑哭R],647a2b1d000000001001dc47,我拉磨的,https://sns-avatar-qc.xhscdn.com/avatar/7121a416be8e543266fd62c1cc9d575e.jpg?imageView2/2/w/120/format/jpg,0,,68abc42600000000260368e8,1763796986300,0
68abe74b0000000030012c17,1756096332000,,68aa0297000000001d0109fa,博主，你这评价也太主观了吧？为了不同而不同？做设计，本身也需要创新，首先不得有求不同的出发点嘛？我觉得无所谓好与不好吧，各投所好吧,61e55eda000000001000e542,点心小橘子,https://sns-avatar-qc.xhscdn.com/avatar/1040g2jo31l49di3b4k6g5of5brd41pa21loed88?imageView2/2/w/120/format/jpg,0,,68abc42600000000260368e8,1763796986302,0
68abe91200000000270008b5,1756096786000,,68aa0297000000001d0109fa,首先，这个结论是经过分析推出的，不是主观评价。其次，你说的对，做设计是要有独特的思路和方法的，但这不是目的，而是正确设计方法形成的必然的结果。,6441309d000000000f005a99,VID,https://sns-avatar-qc.xhscdn.com/avatar/1040g2jo31mnp0letlm005p2162ejomkphhmi6io?imageView2/2/w/120/format/jpg,0,,68abe74b0000000030012c17,1763796986308,0
68abeeb10000000027001af1,1756098226000,,68aa0297000000001d0109fa,They should [doge],6441309d000000000f005a99,VID,https://sns-avatar-qc.xhscdn.com/avatar/1040g2jo31mnp0letlm005p2162ejomkphhmi6io?imageView2/2/w/120/format/jpg,0,,68abe6380000000030008d31,1763796986317,0
68ac988f000000000903b079,1756141712000,,68aa0297000000001d0109fa,同样的问题我上面回复过了，品牌对风格的定义不应该限制具体的设计表达形式，否则就是跟自己过不去（当然现实依旧可能发生）。而在有限的发挥空间内，设计师是可以有不同方法做出差异化的，当然很可能需要整个项目组的支持和配合，但说实话我认为差异化外观是最懒最平常也收效最差的选择。,6441309d000000000f005a99,VID,https://sns-avatar-qc.xhscdn.com/avatar/1040g2jo31mnp0letlm005p2162ejomkphhmi6io?imageView2/2/w/120/format/jpg,0,,68ac8a550000000030024abb,1763796988323,1
68aac9310000000027009687,1756023089000,,68aa0297000000001d0109fa,谢谢支持。说实话现在市面上的主流扫地机器人在核心技术和体验方面差别不大，这也是为什么品牌之间会卷的原因。 建议先搞清楚你需要什么功能，选一个自己喜欢的外形（有些老机型降价后反而是不错的选择），同时谨慎为一些不够成熟的卖点比如顶部机械臂、自动上下水等买单，买前可以问问Ai有哪些缺点看自己能否接受。祝购物愉快[点赞R],6441309d000000000f005a99,VID,https://sns-avatar-qc.xhscdn.com/avatar/1040g2jo31mnp0letlm005p2162ejomkphhmi6io?imageView2/2/w/120/format/jpg,0,,68aab95e0000000027006028,1763796988329,2
6901aad5000000003901c900,1761716949000,江苏,68aa0297000000001d0109fa,自动上下水也是不成熟的么。有啥大问题，私以为这是解放双手的第一步。,619f83610000000010006676,小红薯619F9813,https://sns-avatar-qc.xhscdn.com/avatar/2b4cefbb01e0a0824f5c173dde7f98b2.jpg?imageView2/2/w/120/format/jpg,0,,68aac9310000000027009687,1763796988530,0
68abe6b2000000002603fd33,1756096179000,,68aa0297000000001d0109fa,密封的 咋进？,657ab1f9000000003d035e87,17,https://sns-avatar-qc.xhscdn.com/avatar/1040g2jo31nvoduirg66g5pbqm7svenk704itq3g?imageView2/2/w/120/format/jpg,0,,68ab4e9f0000000030006be1,1763796990535,1
68abf5dc000000003000d16c,1756100060000,,68aa0297000000001d0109fa,没想象的这么密封啦[笑哭R]我去专柜看了，更多地方都能塞进a4纸，能塞a4纸就能塞进蟑螂卵。连柜哥都觉得时间长了里面肯定进脏东西。小强之所以叫小强，是因为它真的很强,597453d76a6a696495ef0623,刘南瓜🎃Catherine,https://sns-avatar-qc.xhscdn.com/avatar/6411aa5d8d4f36b746558641.jpg?imageView2/2/w/120/format/jpg,0,,68abe6b2000000002603fd33,1763796990728,3
68ac64c90000000030013d3e,1756128457000,,68aa0297000000001d0109fa,应该很难做到全密封[笑哭R][笑哭R],647a2b1d000000001001dc47,我拉磨的,https://sns-avatar-qc.xhscdn.com/avatar/7121a416be8e543266fd62c1cc9d575e.jpg?imageView2/2/w/120/format/jpg,0,,68abe6b2000000002603fd33,1763796990733,0
69144661000000003803e522,1762936418000,广东,68aa0297000000001d0109fa,完全没提 dji 提供了非透明外壳的纯白低价版本，作为消费者的可选项我认为这很有意思也很有必要，就像 iPhone air 系列一样,649dbce2000000002a036a09,分子灰田,https://sns-avatar-qc.xhscdn.com/avatar/1040g2jo31kfef86sj06g5p4tnjhamqg9g7caqgg?imageView2/2/w/120/format/jpg,0,,0,1763796993069,0
68fe38f10000000038029855,1761491186000,广东,68aa0297000000001d0109fa,摄像头不清楚是最大不足,6842682a000000001e03ee8e,风摄～约拍,https://sns-avatar-qc.xhscdn.com/avatar/1040g2jo31k8svfg8j46g5q22d0l7nrkee8ngfeg?imageView2/2/w/120/format/jpg,0,,0,1763796993072,0
68fb323d0000000037024cf3,1761292861000,北京,68aa0297000000001d0109fa,一眼喜欢，为颜值买单了[偷笑R],5e50944d0000000001008444,闲闲,https://sns-avatar-qc.xhscdn.com/avatar/1040g2jo30tprois34q6g5nigih6g9124p9p5l4o?imageView2/2/w/120/format/jpg,0,,0,1763796993077,0
68f581270000000039023023,1760919848000,,68aa0297000000001d0109fa,不是有非透明选择吗？价格好香[害羞R],615531d80000000002020e34,Rolo,https://sns-avatar-qc.xhscdn.com/avatar/d784fc20c996f3d2f39d034c404f234e.jpg?imageView2/2/w/120/format/jpg,0,,0,1763796993083,0
68cfbda2000000000b02ab07,1758444962000,,68aa0297000000001d0109fa,最近全平台都在唱衰ROMO[笑哭R]密度之高以至于让我怀疑是友商的关照,5cfb4b9d000000000503064f,StarMark,https://sns-avatar-qc.xhscdn.com/avatar/63f7bdbe58ad7ad7bb63040c.jpg?imageView2/2/w/120/format/jpg,0,,0,1763796993086,0
68ae9f4a000000000903b093,1756274506000,,68aa0297000000001d0109fa,为什么如今穿搭这么火？穿搭本身就是一种传递个性的方式，它并没有一种实质上的功能价值，但提供了足够的情绪价值,65bf57e1000000000d01fbc2,哪里有锅盖🐑🐚,https://sns-avatar-qc.xhscdn.com/avatar/1040g2jo31ipd9cvuha605pdvavgjbuu2tamlfko?imageView2/2/w/120/format/jpg,0,,0,1763796993090,3
68ad8951000000003002ba4d,1756203345000,,68aa0297000000001d0109fa,中肯的，一针见血的,5d8b7958000000000100922c,高睾糕稿羔达,https://sns-avatar-qc.xhscdn.com/avatar/1040g2jo31nsre0pq6g005ncbf5c094hct0m2uo8?imageView2/2/w/120/format/jpg,0,,0,1763796993097,0
68ac63a900000000300196e4,1756128170000,,68aa0297000000001d0109fa,这个设计可以看得出背后是一个团队再不停的打磨得出来的解。 设计师的价值显而易见。回到主题，成熟品牌的环境下，又是第一款产品，其实这款的设计不好做。 往往这样的项目，设计已经没办法站在消费者或者用户的角度全盘考虑了。 所以大疆设计这第一款无论怎样其实都可以理解。无论设计的需求是立旗帜营造信仰，还是迎合用户场景定义行业。都是没错的。显然他们选择了前者，这是选择问题。 回过头来，我更期待他的第二代。第二代或许就会融入他对扫地机这个行业理解。 第一代的话题性已经有了，站在商业的角度，设计的目标已经达标了。,5dfe539e0000000001007efe,蛋壳,https://sns-avatar-qc.xhscdn.com/avatar/1040g2jo31irrdl28gs0g5nfuaef08vnukv3hkug?imageView2/2/w/120/format/jpg,0,,0,1763796993103,3
68ac0d800000000030006949,1756106112000,,68aa0297000000001d0109fa,[doge]不错,5ef6bd20000000000101c161,Belds,https://sns-avatar-qc.xhscdn.com/avatar/1040g2jo3102mg8nm66105nnmnkg0bgb1tgch4eg?imageView2/2/w/120/format/jpg,0,,0,1763796993110,1
68abd03b00000000300145c6,1756090428000,,68aa0297000000001d0109fa,第一次看见这个设计就有疑惑，防划痕能力如何，里面脏了外面能看见吗。如果抛开透明机器外观设计也很普通。,638219e800000000230242d5,雅安青云文化,https://sns-avatar-qc.xhscdn.com/avatar/638219e800000000230242d5.jpg?imageView2/2/w/120/format/jpg,0,,0,1763796993116,1
68abb672000000003001bdc8,1756083827000,,68aa0297000000001d0109fa,设计漂亮,647a2b1d000000001001dc47,我拉磨的,https://sns-avatar-qc.xhscdn.com/avatar/7121a416be8e543266fd62c1cc9d575e.jpg?imageView2/2/w/120/format/jpg,0,,0,1763796995384,0
68aba8f2000000003000f15d,1756080371000,,68aa0297000000001d0109fa,好文[点赞R],62a1633a0000000021024a94,Yu,https://sns-avatar-qc.xhscdn.com/avatar/0dd6f7e91ce0bea602fbc47515b7c72f.jpg?imageView2/2/w/120/format/jpg,0,,0,1763796995386,1
68ab4b720000000026039843,1756056435000,,68aa0297000000001d0109fa,像功能样机,5b77e071f7e8b91d5062a93e,马克牛深,https://sns-avatar-qc.xhscdn.com/avatar/63754e616703961ffee29964.jpg?imageView2/2/w/120/format/jpg,0,,0,1763796995390,2
68ab3f53000000002700e2f5,1756053331000,,68aa0297000000001d0109fa,很专业，看到评论纯讨论外观我真是无语😓，其他大佬的其他分享,5c694044000000001202713c,momo,https://sns-avatar-qc.xhscdn.com/avatar/1040g2jo30o3vfm082m605n398124ks9sn4as7uo?imageView2/2/w/120/format/jpg,0,,0,1763796995399,2
68ac741c000000000a008d2d,1756132380000,,68ac553a000000001d01ae7a,都不用试，看外观就知道该买哪个,62479a37000000001000d937,Lifenote,https://sns-avatar-qc.xhscdn.com/avatar/1040g2jo3170ol8vb3u005oi7j8rk1m9nkot757o?imageView2/2/w/120/format/jpg,7,,0,1763796999688,13
68ce12c30000000030023349,1758335686000,,68ac553a000000001d01ae7a,避雷！！！！！买回家你就等着救它吧！！！伤痕累累！,5b4d01e611be103b24fd83ae,隐藏属性,https://sns-avatar-qc.xhscdn.com/avatar/1000g2jo2q2mn29kk60104a77cr0ud0te1ngav4g?imageView2/2/w/120/format/jpg,7,http://sns-webpic-qc.xhscdn.com/202511221536/2ff8bdbbf4a85666ef5b8b0cba3cc3e2/comment/1040g2h031mktudb0mm1g4a77cr0ud0teta4ac78!nd_whgt34_webp_wm_1,0,1763796999691,4
68ac75b100000000020171ff,1756132786000,,68ac553a000000001d01ae7a,毛毯清洁情况，谢谢,5837a51d50c4b409622528b9,铭铭爱烘焙,https://sns-avatar-qc.xhscdn.com/avatar/166ad12ae9a7f6fbb4bbbf88d417895f.jpg?imageView2/2/w/120/format/jpg,4,,0,1763796999697,2
68c6398b000000000b025a9e,1757821323000,,68ac553a000000001d01ae7a,要拿就拿G30s去比 同价位的 拿个P系列去比 大疆S[笑哭R],54f55a912e1d933e0b94cd7f,成都唐老师写字课堂,https://sns-avatar-qc.xhscdn.com/avatar/6248eb5a3f813c52535b23d3.jpg?imageView2/2/w/120/format/jpg,3,,0,1763796999704,4
68ac6e29000000000101383c,1756130858000,,68ac553a000000001d01ae7a,我家柜子深度只有30cm，石头可以装上下水，大疆只能水箱版[笑哭R]纠结要不要为了大疆勤换水,6335546a0000000018028394,许先森,https://sns-avatar-qc.xhscdn.com/avatar/529594cd91bbf4c43608131bf9134bdc.jpg?imageView2/2/w/120/format/jpg,7,,0,1763796999708,2
68be1407000000000a00802b,1757287432000,,68ac553a000000001d01ae7a,家里准备淘汰科沃斯的x1，太让我失望，研究了下大疆和石头，最后我也选了石头。,5b017a8bf7e8b901ecdad9b2,yoyome,https://sns-avatar-qc.xhscdn.com/avatar/1040g2jo313pgpoab1m004a5g8lt8nmdiii8r7no?imageView2/2/w/120/format/jpg,7,,0,1763796999713,0
68eda93700000000370121ca,1760405816000,,68ac553a000000001d01ae7a,快点出测评，双十一打算入手了,5c7ef999000000001102cf41,唉，加班的黄瓜🥒,https://sns-avatar-qc.xhscdn.com/avatar/5cbefb63f7756c00014d93f5.jpg?imageView2/2/w/120/format/jpg,2,,0,1763796999717,2
68c648a9000000003000ff7a,1757825193000,,68ac553a000000001d01ae7a,怎么样？有结果了吗？,5ac7a0f8e8ac2b61e6327e55,小飞侠Vivi,https://sns-avatar-qc.xhscdn.com/avatar/658be15a6ed9c8cea89e7b41.jpg?imageView2/2/w/120/format/jpg,1,,0,1763796999723,1
68ad51210000000030026753,1756188962000,,68ac553a000000001d01ae7a,主要看噪音和基站省不省心,5d0e0a4d0000000016019805,成语接龙职业选手,https://sns-avatar-qc.xhscdn.com/avatar/1040g2jo31dq279l40k505n8e196lj605nldkc6g?imageView2/2/w/120/format/jpg,0,,0,1763796999729,8
68ac71ef000000000a00dae7,1756131824000,,68ac553a000000001d01ae7a,肯定石头好,5e5cc3bd000000000100b19a,有爱财来,https://sns-avatar-qc.xhscdn.com/avatar/1040g2jo315sbrctnhac05nisoeug9ccqf7g68f8?imageView2/2/w/120/format/jpg,2,,0,1763796999733,3
68ac82190000000030029a05,1756135962000,,68ac553a000000001d01ae7a,你喜欢哪个？,5c2c1e9f00000000070298f6,黑白猪之家,https://sns-avatar-qc.xhscdn.com/avatar/63ee536dde695b691ac9bedb.jpg?imageView2/2/w/120/format/jpg,0,,68ac741c000000000a008d2d,1763797001742,1
68c6390a000000000a00ddad,1757821195000,,68ac553a000000001d01ae7a,以后发黄 划痕 起雾就不好看了 水平差不多 为了透明壳多两千[笑哭R],54f55a912e1d933e0b94cd7f,成都唐老师写字课堂,https://sns-avatar-qc.xhscdn.com/avatar/6248eb5a3f813c52535b23d3.jpg?imageView2/2/w/120/format/jpg,0,,68ad51e8000000000a00b3ae,1763797001957,5
68f5357f000000003800f1ae,1760900480000,,68ac553a000000001d01ae7a,科技感满满[doge][偷笑R],5b20b18a11be101e80449135,🍒是星星呀✨,https://sns-avatar-qc.xhscdn.com/avatar/1040g2jo31k3c4dfrio104a6780ool49lpj8kskg?imageView2/2/w/120/format/jpg,0,,68ac741c000000000a008d2d,1763797001963,0
69045e25000000003900a38b,1761893925000,广东,68ac553a000000001d01ae7a,你推荐哪个,60fe47bb000000000100750d,有理有节👌,https://sns-avatar-qc.xhscdn.com/avatar/1040g2jo31olrvfiqmm005o7u8utg8t8dg1kiue8?imageView2/2/w/120/format/jpg,0,,68ac82190000000030029a05,1763797001969,0
68ad51e8000000000a00b3ae,1756189161000,,68ac553a000000001d01ae7a,透明确实好看，说实话这种设计对内部构造要求也很高,5b384422e8ac2b02eb369f47,yi梦,https://sns-avatar-qc.xhscdn.com/avatar/1040g2jo31etqd409mo604a6o0t2257q7c75tcb0?imageView2/2/w/120/format/jpg,0,,68ac741c000000000a008d2d,1763797001975,6
6904b9000000000033027234,1761917184000,山东,68ac553a000000001d01ae7a,直接避雷大疆 掉垃圾 异响 缠东西,5d60d46b000000000100b7a2,Sun,https://sns-avatar-qc.xhscdn.com/avatar/7121a416be8e543266fd62c1cc9d575e.jpg?imageView2/2/w/120/format/jpg,0,,68ac741c000000000a008d2d,1763797001981,3
6904bdb3000000003800a6a4,1761918387000,福建,68ac553a000000001d01ae7a,那是你人品不好，大疆没有问题,62479a37000000001000d937,Lifenote,https://sns-avatar-qc.xhscdn.com/avatar/1040g2jo3170ol8vb3u005oi7j8rk1m9nkot757o?imageView2/2/w/120/format/jpg,0,,6904b9000000000033027234,1763797004171,1
68d77919000000001903c373,1758951705000,,68ac553a000000001d01ae7a,你家大疆避障都不行吗？[笑哭R],5c2c1e9f00000000070298f6,黑白猪之家,https://sns-avatar-qc.xhscdn.com/avatar/63ee536dde695b691ac9bedb.jpg?imageView2/2/w/120/format/jpg,0,,68ce12c30000000030023349,1763797006176,1
68d418f800000000300194d4,1758730490000,,68ac553a000000001d01ae7a,你家是不是也有低矮的座椅腿啥的。它直接跨上去了。我的就是。,5fd2e96300000000010060db,Z Vibe 犬,https://sns-avatar-qc.xhscdn.com/avatar/1040g2jo31hdqo2a6ko005nuit5hg8o6revpq1u8?imageView2/2/w/120/format/jpg,0,http://sns-webpic-qc.xhscdn.com/202511221536/fbecedb993e621139451d3a2b78ee590/comment/1040g2h031mqphu0f50105nuit5hg8o6r589cnug!nd_whgt34_webp_wm_1,68ce12c30000000030023349,1763797006375,0
68d41916000000003000b2ef,1758730519000,,68ac553a000000001d01ae7a,但已经退不了了 所以我只能把桌腿加高了 就没事了,5fd2e96300000000010060db,Z Vibe 犬,https://sns-avatar-qc.xhscdn.com/avatar/1040g2jo31hdqo2a6ko005nuit5hg8o6revpq1u8?imageView2/2/w/120/format/jpg,0,,68d418f800000000300194d4,1763797006380,0
68e49be60000000039007b66,1759812583000,,68ac553a000000001d01ae7a,这是大疆吗？好用吗,60a8f61c000000000100ae00,M硬硬的小仙,https://sns-avatar-qc.xhscdn.com/avatar/6416dbc7cd57a43821bdcbf0.jpg?imageView2/2/w/120/format/jpg,0,,68d41916000000003000b2ef,1763797006385,0
6911d694000000003902e55b,1762776724000,重庆,68ac553a000000001d01ae7a,关键是骑上底座以后不下来了，反复喊地宝悬空，需要你手动,56addbd66a6a696e477f60fa,飞雪,https://sns-avatar-qc.xhscdn.com/avatar/0dd6f7e91ce0bea602fbc47515b7c72f.jpg?imageView2/2/w/120/format/jpg,0,,6908dc3700000000380314d6,1763797006390,2
6911d7a70000000038027ebd,1762777000000,天津,68ac553a000000001d01ae7a,[笑哭R]是的,5dd20f77000000000100aeb0,旭旭漫趣屋,https://sns-avatar-qc.xhscdn.com/avatar/66fb59d0e9acc3f1ee3f9baf.jpg?imageView2/2/w/120/format/jpg,0,,6911d694000000003902e55b,1763797006394,0
6908dc3700000000380314d6,1762188344000,天津,68ac553a000000001d01ae7a,都会吧，我之前用科沃斯，塔扇底座它都骑上去,5dd20f77000000000100aeb0,旭旭漫趣屋,https://sns-avatar-qc.xhscdn.com/avatar/66fb59d0e9acc3f1ee3f9baf.jpg?imageView2/2/w/120/format/jpg,0,,68d418f800000000300194d4,1763797008611,0
68ac82200000000030029bf5,1756135968000,,68ac553a000000001d01ae7a,好的，安排,5c2c1e9f00000000070298f6,黑白猪之家,https://sns-avatar-qc.xhscdn.com/avatar/63ee536dde695b691ac9bedb.jpg?imageView2/2/w/120/format/jpg,0,,68ac75b100000000020171ff,1763797010615,2
68b169c4000000000902b6bc,1756457413000,,68ac553a000000001d01ae7a,不能有边的地毯，不然他不清扫的，当障碍物绕过去,65b3d558000000000d01cc33,大梨装修分享（软装中～）,https://sns-avatar-qc.xhscdn.com/avatar/1040g2jo31hvlogat6a005pdjqlc3bj1j66kn67g?imageView2/2/w/120/format/jpg,0,http://sns-webpic-qc.xhscdn.com/202511221536/72c27021a02f11821fb953d2631531e5/comment/1040g2h031lou99fe5u0g5pdjqlc3bj1jl0v0c28!nd_whgt34_webp_wm_1,68ac75b100000000020171ff,1763797010799,0
68b16e0f000000000b02d96b,1756458512000,,68ac553a000000001d01ae7a,哦哦，谢谢,5837a51d50c4b409622528b9,铭铭爱烘焙,https://sns-avatar-qc.xhscdn.com/avatar/166ad12ae9a7f6fbb4bbbf88d417895f.jpg?imageView2/2/w/120/format/jpg,0,,68b169c4000000000902b6bc,1763797010803,0
68c2f7d900000000300229fa,1757607898000,,68ac553a000000001d01ae7a,测评已发，地毯清洁推荐石头，拖布可拆卸、有智能底盘,5c2c1e9f00000000070298f6,黑白猪之家,https://sns-avatar-qc.xhscdn.com/avatar/63ee536dde695b691ac9bedb.jpg?imageView2/2/w/120/format/jpg,0,,68ac75b100000000020171ff,1763797010809,0
68d77968000000001a00b7b9,1758951784000,,68ac553a000000001d01ae7a,石头今年G30 Space是秀肌肉的，日常用还是今年的P系列[斜眼R],5c2c1e9f00000000070298f6,黑白猪之家,https://sns-avatar-qc.xhscdn.com/avatar/63ee536dde695b691ac9bedb.jpg?imageView2/2/w/120/format/jpg,0,,68c6398b000000000b025a9e,1763797012820,2
68d77a230000000009028524,1758951971000,,68ac553a000000001d01ae7a,P系列做工不好 故障率高,54f55a912e1d933e0b94cd7f,成都唐老师写字课堂,https://sns-avatar-qc.xhscdn.com/avatar/6248eb5a3f813c52535b23d3.jpg?imageView2/2/w/120/format/jpg,0,,68d77968000000001a00b7b9,1763797013034,0
68d77a9b000000001903b70d,1758952091000,,68ac553a000000001d01ae7a,3000+的都还不错，而且石头的退货率应该是这几家最低的了哈哈哈哈哈,5c2c1e9f00000000070298f6,黑白猪之家,https://sns-avatar-qc.xhscdn.com/avatar/63ee536dde695b691ac9bedb.jpg?imageView2/2/w/120/format/jpg,0,,68d77a230000000009028524,1763797013038,0
68ad29d1000000003002a1c2,1756178897000,,68ac553a000000001d01ae7a,大疆也有上下水版本呀,5905f28150c4b40a67967611,Vivian,https://sns-avatar-qc.xhscdn.com/avatar/1040g2jo31njsbikvmm0049es86p82tghop20d3o?imageView2/2/w/120/format/jpg,0,,68ac6e29000000000101383c,1763797015044,1
68ad2d4500000000010136a3,1756179782000,,68ac553a000000001d01ae7a,柜子深度只有30公分[笑哭R],6335546a0000000018028394,许先森,https://sns-avatar-qc.xhscdn.com/avatar/529594cd91bbf4c43608131bf9134bdc.jpg?imageView2/2/w/120/format/jpg,0,,68ad29d1000000003002a1c2,1763797015219,2
68ad2d52000000000903991a,1756179794000,,68ac553a000000001d01ae7a,大疆的放进去门就关不上了,6335546a0000000018028394,许先森,https://sns-avatar-qc.xhscdn.com/avatar/529594cd91bbf4c43608131bf9134bdc.jpg?imageView2/2/w/120/format/jpg,0,,68ad29d1000000003002a1c2,1763797015223,0
68aebb6f0000000001003c1d,1756281711000,,68ac553a000000001d01ae7a,大疆水箱和上下水尺寸不一样么？上下水我留了43.2深，正正好好,55feb00be4b1cf6418226bc4,小泽,https://sns-avatar-qc.xhscdn.com/avatar/6430d02cdd18c6c67afcd7ab.jpg?imageView2/2/w/120/format/jpg,0,,68ad2d52000000000903991a,1763797015228,0
68aec380000000000902a205,1756283777000,,68ac553a000000001d01ae7a,我家的柜子深度大疆装不进去，所以只能水箱版放客厅,6335546a0000000018028394,许先森,https://sns-avatar-qc.xhscdn.com/avatar/529594cd91bbf4c43608131bf9134bdc.jpg?imageView2/2/w/120/format/jpg,0,,68aebb6f0000000001003c1d,1763797015237,1
68e88683000000003901fcd4,1760069252000,,68ac553a000000001d01ae7a,我家有39想上大疆都不行[失望R],5a6c90fd11be10436c8cb04b,冬辞,https://sns-avatar-qc.xhscdn.com/avatar/6263e37a203802f98c8f83e6.jpg?imageView2/2/w/120/format/jpg,0,,68ac6e29000000000101383c,1763797015248,1
68e886b20000000039001717,1760069298000,,68ac553a000000001d01ae7a,准备把柜门给切割了[笑哭R],6335546a0000000018028394,许先森,https://sns-avatar-qc.xhscdn.com/avatar/529594cd91bbf4c43608131bf9134bdc.jpg?imageView2/2/w/120/format/jpg,0,,68e88683000000003901fcd4,1763797017460,0
68f1edb4000000003802d5c8,1760685492000,,68ac553a000000001d01ae7a,请问石头用下来感觉怎么样？声音大吗？地图会丢失吗？会迷路吗？,5a3a2884e8ac2b7c015a2f04,wanxiapan,https://sns-avatar-qc.xhscdn.com/avatar/1040g2jo3197f3n6o4u004a0crnk88bo4gk9ffj0?imageView2/2/w/120/format/jpg,0,,68be1407000000000a00802b,1763797019466,0
68f723970000000033024f5f,1761026968000,,68ac553a000000001d01ae7a,我家一直用的石头，除了声音大点，其他没毛病[偷笑R]。我的还是最老的款，需要自己手动加水[偷笑R],5f48e25c000000000101dcb3,花开正浓,https://sns-avatar-qc.xhscdn.com/avatar/5f5ce67190c685000194a6f2.jpg?imageView2/2/w/120/format/jpg,0,,68f1edb4000000003802d5c8,1763797019647,0
68f88baf000000003803e40b,1761119151000,,68ac553a000000001d01ae7a,谢谢🙏,5a3a2884e8ac2b7c015a2f04,wanxiapan,https://sns-avatar-qc.xhscdn.com/avatar/1040g2jo3197f3n6o4u004a0crnk88bo4gk9ffj0?imageView2/2/w/120/format/jpg,0,,68f723970000000033024f5f,1763797019650,0
6907fd5100000000380261fa,1762131282000,江苏,68ac553a000000001d01ae7a,比科沃斯好,5b017a8bf7e8b901ecdad9b2,yoyome,https://sns-avatar-qc.xhscdn.com/avatar/1040g2jo313pgpoab1m004a5g8lt8nmdiii8r7no?imageView2/2/w/120/format/jpg,0,,68f1edb4000000003802d5c8,1763797019653,0
6907fed700000000380167fc,1762131671000,江苏,68ac553a000000001d01ae7a,谢谢,5a3a2884e8ac2b7c015a2f04,wanxiapan,https://sns-avatar-qc.xhscdn.com/avatar/1040g2jo3197f3n6o4u004a0crnk88bo4gk9ffj0?imageView2/2/w/120/format/jpg,0,,6907fd5100000000380261fa,1763797019655,0
69174cb2000000003902cf12,1763134642000,青海,68ac553a000000001d01ae7a,石头哪个型号好,5ff041b1000000000101dcc7,兆云民族工艺,https://sns-avatar-qc.xhscdn.com/avatar/1040g2jo31hjkrbnkkq005nvg86ogbn676bkd4j8?imageView2/2/w/120/format/jpg,0,,68be1407000000000a00802b,1763797019665,0
691e6531000000001502f9b6,1763599666000,中国澳门,68ac553a000000001d01ae7a,石头半年使用下来还是很不错的，吸扫的时候声音会大，拖水的时候声音就会比较小,5b39f75d11be1024694ad146,momo,https://sns-avatar-qc.xhscdn.com/avatar/1040g2jo31ja49p0kia004a6ovtrlrka6vitc3fo?imageView2/2/w/120/format/jpg,0,,68f1edb4000000003802d5c8,1763797022066,0
68edda8d0000000033026ecd,1760418446000,,68ac553a000000001d01ae7a,已经出了,5c2c1e9f00000000070298f6,黑白猪之家,https://sns-avatar-qc.xhscdn.com/avatar/63ee536dde695b691ac9bedb.jpg?imageView2/2/w/120/format/jpg,0,,68eda93700000000370121ca,1763797024070,1
68f645f10000000033022120,1760970225000,,68ac553a000000001d01ae7a,您这两款感觉哪个更智能，扫擦更干净？我家家具高度都没问题，也有上下水。噪音大小都差不多吧？,5c7ef999000000001102cf41,唉，加班的黄瓜🥒,https://sns-avatar-qc.xhscdn.com/avatar/5cbefb63f7756c00014d93f5.jpg?imageView2/2/w/120/format/jpg,0,,68edda8d0000000033026ecd,1763797024242,0
68c648f300000000300317f9,1757825267000,,68ac553a000000001d01ae7a,有了，新发了视频,5c2c1e9f00000000070298f6,黑白猪之家,https://sns-avatar-qc.xhscdn.com/avatar/63ee536dde695b691ac9bedb.jpg?imageView2/2/w/120/format/jpg,0,,68c648a9000000003000ff7a,1763797026247,0
691746fe00000000390308d4,1763133182000,青海,68ac553a000000001d01ae7a,石头哪个型号好,5ff041b1000000000101dcc7,兆云民族工艺,https://sns-avatar-qc.xhscdn.com/avatar/1040g2jo31hjkrbnkkq005nvg86ogbn676bkd4j8?imageView2/2/w/120/format/jpg,0,,68ac71ef000000000a00dae7,1763797026250,0
6917480c0000000030027505,1763133452000,浙江,68ac553a000000001d01ae7a,G30,5e5cc3bd000000000100b19a,有爱财来,https://sns-avatar-qc.xhscdn.com/avatar/1040g2jo315sbrctnhac05nisoeug9ccqf7g68f8?imageView2/2/w/120/format/jpg,0,,691746fe00000000390308d4,1763797026520,0
690df1af0000000037026339,1762521519000,上海,68ac553a000000001d01ae7a,@晨雾微醺 大疆还小点,650276f3000000000200e64f,momo,https://sns-avatar-qc.xhscdn.com/avatar/1040g2jo31lsn5hiil8005p82erpghpiff81long?imageView2/2/w/120/format/jpg,0,,0,1763797028758,1
6901ab14000000003802f49f,1761717013000,山东,68ac553a000000001d01ae7a,选石头,63b3d8da0000000026005e7a,小红薯63B50935,https://sns-avatar-qc.xhscdn.com/avatar/63b3d8da0000000026005e7a.jpg?imageView2/2/w/120/format/jpg,0,,0,1763797028762,0
68f720ff000000003800505a,1761026303000,,68ac553a000000001d01ae7a,我想买大疆我家人喜欢石头,5adbf59c4eacab3933ea2b56,追忆似水琉年,https://sns-avatar-qc.xhscdn.com/avatar/1040g2jo30tgcqhk3ki6g4a4nj6qpoaqm0pb0k00?imageView2/2/w/120/format/jpg,0,,0,1763797028766,0
68d74da8000000000801f880,1758940585000,,68ac553a000000001d01ae7a,这价格对比下啊,63aa60d80000000027035067,Ryan,https://sns-avatar-qc.xhscdn.com/avatar/1040g2jo315fn9q7dgk6g5otac3c9uk37o3qmhhg?imageView2/2/w/120/format/jpg,1,,0,1763797028777,0
68c42f50000000000902aa7b,1757687633000,,68ac553a000000001d01ae7a,大疆好看,5c3a80770000000007001812,拓疆者,https://sns-avatar-qc.xhscdn.com/avatar/1040g2jo31ni2tq4e6g705n1qg1rho60iu7s0c88?imageView2/2/w/120/format/jpg,0,,0,1763797028782,1
68c39357000000002600655a,1757647703000,,68ac553a000000001d01ae7a,他两价格也差不少啊,60916f0e000000000101f4fa,天青,https://sns-avatar-qc.xhscdn.com/avatar/1040g2jo314551ogmhc605o4hds70bt7ql5g8q9o?imageView2/2/w/120/format/jpg,0,,0,1763797028788,0
68c29b010000000009038fbe,1757584130000,,68ac553a000000001d01ae7a,蹲一个,63f980580000000018015399,shunshunchuchu,https://sns-avatar-qc.xhscdn.com/avatar/1040g2jo31ouuj93g1k705ovpg1c62kspo0a7li0?imageView2/2/w/120/format/jpg,1,,0,1763797028792,0
68b93c690000000026007d8c,1756970090000,,68ac553a000000001d01ae7a,两个价格差了小两千呢,590d3c4f82ec3939f3ebec3b,一ㄥ一丨,https://sns-avatar-qc.xhscdn.com/avatar/ae351b5abc78ae2e8d79998354db8440.jpg?imageView2/2/w/120/format/jpg,0,,0,1763797028797,0
68b592c6000000000b01c029,1756730055000,,68ac553a000000001d01ae7a,[点赞R][点赞R][点赞R][点赞R][点赞R][点赞R],6477466b000000001003612e,小红薯64777DA3,https://sns-avatar-qc.xhscdn.com/avatar/411309441983cdc4ce073ff8da73b5b6.jpg?imageView2/2/w/120/format/jpg,0,,0,1763797028804,0
68d778d4000000001903f215,1758951637000,,68ac553a000000001d01ae7a,看前一篇笔记 已经出了[握手R],5c2c1e9f00000000070298f6,黑白猪之家,https://sns-avatar-qc.xhscdn.com/avatar/63ee536dde695b691ac9bedb.jpg?imageView2/2/w/120/format/jpg,0,,68d74da8000000000801f880,1763797030814,0
68c2a1870000000030023a13,1757585799000,,68ac553a000000001d01ae7a,发了,5c2c1e9f00000000070298f6,黑白猪之家,https://sns-avatar-qc.xhscdn.com/avatar/63ee536dde695b691ac9bedb.jpg?imageView2/2/w/120/format/jpg,0,,68c29b010000000009038fbe,1763797030820,0
68eaf94d0000000039028779,1760229709000,,68e1ea100000000003013d70,怎么换水啊？,60631952000000000101fa4c,一壶水,https://sns-avatar-qc.xhscdn.com/avatar/62f859b0819e2263d76389cb.jpg?imageView2/2/w/120/format/jpg,1,,0,1763797033108,0
68e8ba6a00000000330258c4,1760082539000,,68e1ea100000000003013d70,基站好干净呀，这个需要多久清理一次？,654c8a1d000000000301ef1b,喜欢小红薯,https://sns-avatar-qc.xhscdn.com/avatar/1040g2jo31nev2ief58605pach8egrror5f4gq3o?imageView2/2/w/120/format/jpg,0,,0,1763797033110,2
68e8ba630000000038010d73,1760082531000,,68e1ea100000000003013d70,心动了，我家那个科，几乎不进这种椅子下面的，明明很宽也不进去,612b9b65000000000101e8d5,難,https://sns-avatar-qc.xhscdn.com/avatar/1040g2jo31mb0men6li005o9bjdigbq6lbke1nto?imageView2/2/w/120/format/jpg,0,,0,1763797033113,0
68e35cde0000000037012d1a,1759730910000,,68e1ea100000000003013d70,超级好用，都不会留灰线,67c3f13d000000000601f1eb,听雨,https://sns-avatar-qc.xhscdn.com/avatar/1040g2jo31ivkfh20he6g5pu3u4uhjsfbldoo6to?imageView2/2/w/120/format/jpg,0,,0,1763797033115,1
68e5f241000000003902d32e,1759900226000,,68e1ea100000000003013d70,用过都说好[偷笑R],5e79d1bc0000000001002110,DJI橘子,https://sns-avatar-qc.xhscdn.com/avatar/1040g2jo31obk01tml0005njpq6u0888go9t8o50?imageView2/2/w/120/format/jpg,0,,0,1763797033122,2
68ec7ebe0000000038029723,1760329407000,,68e1ea100000000003013d70,水箱版需要手动换水，上下水版就不用换了,59e5875ce8ac2b305bd40ac9,喜欢你的微笑,https://sns-avatar-qc.xhscdn.com/avatar/1040g2jo30pdgivenjq6049uju63lo2m9i74rqrg?imageView2/2/w/120/format/jpg,0,,68eaf94d0000000039028779,1763797035131,0
68935a7b000000002b00b933,1754487420000,,689350d9000000002302189f,这不就是石头p20ultra换壳，关键人家石头才2500块[笑哭R],5f8bf06600000000010075e1,报告老师,https://sns-avatar-qc.xhscdn.com/avatar/1040g2jo31ab59jbt7g6g5nsbu1j08tf18154pg0?imageView2/2/w/120/format/jpg,4,,0,1763797037419,2
68938c5b000000002a00e4ce,1754500187000,,689350d9000000002302189f,透明的 一看全是灰粘在里面 不难受吗[微笑R],5f0f95bf000000000101f321,jasmine sun,https://sns-avatar-qc.xhscdn.com/avatar/5f0f95bf000000000101f321.jpg?imageView2/2/w/120/format/jpg,1,,0,1763797037424,4
68943328000000002b008b10,1754542888000,,689350d9000000002302189f,其实这些扫拖机器人最大的bug是，基站洗拖布的底盘不能拆出来，用久了灰尘泥沙堆在污水口和底盘底盘缝隙，隔一段时间就得弯腰去底盘扣……不能拆的基站简直太bug了。用了几年科沃斯旗舰版有感。,5e420c2b000000000100a467,流浪的长颈鹿,https://sns-avatar-qc.xhscdn.com/avatar/63822f960534ca884872e9d7.jpg?imageView2/2/w/120/format/jpg,1,,0,1763797037429,1
689affa4000000002603eb32,1754988452000,,689350d9000000002302189f,我还以为大疆扫地机器人能飞,5e490c35000000000100ac24,Leo,https://sns-avatar-qc.xhscdn.com/avatar/61e01caf431f872018253702.jpg?imageView2/2/w/120/format/jpg,0,,0,1763797037435,0
68975bff0000000029038585,1754749953000,,689350d9000000002302189f,看看这个博主的正经测品吧，，被充值的，就别看了[doge],5d2b1e6900000000120069ad,俊皓旅行记,https://sns-avatar-qc.xhscdn.com/avatar/1040g2jo31ivqftguhg005n9b3pkkgqdd0jic468?imageView2/2/w/120/format/jpg,0,http://sns-webpic-qc.xhscdn.com/202511221537/accdd9d21b43bf22237ee8d3dd74b354/comment/1040g2h031kvg770f30005n9b3pkkgqddqdk2g30!nd_whgt34_webp_wm_1,0,1763797037443,1
689544830000000029038c84,1754612867000,,689350d9000000002302189f,为什么要透明的？？？大可不必[笑哭R],617536c6000000000201b61d,狮子🦁Carrie🌻,https://sns-avatar-qc.xhscdn.com/avatar/1040g2jo30ra2jt7j1m005obl6r30jdgthtp88hg?imageView2/2/w/120/format/jpg,0,,0,1763797037447,0
68942035000000002b00ba39,1754538038000,,689350d9000000002302189f,一眼广,66ceb9a1000000001d02283b,悠然半城,https://sns-avatar-qc.xhscdn.com/avatar/1040g2jo3177a2j3l46605pmen6gnca1r5acs6l0?imageView2/2/w/120/format/jpg,0,,0,1763797037454,0
6893eac9000000002a01879f,1754524361000,,689350d9000000002302189f,充值,62d55c58000000000303fc8d,sss29,https://sns-avatar-qc.xhscdn.com/avatar/1040g2jo31imna7edgu605omlbhc0vv4doidi95o?imageView2/2/w/120/format/jpg,0,,0,1763797037462,0
68936199000000002b020c74,1754489242000,,689350d9000000002302189f,器人两个人吓我一跳,62a03cfb000000002102ab27,P6,https://sns-avatar-qc.xhscdn.com/avatar/6572c96eb6e9a5a8835264e4.jpg?imageView2/2/w/120/format/jpg,0,,0,1763797037465,0
689357f8000000002b02327f,1754486777000,,689350d9000000002302189f,开始评测了？,6443e4560000000010027d76,大鱼,https://sns-avatar-qc.xhscdn.com/avatar/1040g2jo31iqoah1ehe6g5p23shb44vbmfl0mqto?imageView2/2/w/120/format/jpg,0,,0,1763797037472,0
6893c8ee000000002902dce4,1754515695000,,689350d9000000002302189f,石头漏水泡烂地板两次了[笑哭R]再也不买了,612a3166000000000101fa90,memento,https://sns-avatar-qc.xhscdn.com/avatar/645b7f83b46568f580649586.jpg?imageView2/2/w/120/format/jpg,0,,68935a7b000000002b00b933,1763797039478,9
689369a0000000002b006672,1754491296000,,689350d9000000002302189f,还真像,60e46ff30000000001009acb,小伙子很精神嘛！,https://sns-avatar-qc.xhscdn.com/avatar/60e46ff30000000001009acb.jpg?imageView2/2/w/120/format/jpg,0,,68935a7b000000002b00b933,1763797039679,0
68945efc000000002b022df0,1754554108000,,689350d9000000002302189f,还好我是瓷砖[doge][doge],5f8bf06600000000010075e1,报告老师,https://sns-avatar-qc.xhscdn.com/avatar/1040g2jo31ab59jbt7g6g5nsbu1j08tf18154pg0?imageView2/2/w/120/format/jpg,0,,6893c8ee000000002902dce4,1763797039681,1
68957ba0000000002b020b05,1754626977000,,689350d9000000002302189f,哈哈哈壁雷 以后不用木地板了,59a3d8ba82ec394762a91c8d,歪比巴卜,https://sns-avatar-qc.xhscdn.com/avatar/1040g2jo31lubp1v8lu0049oss6cbk74dtce35t8?imageView2/2/w/120/format/jpg,0,,6893c8ee000000002902dce4,1763797039684,0
68ac563a000000003001afd6,1756124730000,,689350d9000000002302189f,[笑哭R][笑哭R]想多了，里面有防护的不会进灰，而且人家基站也是自清洁，不用自己动手,6543c284000000000d007e70,图图🥕,https://sns-avatar-qc.xhscdn.com/avatar/1040g2jo31mh3u2e84u6g5pa3oa238vjgk5uts10?imageView2/2/w/120/format/jpg,0,,68938c5b000000002a00e4ce,1763797041693,3
68973b37000000002b02e8ea,1754741559000,,689350d9000000002302189f,对！！！！,56ed712c84edcd03c334fd33,迪丽郭巴,https://sns-avatar-qc.xhscdn.com/avatar/1040g2jo31j2mfqg01a004762sroipv9jc55jeu0?imageView2/2/w/120/format/jpg,0,,68943328000000002b008b10,1763797041696,0
68935471000000002b02ec54,1754485873000,,689350d9000000002302189f,请问越障高度多少[偷笑R],653a447b000000000200d4d5,sunset,https://sns-avatar-qc.xhscdn.com/avatar/1040g2jo30spgbi9u4a605p9q8htghl6lebsj28g?imageView2/2/w/120/format/jpg,0,,0,1763797041969,0
689353ab000000002a00ab02,1754485676000,,689350d9000000002302189f,我打算观察观察，年底再买[偷笑R],61a97e0200000000100067fb,软糖奶宝,https://sns-avatar-qc.xhscdn.com/avatar/1040g2jo31ob8fh1sks005od9fo140pvr3akqumo?imageView2/2/w/120/format/jpg,0,,0,1763797041976,0
68a83dc00000000030015170,1755856321000,,689350d9000000002302189f,避障能力很强，不会撞我的架子，还能尽量靠着边边扫得很干净,677a276d00000000150042aa,金沙洲,https://sns-avatar-qc.xhscdn.com/avatar/1040g2jo31p69bpg1266g5prq4tml8gla07pv1m8?imageView2/2/w/120/format/jpg,0,,0,1763797041980,6
68a83d90000000002700301d,1755856274000,,689350d9000000002302189f,奔着颜值买的没抱很大的期望，用下来感觉还行，比较喜欢的点是基站自清洁和扫拖比较安静，其他的再用用看.,67487c0b00000000010025f6,肉兔兔,https://sns-avatar-qc.xhscdn.com/avatar/1040g2jo31lv9potj5m6g5pq8fg5g89fmfj0o2rg?imageView2/2/w/120/format/jpg,0,http://sns-webpic-qc.xhscdn.com/202511221537/86e80c3b97d1ba89f914814841e54912/comment/1040g2h031lfvoaqili605pq8fg5g89fmulm5iuo!nd_whgt34_webp_wm_1,0,1763797041989,4
68975ba2000000002903a37c,1754749858000,,689350d9000000002302189f,我估摸着，，你也是肯定要被充值了[偷笑R][偷笑R]看了很多实际使用人的测品。。这个，黄色尿液，直接就冲上去了，一指节高的台阶也上不去，转盘拖把，还是以脏拖脏，就避障好一点，，其他真是不咋样[偷笑R],5d2b1e6900000000120069ad,俊皓旅行记,https://sns-avatar-qc.xhscdn.com/avatar/1040g2jo31ivqftguhg005n9b3pkkgqdd0jic468?imageView2/2/w/120/format/jpg,3,,0,1763797041996,0
68935207000000002a019957,1754485255000,,689350d9000000002302189f,落后一代的配置，顶流的价格，谁给的勇气,5d8e2d42000000000101b8c8,猫猫打dota,https://sns-avatar-qc.xhscdn.com/avatar/1040g2jo31o6ea0bvku6g5nce5l10be68es71gkg?imageView2/2/w/120/format/jpg,29,,0,1763797042002,6
689cf5a3000000003000d63f,1755116964000,,689350d9000000002302189f,她现在全是充值，没有自己内容了,6752a515000000001d02d898,西北偏北,https://sns-avatar-qc.xhscdn.com/avatar/1040g2jo31m0p40n4ks605pqikkandm4o8tenko0?imageView2/2/w/120/format/jpg,0,,68975ba2000000002903a37c,1763797044015,0
689d5b62000000003002b06e,1755143011000,,689350d9000000002302189f,我看也是，网上真实测评的，这款，就避障还行，但是牙线测不到，橙汁模拟尿液，机器直接就上去了，火龙果汁，全屋抹的特别均匀，牛奶也抹的很均匀[笑哭R],5d2b1e6900000000120069ad,俊皓旅行记,https://sns-avatar-qc.xhscdn.com/avatar/1040g2jo31ivqftguhg005n9b3pkkgqdd0jic468?imageView2/2/w/120/format/jpg,0,,689cf5a3000000003000d63f,1763797044192,0
689d5b990000000030005f79,1755143065000,,689350d9000000002302189f,没什么意思，要恰饭的，但是全是恰饭就算了,6752a515000000001d02d898,西北偏北,https://sns-avatar-qc.xhscdn.com/avatar/1040g2jo31m0p40n4ks605pqikkandm4o8tenko0?imageView2/2/w/120/format/jpg,0,,689d5b62000000003002b06e,1763797044195,0
689353ec000000002b01da6e,1754485741000,,689350d9000000002302189f,你用过吗[暗中观察R],635dfc83000000001802af22,一架正在寻找飞友的大疆Air2,https://sns-avatar-qc.xhscdn.com/avatar/1040g2jo31m62naap58e05oqtvi1m5bp2q4ksiq8?imageView2/2/w/120/format/jpg,0,,68935207000000002a019957,1763797046199,4
6893573d000000002b021868,1754486590000,,689350d9000000002302189f,附议[笑哭R],5cc31854000000001203398e,RainShadowZ,https://sns-avatar-qc.xhscdn.com/avatar/1040g2jo31nj04o4amg005n6331a4mecen33d6b0?imageView2/2/w/120/format/jpg,0,,68935207000000002a019957,1763797046428,0
6893574c000000002b01b847,1754486605000,,689350d9000000002302189f,问题是有超级无敌避障啊,5f773aa90000000001002079,凝夜紫,https://sns-avatar-qc.xhscdn.com/avatar/1040g2jo3144q98mhic005nrn7akg883pernd6to?imageView2/2/w/120/format/jpg,0,,68935703000000002a009ab5,1763797046432,0
68935879000000002a007a57,1754486906000,,689350d9000000002302189f,避障什么的是扫地机器人重点吗？扫拖干净，好打理，省心才是，长期用习惯的，地面不会放什么小东西，甚至椅子都会倒起来放桌上方便打扫,5d8e2d42000000000101b8c8,猫猫打dota,https://sns-avatar-qc.xhscdn.com/avatar/1040g2jo31o6ea0bvku6g5nce5l10be68es71gkg?imageView2/2/w/120/format/jpg,0,,6893574c000000002b01b847,1763797046435,0
68935914000000002a01adf0,1754487060000,,689350d9000000002302189f,而且纯视觉方案，地图就算玩出花能有啥提升,5d8e2d42000000000101b8c8,猫猫打dota,https://sns-avatar-qc.xhscdn.com/avatar/1040g2jo31o6ea0bvku6g5nce5l10be68es71gkg?imageView2/2/w/120/format/jpg,0,,68935703000000002a009ab5,1763797046444,1
68935b28000000002b0193d1,1754487593000,,689350d9000000002302189f,有25000pa的吸力呀,62b66690000000001902b20c,会飞的小馋猫📷,https://sns-avatar-qc.xhscdn.com/avatar/1040g2jo3166g83t9ha6g5olmcq86dcgcp1fnrr8?imageView2/2/w/120/format/jpg,0,,68935703000000002a009ab5,1763797046449,0
68935b43000000002b021e6e,1754487619000,,689350d9000000002302189f,基站自清洁也是搞的非常干净,62b66690000000001902b20c,会飞的小馋猫📷,https://sns-avatar-qc.xhscdn.com/avatar/1040g2jo3166g83t9ha6g5olmcq86dcgcp1fnrr8?imageView2/2/w/120/format/jpg,0,,68935703000000002a009ab5,1763797048755,0
68935ba9000000002b0208b4,1754487722000,,689350d9000000002302189f,扫颗粒边刷会降低转速，这个非常好，不像我家的m40s，还会打飞猫砂，它倒是不会,62b66690000000001902b20c,会飞的小馋猫📷,https://sns-avatar-qc.xhscdn.com/avatar/1040g2jo3166g83t9ha6g5olmcq86dcgcp1fnrr8?imageView2/2/w/120/format/jpg,0,,68935879000000002a007a57,1763797048758,0
68935caf000000002a00e590,1754487983000,,689350d9000000002302189f,首先，常用的自然会把地面大概收拾下，另外猫也不是人人都养，还有养猫也不是都有猫砂在外面，最后，再低都会把东西刮动，地面少放东西才是根本，折腾别的叫本末倒置,5d8e2d42000000000101b8c8,猫猫打dota,https://sns-avatar-qc.xhscdn.com/avatar/1040g2jo31o6ea0bvku6g5nce5l10be68es71gkg?imageView2/2/w/120/format/jpg,0,,68935ba9000000002b0208b4,1763797048762,0
68935cb5000000002b01708d,1754487990000,,689350d9000000002302189f,有色湿垃圾都会绕开，屎也会绕开，对我家养了两只猫太友好了，之前那个小米的扫地机器人直接把屎均匀的涂抹我全家,62b66690000000001902b20c,会飞的小馋猫📷,https://sns-avatar-qc.xhscdn.com/avatar/1040g2jo3166g83t9ha6g5olmcq86dcgcp1fnrr8?imageView2/2/w/120/format/jpg,0,,68935914000000002a01adf0,1763797048769,0
6893622f000000002b01b3aa,1754489391000,,689350d9000000002302189f,你自己去详情页看看，我不想跟你解释了[暗中观察R],635dfc83000000001802af22,一架正在寻找飞友的大疆Air2,https://sns-avatar-qc.xhscdn.com/avatar/1040g2jo31m62naap58e05oqtvi1m5bp2q4ksiq8?imageView2/2/w/120/format/jpg,0,,68935703000000002a009ab5,1763797048778,0
68936b03000000002a01b531,1754491652000,,689350d9000000002302189f,你去看看其他测评吧，除了没有热水拖地外，其他哪个没有，先了解完，再评论吧,5ab3a0314eacab2cbd322637,阿浩,https://sns-avatar-qc.xhscdn.com/avatar/1040g2jo3151dq73p1e004a3qgag329hn4rggsm8?imageView2/2/w/120/format/jpg,0,,68935703000000002a009ab5,1763797050973,0
68936d56000000002a004fd7,1754492247000,,689350d9000000002302189f,热洗烘干一句话结束，温度之类其它信息没半点，默认顶多算有，实用未知，另外，这些功能在两千元机器都快标配了,5d8e2d42000000000101b8c8,猫猫打dota,https://sns-avatar-qc.xhscdn.com/avatar/1040g2jo31o6ea0bvku6g5nce5l10be68es71gkg?imageView2/2/w/120/format/jpg,0,,68936b03000000002a01b531,1763797050977,1
6893c476000000002903ecac,1754514551000,,689350d9000000002302189f,这些点我都认同。大部分人都会在开机之前稍稍收拾一下，吸力也不是非要超级高，扫地就是吸灰，食物屑屑，毛发，拖能把印子擦掉，尽量覆盖边边角角，省心就好,5f1092200000000001001fa0,"Shin, Deal LaShin",https://sns-avatar-qc.xhscdn.com/avatar/5f1092200000000001001fa0.jpg?imageView2/2/w/120/format/jpg,0,,68935879000000002a007a57,1763797050981,0
6893ff0c000000002b023703,1754529549000,,689350d9000000002302189f,那你为啥回复我,635dfc83000000001802af22,一架正在寻找飞友的大疆Air2,https://sns-avatar-qc.xhscdn.com/avatar/1040g2jo31m62naap58e05oqtvi1m5bp2q4ksiq8?imageView2/2/w/120/format/jpg,0,,6893641b000000002a0008bb,1763797050988,0
68943b6e000000002a01b84c,1754545006000,,689350d9000000002302189f,我闲啊,5d8e2d42000000000101b8c8,猫猫打dota,https://sns-avatar-qc.xhscdn.com/avatar/1040g2jo31o6ea0bvku6g5nce5l10be68es71gkg?imageView2/2/w/120/format/jpg,0,,6893ff0c000000002b023703,1763797050995,0
68944474000000002b009874,1754547316000,,689350d9000000002302189f,那我也闲，放假了，谁不闲，还有你别跟我扯这些没用的，你用过吗,635dfc83000000001802af22,一架正在寻找飞友的大疆Air2,https://sns-avatar-qc.xhscdn.com/avatar/1040g2jo31m62naap58e05oqtvi1m5bp2q4ksiq8?imageView2/2/w/120/format/jpg,0,,68943b6e000000002a01b84c,1763797053277,0
689451f0000000002b0159b5,1754550768000,,689350d9000000002302189f,这不是溢价，你看看别家的高端，人家是有成本的，这个定价已经很良心了,635dfc83000000001802af22,一架正在寻找飞友的大疆Air2,https://sns-avatar-qc.xhscdn.com/avatar/1040g2jo31m62naap58e05oqtvi1m5bp2q4ksiq8?imageView2/2/w/120/format/jpg,0,,689446c3000000002a00d1ed,1763797053280,0
689457f2000000002a0209e6,1754552306000,,689350d9000000002302189f,是啊，我不知道其他厂商产品是不要钱倒贴吗,5d8e2d42000000000101b8c8,猫猫打dota,https://sns-avatar-qc.xhscdn.com/avatar/1040g2jo31o6ea0bvku6g5nce5l10be68es71gkg?imageView2/2/w/120/format/jpg,0,,6894577b000000002b00ba83,1763797053284,0
68945898000000002b020ef0,1754552472000,,689350d9000000002302189f,不是别人7000的机器都没有romo好，你真研究过吗，你不会是别的场子派过来的砸场子的吧,635dfc83000000001802af22,一架正在寻找飞友的大疆Air2,https://sns-avatar-qc.xhscdn.com/avatar/1040g2jo31m62naap58e05oqtvi1m5bp2q4ksiq8?imageView2/2/w/120/format/jpg,0,,689457f2000000002a0209e6,1763797053290,0
68935703000000002a009ab5,1754486532000,,689350d9000000002302189f,配置啥功能看不明白吗，没爬门槛，没热水拖地，没高温清洁，至于鸡肋的摄像头也没有,5d8e2d42000000000101b8c8,猫猫打dota,https://sns-avatar-qc.xhscdn.com/avatar/1040g2jo31o6ea0bvku6g5nce5l10be68es71gkg?imageView2/2/w/120/format/jpg,0,,689353ec000000002b01da6e,1763797053295,0
68935bdb000000002a002a03,1754487772000,,689350d9000000002302189f,然后呢？别人两千五百块也有，基站还是高温自清，热风烘干，这没有就算了，这价格？,5d8e2d42000000000101b8c8,猫猫打dota,https://sns-avatar-qc.xhscdn.com/avatar/1040g2jo31o6ea0bvku6g5nce5l10be68es71gkg?imageView2/2/w/120/format/jpg,0,,68935b28000000002b0193d1,1763797055476,0
68935dbd000000002a002b54,1754488253000,,689350d9000000002302189f,大疆下面的卓驭智驾都不敢说能把路面物品百分百识别，至于一个扫地机那点配置，听听就得了，用了绕不开你能咋？最后这些都是极端情况，能避免的方法有很多，也不是每个用户都适用,5d8e2d42000000000101b8c8,猫猫打dota,https://sns-avatar-qc.xhscdn.com/avatar/1040g2jo31o6ea0bvku6g5nce5l10be68es71gkg?imageView2/2/w/120/format/jpg,0,,68935cb5000000002b01708d,1763797055479,0
6893641b000000002a0008bb,1754489884000,,689350d9000000002302189f,那你还回复干啥，这么闲,5d8e2d42000000000101b8c8,猫猫打dota,https://sns-avatar-qc.xhscdn.com/avatar/1040g2jo31o6ea0bvku6g5nce5l10be68es71gkg?imageView2/2/w/120/format/jpg,0,,6893622f000000002b01b3aa,1763797055483,0
68936b65000000002b02e608,1754491749000,,689350d9000000002302189f,请使用后再给出评价，在这里当水军没有意思,6248437b000000001000afc5,学渣笔记（续更）,https://sns-avatar-qc.xhscdn.com/avatar/1040g2jo3155g5q3hhc6g5oi88dtk1bu5agik8vo?imageView2/2/w/120/format/jpg,0,,68935207000000002a019957,1763797055490,0
68941522000000002a0146b3,1754535203000,,689350d9000000002302189f,叫了超级无敌就真的和市面上不一样？多看看其他品牌的避障，大差不差的。不是雷达就是视觉额外增加个碰撞避障[汗颜R],587cac7750c4b47d274253c7,#小陳同學㍿#,https://sns-avatar-qc.xhscdn.com/avatar/1040g2jo31l5p8p4uj20g4921e3m7eku70jlrfv0?imageView2/2/w/120/format/jpg,0,,6893574c000000002b01b847,1763797055496,0
689446c3000000002a00d1ed,1754547907000,,689350d9000000002302189f,宣传卖点就那些，体验上天也配不上定价，这扫地机还能有飞控系统在里面溢价？,5d8e2d42000000000101b8c8,猫猫打dota,https://sns-avatar-qc.xhscdn.com/avatar/1040g2jo31o6ea0bvku6g5nce5l10be68es71gkg?imageView2/2/w/120/format/jpg,0,,68944474000000002b009874,1763797057667,0
689455d7000000002a01dbb3,1754551768000,,689350d9000000002302189f,啊，对对对，别人什么激光模组，三千多吸力，机身除尘，活水清洗，热水拖地，底盘升降，等等都是摆设，没成本，才卖大疆这一半价钱,5d8e2d42000000000101b8c8,猫猫打dota,https://sns-avatar-qc.xhscdn.com/avatar/1040g2jo31o6ea0bvku6g5nce5l10be68es71gkg?imageView2/2/w/120/format/jpg,0,,689451f0000000002b0159b5,1763797057673,0
6894577b000000002b00ba83,1754552187000,,689350d9000000002302189f,对对对，这人没研究过扫地机，连最基础的硬件和软件之间的差别都不知到[暗中观察R],635dfc83000000001802af22,一架正在寻找飞友的大疆Air2,https://sns-avatar-qc.xhscdn.com/avatar/1040g2jo31m62naap58e05oqtvi1m5bp2q4ksiq8?imageView2/2/w/120/format/jpg,0,,689455d7000000002a01dbb3,1763797057680,1
68eb28b4000000003803296a,1760241844000,,68e9e0a60000000004014428,真的很好用吗，需要真实的测评,60dc52c4000000000100107a,HypenLumos_7,https://sns-avatar-qc.xhscdn.com/avatar/1040g2jo31k0gfp59iudg5o6sab20843qv36396o?imageView2/2/w/120/format/jpg,2,,0,1763797061975,0
68ec495400000000390287dc,1760315732000,,68e9e0a60000000004014428,能进床底吗,5a8f8cdae8ac2b782d84edf4,爱喝百香果,https://sns-avatar-qc.xhscdn.com/avatar/1040g2jo31maslii04q004a1muc6dlrfkdc78bf0?imageView2/2/w/120/format/jpg,1,,0,1763797061978,0
68ebadc4000000003901ec5a,1760275908000,,68e9e0a60000000004014428,会自己开门吗,5b1363f24eacab1f03e76e75,Ethan,https://sns-avatar-qc.xhscdn.com/avatar/1040g2jo31oo53afpks004a5st1hv4rjla1tr5mg?imageView2/2/w/120/format/jpg,1,,0,1763797061981,0
68eb8c35000000003901da12,1760267319000,,68e9e0a60000000004014428,今天开始用,5f3f261d0000000001004419,momo,https://sns-avatar-qc.xhscdn.com/avatar/1040g2jo31ld6nuek52005npv4oeg8h0ptuiguvg?imageView2/2/w/120/format/jpg,3,http://sns-webpic-qc.xhscdn.com/202511221537/89fafef006c63e628205d2ab0099ff8a/comment/1040g2h031nhn3hakks005npv4oeg8h0p2258ncg!nd_whgt34_webp_wm_1,0,1763797061986,0
68ea2f14000000003801074e,1760177940000,,68e9e0a60000000004014428,现在买超划算[偷笑R],61582841000000001f0382b9,无人机的无,https://sns-avatar-qc.xhscdn.com/avatar/1040g2jo31af319g0n2005oao510nv0lpk93jnmg?imageView2/2/w/120/format/jpg,3,,0,1763797061992,0
68e9fb900000000033005ea9,1760164753000,,68e9e0a60000000004014428,猫猫睡得好安详！,60a24e800000000001000294,About Karma,https://sns-avatar-qc.xhscdn.com/avatar/60a32c839502abab455d0519.jpg?imageView2/2/w/120/format/jpg,1,,0,1763797062027,0
68e9e4990000000033022cd7,1760158874000,,68e9e0a60000000004014428,是这次双十一买的吗？到手多少啊[哇R],68730a0b000000001d016dec,在解放碑国泰卖大疆的小张,https://sns-avatar-qc.xhscdn.com/avatar/1040g2jo31mal75p3li605q3j185narfc4appn0o?imageView2/2/w/120/format/jpg,10,,0,1763797062028,0
68ebbb900000000038026c75,1760279441000,,68e9e0a60000000004014428,我真的觉得是超过我预期的，好用,5754d1706a6a696651ce4c46,不吃芹菜,https://sns-avatar-qc.xhscdn.com/avatar/63ce97e695912a66502707e7.jpg?imageView2/2/w/120/format/jpg,0,,68eb28b4000000003803296a,1763797064032,0
69041d6b000000003300d7ac,1761877356000,广东,68e9e0a60000000004014428,好用，买上下水版,5cc2cf0100000000120140a2,肥肥吃吃吃,https://sns-avatar-qc.xhscdn.com/avatar/1040g2jo311dhvj5i6a6g5n62ps0kig52lqsjm80?imageView2/2/w/120/format/jpg,0,,68eb28b4000000003803296a,1763797064261,0
68ec4d330000000038032e49,1760316724000,,68e9e0a60000000004014428,看你的床底是多高了,5754d1706a6a696651ce4c46,不吃芹菜,https://sns-avatar-qc.xhscdn.com/avatar/63ce97e695912a66502707e7.jpg?imageView2/2/w/120/format/jpg,0,,68ec495400000000390287dc,1763797066265,0
68ebbb9f0000000038033a29,1760279455000,,68e9e0a60000000004014428,还可以自己飞起来扫天花板[doge],5754d1706a6a696651ce4c46,不吃芹菜,https://sns-avatar-qc.xhscdn.com/avatar/63ce97e695912a66502707e7.jpg?imageView2/2/w/120/format/jpg,0,,68ebadc4000000003901ec5a,1763797066269,4
68eddd85000000003900bf3d,1760419205000,,68e9e0a60000000004014428,哈哈严丝合缝,5754d1706a6a696651ce4c46,不吃芹菜,https://sns-avatar-qc.xhscdn.com/avatar/63ce97e695912a66502707e7.jpg?imageView2/2/w/120/format/jpg,0,,68eb8c35000000003901da12,1763797066273,0
68edd9420000000038033ecc,1760418115000,,68e9e0a60000000004014428,求架子链接[大笑R][大笑R],5beec3db44363b2f65e757ba,啊哈哈,https://sns-avatar-qc.xhscdn.com/avatar/1040g2jo31cuvjmho0u004br9ip1tmltq7cqv13g?imageView2/2/w/120/format/jpg,0,,68eb8c35000000003901da12,1763797066459,0
68ee414b00000000390302c2,1760444747000,,68e9e0a60000000004014428,拼多多大把400不到,5f3f261d0000000001004419,momo,https://sns-avatar-qc.xhscdn.com/avatar/1040g2jo31ld6nuek52005npv4oeg8h0ptuiguvg?imageView2/2/w/120/format/jpg,0,,68edd9420000000038033ecc,1763797066462,0
68ee32140000000038026cb7,1760440853000,,68e9e0a60000000004014428,对呀，3500了，还要说自行车呀,6077e1e30000000001004456,cccc~cccccc,https://sns-avatar-qc.xhscdn.com/avatar/62b1883e007b00f05fc3d965.jpg?imageView2/2/w/120/format/jpg,0,http://sns-webpic-qc.xhscdn.com/202511221537/fffc71fa5fa52c153d06db32ba44b46e/comment/1040g2h031nk9rf106m5g5o3ns7hg8h2mdknac7g!nd_whgt34_webp_wm_1,68ea2f14000000003801074e,1763797068469,4
68eebba60000000039001cc7,1760476070000,,68e9e0a60000000004014428,你们咋那么便宜,5d812b6f00000000010033e6,阿希,https://sns-avatar-qc.xhscdn.com/avatar/5d8202637c11e60001af86e8.jpg?imageView2/2/w/120/format/jpg,0,,68ee32140000000038026cb7,1763797068655,0
68eed61600000000390088ae,1760482838000,,68e9e0a60000000004014428,有国补,5754d1706a6a696651ce4c46,不吃芹菜,https://sns-avatar-qc.xhscdn.com/avatar/63ce97e695912a66502707e7.jpg?imageView2/2/w/120/format/jpg,0,,68eebba60000000039001cc7,1763797068658,0
68e9fc6a0000000039003dbb,1760164971000,,68e9e0a60000000004014428,证明大疆噪音小！,5754d1706a6a696651ce4c46,不吃芹菜,https://sns-avatar-qc.xhscdn.com/avatar/63ce97e695912a66502707e7.jpg?imageView2/2/w/120/format/jpg,0,,68e9fb900000000033005ea9,1763797070663,3
68e9e61d0000000039007197,1760159261000,,68e9e0a60000000004014428,昨天🐶东买的， 3300 哈,5754d1706a6a696651ce4c46,不吃芹菜,https://sns-avatar-qc.xhscdn.com/avatar/63ce97e695912a66502707e7.jpg?imageView2/2/w/120/format/jpg,0,,68e9e4990000000033022cd7,1763797070667,1
68e9f4ac0000000039003268,1760162989000,,68e9e0a60000000004014428,昨天好久买的？,64e56bc0000000000100d6dc,小红薯64E5C06E,https://sns-avatar-qc.xhscdn.com/avatar/645b7e17e29f7d0acadad89f.jpg?imageView2/2/w/120/format/jpg,0,,68e9e61d0000000039007197,1763797070879,0
68e9f5de0000000039007b08,1760163295000,,68e9e0a60000000004014428,前天晚上九点过下单，昨天货送到,5754d1706a6a696651ce4c46,不吃芹菜,https://sns-avatar-qc.xhscdn.com/avatar/63ce97e695912a66502707e7.jpg?imageView2/2/w/120/format/jpg,0,,68e9f4ac0000000039003268,1763797070882,0
68e9fc87000000003902c152,1760165000000,,68e9e0a60000000004014428,为啥我狗东看着3500啊[笑哭R][笑哭R],628fdb6800000000210291f8,momo,https://sns-avatar-qc.xhscdn.com/avatar/ae351b5abc78ae2e8d79998354db8440.jpg?imageView2/2/w/120/format/jpg,0,,68e9e61d0000000039007197,1763797070891,0
68e9fd2200000000380299cc,1760165154000,,68e9e0a60000000004014428,难道调价了？建议可以等等双一十活动开始,5754d1706a6a696651ce4c46,不吃芹菜,https://sns-avatar-qc.xhscdn.com/avatar/63ce97e695912a66502707e7.jpg?imageView2/2/w/120/format/jpg,0,,68e9fc87000000003902c152,1763797070898,0
68ea0a480000000038016a03,1760168521000,,68e9e0a60000000004014428,9号？,64e56bc0000000000100d6dc,小红薯64E5C06E,https://sns-avatar-qc.xhscdn.com/avatar/645b7e17e29f7d0acadad89f.jpg?imageView2/2/w/120/format/jpg,0,,68e9f5de0000000039007b08,1763797070901,0
68ea0d8c000000003803fac3,1760169356000,,68e9e0a60000000004014428,对,5754d1706a6a696651ce4c46,不吃芹菜,https://sns-avatar-qc.xhscdn.com/avatar/63ce97e695912a66502707e7.jpg?imageView2/2/w/120/format/jpg,0,,68ea0a480000000038016a03,1763797073398,0
68ea132d0000000039026958,1760170798000,,68e9e0a60000000004014428,你用劵了吗 我看的3311,5fd2e96300000000010060db,Z Vibe 犬,https://sns-avatar-qc.xhscdn.com/avatar/1040g2jo31hdqo2a6ko005nuit5hg8o6revpq1u8?imageView2/2/w/120/format/jpg,0,,68e9e61d0000000039007197,1763797073402,0
68ea2de6000000003800db27,1760177639000,,68e9e0a60000000004014428,我旧机器给抵了 50[笑哭R],5754d1706a6a696651ce4c46,不吃芹菜,https://sns-avatar-qc.xhscdn.com/avatar/63ce97e695912a66502707e7.jpg?imageView2/2/w/120/format/jpg,0,,68ea132d0000000039026958,1763797073406,0
68ea331a0000000039030ee4,1760178971000,,68e9e0a60000000004014428,额 好吧,5fd2e96300000000010060db,Z Vibe 犬,https://sns-avatar-qc.xhscdn.com/avatar/1040g2jo31hdqo2a6ko005nuit5hg8o6revpq1u8?imageView2/2/w/120/format/jpg,0,,68ea2de6000000003800db27,1763797073409,0
6902ecda00000000390291d0,1761799386000,广东,689c7fe2000000001c00d358,大疆的基站托盘能清洗干净吗？因为托盘不能取出，就怕清洗不干净成了bug,58cea63e6a6a6960b243d72a,catcatlzqYY,https://sns-avatar-qc.xhscdn.com/avatar/58cea63e6a6a6960b243d72a.jpg?imageView2/2/w/120/format/jpg,4,,0,1763797077705,0
68e3492f0000000038025e8f,1759725872000,,689c7fe2000000001c00d358,日常用它清理灰尘适用吗？,646c29ac000000000f006a4d,你很健康,https://sns-avatar-qc.xhscdn.com/avatar/1040g2jo31ggbsjo13i605p3c56m3oqidi4k5rj8?imageView2/2/w/120/format/jpg,4,,0,1763797077709,0
69033c560000000039030268,1761819735000,四川,689c7fe2000000001c00d358,我最喜欢的点还是基站清洁这一块了，这是真的解放双手了,666bcce60000000007007e53,嘟嘟two,https://sns-avatar-qc.xhscdn.com/avatar/1040g2jo31ns1u9s6ks6g5pjbpjj1ovijgmg9sjo?imageView2/2/w/120/format/jpg,1,,0,1763797077712,6
68f3cdf2000000003300f511,1760808434000,,689c7fe2000000001c00d358,清洗方便吗,5483b2b4d6e4a91b70c955b5,sjsj,https://sns-avatar-qc.xhscdn.com/avatar/1040g2jo31br5vj7s0u00400qdgpb8ldlpaovqro?imageView2/2/w/120/format/jpg,3,,0,1763797077719,0
691290a7000000003803d12d,1762824359000,福建,689c7fe2000000001c00d358,请问可以语音呼喊单独打扫某一个房间吗,5c718f94000000001100ac59,辰,https://sns-avatar-qc.xhscdn.com/avatar/ae351b5abc78ae2e8d79998354db8440.jpg?imageView2/2/w/120/format/jpg,2,,0,1763797077726,0
6910111d000000003902f903,1762660637000,广东,689c7fe2000000001c00d358,你家是亮面砖吗？是否有出现刮地板的情况呢？,5aee99a5e8ac2b4645059412,hhhhh,https://sns-avatar-qc.xhscdn.com/avatar/1040g2jo30uptg3lk5c6g4a53fvcqb50i71667g0?imageView2/2/w/120/format/jpg,2,,0,1763797077730,0
690bfda300000000380095ae,1762393508000,辽宁,689c7fe2000000001c00d358,拖地的时候会有水痕嘛一圈一圈的那种,60ba085e000000002002e11e,Peter_老皮,https://sns-avatar-qc.xhscdn.com/avatar/1040g2jo319ov13p7n26g5o5q11f85o8ubae8ekg?imageView2/2/w/120/format/jpg,2,,0,1763797077737,0
690b94450000000037013e28,1762366534000,湖北,689c7fe2000000001c00d358,缠头发吗？,566135849eb5783881436452,昱米,https://sns-avatar-qc.xhscdn.com/avatar/1040g2jo31mdocj8jmg0043mcrtqo8p2i7l515s0?imageView2/2/w/120/format/jpg,2,,0,1763797077743,0
690a8e6e00000000390251bd,1762299503000,上海,689c7fe2000000001c00d358,用了5天了，整体来说感觉不错，核心能力扫地，拖地和避障能力一流，扫地的声音也很小，要说缺点也有，清洗的声音有点大，好在清洗的时间很短，还有爬坡能力一般，10厘米左右的坡尝试了四五次才过去,59c5cdce51783a0c4cd9fe58,Uiou2008,https://sns-avatar-qc.xhscdn.com/avatar/674c19ee884b05f8f9fd379a.jpg?imageView2/2/w/120/format/jpg,5,,0,1763797077747,0
690314a70000000038011bd9,1761809575000,陕西,689c7fe2000000001c00d358,我也感觉，一代产品做到这样真的挺超出预期了,5d32e0be00000000120276eb,还要见面上万次,https://sns-avatar-qc.xhscdn.com/avatar/1040g2jo30q9ami9fnk605n9is2v4ktnb8k80m5o?imageView2/2/w/120/format/jpg,0,,0,1763797077754,5
690306de0000000039029bf0,1761806047000,广东,689c7fe2000000001c00d358,你看我家的，扫了一个月没啥脏东西,5c27f0c10000000007028550,Lokii_,https://sns-avatar-qc.xhscdn.com/avatar/1040g2jo31aloh6k2ni6g5n17u30ht1agvqnv3c0?imageView2/2/w/120/format/jpg,0,http://sns-webpic-qc.xhscdn.com/202511221537/ba544c84f2b3a8b48b1c83af898d6ecb/comment/1040g2h031o8klm0l50605omcstf3hqv70m8306o!nd_whgt34_webp_wm_1,6902ecda00000000390291d0,1763797079761,7
6903066a000000003802afd1,1761805931000,浙江,689c7fe2000000001c00d358,没啥问题，试试就知道了，冲洗的力度挺强的,666da0a60000000003032f70,三六爆炸的king,https://sns-avatar-qc.xhscdn.com/avatar/645b7f83b46568f580649586.jpg?imageView2/2/w/120/format/jpg,0,,6902ecda00000000390291d0,1763797080015,2
6907a06c00000000380094d3,1762107500000,广东,689c7fe2000000001c00d358,定期擦拭就好，很少污垢的,656373bd0000000004039c54,丞。,https://sns-avatar-qc.xhscdn.com/avatar/1040g2jo31f5hb1tnmi5g5pb3eeuh772k16m00gg?imageView2/2/w/120/format/jpg,0,,6902ecda00000000390291d0,1763797080021,0
690fd66900000000390072dc,1762645609000,河北,689c7fe2000000001c00d358,这比科沃斯干净多了啊[笑哭R],589246226a6a6942ea528a2d,木青（接定制）,https://sns-avatar-qc.xhscdn.com/avatar/1040g2jo31hljttts3u0g493b4h3252hdb2f0898?imageView2/2/w/120/format/jpg,0,,690306de0000000039029bf0,1763797080025,0
68f203870000000039009a7a,1760691080000,,689c7fe2000000001c00d358,非常合适，能节省很多清洁时间，每日仅需给他换水,656373bd0000000004039c54,丞。,https://sns-avatar-qc.xhscdn.com/avatar/1040g2jo31f5hb1tnmi5g5pb3eeuh772k16m00gg?imageView2/2/w/120/format/jpg,0,,68e3492f0000000038025e8f,1763797082033,1
6908c51f000000003802c41e,1762182432000,河北,689c7fe2000000001c00d358,日常打扫一次需要多久呀,5b9d5cf79a9c930001c9d45a,momo酱,https://sns-avatar-qc.xhscdn.com/avatar/1040g2jo31l20o0u72o004b0grneffl2q7r1t968?imageView2/2/w/120/format/jpg,0,,68f203870000000039009a7a,1763797082236,0
69099ba3000000003803e99c,1762237348000,广东,689c7fe2000000001c00d358,看你如何设置，根据设置不同可能1小时到3小时之间。（先扫后拖，边扫边拖，回洗拖头频率等）面积大于150平方会更久一些。,656373bd0000000004039c54,丞。,https://sns-avatar-qc.xhscdn.com/avatar/1040g2jo31f5hb1tnmi5g5pb3eeuh772k16m00gg?imageView2/2/w/120/format/jpg,0,,6908c51f000000003802c41e,1763797082241,0
6909f2860000000038005e81,1762259591000,河北,689c7fe2000000001c00d358,好的 好的,5b9d5cf79a9c930001c9d45a,momo酱,https://sns-avatar-qc.xhscdn.com/avatar/1040g2jo31l20o0u72o004b0grneffl2q7r1t968?imageView2/2/w/120/format/jpg,0,,69099ba3000000003803e99c,1763797082246,0
690c45ac0000000033025112,1762411948000,辽宁,689c7fe2000000001c00d358,这个真的很适合懒人啊,5a8be3de11be1040fd648733,土豆你个薯仔,https://sns-avatar-qc.xhscdn.com/avatar/1040g2jo31omhu2i906604a1k7uhtt1pjujktq88?imageView2/2/w/120/format/jpg,0,,69033c560000000039030268,1763797084255,1
68fb9a8a000000003803c2b5,1761319562000,广东,689c7fe2000000001c00d358,我觉得保养还是很方便的，加水倒水看你家面积大小与用水量，每个月清洁一次机器人与基站就行，很容易擦拭。,656373bd0000000004039c54,丞。,https://sns-avatar-qc.xhscdn.com/avatar/1040g2jo31f5hb1tnmi5g5pb3eeuh772k16m00gg?imageView2/2/w/120/format/jpg,0,,68f3cdf2000000003300f511,1763797084258,2
690363d3000000003902b45f,1761829844000,北京,689c7fe2000000001c00d358,可是我家平时一个月才扫地擦地一次，每月清理他一次是不是更累了？,66d14747000000001d020222,小红薯66D16E95,https://sns-avatar-qc.xhscdn.com/avatar/645b6abf2e368555521befcc.jpg?imageView2/2/w/120/format/jpg,0,,68fb9a8a000000003803c2b5,1763797084464,0
691fce0f000000001d027d55,1763692047000,湖北,689c7fe2000000001c00d358,那你可以一年清洗他一次[汗颜R],64bd357e00000000140389ac,小红薯64BD5AA5,https://sns-avatar-qc.xhscdn.com/avatar/645b806f731e07eb8ca3d845.jpg?imageView2/2/w/120/format/jpg,0,,690363d3000000003902b45f,1763797084467,0
69134b8000000000390078dc,1762872193000,广东,689c7fe2000000001c00d358,可以的，可以在dji home里的语音助手-语音指令里设置。可以语音启动:单独打扫房间，定时启动，设置吸力，清晰拖布，等。,656373bd0000000004039c54,丞。,https://sns-avatar-qc.xhscdn.com/avatar/1040g2jo31f5hb1tnmi5g5pb3eeuh772k16m00gg?imageView2/2/w/120/format/jpg,0,,691290a7000000003803d12d,1763797086474,1
69144cd1000000003800c9f6,1762938065000,福建,689c7fe2000000001c00d358,好的谢谢您,5c718f94000000001100ac59,辰,https://sns-avatar-qc.xhscdn.com/avatar/ae351b5abc78ae2e8d79998354db8440.jpg?imageView2/2/w/120/format/jpg,0,,69134b8000000000390078dc,1763797086686,0
69134c110000000038025cc1,1762872338000,广东,689c7fe2000000001c00d358,我家是实木地板。目前没有发现任何刮花的迹象。他的两个主轮和前轮都有橡胶覆盖，后轮是个小小塑料。,656373bd0000000004039c54,丞。,https://sns-avatar-qc.xhscdn.com/avatar/1040g2jo31f5hb1tnmi5g5pb3eeuh772k16m00gg?imageView2/2/w/120/format/jpg,0,,6910111d000000003902f903,1763797088692,1
6913e65200000000390260d3,1762911827000,广东,689c7fe2000000001c00d358,好的，感谢！,5aee99a5e8ac2b4645059412,hhhhh,https://sns-avatar-qc.xhscdn.com/avatar/1040g2jo30uptg3lk5c6g4a53fvcqb50i71667g0?imageView2/2/w/120/format/jpg,0,,69134c110000000038025cc1,1763797088873,0
69134c3f0000000038006d2f,1762872384000,广东,689c7fe2000000001c00d358,刚拖会有，等水干了反而不会有印子了。,656373bd0000000004039c54,丞。,https://sns-avatar-qc.xhscdn.com/avatar/1040g2jo31f5hb1tnmi5g5pb3eeuh772k16m00gg?imageView2/2/w/120/format/jpg,0,,690bfda300000000380095ae,1763797090877,0
690c65a3000000003801295b,1762420131000,天津,689c7fe2000000001c00d358,不会，你先扫后拖然后拖地水量不要太多就行,680e1a69000000000e010192,hhh,https://sns-avatar-qc.xhscdn.com/avatar/1040g2jo31nulnv7tlm6g5q0e39kji0cioqe0uk0?imageView2/2/w/120/format/jpg,0,,690bfda300000000380095ae,1763797091109,0
69134c7800000000380107f7,1762872440000,广东,689c7fe2000000001c00d358,有防缠绕设计，不过目前有一次小缠绕，是清洁的时候我听声音有点不对发现的，不过并没有影响地刷工作[笑哭R],656373bd0000000004039c54,丞。,https://sns-avatar-qc.xhscdn.com/avatar/1040g2jo31f5hb1tnmi5g5pb3eeuh772k16m00gg?imageView2/2/w/120/format/jpg,0,,690b94450000000037013e28,1763797093113,1
690c45b30000000037026b76,1762411955000,浙江,689c7fe2000000001c00d358,里面做了防缠绕设计的,5bf42e16f33c89000135dcc0,2ning2,https://sns-avatar-qc.xhscdn.com/avatar/1040g2jo31omhro1kgg004bsee6n1dn60q5mbpgg?imageView2/2/w/120/format/jpg,0,,690b94450000000037013e28,1763797093310,0
690a8f0b0000000039031583,1762299659000,上海,689c7fe2000000001c00d358,还有有点费水，水箱满的情况下，估计最多能用5次,59c5cdce51783a0c4cd9fe58,Uiou2008,https://sns-avatar-qc.xhscdn.com/avatar/674c19ee884b05f8f9fd379a.jpg?imageView2/2/w/120/format/jpg,0,,690a8e6e00000000390251bd,1763797095326,0
69114f9e0000000037024d78,1762742175000,重庆,689c7fe2000000001c00d358,3999了 我已经退回去了[doge],68c28c5600000000190376f5,Lio,https://sns-avatar-qc.xhscdn.com/avatar/1040g2jo31oqrt3om1q005q62hhb6etnlck32l6g?imageView2/2/w/120/format/jpg,0,,690a8f0b0000000039031583,1763797095579,0
691b37d1000000003902308c,1763391442000,广东,689c7fe2000000001c00d358,我感觉清洗的声音好大啊[哭惹R],556898085894464105ed71f7,布丁🍮斯基,https://sns-avatar-qc.xhscdn.com/avatar/1040g2jo31j9etvf42e0040n8ioc0gsfn8ap9728?imageView2/2/w/120/format/jpg,0,,690a8e6e00000000390251bd,1763797095582,0
691e5b240000000038029acb,1763597092000,山东,689c7fe2000000001c00d358,为什么退啊,63fc6396000000001002b8ea,依心而活,https://sns-avatar-qc.xhscdn.com/avatar/1040g2jo31k20o5m932005ovsceb45e7alsi22l8?imageView2/2/w/120/format/jpg,0,,69114f9e0000000037024d78,1763797095585,0
691ebca7000000001600f658,1763622055000,重庆,689c7fe2000000001c00d358,因为我配件都没退[doge],68c28c5600000000190376f5,Lio,https://sns-avatar-qc.xhscdn.com/avatar/1040g2jo31oqrt3om1q005q62hhb6etnlck32l6g?imageView2/2/w/120/format/jpg,0,,691e5b240000000038029acb,1763797095589,0
692102350000000039000b4a,1763770934000,江西,689c7fe2000000001c00d358,买了石头刮瓷砖退了，就不知道这个咋样[笑哭R],5ee996090000000001005275,❤ 段小萌Daisy,https://sns-avatar-qc.xhscdn.com/avatar/1040g2jo31nj181bpmm005nn9io4g8kjl2k0vapo?imageView2/2/w/120/format/jpg,0,,0,1763797097899,0
691f1640000000001702c988,1763644992000,江苏,689c7fe2000000001c00d358,多大的吸力？,5c6e333b0000000012008452,地平线,https://sns-avatar-qc.xhscdn.com/avatar/609f309fbff6f58ef5893fc5.jpg?imageView2/2/w/120/format/jpg,0,,0,1763797097910,0
691ec5890000000014035eb3,1763624329000,江西,689c7fe2000000001c00d358,水箱板的，清水口的会漏水吗,5d6dd4b2000000000100b956,小红薯5D6F18AB,https://sns-avatar-qc.xhscdn.com/avatar/63645d3bdfb31eb4c23dc86f.jpg?imageView2/2/w/120/format/jpg,0,,0,1763797097928,0
691ae1b10000000039021ebb,1763369394000,河北,689c7fe2000000001c00d358,请问使用时间久了有没有清洁力下降的趋势？,6187b4ac000000001000b2d8,板烧鸡腿堡,https://sns-avatar-qc.xhscdn.com/avatar/6431323acdbbe098f2e4534b.jpg?imageView2/2/w/120/format/jpg,0,,0,1763797097937,0
691699ef000000003803c22a,1763088879000,广东,689c7fe2000000001c00d358,这个拖布跟活水比会不会out一点,58ae493b50c4b43b20db70cf,苏茵陈,https://sns-avatar-qc.xhscdn.com/avatar/5b926ba30c37bf0001d31989.jpg?imageView2/2/w/120/format/jpg,0,,0,1763797097946,0
6915f9ee0000000033027f2c,1763047919000,江西,689c7fe2000000001c00d358,今天刚开始上班，就刮花了好心疼，[泪崩R],5cef9568000000001101bd1f,星星知我心 ⭐,https://sns-avatar-qc.xhscdn.com/avatar/66122dd1a8aa987565719863.jpg?imageView2/2/w/120/format/jpg,1,,0,1763797097957,0
6915f9b000000000330210e7,1763047857000,江西,689c7fe2000000001c00d358,第五点，直接叫他，小莫小莫，出来，它就出来了，不用硬拽[笑哭R],5cef9568000000001101bd1f,星星知我心 ⭐,https://sns-avatar-qc.xhscdn.com/avatar/66122dd1a8aa987565719863.jpg?imageView2/2/w/120/format/jpg,0,,0,1763797097965,1
6910bf32000000003300cbb9,1762705202000,湖北,689c7fe2000000001c00d358,可以自动越过地毯么,586dc9c76a6a695fc9af0777,momo,https://sns-avatar-qc.xhscdn.com/avatar/1040g2jo31ncnkico5800490tr44se1rnf30dsig?imageView2/2/w/120/format/jpg,1,,0,1763797097974,0
691036510000000039029267,1762670162000,重庆,689c7fe2000000001c00d358,25000pa的吸力，孙悟空来了都不敢说自己名字[doge],6666b5430000000007004d7b,dji HYYY,https://sns-avatar-qc.xhscdn.com/avatar/1040g2jo31olgpam1kq005pj6ml1hojbrg0mbf38?imageView2/2/w/120/format/jpg,0,,0,1763797097980,0
690992a60000000037026095,1762235047000,广东,689c7fe2000000001c00d358,请问这段时间用下来 是否需要手动清洁基站呢 我看基站口子挺小的 手伸进去很深 感觉不太好擦的样子,5611535333f60c4e75b1b47a,maomao,https://sns-avatar-qc.xhscdn.com/avatar/1040g2jo311l9tte56u0g41b7pk9l7d3qv8ha1n0?imageView2/2/w/120/format/jpg,1,,0,1763797097986,0
691e5b95000000003802de4f,1763597205000,山东,689c7fe2000000001c00d358,刮地板吗,63fc6396000000001002b8ea,依心而活,https://sns-avatar-qc.xhscdn.com/avatar/1040g2jo31k20o5m932005ovsceb45e7alsi22l8?imageView2/2/w/120/format/jpg,0,,6915f9ee0000000033027f2c,1763797100009,0
69134baf00000000380332f3,1762872240000,广东,689c7fe2000000001c00d358,可以。可以设置跨越地毯（不清洁）,656373bd0000000004039c54,丞。,https://sns-avatar-qc.xhscdn.com/avatar/1040g2jo31f5hb1tnmi5g5pb3eeuh772k16m00gg?imageView2/2/w/120/format/jpg,0,,6910bf32000000003300cbb9,1763797100037,0
69099bef0000000039004264,1762237423000,广东,689c7fe2000000001c00d358,我会一个月擦拭一次。基站口子大小还可以的其实，清洁的话可以把水箱拿走，基站放桌子上清洁，或者和我一样趴在地上伸进去擦拭[笑哭R],656373bd0000000004039c54,丞。,https://sns-avatar-qc.xhscdn.com/avatar/1040g2jo31f5hb1tnmi5g5pb3eeuh772k16m00gg?imageView2/2/w/120/format/jpg,0,,690992a60000000037026095,1763797100069,0
6908b1a20000000038033995,1762177442000,江苏,689c7fe2000000001c00d358,刮地板吗,5b0b4a934eacab67f94e62f5,红了樱桃绿了芭蕉。,https://sns-avatar-qc.xhscdn.com/avatar/5b0b4aeed2c8a579292474df.jpg?imageView2/2/w/120/format/jpg,1,,0,1763797100785,0
6904304f00000000370275cf,1761882191000,江苏,689c7fe2000000001c00d358,礼貌问一下，这一款会缠绕头发吗[笑哭R],63fef5ba0000000029017c50,知不可吃克制不吃,https://sns-avatar-qc.xhscdn.com/avatar/64bdc868f249dc6e0f3c8296.jpg?imageView2/2/w/120/format/jpg,1,,0,1763797100788,0
6902b6e70000000038013305,1761785576000,湖北,689c7fe2000000001c00d358,耗材有没有平替，还有就是左边两个插槽,5e09cf7e0000000001000394,小红薯29372EA9,https://sns-avatar-qc.xhscdn.com/avatar/645b802c0f5b598e07f39dc7.jpg?imageView2/2/w/120/format/jpg,1,,0,1763797100794,0
690063e90000000039029e64,1761633258000,安徽,689c7fe2000000001c00d358,拉丝地板会被它把脏东西抹进纹理么,595ccf3e82ec395ca8103d6c,无能星咪,https://sns-avatar-qc.xhscdn.com/avatar/1040g2jo31lt7u1trl00049le4u7jsfbc2ti9qo0?imageView2/2/w/120/format/jpg,1,,0,1763797100805,0
68f9bcd900000000390094ee,1761197273000,,689c7fe2000000001c00d358,请问可以设置平时只吸尘不拖地吗 本人重度懒人 每天换水都觉得麻烦[笑哭R],6195c8f50000000010009e2d,Clearlove,https://sns-avatar-qc.xhscdn.com/avatar/62077d4598b779863b0816bc.jpg?imageView2/2/w/120/format/jpg,1,,0,1763797100817,1
68c418bb000000003001050a,1757681852000,,689c7fe2000000001c00d358,romo是真的帅,6666b5430000000007004d7b,dji HYYY,https://sns-avatar-qc.xhscdn.com/avatar/1040g2jo31olgpam1kq005pj6ml1hojbrg0mbf38?imageView2/2/w/120/format/jpg,0,,0,1763797100829,1
68b65aa500000000300310ba,1756781221000,,689c7fe2000000001c00d358,请问清理机器本身麻烦吗,5657f8ad7c5bb81f0d027cb8,Xixi,https://sns-avatar-qc.xhscdn.com/avatar/1040g2jo31nkllq145m00437cl9saqv5oa8har8g?imageView2/2/w/120/format/jpg,1,,0,1763797100842,0
690326db000000003800c3d8,1761814236000,浙江,689c7fe2000000001c00d358,前两天趁着活动入了透明款，质感真的绝了！,600d48ac0000000001008e65,不不喝k,https://sns-avatar-qc.xhscdn.com/avatar/1040g2jo318mefq5o3q6g5o0d92m093j5mb8d770?imageView2/2/w/120/format/jpg,5,http://sns-webpic-qc.xhscdn.com/202511221538/9f74fe39887d8849b5cb1e750928d61a/comment/1040g2h031o8onk56g6605o0d92m093j5d9n6bfg!nd_whgt34_webp_wm_1,0,1763797100848,7
689d28c40000000026034357,1755130053000,,689c7fe2000000001c00d358,我可以在香港使用这个吗？,66e22ffe000000001d032371,Rxplus,https://sns-avatar-qc.xhscdn.com/avatar/1040g2jo31kemh9j3iucg5pn25vv7e8rhrddqhr0?imageView2/2/w/120/format/jpg,1,,0,1763797100852,0
689c86e300000000260363e1,1755088612000,,689c7fe2000000001c00d358,@大疆ROMO,656373bd0000000004039c54,丞。,https://sns-avatar-qc.xhscdn.com/avatar/1040g2jo31f5hb1tnmi5g5pb3eeuh772k16m00gg?imageView2/2/w/120/format/jpg,0,,0,1763797100857,0
69099b49000000003800fdb0,1762237257000,广东,689c7fe2000000001c00d358,不刮噢，我家还是木地板[微笑R],656373bd0000000004039c54,丞。,https://sns-avatar-qc.xhscdn.com/avatar/1040g2jo31f5hb1tnmi5g5pb3eeuh772k16m00gg?imageView2/2/w/120/format/jpg,0,,6908b1a20000000038033995,1763797102865,0
6907a0d1000000003802c82d,1762107602000,广东,689c7fe2000000001c00d358,第一次使用前先把家里打扫一遍，后续它去进行维护，对于每日新增掉发问题不大的，我家里一位女士，目前偶尔几根缠绕，但没有出现过导致无法完成任务的情况。,656373bd0000000004039c54,丞。,https://sns-avatar-qc.xhscdn.com/avatar/1040g2jo31f5hb1tnmi5g5pb3eeuh772k16m00gg?imageView2/2/w/120/format/jpg,0,,6904304f00000000370275cf,1763797102869,0
6907a0ec00000000380273a2,1762107628000,广东,689c7fe2000000001c00d358,目前官网貌似没有这两个部件单独购买的选项[笑哭R],656373bd0000000004039c54,丞。,https://sns-avatar-qc.xhscdn.com/avatar/1040g2jo31f5hb1tnmi5g5pb3eeuh772k16m00gg?imageView2/2/w/120/format/jpg,0,,6902b6e70000000038013305,1763797102877,0
6907a1020000000038027472,1762107650000,广东,689c7fe2000000001c00d358,不用担心，因为吸尘功能[微笑R],656373bd0000000004039c54,丞。,https://sns-avatar-qc.xhscdn.com/avatar/1040g2jo31f5hb1tnmi5g5pb3eeuh772k16m00gg?imageView2/2/w/120/format/jpg,0,,690063e90000000039029e64,1763797102881,0
68fb9a440000000038009fe8,1761319493000,广东,689c7fe2000000001c00d358,可以的，单吸单拖或者一起都行,656373bd0000000004039c54,丞。,https://sns-avatar-qc.xhscdn.com/avatar/1040g2jo31f5hb1tnmi5g5pb3eeuh772k16m00gg?imageView2/2/w/120/format/jpg,0,,68f9bcd900000000390094ee,1763797102890,1
68f20420000000003800d5cf,1760691233000,,689c7fe2000000001c00d358,我目前的使用经验，每天需要加水，污水可以两天一倒，机器人建议一个月清洁一次，过程并不复杂，取出并擦一下尘盒，取出并清洗一下拖布。,656373bd0000000004039c54,丞。,https://sns-avatar-qc.xhscdn.com/avatar/1040g2jo31f5hb1tnmi5g5pb3eeuh772k16m00gg?imageView2/2/w/120/format/jpg,0,,68b65aa500000000300310ba,1763797102897,0
6903f84b0000000038004728,1761867852000,黑龙江,689c7fe2000000001c00d358,多钱亲,68b1cfae0000000019023c43,柏树丹,https://sns-avatar-qc.xhscdn.com/avatar/1040g2jo31nm97q63g66g5q5hpun6cf23ji0co9g?imageView2/2/w/120/format/jpg,0,,690326db000000003800c3d8,1763797102905,0
690735cc0000000039000474,1762080205000,陕西,689c7fe2000000001c00d358,多钱入的,5c037cda0000000008017840,momo,https://sns-avatar-qc.xhscdn.com/avatar/1000g2jo2nqe7ef6js0604buoloudku20o2q8sm8?imageView2/2/w/120/format/jpg,0,,690326db000000003800c3d8,1763797103206,1
690c52c7000000003902573c,1762415303000,浙江,689c7fe2000000001c00d358,现在透明款才四千多，确实很香,656835a0000000001902e28f,cxy,https://sns-avatar-qc.xhscdn.com/avatar/1040g2jo31n2vun1r50605pb86mg6dokfegh22t0?imageView2/2/w/120/format/jpg,0,,6903f84b0000000038004728,1763797103210,3
690c65840000000039026d42,1762420100000,陕西,689c7fe2000000001c00d358,这是旗舰款四千出头，比首发降了挺多的,66069984000000000b00e211,自由诗写无忧,https://sns-avatar-qc.xhscdn.com/avatar/1040g2jo31jgvjkja2g005pg6j622poghn66b0i8?imageView2/2/w/120/format/jpg,0,,690735cc0000000039000474,1763797103219,1
6911935a0000000039009120,1762759515000,广东,689c7fe2000000001c00d358,透明感真的很苹果,653a26ad000000000400a08f,仁钦多吉,https://sns-avatar-qc.xhscdn.com/avatar/1040g2jo31p4hfm4tiu505p9q4qmh184fkqnnhp0?imageView2/2/w/120/format/jpg,0,,690326db000000003800c3d8,1763797103225,0
689d48d500000000270069ed,1755138262000,,689c7fe2000000001c00d358,你可以在手机的官方商城看是否能下载到DJI HOME，如果有，那么买回来肯定是可以用的～,656373bd0000000004039c54,丞。,https://sns-avatar-qc.xhscdn.com/avatar/1040g2jo31f5hb1tnmi5g5pb3eeuh772k16m00gg?imageView2/2/w/120/format/jpg,0,,689d28c40000000026034357,1763797105238,1
69109bca00000000380080c1,1762696138000,四川,690b3d420000000005038abe,@焦糖玛奇朵 要买一个不,5cbe82aa000000001203375a,不等于💜,https://sns-avatar-qc.xhscdn.com/avatar/1040g2jo31feembn0mo005n5ugal4mdqq4r2enj8?imageView2/2/w/120/format/jpg,0,,0,1763797107517,0
69109215000000003900a7ec,1762693654000,广东,690b3d420000000005038abe,哇这也太智能了,631b10500000000015017c46,一只李墩墩呀,https://sns-avatar-qc.xhscdn.com/avatar/6334df47f5d983f4493c639f.jpg?imageView2/2/w/120/format/jpg,0,,0,1763797107525,0
690ff7fb000000003803d01e,1762654203000,上海,690b3d420000000005038abe,扫地干净啊,618dcc6400000000100075af,一起圆滚滚咩,https://sns-avatar-qc.xhscdn.com/avatar/65c9e505cae484aad3ab820c.jpg?imageView2/2/w/120/format/jpg,0,,0,1763797107530,0
690f37590000000038030e22,1762604889000,上海,690b3d420000000005038abe,这款价格多少啊,65d6ba0b000000000401f859,Bella贝小贝,https://sns-avatar-qc.xhscdn.com/avatar/1040g2jo3101e984r666g5pemn85h3u2puk8kauo?imageView2/2/w/120/format/jpg,0,,0,1763797107535,0
690ca3f4000000003300fc61,1762436084000,河南,690b3d420000000005038abe,最近有什么活动吗[doge],5c1b79a500000000070349ce,一只小洋洋,https://sns-avatar-qc.xhscdn.com/avatar/60c1a69ec6a79c4d9cddf2bc.jpg?imageView2/2/w/120/format/jpg,0,,0,1763797107544,0
690ca3c0000000003902d868,1762436032000,河南,690b3d420000000005038abe,可以自动上下水吗[色色R],5f68a63e0000000001003bd2,贪吃草莓熊,https://sns-avatar-qc.xhscdn.com/avatar/1040g2jo30q89rd08ne005nr8kov08eui2uglec0?imageView2/2/w/120/format/jpg,0,,0,1763797107554,0
690d8b28000000003902c276,1762495272000,辽宁,690be6b1000000000302da64,外观好有科技感,5e7cbe2a0000000001009cd7,旺仔很乖,https://sns-avatar-qc.xhscdn.com/avatar/6229acd3b70f017dcf989101.jpg?imageView2/2/w/120/format/jpg,1,,0,1763797111782,0
690d85e6000000003901fa90,1762493926000,辽宁,690be6b1000000000302da64,那我也要入手一个,5c00cbbd000000000701c98d,爱宅家的小熊猫🐼,https://sns-avatar-qc.xhscdn.com/avatar/1040g2jo31krlsphq2a004bumpa5rricd9cf30a8?imageView2/2/w/120/format/jpg,1,,0,1763797111786,0
690d80660000000038029851,1762492518000,广东,690be6b1000000000302da64,@我敬你是个吃货 快点入手这个,60ed5f8e0000000001007e61,小桃饱饱,https://sns-avatar-qc.xhscdn.com/avatar/631429d91b0ae1e4a031b76a.jpg?imageView2/2/w/120/format/jpg,1,,0,1763797111793,0
690d562e00000000390052c1,1762481710000,辽宁,690be6b1000000000302da64,工作时声音大吗[偷笑R],66894113000000000f0356dd,天使也掉毛,https://sns-avatar-qc.xhscdn.com/avatar/1040g2jo3163sfi7u1e5g5pk9849julmtitmaffo?imageView2/2/w/120/format/jpg,1,,0,1763797111799,0
690f04d10000000033005450,1762591953000,辽宁,690be6b1000000000302da64,是的呢，宝,620f7fdb0000000010007923,三月,https://sns-avatar-qc.xhscdn.com/avatar/1040g2jo31fv6fb0c005g5ogffvdk0u93umicr0o?imageView2/2/w/120/format/jpg,0,,690d8b28000000003902c276,1763797113806,0
690f04cb0000000037027a1f,1762591948000,辽宁,690be6b1000000000302da64,可以入手,620f7fdb0000000010007923,三月,https://sns-avatar-qc.xhscdn.com/avatar/1040g2jo31fv6fb0c005g5ogffvdk0u93umicr0o?imageView2/2/w/120/format/jpg,0,,690d85e6000000003901fa90,1763797113810,0
690f04bf000000003300ee7a,1762591935000,辽宁,690be6b1000000000302da64,真的很方便啊,620f7fdb0000000010007923,三月,https://sns-avatar-qc.xhscdn.com/avatar/1040g2jo31fv6fb0c005g5ogffvdk0u93umicr0o?imageView2/2/w/120/format/jpg,0,,690d80660000000038029851,1763797113818,0
690f04c40000000033005114,1762591941000,辽宁,690be6b1000000000302da64,不大的哦,620f7fdb0000000010007923,三月,https://sns-avatar-qc.xhscdn.com/avatar/1040g2jo31fv6fb0c005g5ogffvdk0u93umicr0o?imageView2/2/w/120/format/jpg,0,,690d562e00000000390052c1,1763797113823,0
68a13000000000002700b1e4,1755394049000,,689e27d0000000001b021918,请问是普通版本还是顶配？正在纠结[笑哭R],5931786482ec3931058dc15a,Momo,https://sns-avatar-qc.xhscdn.com/avatar/1040g2jo30qem0lvs060049i4ses69gaq0ql32t0?imageView2/2/w/120/format/jpg,11,,0,1763797116227,4
68a088900000000027004200,1755351184000,,689e27d0000000001b021918,你好 请问你买的是 S A P 哪个版本呀,65aa1bca0000000013028d48,劈里啪啦小牛,https://sns-avatar-qc.xhscdn.com/avatar/1040g2jo31eu48ffemi005pda3f54t3a8vobuda8?imageView2/2/w/120/format/jpg,6,,0,1763797116253,0
68c653e5000000002601bffd,1757828069000,,689e27d0000000001b021918,中途要加水，这都不退？真能忍呀,621b3f80000000002102ad5f,避雷贞,https://sns-avatar-qc.xhscdn.com/avatar/1040g2jo31mdkdr5ul06g5ogr7u08dbav5sonk28?imageView2/2/w/120/format/jpg,3,,0,1763797116255,0
689f80680000000027008c70,1755283561000,,689e27d0000000001b021918,石头把我钢琴脚都撞掉漆了一条。。,5c1f7666000000000702b390,飞翔的古灵阁,https://sns-avatar-qc.xhscdn.com/avatar/1040g2jo31fho17kj06d05n0vepj1tcsgo5tv5r0?imageView2/2/w/120/format/jpg,3,,0,1763797116256,0
68a2d0df0000000030022f5a,1755500767000,,689e27d0000000001b021918,这个容易刮花地板不？容易卡小石粒不？,5b03f3104eacab0562875ee4,Lil Chu,https://sns-avatar-qc.xhscdn.com/avatar/1040g2jo31n0gekp9li6g4a5i3vph0nn4hsinie8?imageView2/2/w/120/format/jpg,2,,0,1763797116258,2
689e8e2f000000002700a555,1755221552000,,689e27d0000000001b021918,拖地水渍大不大？,63a073ba0000000026006cf4,小红薯63A145E6,https://sns-avatar-qc.xhscdn.com/avatar/411309441983cdc4ce073ff8da73b5b6.jpg?imageView2/2/w/120/format/jpg,2,,0,1763797116259,1
68b9b67b000000000b0141d8,1757001339000,,689e27d0000000001b021918,放久会臭么,5b38d06c4eacab342f5d8f26,microgap,https://sns-avatar-qc.xhscdn.com/avatar/1040g2jo310oaushv6a6g4a6obq86p3p6ak8tvc0?imageView2/2/w/120/format/jpg,2,,0,1763797116261,0
68a161fa00000000300108e9,1755406842000,,689e27d0000000001b021918,有点想买来找测评来着，160平要手动加水？这是deal breaker级别的bug了[捂脸R],5d733469000000000101b7e0,KG,https://sns-avatar-qc.xhscdn.com/avatar/630140e5a4b213e7c8be51d2.jpg?imageView2/2/w/120/format/jpg,1,,0,1763797116269,2
68bee9310000000030005577,1757342001000,,689e27d0000000001b021918,我的进基站会上上下下调整几次才能对准吗 你们的是吗,5fd2e96300000000010060db,Z Vibe 犬,https://sns-avatar-qc.xhscdn.com/avatar/1040g2jo31hdqo2a6ko005nuit5hg8o6revpq1u8?imageView2/2/w/120/format/jpg,1,,0,1763797116274,0
68a84aeb0000000030017d7d,1755859691000,,689e27d0000000001b021918,地砖挺好看[偷笑R],5b9fb59165671b0001f03c49,Y先生,https://sns-avatar-qc.xhscdn.com/avatar/1040g2jo31j3nudkd1i004b1gn3qp2f29b848ebg?imageView2/2/w/120/format/jpg,1,,0,1763797116284,0
68a1307e000000002603ca25,1755394174000,,689e27d0000000001b021918,功能一样的，就看你对外观要求了，我的是p版的,5c53a5170000000012029ff9,summer-builder,https://sns-avatar-qc.xhscdn.com/avatar/1040g2jo3113f90flmo005n2jkkbkl7vp0bosgpg?imageView2/2/w/120/format/jpg,0,,68a13000000000002700b1e4,1763797118292,2
68a1768b0000000027002cb6,1755412107000,,689e27d0000000001b021918,好的谢谢[飞吻R],5931786482ec3931058dc15a,Momo,https://sns-avatar-qc.xhscdn.com/avatar/1040g2jo30qem0lvs060049i4ses69gaq0ql32t0?imageView2/2/w/120/format/jpg,0,,68a1307e000000002603ca25,1763797118534,0
68a49288000000002603624c,1755615880000,,689e27d0000000001b021918,没有上下水那款？,5b0521606b58b752b411ae8a,Koral,https://sns-avatar-qc.xhscdn.com/avatar/1040g2jo31jva7mn830004a5j2mgm1bka58cg480?imageView2/2/w/120/format/jpg,0,,68a1307e000000002603ca25,1763797118536,0
68ad9ea80000000002003895,1756208808000,,689e27d0000000001b021918,我也在纠结，买了吗,67904d39000000000a03fc6f,金包包,https://sns-avatar-qc.xhscdn.com/avatar/1040g2jo31p42b2vmjc605psg9ksinv3favsls8g?imageView2/2/w/120/format/jpg,0,,68a13000000000002700b1e4,1763797118543,0
68ae93a5000000000b02ab3b,1756271525000,,689e27d0000000001b021918,没有，买了云鲸，还没到货[笑哭R],5931786482ec3931058dc15a,Momo,https://sns-avatar-qc.xhscdn.com/avatar/1040g2jo30qem0lvs060049i4ses69gaq0ql32t0?imageView2/2/w/120/format/jpg,0,,68ad9ea80000000002003895,1763797118547,1
68c3b9ca0000000030018856,1757657547000,,689e27d0000000001b021918,有宠物就冲顶配，基础清洁就标准[偷笑R],5ba5e30ce8ac2b2224714d77,哈苏-重庆ooo,https://sns-avatar-qc.xhscdn.com/avatar/1040g2jo30nv7079t1s004b3uebhgojbn5hhs400?imageView2/2/w/120/format/jpg,0,,68a13000000000002700b1e4,1763797118550,0
68c57ae5000000003000efb6,1757772518000,,689e27d0000000001b021918,[偷笑R]直接冲p版本的自动上下水版本，在基站连接进水口及排水口后，扫地机器人可以实现自动加水及倾倒污水功能哦，无需手动加水和倾倒污水，使用更方便。[微笑R][微笑R][微笑R],5fb746f5000000000101ec00,嗨嗨,https://sns-avatar-qc.xhscdn.com/avatar/6652b07f3c6ec82a223297df.jpg?imageView2/2/w/120/format/jpg,0,,68ad9ea80000000002003895,1763797120786,0
68d2d593000000003000a92d,1758647699000,,689e27d0000000001b021918,豆包说 P版比S版更静音 不知道是不是真的。我用的S版声音没觉得小[捂脸R],5fd2e96300000000010060db,Z Vibe 犬,https://sns-avatar-qc.xhscdn.com/avatar/1040g2jo31hdqo2a6ko005nuit5hg8o6revpq1u8?imageView2/2/w/120/format/jpg,0,,68a1307e000000002603ca25,1763797120789,0
68d2dd09000000000a00e5e5,1758649610000,,689e27d0000000001b021918,我理解应该一样的，只是外观差异,5c53a5170000000012029ff9,summer-builder,https://sns-avatar-qc.xhscdn.com/avatar/1040g2jo3113f90flmo005n2jkkbkl7vp0bosgpg?imageView2/2/w/120/format/jpg,0,,68d2d593000000003000a92d,1763797120796,0
68d34a0e000000003000ba58,1758677519000,,689e27d0000000001b021918,,5fd2e96300000000010060db,Z Vibe 犬,https://sns-avatar-qc.xhscdn.com/avatar/1040g2jo31hdqo2a6ko005nuit5hg8o6revpq1u8?imageView2/2/w/120/format/jpg,0,http://sns-webpic-qc.xhscdn.com/202511221538/5ad0314d5eba98fba69d0b16b8111656/comment/1040g2h031mq10mcgkq1g5nuit5hg8o6rpmlfgo0!nd_whgt34_webp_wm_1,68d2dd09000000000a00e5e5,1763797120802,0
68e654de00000000390312e4,1759925470000,,689e27d0000000001b021918,没有提前预留上下水的是不是不行呀,55eac459e4b1cf53e8603cdd,我很酷啦,https://sns-avatar-qc.xhscdn.com/avatar/5c56d18ee0d75d000134c30e.jpg?imageView2/2/w/120/format/jpg,0,,68c57ae5000000003000efb6,1763797120810,0
68a13084000000002700ea45,1755394181000,,689e27d0000000001b021918,p,5c53a5170000000012029ff9,summer-builder,https://sns-avatar-qc.xhscdn.com/avatar/1040g2jo3113f90flmo005n2jkkbkl7vp0bosgpg?imageView2/2/w/120/format/jpg,0,,68a088900000000027004200,1763797122821,1
68a17d230000000026039d07,1755413795000,,689e27d0000000001b021918,哦对哈  小机器人是透明的 不可能是s,65aa1bca0000000013028d48,劈里啪啦小牛,https://sns-avatar-qc.xhscdn.com/avatar/1040g2jo31eu48ffemi005pda3f54t3a8vobuda8?imageView2/2/w/120/format/jpg,0,,68a13084000000002700ea45,1763797123082,0
68c57b430000000030017dd3,1757772611000,,689e27d0000000001b021918,[偷笑R]如果不在意外观，其实只要买上下水版本就很不错,5fb746f5000000000101ec00,嗨嗨,https://sns-avatar-qc.xhscdn.com/avatar/6652b07f3c6ec82a223297df.jpg?imageView2/2/w/120/format/jpg,0,,68a088900000000027004200,1763797123085,0
68c5825100000000020001b0,1757774417000,,689e27d0000000001b021918,白色也挺好看呐  我买了一个月了,65aa1bca0000000013028d48,劈里啪啦小牛,https://sns-avatar-qc.xhscdn.com/avatar/1040g2jo31eu48ffemi005pda3f54t3a8vobuda8?imageView2/2/w/120/format/jpg,0,,68c57b430000000030017dd3,1763797123092,0
68d2d5bc0000000030014141,1758647741000,,689e27d0000000001b021918,声音有他们形容的 静音那么低吗,5fd2e96300000000010060db,Z Vibe 犬,https://sns-avatar-qc.xhscdn.com/avatar/1040g2jo31hdqo2a6ko005nuit5hg8o6revpq1u8?imageView2/2/w/120/format/jpg,0,,68c5825100000000020001b0,1763797123095,0
68d34f5b0000000009039ebf,1758678876000,,689e27d0000000001b021918,[doge]等我搬过去再给你反馈哈哈哈哈 我还没过去用,65aa1bca0000000013028d48,劈里啪啦小牛,https://sns-avatar-qc.xhscdn.com/avatar/1040g2jo31eu48ffemi005pda3f54t3a8vobuda8?imageView2/2/w/120/format/jpg,0,,68d2d5bc0000000030014141,1763797123110,0
68c689a90000000002001dd5,1757841834000,,689e27d0000000001b021918,有阿姨每天换，需要忍啥？,5c53a5170000000012029ff9,summer-builder,https://sns-avatar-qc.xhscdn.com/avatar/1040g2jo3113f90flmo005n2jkkbkl7vp0bosgpg?imageView2/2/w/120/format/jpg,0,,68c653e5000000002601bffd,1763797125119,2
68c68a38000000002301616c,1757841976000,,689e27d0000000001b021918,好吧，[赞R]。话说你们有阿姨的也是会买扫地机的吗？为什么不让阿姨打扫卫生,621b3f80000000002102ad5f,避雷贞,https://sns-avatar-qc.xhscdn.com/avatar/1040g2jo31mdkdr5ul06g5ogr7u08dbav5sonk28?imageView2/2/w/120/format/jpg,0,,68c689a90000000002001dd5,1763797125301,1
68c6923e000000000b015bb2,1757844031000,,689e27d0000000001b021918,阿姨也打扫呀，但没法保证每天每个角落的清洁,5c53a5170000000012029ff9,summer-builder,https://sns-avatar-qc.xhscdn.com/avatar/1040g2jo3113f90flmo005n2jkkbkl7vp0bosgpg?imageView2/2/w/120/format/jpg,0,,68c68a38000000002301616c,1763797125321,0
68a03bbf0000000026035d85,1755331520000,,689e27d0000000001b021918,[笑哭R]找石头赔钱，代价太大了,5c53a5170000000012029ff9,summer-builder,https://sns-avatar-qc.xhscdn.com/avatar/1040g2jo3113f90flmo005n2jkkbkl7vp0bosgpg?imageView2/2/w/120/format/jpg,0,,689f80680000000027008c70,1763797127341,3
68a076650000000026035fdc,1755346533000,,689e27d0000000001b021918,[笑哭R]那倒也不至于，也不是多贵的钢琴。。,5c1f7666000000000702b390,飞翔的古灵阁,https://sns-avatar-qc.xhscdn.com/avatar/1040g2jo31fho17kj06d05n0vepj1tcsgo5tv5r0?imageView2/2/w/120/format/jpg,0,,68a03bbf0000000026035d85,1763797127534,0
68b021db000000003002a61f,1756373467000,,689e27d0000000001b021918,[捂脸R]石头真不太行,548309d7d6e4a96b15133e71,咯工作上,https://sns-avatar-qc.xhscdn.com/avatar/c94b2589011be6d87bfbbbf21db9e2a0.jpg?imageView2/2/w/120/format/jpg,0,,68a03bbf0000000026035d85,1763797127537,0
68a2f7120000000027006c87,1755510546000,,689e27d0000000001b021918,目前没有，家里也没啥小石子,5c53a5170000000012029ff9,summer-builder,https://sns-avatar-qc.xhscdn.com/avatar/1040g2jo3113f90flmo005n2jkkbkl7vp0bosgpg?imageView2/2/w/120/format/jpg,0,,68a2d0df0000000030022f5a,1763797129544,0
68c41a46000000000b014dc0,1757682247000,,689e27d0000000001b021918,romo很少有反馈说刮地板呢,5f8310ee00000000010062ff,dj产品专家小伍,https://sns-avatar-qc.xhscdn.com/avatar/65b22e7b5bbc5cd51af69191.jpg?imageView2/2/w/120/format/jpg,0,,68a2d0df0000000030022f5a,1763797129744,0
689e9f780000000026036033,1755225977000,,689e27d0000000001b021918,我家没有，也可能因为我家所有地面材质都是哑光的,5c53a5170000000012029ff9,summer-builder,https://sns-avatar-qc.xhscdn.com/avatar/1040g2jo3113f90flmo005n2jkkbkl7vp0bosgpg?imageView2/2/w/120/format/jpg,0,,689e8e2f000000002700a555,1763797131754,2
689eb400000000003002c0f8,1755231233000,,689e27d0000000001b021918,对哑光地砖和地板友好，亮面的还是有点水渍，但不仔细看不明显可以接受,5599bb5d58944664854ffe01,Jason H,https://sns-avatar-qc.xhscdn.com/avatar/1040g2jo31mm8qol75i0040tuoutlrvg1gj2l408?imageView2/2/w/120/format/jpg,0,,689e9f780000000026036033,1763797131940,0
68b9b97d0000000002003bd8,1757002109000,,689e27d0000000001b021918,不会,5c53a5170000000012029ff9,summer-builder,https://sns-avatar-qc.xhscdn.com/avatar/1040g2jo3113f90flmo005n2jkkbkl7vp0bosgpg?imageView2/2/w/120/format/jpg,0,,68b9b67b000000000b0141d8,1763797133951,0
68c41a69000000000902851b,1757682282000,,689e27d0000000001b021918,romo有除臭模块 污水箱很久不倒会有一点味道,5f8310ee00000000010062ff,dj产品专家小伍,https://sns-avatar-qc.xhscdn.com/avatar/65b22e7b5bbc5cd51af69191.jpg?imageView2/2/w/120/format/jpg,0,,68b9b67b000000000b0141d8,1763797134180,0
68a178b9000000002700e638,1755412666000,,689e27d0000000001b021918,要的，尽量搞有上下水的,5c53a5170000000012029ff9,summer-builder,https://sns-avatar-qc.xhscdn.com/avatar/1040g2jo3113f90flmo005n2jkkbkl7vp0bosgpg?imageView2/2/w/120/format/jpg,0,,68a161fa00000000300108e9,1763797136186,1
68bf63e2000000000903a546,1757373410000,,689e27d0000000001b021918,不用，基本都一次到位,5c53a5170000000012029ff9,summer-builder,https://sns-avatar-qc.xhscdn.com/avatar/1040g2jo3113f90flmo005n2jkkbkl7vp0bosgpg?imageView2/2/w/120/format/jpg,0,,68bee9310000000030005577,1763797136188,0
68a90be9000000002700979c,1755909097000,,689e27d0000000001b021918,有眼光[赞R],5c53a5170000000012029ff9,summer-builder,https://sns-avatar-qc.xhscdn.com/avatar/1040g2jo3113f90flmo005n2jkkbkl7vp0bosgpg?imageView2/2/w/120/format/jpg,0,,68a84aeb0000000030017d7d,1763797136190,0
691f9ae6000000001601e807,1763678950000,安徽,689e27d0000000001b021918,地砖可以分享下品牌吗[害羞R],65051eee0000000012004c2f,四月,https://sns-avatar-qc.xhscdn.com/avatar/1040g2jo317lt4dl03q005p853rn4gj1fn4bg3lg?imageView2/2/w/120/format/jpg,0,,0,1763797136416,0
6919d8460000000039028a8d,1763301446000,广西,689e27d0000000001b021918,大疆销售有问必答,62c19764000000001b026c8a,180阳光大帅哥,https://sns-avatar-qc.xhscdn.com/avatar/64feda9aa09277c8485e0abe.jpg?imageView2/2/w/120/format/jpg,0,,0,1763797136419,0
6915edd80000000039027d89,1763044824000,广西,689e27d0000000001b021918,大疆销售有问必答,62c19764000000001b026c8a,180阳光大帅哥,https://sns-avatar-qc.xhscdn.com/avatar/64feda9aa09277c8485e0abe.jpg?imageView2/2/w/120/format/jpg,0,,0,1763797136421,0
6914940f00000000390241e4,1762956304000,广西,689e27d0000000001b021918,太方便了,62c19764000000001b026c8a,180阳光大帅哥,https://sns-avatar-qc.xhscdn.com/avatar/64feda9aa09277c8485e0abe.jpg?imageView2/2/w/120/format/jpg,0,,0,1763797136422,0
6910a61d0000000039032313,1762698782000,广西,689e27d0000000001b021918,非常好用,62c19764000000001b026c8a,180阳光大帅哥,https://sns-avatar-qc.xhscdn.com/avatar/64feda9aa09277c8485e0abe.jpg?imageView2/2/w/120/format/jpg,0,,0,1763797136424,0
691036300000000039020a07,1762670128000,重庆,689e27d0000000001b021918,25000pa的吸力，孙悟空来了都不敢说自己名字[doge],6666b5430000000007004d7b,dji HYYY,https://sns-avatar-qc.xhscdn.com/avatar/1040g2jo31olgpam1kq005pj6ml1hojbrg0mbf38?imageView2/2/w/120/format/jpg,0,,0,1763797136425,0
68e898080000000039021812,1760073737000,,689e27d0000000001b021918,感觉最大的优势就是不用手动洗基站里的托盘了,5657e7b30bf90c24ed049c2f,今天我躺平了吗？,https://sns-avatar-qc.xhscdn.com/avatar/636111884060a5d6bbf7c4b0.jpg?imageView2/2/w/120/format/jpg,0,,0,1763797136428,3
68dde2df000000003800693f,1759372000000,,689e27d0000000001b021918,过美缝经常刮下一坨坨的灰。水渍明显。,5cf6e41b0000000016028e6c,老成,https://sns-avatar-qc.xhscdn.com/avatar/5cf6e46ab831d70001862c5b.jpg?imageView2/2/w/120/format/jpg,0,,0,1763797136431,1
68d9ca29000000001a0089e6,1759103529000,,689e27d0000000001b021918,请问一下:知道机身厚薄的高度是几公分吗？没看见标明机身的高度，石头的都有标明机身高度。,61bd96220000000010007a39,灵,https://sns-avatar-qc.xhscdn.com/avatar/1040g2jo31n1jna0tl86g5odtioh40uhpeg4su20?imageView2/2/w/120/format/jpg,0,,0,1763797136433,0
68d00713000000000b0165f9,1758463763000,,689e27d0000000001b021918,s适合大部分家居风格 p科技感更强一点,61f3ed1b000000001000a5fd,一碗芝麻糊,https://sns-avatar-qc.xhscdn.com/avatar/1040g2jo31n5p8n2umg005ofjtkdk19ftlbeamf0?imageView2/2/w/120/format/jpg,0,,0,1763797136435,0
68ceb9a0000000003001d666,1758378401000,,689e27d0000000001b021918,这里这里[派对R][派对R],5b8be13bd081470001f092bb,在校大学生努力卖大疆,https://sns-avatar-qc.xhscdn.com/avatar/1040g2jo31hesfg843u004aos0ogjn4lr52co8m8?imageView2/2/w/120/format/jpg,0,,0,1763797138663,0
68c96bfb000000003001b1e5,1758030844000,,689e27d0000000001b021918,买买买！,5ba5e30ce8ac2b2224714d77,哈苏-重庆ooo,https://sns-avatar-qc.xhscdn.com/avatar/1040g2jo30nv7079t1s004b3uebhgojbn5hhs400?imageView2/2/w/120/format/jpg,0,,0,1763797138665,0
68c6d1ad0000000002016a47,1757860270000,,689e27d0000000001b021918,[点赞R][点赞R][点赞R],667934c8000000000d0275ff,大疆南宁安吉万达授权店,https://sns-avatar-qc.xhscdn.com/avatar/1040g2jo314e0ahkemg605piiqsuiu2jsp3upp10?imageView2/2/w/120/format/jpg,0,,0,1763797138668,0
68c582b4000000000b02d5a9,1757774517000,,689e27d0000000001b021918,大疆超强吸力25000pa行业领先,64f97b7a00000000050004f6,Nolan,https://sns-avatar-qc.xhscdn.com/avatar/1040g2jo312h9t4ekmg005p7pfdt1817milrre00?imageView2/2/w/120/format/jpg,0,,0,1763797138670,0
68c57c9d0000000030032fea,1757772957000,,689e27d0000000001b021918,购新置换dd重庆最低,5b8be13bd081470001f092bb,在校大学生努力卖大疆,https://sns-avatar-qc.xhscdn.com/avatar/1040g2jo31hesfg843u004aos0ogjn4lr52co8m8?imageView2/2/w/120/format/jpg,0,,0,1763797138672,0
68c576240000000030011436,1757771301000,,689e27d0000000001b021918,好看🤩,5ba5e30ce8ac2b2224714d77,哈苏-重庆ooo,https://sns-avatar-qc.xhscdn.com/avatar/1040g2jo30nv7079t1s004b3uebhgojbn5hhs400?imageView2/2/w/120/format/jpg,0,,0,1763797138673,0
68c526320000000009039371,1757750834000,,689e27d0000000001b021918,请问拖地和洗地机相比，哪个更干净,615828a1000000000201ae81,栀子花开,https://sns-avatar-qc.xhscdn.com/avatar/1040g2jo31p5abmbt2s6g5oao52ggjbk17pff1k8?imageView2/2/w/120/format/jpg,0,,0,1763797138674,0
68c425080000000002016e15,1757685000000,,689e27d0000000001b021918,大疆扫地机器有最新避障技术，路线规划各方面都很不错,62e7800f000000001f01450e,许dayao,https://sns-avatar-qc.xhscdn.com/avatar/1040g2jo31jktc8412o6g5on7g07nqh8ee7sijco?imageView2/2/w/120/format/jpg,0,,0,1763797138676,0
68cd6f72000000003001a546,1758293875000,,68c8120d000000001d02e4a7,我也比较关心耗电量大不大，续航久不久,5b3b160d11be1026a03fb5ed,食旅记 Summer,https://sns-avatar-qc.xhscdn.com/avatar/5b3b166ed2c8a56ba6976b97.jpg?imageView2/2/w/120/format/jpg,2,,0,1763797143055,1
68d2bba1000000003001c984,1758641058000,,68c8120d000000001d02e4a7,毛发缠绕怎么样？刮地板吗？,5861480a6a6a6947f2711426,无穷花被猫挠坏了,https://sns-avatar-qc.xhscdn.com/avatar/5861480a6a6a6947f2711426.jpg?imageView2/2/w/120/format/jpg,1,,0,1763797143060,0
68cd0089000000003001e033,1758265481000,,68c8120d000000001d02e4a7,你的电耗的快吗,63d882fb00000000250051a8,呼噜日记,https://sns-avatar-qc.xhscdn.com/avatar/64d07adb984ee15d6bd9874a.jpg?imageView2/2/w/120/format/jpg,1,,0,1763797143066,0
68e75cd6000000003803e940,1759993047000,,68c8120d000000001d02e4a7,我家只有一个上下水的地方，给洗衣机留的[失望R]但是又不想买水箱版,5d3517c3000000001100a548,🐳爱吃肉的鲸鱼,https://sns-avatar-qc.xhscdn.com/avatar/66802f988dbd992a9ed8e9d3.jpg?imageView2/2/w/120/format/jpg,0,,0,1763797143072,0
68cd71770000000030005c0f,1758294391000,,68c8120d000000001d02e4a7,自动上下水版是什么样的呀？,63678e38000000001f01dd84,11,https://sns-avatar-qc.xhscdn.com/avatar/1040g2jo31onkeglvks005or7hos7rnc4qp0o6g8?imageView2/2/w/120/format/jpg,0,,0,1763797143086,1
68d289ce000000003001923d,1758628303000,,68c8120d000000001d02e4a7,家里有孩子的都知道地面一天得收拾八百遍,685286eb000000001d00a9c4,11,https://sns-avatar-qc.xhscdn.com/avatar/1040g2jo31nh9672p6m0g5ogvai1ockgu2mfc6pg?imageView2/2/w/120/format/jpg,0,,0,1763797143097,0
68d27a6d00000000300239d8,1758624366000,,68c8120d000000001d02e4a7,没算过，反正我都不管他，他自己充好电自己又接着打扫，我家150平，基本四五个小时清洁完,5c01e737f7e8b97824600efa,瘦四,https://sns-avatar-qc.xhscdn.com/avatar/1040g2jo314pkn1g9he6g4bunmkjje3nqks1g14o?imageView2/2/w/120/format/jpg,0,,68cd6f72000000003001a546,1763797145102,2
68d23037000000000a00b175,1758605367000,,68c8120d000000001d02e4a7,耗电量倒是不大，不过没关注过续航的情况，因为扫地机我都是定时打扫的,6492d21e000000002a035357,‍‌,https://sns-avatar-qc.xhscdn.com/avatar/1040g2jo31obcvcto58005p4iq8famkqntp8r398?imageView2/2/w/120/format/jpg,0,,68cd6f72000000003001a546,1763797145368,0
68d78dc50000000002026fd4,1758956998000,,68c8120d000000001d02e4a7,没有缠绕,5f92be6c000000000100798f,小叶薄荷,https://sns-avatar-qc.xhscdn.com/avatar/1040g2jo30qnb8i0egg505nsinpm08ucftqsig88?imageView2/2/w/120/format/jpg,0,,68d2bba1000000003001c984,1763797147372,0
68d28a6000000000300222e8,1758628449000,,68c8120d000000001d02e4a7,我家目前耗电还好,6555debd000000000202bc9a,Derrick,https://sns-avatar-qc.xhscdn.com/avatar/1040g2jo31omuqvqk58e05palrquglf4q676kuv8?imageView2/2/w/120/format/jpg,0,,68cd0089000000003001e033,1763797147413,0
6918959f0000000039022077,1763218847000,上海,6914839b0000000005011d83,太棒了[偷笑R][偷笑R][偷笑R],61ffe2f00000000010008d20,Shirley,https://sns-avatar-qc.xhscdn.com/avatar/1040g2jo31kvbahl3j6005ofvsbo41390qtv6an8?imageView2/2/w/120/format/jpg,1,,0,1763797153967,0
691735cc000000003902dd03,1763128781000,广东,6914839b0000000005011d83,太需要了！什么价位？,5d4a84e0000000001002fb23,WINO👻,https://sns-avatar-qc.xhscdn.com/avatar/639ed3dad2efe253c3bbb322.jpg?imageView2/2/w/120/format/jpg,1,,0,1763797153970,0
691714850000000039026625,1763120262000,江苏,6914839b0000000005011d83,有这 不需要腰酸背痛的弯腰扫地了,68385365000000001d0154f7,、,https://sns-avatar-qc.xhscdn.com/avatar/1040g2jo31iuek30l1i6g5q1oadinal7nfp31to0?imageView2/2/w/120/format/jpg,1,,0,1763797153978,0
6916eec50000000038013293,1763110597000,广西,6914839b0000000005011d83,@小红薯627FDFD4 家里面超级需要，我不想扫地了[捂脸R],577e115282ec395a44dcf5c3,🔵打怪兽的小饭缸,https://sns-avatar-qc.xhscdn.com/avatar/1040g2jo31fvanhc5000048hbid8l5te39sff9n0?imageView2/2/w/120/format/jpg,1,,0,1763797153985,0
691c2150000000003802be6d,1763451216000,广东,6914839b0000000005011d83,[派对R],623d640100000000100045bc,金闪闪的希望,https://sns-avatar-qc.xhscdn.com/avatar/1040g2jo3192151daku6g5ohtcg0k0hdst8ructg?imageView2/2/w/120/format/jpg,0,,6918959f0000000039022077,1763797156002,0
691c704f0000000039000b8c,1763471440000,广东,6914839b0000000005011d83,🔍大疆ROMO 扫地机,623d640100000000100045bc,金闪闪的希望,https://sns-avatar-qc.xhscdn.com/avatar/1040g2jo3192151daku6g5ohtcg0k0hdst8ructg?imageView2/2/w/120/format/jpg,0,,691735cc000000003902dd03,1763797156005,0
691c213d000000003802efe5,1763451197000,广东,6914839b0000000005011d83,是啊，省时省力,623d640100000000100045bc,金闪闪的希望,https://sns-avatar-qc.xhscdn.com/avatar/1040g2jo3192151daku6g5ohtcg0k0hdst8ructg?imageView2/2/w/120/format/jpg,0,,691714850000000039026625,1763797156011,0
691c214a0000000038005833,1763451210000,广东,6914839b0000000005011d83,刚需啊[偷笑R],623d640100000000100045bc,金闪闪的希望,https://sns-avatar-qc.xhscdn.com/avatar/1040g2jo3192151daku6g5ohtcg0k0hdst8ructg?imageView2/2/w/120/format/jpg,0,,6916eec50000000038013293,1763797156019,0
691c36270000000039007300,1763456551000,广东,68fa05e10000000007033b3f,家里有宠物能识别到吗？,5d35c846000000001103bbbb,我又要去睡觉了,https://sns-avatar-qc.xhscdn.com/avatar/5d35c846000000001103bbbb.jpg?imageView2/2/w/120/format/jpg,1,,0,1763797206119,0
691c360f0000000038011066,1763456528000,广东,68fa05e10000000007033b3f,话说他的避障咋样？,5d35c846000000001103bbbb,我又要去睡觉了,https://sns-avatar-qc.xhscdn.com/avatar/5d35c846000000001103bbbb.jpg?imageView2/2/w/120/format/jpg,1,,0,1763797206125,0
691c3605000000003803c0e7,1763456518000,广东,68fa05e10000000007033b3f,这个清洁力真的 ok 吗？,5d35c846000000001103bbbb,我又要去睡觉了,https://sns-avatar-qc.xhscdn.com/avatar/5d35c846000000001103bbbb.jpg?imageView2/2/w/120/format/jpg,1,,0,1763797206129,0
691af1c4000000003901f324,1763373509000,广东,68fa05e10000000007033b3f,清洁过的地方都不用二次清洁[心心眼R][心心眼R],5d01166b0000000012025e01,机一机,https://sns-avatar-qc.xhscdn.com/avatar/657ec626c6e1af28c94bee45.jpg?imageView2/2/w/120/format/jpg,1,,0,1763797206133,0
691af1aa000000003902891d,1763373483000,广东,68fa05e10000000007033b3f,它的传感器真的灵敏[偷笑R],5d01166b0000000012025e01,机一机,https://sns-avatar-qc.xhscdn.com/avatar/657ec626c6e1af28c94bee45.jpg?imageView2/2/w/120/format/jpg,1,,0,1763797206135,0
691af190000000003902819b,1763373457000,广东,68fa05e10000000007033b3f,扫地机还得是大疆,5d01166b0000000012025e01,机一机,https://sns-avatar-qc.xhscdn.com/avatar/657ec626c6e1af28c94bee45.jpg?imageView2/2/w/120/format/jpg,1,,0,1763797206142,0
68faf9be000000003802ae6e,1761278399000,湖北,68fa05e10000000007033b3f,@熬夜就不算通宵了 学到了,648d1ce800000000100340d9,通宵就不算熬夜了,https://sns-avatar-qc.xhscdn.com/avatar/1040g2jo30qec15gng8605p4d3jk46g6p8ognk9o?imageView2/2/w/120/format/jpg,0,,0,1763797206147,0
68fa349b00000000380281ed,1761227931000,山东,68fa05e10000000007033b3f,me明一,61be84680000000021024413,于雨枫,https://sns-avatar-qc.xhscdn.com/avatar/1040g2jo31npb5ep9066g5odughk8ch0jcem4tqo?imageView2/2/w/120/format/jpg,0,,0,1763797206152,0
68fa31d2000000003900624c,1761227219000,广东,68fa05e10000000007033b3f,么么哒,68b80dd80000000019016610,临风💻,https://sns-avatar-qc.xhscdn.com/avatar/1040g2jo31olqsap7580g5q5o1nc6apgg29cps10?imageView2/2/w/120/format/jpg,0,,0,1763797206161,0
68fa293a0000000039000422,1761225019000,浙江,68fa05e10000000007033b3f,[哭惹R],68f62d290000000037005d29,小红薯68F6B88F,https://sns-avatar-qc.xhscdn.com/avatar/645b809d1b0ee4025dc47735.jpg?imageView2/2/w/120/format/jpg,0,,0,1763797206165,0
691c481c0000000038015790,1763461148000,广东,68fa05e10000000007033b3f,能得,610da1e5000000000100373b,林一的赛博生活,https://sns-avatar-qc.xhscdn.com/avatar/1040g2jo31n39c8h3mm005o8dk7ig8dprfcpp1u0?imageView2/2/w/120/format/jpg,0,,691c36270000000039007300,1763797208170,0
691c480f000000003800efe5,1763461135000,广东,68fa05e10000000007033b3f,嘎嘎好！,610da1e5000000000100373b,林一的赛博生活,https://sns-avatar-qc.xhscdn.com/avatar/1040g2jo31n39c8h3mm005o8dk7ig8dprfcpp1u0?imageView2/2/w/120/format/jpg,0,,691c360f0000000038011066,1763797208178,0
691c4816000000003802eaeb,1763461143000,广东,68fa05e10000000007033b3f,真的OK[偷笑R],610da1e5000000000100373b,林一的赛博生活,https://sns-avatar-qc.xhscdn.com/avatar/1040g2jo31n39c8h3mm005o8dk7ig8dprfcpp1u0?imageView2/2/w/120/format/jpg,0,,691c3605000000003803c0e7,1763797208182,0
691c1c850000000038030186,1763449990000,广东,68fa05e10000000007033b3f,确实可以[害羞R],610da1e5000000000100373b,林一的赛博生活,https://sns-avatar-qc.xhscdn.com/avatar/1040g2jo31n39c8h3mm005o8dk7ig8dprfcpp1u0?imageView2/2/w/120/format/jpg,0,,691af1c4000000003901f324,1763797208188,0
691c1c980000000038009ed5,1763450009000,广东,68fa05e10000000007033b3f,避障嘎嘎在线[偷笑R],610da1e5000000000100373b,林一的赛博生活,https://sns-avatar-qc.xhscdn.com/avatar/1040g2jo31n39c8h3mm005o8dk7ig8dprfcpp1u0?imageView2/2/w/120/format/jpg,0,,691af1aa000000003902891d,1763797208196,0
691c1ca20000000038007b29,1763450019000,广东,68fa05e10000000007033b3f,主要价格还实惠[害羞R],610da1e5000000000100373b,林一的赛博生活,https://sns-avatar-qc.xhscdn.com/avatar/1040g2jo31n39c8h3mm005o8dk7ig8dprfcpp1u0?imageView2/2/w/120/format/jpg,0,,691af190000000003902819b,1763797208209,0
68fa1b6100000000330066bc,1761221473000,山东,68fa05e10000000007033b3f,@,5e47b4c00000000001000ecb,邵文康,https://sns-avatar-qc.xhscdn.com/avatar/1040g2jo31gnrbtkr3u4g5ni7mj0083mbdd0pr0g?imageView2/2/w/120/format/jpg,0,,0,1763797208447,0
68fa0957000000003300d480,1761216856000,山东,68fa05e10000000007033b3f,meme,64297dd500000000110210aa,伊人朵朵,https://sns-avatar-qc.xhscdn.com/avatar/be4e54a984a21be925a215a08fb36c8b.jpg?imageView2/2/w/120/format/jpg,0,,0,1763797208451,0
68fcdc650000000038029094,1761401957000,四川,68fa05e10000000007033b3f,[刀R][刀R][刀R][刀R][刀R][刀R][集美R][集美R][集美R][集美R][集美R][氛围感R][氛围感R][氛围感R][氛围感R][双翘滑板R][双翘滑板R][双翘滑板R][双翘滑板R][双翘滑板R],5da9d7900000000001005e2c,净心,https://sns-avatar-qc.xhscdn.com/avatar/5da9d7900000000001005e2c.jpg?imageView2/2/w/120/format/jpg,0,,0,1763797208461,0
68b02d0b0000000009039c05,1756376332000,,68afc6ca000000001d00a138,冲着大疆品质下单了，真的好适合养宠家庭呀，2周下来没有猫毛缠绕的,655022920000000008001b0f,圣诞节会下雪吗,https://sns-avatar-qc.xhscdn.com/avatar/645b802027c6616ef4dc0b4a.jpg?imageView2/2/w/120/format/jpg,0,,0,1763797212759,2
68b4ec62000000000a00885c,1756687458000,,68afc6ca000000001d00a138,大疆都有扫地机了，再蹲蹲博主后续使用感,6041f8040000000001008ea1,YOLO,https://sns-avatar-qc.xhscdn.com/avatar/627d214538ff28e058543887.jpg?imageView2/2/w/120/format/jpg,0,,0,1763797212762,0
68b4e1a20000000030023140,1756684706000,,68afc6ca000000001d00a138,大疆竟然出扫地机器人了！我要get一下,643fd56a000000000f004dc3,萌豆豆来啦,https://sns-avatar-qc.xhscdn.com/avatar/1000g2jo2olccjgcjq06g5p1vqll3oje3qe75720?imageView2/2/w/120/format/jpg,0,,0,1763797212768,0
68b48aaf00000000300079bd,1756662447000,,68afc6ca000000001d00a138,居然把大团的猫毛当障碍物，那不是不适合我们多宠家庭，,683c1411000000001e003e17,Clavcle,https://sns-avatar-qc.xhscdn.com/avatar/1040g2jo31jsm4v9kig6g5q1s2g8ngfgnu7lp078?imageView2/2/w/120/format/jpg,0,,0,1763797212775,0
68b471cc0000000030031ae8,1756656077000,,68afc6ca000000001d00a138,这款多宠家庭用着怎么样,64dce5710000000001011529,Poppy🐻（约深圳亚宠展）,https://sns-avatar-qc.xhscdn.com/avatar/1040g2jo31n2j9jdh6m005p6ssloga599h9c150g?imageView2/2/w/120/format/jpg,0,,0,1763797212781,0
68b30fd3000000000b0235c6,1756565459000,,68afc6ca000000001d00a138,大疆还是可以的，清理猫砂啥的很好,5c01465c0000000007016b0a,霸姐是美少女战士,https://sns-avatar-qc.xhscdn.com/avatar/1040g2jo31mq4fo0fl8004bun7l35oqoa1udfi48?imageView2/2/w/120/format/jpg,0,,0,1763797212789,0
68b0107a0000000026019a83,1756369019000,,68afc6ca000000001d00a138,"您好，已收到您的反馈~
关于您提到 DJI Romo 扫拖机器人清洁效果问题，建议您首次使用时选择单扫+飓风模式，清理效果更好；同时，若环境中存在较大毛团或杂物，可在清洁前稍作整理，以避免识别干扰。清洁完成后，可以在APP中操作，通过地图设置宠物区域，机器人将针对性优化该区域的清洁策略，带来更好的使用体验。
	

后续在使用过程中若有任何疑问，欢迎随时✉️我们。",6264e238000000001000b529,DJI大疆服务,https://sns-avatar-qc.xhscdn.com/avatar/1040g2jo314f1g7fim06g5oj4s8s41d9907q99o0?imageView2/2/w/120/format/jpg,0,,0,1763797212794,0
68957661000000002b01fe9b,1754625636000,,68956bbe0000000025027894,好看就完了[暗中观察R],5d36a1310000000010012f72,飞翔的企鹅,https://sns-avatar-qc.xhscdn.com/avatar/1040g2jo31ibtom030e005n9mk4ok2brigot9688?imageView2/2/w/120/format/jpg,27,http://sns-webpic-qc.xhscdn.com/202511221540/41bf54489048278cd6c6e5e882f533f4/comment/1040g2h031ktku8l9io005n9mk4ok2briht6dii8!nd_whlt34_webp_wm_1,0,1763797217273,58
6899bac9000000002b018113,1754905293000,,68956bbe0000000025027894,我不是来劝退的。作为一个男人，我是来声援的。我已经把家里的抹布，拖布，扫把和吸尘器顺手全都抛出窗外了。有了romo以后我不敢了。给多少钱也不敢了。,652e3097000000002a035536,HarleyBean,https://sns-avatar-qc.xhscdn.com/avatar/1040g2jo31ja67dvnj4e05p9e62bqml9muv3m110?imageView2/2/w/120/format/jpg,27,http://sns-webpic-qc.xhscdn.com/202511221540/85dcafe88940d90bb661185232511cb5/comment/1040g2h031l1o5985300g5p9e62bqml9m1ud3n20!nd_whgt34_webp_wm_1,0,1763797217275,93
6895c63e000000002902a537,1754646082000,,68956bbe0000000025027894,最基本的做不好说啥都白搭,68088f98000000000e012178,厦门阿祖,https://sns-avatar-qc.xhscdn.com/avatar/1040g2jo31ksesiijio005q08huc3i8bo7ro7pf8?imageView2/2/w/120/format/jpg,23,http://sns-webpic-qc.xhscdn.com/202511221540/9b054847b2541aa8ad9217d5463486d1/comment/1040g2h031ktum7ef34005q08huc3i8boce63f9o!nd_whgt34_webp_wm_1,0,1763797217282,89
68956e41000000002a008dc6,1754623554000,,68956bbe0000000025027894,上网看测评就知道，不能留,5b51a0e94eacab04e40c8a81,Dylan,https://sns-avatar-qc.xhscdn.com/avatar/63c57dedf1b4fe2e5df58f2b.jpg?imageView2/2/w/120/format/jpg,15,,0,1763797217286,34
68956c8f000000002903c164,1754623119000,,68956bbe0000000025027894,这个外观，哪个男生抵挡得住，别劝了，哈哈哈,605c5fe90000000001004ffd,无欲无求,https://sns-avatar-qc.xhscdn.com/avatar/1040g2jo31l4o9md23q6g5o2sbvkg8jvt1v7qgu0?imageView2/2/w/120/format/jpg,6,,0,1763797217297,45
689595a6000000002b01df50,1754633639000,,68956bbe0000000025027894,它的车轮子会压到两侧滚刷，设计好像有点问题。另外任何公司出的第一代产品，都最好别买，就是小白鼠产品。收集完各种bug后，很快会出二代。,5f2e19980000000001009010,momo,https://sns-avatar-qc.xhscdn.com/avatar/63e51483905230158dfd51ab.jpg?imageView2/2/w/120/format/jpg,4,,0,1763797217307,27
689ee2c2000000003002a0be,1755243206000,,68956bbe0000000025027894,好用 离不开了,6512e7470000000024017df0,菜顺,https://sns-avatar-qc.xhscdn.com/avatar/1040g2jo31fktjv4706005p8ist3p2vfg0bcnn5g?imageView2/2/w/120/format/jpg,9,http://sns-webpic-qc.xhscdn.com/202511221540/ab804d208340022d572cf7ec0b79e570/comment/1040g2h031l6rdk7m5m005p8ist3p2vfggf4b38o!nd_whgt34_webp_wm_1,0,1763797217310,0
6895be16000000002a00e6aa,1754643991000,,68956bbe0000000025027894,影视飓风有评测，你可以看看,64bced78000000001403f040,等风起等你回,https://sns-avatar-qc.xhscdn.com/avatar/1040g2jo31ohtnbivl06g5p5stls57s20pcojldg?imageView2/2/w/120/format/jpg,6,,0,1763797217315,3
6895db6e000000002902db14,1754651503000,,68956bbe0000000025027894,万一入住后有新款怎么办？[偷笑R]颜值高，声音小，今天刚按，建图和识别路线太智能了，震惊我了。看它扫地比看科沃斯强太多[点赞R],5ab3006311be103f4d908970,辣胖001,https://sns-avatar-qc.xhscdn.com/avatar/619b79160e473bbd9e4a4524.jpg?imageView2/2/w/120/format/jpg,0,,0,1763797217319,13
689d4e6a000000003001d2b0,1755139690000,,68956bbe0000000025027894,好不好用倒是其次，你们之间的问题更大,6242e702000000001000c68d,野生波克布林,https://sns-avatar-qc.xhscdn.com/avatar/1040g2jo30og5g64s2e6g5oi2ss141hkdspp9odo?imageView2/2/w/120/format/jpg,1,,0,1763797217328,2
68957711000000002a00051c,1754625810000,,68956bbe0000000025027894,好酷、还不敢拆[笑哭R] 确实好看,67e4feca000000000d008840,擒贼先擒王,https://sns-avatar-qc.xhscdn.com/avatar/1040g2jo31o9j8gloku005pv4vr5392202jlv76o?imageView2/2/w/120/format/jpg,0,,68957661000000002b01fe9b,1763797219337,0
68957e35000000002b015d1d,1754627638000,,68956bbe0000000025027894,可以免费试用30天的，怕啥。反正用了就不舍得退了[笑哭R],5d36a1310000000010012f72,飞翔的企鹅,https://sns-avatar-qc.xhscdn.com/avatar/1040g2jo31ibtom030e005n9mk4ok2brigot9688?imageView2/2/w/120/format/jpg,0,,68957711000000002a00051c,1763797219533,0
68958c43000000002902fc79,1754631236000,,68956bbe0000000025027894,小心点用噢，有明显划痕啥的不退,65a8d3f90000000008017e54,自律版songzehui,https://sns-avatar-qc.xhscdn.com/avatar/1040g2jo317uvhqqpjq6g5pd8qfsi2vik33g2ij8?imageView2/2/w/120/format/jpg,0,,68957e35000000002b015d1d,1763797219537,0
68958ce7000000002b0225ff,1754631400000,,68956bbe0000000025027894,美丽fw,5d3edf260000000010001353,亰,https://sns-avatar-qc.xhscdn.com/avatar/5d3edf260000000010001353.jpg?imageView2/2/w/120/format/jpg,0,,68957661000000002b01fe9b,1763797219541,0
68959038000000002b016e3d,1754632249000,,68956bbe0000000025027894,不退了留着了,5d36a1310000000010012f72,飞翔的企鹅,https://sns-avatar-qc.xhscdn.com/avatar/1040g2jo31ibtom030e005n9mk4ok2brigot9688?imageView2/2/w/120/format/jpg,0,,68958c43000000002902fc79,1763797219547,0
68959041000000002b017211,1754632258000,,68956bbe0000000025027894,其实还可以的[暗中观察R],5d36a1310000000010012f72,飞翔的企鹅,https://sns-avatar-qc.xhscdn.com/avatar/1040g2jo31ibtom030e005n9mk4ok2brigot9688?imageView2/2/w/120/format/jpg,0,,68958ce7000000002b0225ff,1763797219554,0
689597cf000000002a00e600,1754634192000,,68956bbe0000000025027894,[笑哭R]男生感觉这好看，女生感觉没有生产安装好就出场了[doge]……,660c7ca7000000000600eb46,终不似，少年游,https://sns-avatar-qc.xhscdn.com/avatar/1040g2jo31360p26u12005pgcfijhhqq6hs40e6g?imageView2/2/w/120/format/jpg,0,,68957661000000002b01fe9b,1763797221770,4
6895b051000000002b02de34,1754640466000,,68956bbe0000000025027894,女生也觉得cool的,5b06e81111be1042039880ad,karen,https://sns-avatar-qc.xhscdn.com/avatar/5cad7e7a7a41ee0001dbba46.jpg?imageView2/2/w/120/format/jpg,0,,689597cf000000002a00e600,1763797221774,0
6895bc57000000002b004e10,1754643544000,,68956bbe0000000025027894,不不不，我感觉超酷的,59aa3f796a6a694cd42fa531,momo,https://sns-avatar-qc.xhscdn.com/avatar/644dea02a870649a58533292.jpg?imageView2/2/w/120/format/jpg,0,,689597cf000000002a00e600,1763797221780,0
6895f85e0000000029034a64,1754658911000,,68956bbe0000000025027894,@耶耶、,5f1ac5720000000001007f1d,momo,https://sns-avatar-qc.xhscdn.com/avatar/1040g2jo31jll1avmj2005noqolp08vot55qgn2g?imageView2/2/w/120/format/jpg,0,,68957661000000002b01fe9b,1763797221786,0
68962ec3000000002b01c484,1754672835000,,68956bbe0000000025027894,塑料感[完啦R],648d59540000000012035493,疏野,https://sns-avatar-qc.xhscdn.com/avatar/1000g2jo2mhes3m6jq05g5p4db5a4ml4jg1cd7bg?imageView2/2/w/120/format/jpg,0,,689597cf000000002a00e600,1763797221792,0
689845ef000000002b02e79a,1754809840000,,68956bbe0000000025027894,虽然奔着颜值买的，不过用来下感觉扫的也挺干净的，重点是丝滑的不像个机器人！！,5d3d549e000000001101221d,豆子,https://sns-avatar-qc.xhscdn.com/avatar/1040g2jo30nf5gmcamk6g5n9taif4a8gt0pa58k0?imageView2/2/w/120/format/jpg,0,,68957661000000002b01fe9b,1763797224023,1
68986bef000000002b02da3b,1754819568000,,68956bbe0000000025027894,透明的有灰不是很明显吗[笑哭R]跟我哈曼卡顿买的音响一样，很让人难受,62a0e0b60000000021026d17,唧唧爆主理人,https://sns-avatar-qc.xhscdn.com/avatar/1040g2jo31mkbkqjp5i605ol0s2r8cr8n8bbqv7g?imageView2/2/w/120/format/jpg,0,,68957661000000002b01fe9b,1763797224027,0
68986d05000000002b005874,1754819845000,,68956bbe0000000025027894,密封的啊[笑哭R],5d36a1310000000010012f72,飞翔的企鹅,https://sns-avatar-qc.xhscdn.com/avatar/1040g2jo31ibtom030e005n9mk4ok2brigot9688?imageView2/2/w/120/format/jpg,0,,68986bef000000002b02da3b,1763797224034,0
68994b81000000002902ff46,1754876802000,,68956bbe0000000025027894,原来透明探索版可以真的是透明的[笑哭R],5a97c860e8ac2b1fa7b1fba4,不如黎明,https://sns-avatar-qc.xhscdn.com/avatar/1040g2jo30o81q5i92a004a302j461ut453kbgj8?imageView2/2/w/120/format/jpg,0,,68957661000000002b01fe9b,1763797224043,0
68996b49000000002903cd49,1754884938000,,68956bbe0000000025027894,这透明的罩子可以去掉清洗吗？,6187a2ca0000000010005dc5,盛唐,https://sns-avatar-qc.xhscdn.com/avatar/6187a2ca0000000010005dc5.jpg?imageView2/2/w/120/format/jpg,0,,6895f2ae000000002b00a8bd,1763797224050,0
689ad2be00000000290389ad,1754976960000,,68956bbe0000000025027894,上面也有一张一样的图[暗中观察R],653e7a970000000030032b15,momo,https://sns-avatar-qc.xhscdn.com/avatar/1040g2jo31j1r1dq1hadg5p9ufabs6aolgrto2o8?imageView2/2/w/120/format/jpg,0,http://sns-webpic-qc.xhscdn.com/202511221540/573611de0ffdf5de93e3def2c9e9bbba/comment/1040g2h031l2sf29pio4g5p9ufabs6aolgfec6n8!nd_whgt34_webp_wm_1,68957661000000002b01fe9b,1763797226282,0
689ad8c4000000002a00e5c3,1754978501000,,68956bbe0000000025027894,欣赏不来,5ccc6dc3000000001202aec9,小红薯C4A91E09,https://sns-avatar-qc.xhscdn.com/avatar/645b7f4a9262aeee795c99e7.jpg?imageView2/2/w/120/format/jpg,0,,68957661000000002b01fe9b,1763797226284,0
689ada25000000002b01d90b,1754978854000,,68956bbe0000000025027894,这也能盗[笑哭R],5d36a1310000000010012f72,飞翔的企鹅,https://sns-avatar-qc.xhscdn.com/avatar/1040g2jo31ibtom030e005n9mk4ok2brigot9688?imageView2/2/w/120/format/jpg,0,http://sns-webpic-qc.xhscdn.com/202511221540/81dce70f3fab0ee7c32a26c0bc89a097/comment/1040g2h031l2tbv78j0005n9mk4ok2bri8to3jdg!nd_whgt34_webp_wm_1,689ad2be00000000290389ad,1763797226294,1
689b49c70000000030026652,1755007431000,,68956bbe0000000025027894,@Elio @ln2 好帅,6315b5fb000000001501a02d,Layne,https://sns-avatar-qc.xhscdn.com/avatar/1040g2jo31dcom3ncgm605oolmntlb81dg3u75p8?imageView2/2/w/120/format/jpg,0,,68957661000000002b01fe9b,1763797226298,0
689b55e900000000300284d2,1755010537000,,68956bbe0000000025027894,哈哈哈哈,5d838de60000000001019cdb,ln2,https://sns-avatar-qc.xhscdn.com/avatar/1040g2jo30suprs2rjs005nc3hnj0b76r2earibg?imageView2/2/w/120/format/jpg,0,,689b49c70000000030026652,1763797226305,0
689f8346000000003000c221,1755284294000,,68956bbe0000000025027894,我就是因为他长这样才不考虑[笑哭R],5a9aac6411be106c4347c377,蜜桃果汁好甜,https://sns-avatar-qc.xhscdn.com/avatar/1040g2jo31p5hgohi24004a31oum69grnur35ivo?imageView2/2/w/120/format/jpg,0,,68957661000000002b01fe9b,1763797228514,0
689ffb8e0000000030013286,1755315086000,,68956bbe0000000025027894,@一滩猫🐾,5f7838c4000000000101d592,Hunter,https://sns-avatar-qc.xhscdn.com/avatar/1040g2jo318l6k83f0o005nro7320blcilo84pi8?imageView2/2/w/120/format/jpg,0,,68957661000000002b01fe9b,1763797228516,0
68a3c986000000002603bae5,1755564423000,,68956bbe0000000025027894,好酷，我的石头都不香了,60e1c2150000000020024bd9,宁檬甜,https://sns-avatar-qc.xhscdn.com/avatar/1040g2jo30v98p4l0la005o71o8ao4iupa7isvu0?imageView2/2/w/120/format/jpg,0,,68957661000000002b01fe9b,1763797228527,0
68a44ff4000000003000ba86,1755598836000,,68956bbe0000000025027894,M,5f00114a0000000001002492,我是大白熊是我,https://sns-avatar-qc.xhscdn.com/avatar/60e87c2f7b92e158ddb52479.jpg?imageView2/2/w/120/format/jpg,0,,6895f2ae000000002b00a8bd,1763797228532,0
6895f2ae000000002b00a8bd,1754657455000,,68956bbe0000000025027894,真的酷，工业风戳中我了[捂嘴笑R][捂嘴笑R],62e7294b000000001902cab1,无存,https://sns-avatar-qc.xhscdn.com/avatar/1040g2jo31lvl38vqle5g5on7555mdilhfrhflh0?imageView2/2/w/120/format/jpg,0,http://sns-webpic-qc.xhscdn.com/202511221540/778a669aee35560c9a127302905c511c/comment/1040g2h031ku40vb5j2605on7555mdilh0kti5r0!nd_whgt34_webp_wm_1,68957661000000002b01fe9b,1763797228537,15
689cc82700000000300273e5,1755105319000,,68956bbe0000000025027894,用一个月就脏的不成样子了[捂脸R],61a85cd90000000010006090,PANDAALBUM,https://sns-avatar-qc.xhscdn.com/avatar/1040g2jo318pj8l8mju4g5od8bjck0o4g0abfhg8?imageView2/2/w/120/format/jpg,0,,6895f2ae000000002b00a8bd,1763797230737,0
689ac0aa000000002b00b250,1754972330000,,68956bbe0000000025027894,你这是高空抛物,6035e32d00000000010074bb,你眼中有🌟河闪耀✨,https://sns-avatar-qc.xhscdn.com/avatar/1040g2jo31p561om8io005o1lscmg8t5rl1774ho?imageView2/2/w/120/format/jpg,0,,6899bac9000000002b018113,1763797232743,577
689aef8f0000000029034afe,1754984336000,,68956bbe0000000025027894,哈哈哈哈哈,5c533c0a00000000180266a0,momo,https://sns-avatar-qc.xhscdn.com/avatar/1040g2jo30ul3jjjslc005n2j7g564pl05he42a0?imageView2/2/w/120/format/jpg,0,,689ac0aa000000002b00b250,1763797232940,8
689af08a000000002b017a4a,1754984586000,,68956bbe0000000025027894,@momo 有点种草,5973469233594a48fd34c508,海边小地瓜,https://sns-avatar-qc.xhscdn.com/avatar/1040g2jo31o3vfr3qmm8049mjcm395h88rqj7l6o?imageView2/2/w/120/format/jpg,0,,6899bac9000000002b018113,1763797232942,0
689bf67f0000000030028a16,1755051647000,,68956bbe0000000025027894,@Jerry_Luo,576dc5427fc5b8357490ea6e,鱼鸭鸭呀,https://sns-avatar-qc.xhscdn.com/avatar/1040g2jo31g3h2t8qi00048guqj2k5qjehv73tvg?imageView2/2/w/120/format/jpg,0,,6899bac9000000002b018113,1763797232949,2
689bf73d000000002700ee45,1755051841000,,68956bbe0000000025027894,你这个怎么这么规整！！！我的怎么在乱画圈圈,55117504a46e9640f68526d7,卜卜星fairy,https://sns-avatar-qc.xhscdn.com/avatar/1040g2jo312mti617ii00409ahfqg89mnll1a3hg?imageView2/2/w/120/format/jpg,0,http://sns-webpic-qc.xhscdn.com/202511221540/9c2a62d3d4aee806a0bf92578a682486/comment/1040g2h031l405k5nj200409ahfqg89mnmq5qk9g!nd_whgt34_webp_wm_1,6899bac9000000002b018113,1763797232956,2
689bfc2a000000003002d541,1755053099000,,68956bbe0000000025027894,@Mr.Beard [扯脸H],5b5896244eacab544ecf1d89,牛奶盒吐泡泡,https://sns-avatar-qc.xhscdn.com/avatar/1040g2jo3176lmi4s3m004a7greb287c94hv1spg?imageView2/2/w/120/format/jpg,0,,6899bac9000000002b018113,1763797232961,0
689c25a60000000026034917,1755063718000,,68956bbe0000000025027894,你的路线偏好要选择标准,652e3097000000002a035536,HarleyBean,https://sns-avatar-qc.xhscdn.com/avatar/1040g2jo31ja67dvnj4e05p9e62bqml9muv3m110?imageView2/2/w/120/format/jpg,0,,689bf73d000000002700ee45,1763797235222,0
689c3fa7000000003001903e,1755070375000,,68956bbe0000000025027894,你地上杂物太多了吧[笑哭R],6402efe5000000001002b509,喜欢女孩的男孩,https://sns-avatar-qc.xhscdn.com/avatar/1040g2jo318g87427gs005p02tvik5d892d8618o?imageView2/2/w/120/format/jpg,0,,689bf73d000000002700ee45,1763797235225,1
689c4013000000003000e9d5,1755070485000,,68956bbe0000000025027894,扫了两遍的,6402efe5000000001002b509,喜欢女孩的男孩,https://sns-avatar-qc.xhscdn.com/avatar/1040g2jo318g87427gs005p02tvik5d892d8618o?imageView2/2/w/120/format/jpg,0,http://sns-webpic-qc.xhscdn.com/202511221540/e6c0739b1435432f470c2f2fe3e173cb/comment/1040g2h031l4924fqkk005p02tvik5d8999lmvv0!nd_whgt34_webp_wm_1,689bf73d000000002700ee45,1763797235231,0
689c5056000000002700f845,1755074647000,,68956bbe0000000025027894,我的个妈呀，不过我刚搬完家还在整理冲刺阶段[汗颜R]地上确实东西比较多,55117504a46e9640f68526d7,卜卜星fairy,https://sns-avatar-qc.xhscdn.com/avatar/1040g2jo312mti617ii00409ahfqg89mnll1a3hg?imageView2/2/w/120/format/jpg,0,,689c4013000000003000e9d5,1763797235240,0
689c5c36000000002603e87e,1755077687000,,68956bbe0000000025027894,请问，不敢了是啥意思啊？我没明白,60d9d9010000000001001a0b,今天旺仔立耳了吗,https://sns-avatar-qc.xhscdn.com/avatar/1040g2jo31erahggpmg005o6pr40g86gbhssf0jo?imageView2/2/w/120/format/jpg,0,,6899bac9000000002b018113,1763797235245,0
689c77f1000000002603a9c8,1755084785000,,68956bbe0000000025027894,打错了，我说我不干了[偷笑R],652e3097000000002a035536,HarleyBean,https://sns-avatar-qc.xhscdn.com/avatar/1040g2jo31ja67dvnj4e05p9e62bqml9muv3m110?imageView2/2/w/120/format/jpg,0,,689c5c36000000002603e87e,1763797237768,0
68a00735000000002700c9ec,1755318070000,,68956bbe0000000025027894,哈哈哈哈哈哈哈哈哈,63d7b8e6000000002600686d,昏昏昏昏昏昏昏很乖,https://sns-avatar-qc.xhscdn.com/avatar/1040g2jo30pdl3cdvk6005ounn3j9gq3ds73etho?imageView2/2/w/120/format/jpg,0,,689ac0aa000000002b00b250,1763797237777,0
68a2473f000000003000f6c6,1755465535000,,68956bbe0000000025027894,哈哈哈哈哈哈哈哈哈哈,5f5709630000000001003e0c,汉堡之神来了,https://sns-avatar-qc.xhscdn.com/avatar/1040g2jo31ov29rjn10005nqn15hg8fgcdpiov4g?imageView2/2/w/120/format/jpg,0,,689ac0aa000000002b00b250,1763797237781,0
68a2cd910000000030004a4f,1755499921000,,68956bbe0000000025027894,你们家这个户型我喜欢,604ddd0d0000000001006444,21和咪咪,https://sns-avatar-qc.xhscdn.com/avatar/1040g2jo31hf4umf3ja005o2drk6g8p24mv8osj0?imageView2/2/w/120/format/jpg,0,,6899bac9000000002b018113,1763797237785,0
68a3271d0000000027008d35,1755522845000,,68956bbe0000000025027894,不是到别的地方有没有一样的。,652e3097000000002a035536,HarleyBean,https://sns-avatar-qc.xhscdn.com/avatar/1040g2jo31ja67dvnj4e05p9e62bqml9muv3m110?imageView2/2/w/120/format/jpg,0,,68a2cd910000000030004a4f,1763797237794,0
68a45a25000000003001f5b4,1755601446000,,68956bbe0000000025027894,啥意思，大疆好对不对，我也想买呢，在纠结，前几天大扫除拖地弄得我到现在都腿酸,5678fafa4476080fe4178c33,momo,https://sns-avatar-qc.xhscdn.com/avatar/1000g2jo2qqnsjrmjm06g44igp5tfl31j1bfc4b8?imageView2/2/w/120/format/jpg,0,,6899bac9000000002b018113,1763797240013,0
68a536af00000000300292ce,1755657903000,,68956bbe0000000025027894,为啥抹布也丢了 可以擦桌子的扫地机器人吗？,5b8402dea9d3dd00016bcf49,🤨,https://sns-avatar-qc.xhscdn.com/avatar/1040g2jo31j93lakt2o0g4aktic1dtjq90g4v50o?imageView2/2/w/120/format/jpg,0,,6899bac9000000002b018113,1763797240017,0
68a598e500000000270078a3,1755683046000,,68956bbe0000000025027894,哈哈哈哈哈哈哈你是会抓重点的,5c52528b000000001a0109e8,momo,https://sns-avatar-qc.xhscdn.com/avatar/1040g2jo3106ofgcb5u005n2iaa5mi2f8h81eq78?imageView2/2/w/120/format/jpg,0,,689ac0aa000000002b00b250,1763797240024,0
68a650150000000027001271,1755729941000,,68956bbe0000000025027894,你这为啥清洗拖把次数这么少[捂脸R],5b798be3a73ea70001044430,嘻嘻兮巧,https://sns-avatar-qc.xhscdn.com/avatar/63ec96c6de695b691ac973cd.jpg?imageView2/2/w/120/format/jpg,0,,6899bac9000000002b018113,1763797240030,0
68a65ea1000000002700cc43,1755733666000,,68956bbe0000000025027894,日常模式就是这样的。如果调深度清洁就比这个多了,652e3097000000002a035536,HarleyBean,https://sns-avatar-qc.xhscdn.com/avatar/1040g2jo31ja67dvnj4e05p9e62bqml9muv3m110?imageView2/2/w/120/format/jpg,0,,68a650150000000027001271,1763797240044,0
68a67a0f000000003000a05b,1755740688000,,68956bbe0000000025027894,@陈多鱼 原来可以规划,6721aa33000000001d02cd25,一拍即橙📷,https://sns-avatar-qc.xhscdn.com/avatar/1040g2jo31is6bub60m0g5pp1l8pndj9530ov7ro?imageView2/2/w/120/format/jpg,0,,6899bac9000000002b018113,1763797242246,0
68a7c4b5000000002603d633,1755825333000,,68956bbe0000000025027894,家里养猫，那个毛发会缠绕到毛刷上么,5d00c4530000000010019307,小白,https://sns-avatar-qc.xhscdn.com/avatar/6453884e5f098f6d8cbd478e.jpg?imageView2/2/w/120/format/jpg,0,,6899bac9000000002b018113,1763797242250,0
68a7dba10000000026034cd6,1755831202000,,68956bbe0000000025027894,不太适合那种毛发特别多的家庭，你看看那些网上测评的视频号你就明白了。没有什么机器是为那种毛发吞吐量设计的。,652e3097000000002a035536,HarleyBean,https://sns-avatar-qc.xhscdn.com/avatar/1040g2jo31ja67dvnj4e05p9e62bqml9muv3m110?imageView2/2/w/120/format/jpg,0,,68a7c4b5000000002603d633,1763797242258,1
68a925590000000027001e04,1755915609000,,68956bbe0000000025027894,没办法，手指太胖，你凑活看吧,652e3097000000002a035536,HarleyBean,https://sns-avatar-qc.xhscdn.com/avatar/1040g2jo31ja67dvnj4e05p9e62bqml9muv3m110?imageView2/2/w/120/format/jpg,0,,68a924ea0000000030015ebb,1763797242264,0
68a924ea0000000030015ebb,1755915499000,,68956bbe0000000025027894,能先打对字吗 两个干字都能打错？很影响理解你到底是支持还是不支持,6665cb6e0000000003033ed6,lllIIIlllIIIlll,https://sns-avatar-qc.xhscdn.com/avatar/1040g2jo31agiskn2mq005pj5pdn0ufmm5rssdt8?imageView2/2/w/120/format/jpg,0,,6899bac9000000002b018113,1763797242272,0
68b5d282000000003001e76e,1756746371000,,68956bbe0000000025027894,70平洗了三个多小时[捂脸R]科沃斯一个小时多点就洗好了,62fe68440000000012001285,简单,https://sns-avatar-qc.xhscdn.com/avatar/1040g2jo31j33v9071e605onud124g4k5sf7sd40?imageView2/2/w/120/format/jpg,0,,6899bac9000000002b018113,1763797244481,0
6896ac76000000002902ea1d,1754705014000,,68956bbe0000000025027894,逆天[笑哭R][笑哭R]追觅石头4年前的边刷就是这样的。缠绕很严重。现在石头那种边刷基本缠的少了,61025c18000000000101fd46,Circle帥帥帥,https://sns-avatar-qc.xhscdn.com/avatar/614ef634374802d3be0b20f7.jpg?imageView2/2/w/120/format/jpg,0,,6895c63e000000002902a537,1763797246488,75
6896df9b000000002a008d49,1754718108000,,68956bbe0000000025027894,十年前铲头发的大家都觉得好，但是现在呢，科技在进步的,62063fb8000000000201df09,小红薯6207965F,https://sns-avatar-qc.xhscdn.com/avatar/53ba1722242c3e9344db7b0fc2e1005f.jpg?imageView2/2/w/120/format/jpg,0,,6896ac76000000002902ea1d,1763797246708,13
689b01350000000030026d83,1754988854000,,68956bbe0000000025027894,还不如云鲸哈哈哈,5bdd2164f60ac6000158b6e6,momo,https://sns-avatar-qc.xhscdn.com/avatar/1040g2jo319b253n26a004bneqdgm9dn6p5jmgp0?imageView2/2/w/120/format/jpg,0,,6895c63e000000002902a537,1763797246711,0
689b0dfe000000003001bd1d,1754992126000,,68956bbe0000000025027894,@momo,5f22c8e4000000000101e143,momo,https://sns-avatar-qc.xhscdn.com/avatar/1040g2jo316jmt6p6go6g5np2p3i0boa3avpj94o?imageView2/2/w/120/format/jpg,0,,6895c63e000000002902a537,1763797246718,0
689b5543000000002700bd7c,1755010371000,,68956bbe0000000025027894,其实你搜下石头追觅，该缠还是缠，不过滚筒区域会好点,5be744d4526e62000110c222,东浩经纪人,https://sns-avatar-qc.xhscdn.com/avatar/1040g2jo31cmrq5fqgm6g4bpnpb2d9gh21stdas0?imageView2/2/w/120/format/jpg,0,,6896ac76000000002902ea1d,1763797246729,3
689b63b1000000003001f617,1755014065000,,68956bbe0000000025027894,不用搜。我家都有,61025c18000000000101fd46,Circle帥帥帥,https://sns-avatar-qc.xhscdn.com/avatar/614ef634374802d3be0b20f7.jpg?imageView2/2/w/120/format/jpg,0,,689b5543000000002700bd7c,1763797246740,3
689c6cc50000000027006a88,1755081925000,,68956bbe0000000025027894,石头边刷是还不错，但是主刷还是会缠绕,5b8967116c113700014fde5c,兔子,https://sns-avatar-qc.xhscdn.com/avatar/1040g2jo3110t4tem6e7g4an68ujh3nis4s88gcg?imageView2/2/w/120/format/jpg,0,,6896ac76000000002902ea1d,1763797248929,3
689c7081000000003002175e,1755082881000,,68956bbe0000000025027894,如果家里没有长毛的大狗狗，就应付人的头发，主刷其实追觅那个割毛滚刷就够了,61025c18000000000101fd46,Circle帥帥帥,https://sns-avatar-qc.xhscdn.com/avatar/614ef634374802d3be0b20f7.jpg?imageView2/2/w/120/format/jpg,0,,689c6cc50000000027006a88,1763797248931,0
689c77fd000000002700791f,1755084797000,,68956bbe0000000025027894,有猫毛有我的头发[笑哭R][笑哭R],5b8967116c113700014fde5c,兔子,https://sns-avatar-qc.xhscdn.com/avatar/1040g2jo3110t4tem6e7g4an68ujh3nis4s88gcg?imageView2/2/w/120/format/jpg,0,,689c7081000000003002175e,1763797248940,0
689d9db2000000002700a593,1755159987000,,68956bbe0000000025027894,我的好像不缠,5f54a04b0000000001008bcd,M萌面超人🦜,https://sns-avatar-qc.xhscdn.com/avatar/5f54a04b0000000001008bcd.jpg?imageView2/2/w/120/format/jpg,0,,689c6cc50000000027006a88,1763797248946,0
689e8cd20000000030028009,1755221202000,,68956bbe0000000025027894,@倔强🐟铁头,566d83ede4251d387c9f503a,冷不丁梆梆就两拳,https://sns-avatar-qc.xhscdn.com/avatar/1040g2jo31o8q6hdq6mdg446mb81uqk1q4b1cuv0?imageView2/2/w/120/format/jpg,0,,6895c63e000000002902a537,1763797248955,0
689f4bc9000000003000d19d,1755270090000,,68956bbe0000000025027894,@小红薯648A6973,6061d207000000000101efa2,momo,https://sns-avatar-qc.xhscdn.com/avatar/1040g2jo30p89rf3542005o31q83gbrt2868ci70?imageView2/2/w/120/format/jpg,0,,6895c63e000000002902a537,1763797251150,0
68a1367b0000000027007552,1755395707000,,68956bbe0000000025027894,云鲸完全不会缠,5a073d974eacab114c9dc681,不叫momo,https://sns-avatar-qc.xhscdn.com/avatar/1040g2jo31gqrqmbjjo0049ve8jupfhk19q0q500?imageView2/2/w/120/format/jpg,0,,6895c63e000000002902a537,1763797251155,1
68a21902000000003001f320,1755453698000,,68956bbe0000000025027894,@Enoch F330T033,5aa4b38111be10142d0462a7,Gloria洛洛,https://sns-avatar-qc.xhscdn.com/avatar/5e8afdabf2a3960001f4d396.jpg?imageView2/2/w/120/format/jpg,0,,6895c63e000000002902a537,1763797251162,0
68a33208000000003000b272,1755525641000,,68956bbe0000000025027894,这个缠绕比我3年前的科沃斯都严重啊[笑哭R]我老公还让我换大疆的,566ecb28172fe740937d6be1,吹梦到西洲,https://sns-avatar-qc.xhscdn.com/avatar/62978cf3a4527693704fdf94.jpg?imageView2/2/w/120/format/jpg,0,,6895c63e000000002902a537,1763797251166,0
68a436170000000026034a97,1755592215000,,68956bbe0000000025027894,长的像石头,5a97f21611be102ee5898f53,纯情大螂火辣辣,https://sns-avatar-qc.xhscdn.com/avatar/5a97f312d1d3b94dfab18b3c.jpg?imageView2/2/w/120/format/jpg,0,,6895c63e000000002902a537,1763797251180,0
68a44bb70000000030007071,1755597751000,,68956bbe0000000025027894,这不是我家科沃斯么,5ddc71ee000000000100755e,momo,https://sns-avatar-qc.xhscdn.com/avatar/1040g2jo31ioea30vgs005nese7n08taua7u7hi0?imageView2/2/w/120/format/jpg,0,,6895c63e000000002902a537,1763797253386,0
68a4a05d000000002700fa03,1755619422000,,68956bbe0000000025027894,大佬推荐一个自动上下水的扫拖机器人吧[暗中观察R],68359854000000001b018343,小红薯6666666,https://sns-avatar-qc.xhscdn.com/avatar/1040g2jo31ocanir9lm005q1lj1a6r0q3a6i83sg?imageView2/2/w/120/format/jpg,0,,689b63b1000000003001f617,1763797253388,0
68a4a1a5000000003002e65e,1755619749000,,68956bbe0000000025027894,几家水平都差不多。品控都不怎么样。会不会遇到质量问题全凭运气。现在各家2500-3000区间的自动上下水版本完全够用了。就在大促的时候在这个价位区间选就差不多了。千万不要花大价钱买新款扫地机，更新换代太快了，新品半年价格就腰斩。作为消耗品，二手也不值钱。,61025c18000000000101fd46,Circle帥帥帥,https://sns-avatar-qc.xhscdn.com/avatar/614ef634374802d3be0b20f7.jpg?imageView2/2/w/120/format/jpg,0,,68a4a05d000000002700fa03,1763797253394,0
68a50c73000000002603b07d,1755647091000,,68956bbe0000000025027894,@Sansansansansan,58e13b2c6a6a69691fbe7050,Sharonws,https://sns-avatar-qc.xhscdn.com/avatar/1040g2jo31evb5na46a0049c24ntios2gf4ks9gg?imageView2/2/w/120/format/jpg,0,,6895c63e000000002902a537,1763797253397,0
68a59df1000000003002a7f4,1755684337000,,68956bbe0000000025027894,看了你的原视频，也不是自己家使用的场景，地上一堆头发换哪家都得卡住，别误导人家了,650326640000000017021a85,芊妤、与你,https://sns-avatar-qc.xhscdn.com/avatar/1040g2jo31mh4tb7r6m6g5p834pi5s6k5jja9q7o?imageView2/2/w/120/format/jpg,0,,6895c63e000000002902a537,1763797253401,18
68aff039000000003000e2c2,1756360762000,,68956bbe0000000025027894,看了一下你这是专门测评的哇[笑哭R]谁家掉头发是一绺一绺的还这么多这么密[笑哭R],5f72b37600000000010054e8,Wakeuuup_,https://sns-avatar-qc.xhscdn.com/avatar/1040g2jo31jc53ncf2e005nrimdr08l78ea0nt80?imageView2/2/w/120/format/jpg,0,,6895c63e000000002902a537,1763797255614,0
68aff08c000000003002fca3,1756360844000,,68956bbe0000000025027894,那你买回去用嘛，你自己看缠头发不,68088f98000000000e012178,厦门阿祖,https://sns-avatar-qc.xhscdn.com/avatar/1040g2jo31ksesiijio005q08huc3i8bo7ro7pf8?imageView2/2/w/120/format/jpg,0,,68aff039000000003000e2c2,1763797255623,0
68a5a7700000000026004443,1755686769000,,68956bbe0000000025027894,有些是故意黑的，测试的场景家里都不可能出现，友商安排的你懂得[偷笑R],66bb3a3c000000001d02091d,长空,https://sns-avatar-qc.xhscdn.com/avatar/1040g2jo31ob1lgc54s605plr78u7c28tkc0vhbg?imageView2/2/w/120/format/jpg,0,,68956e41000000002a008dc6,1763797257631,7
68956e85000000002a003526,1754623621000,,68956bbe0000000025027894,我看了一些[哭惹R],67e4feca000000000d008840,擒贼先擒王,https://sns-avatar-qc.xhscdn.com/avatar/1040g2jo31o9j8gloku005pv4vr5392202jlv76o?imageView2/2/w/120/format/jpg,0,,68956e41000000002a008dc6,1763797257875,0
68956f1b000000002903bd78,1754623772000,,68956bbe0000000025027894,纠结死了,5cda44840000000018017983,HK（硬装中）,https://sns-avatar-qc.xhscdn.com/avatar/1040g2jo31lgljo6m5e005n6q8i262uc35gcrt88?imageView2/2/w/120/format/jpg,0,,68956e41000000002a008dc6,1763797257890,0
68956fa8000000002a00533b,1754623913000,,68956bbe0000000025027894,发布那会，再犹豫就没货了[微笑R],67e4feca000000000d008840,擒贼先擒王,https://sns-avatar-qc.xhscdn.com/avatar/1040g2jo31o9j8gloku005pv4vr5392202jlv76o?imageView2/2/w/120/format/jpg,0,,68956f1b000000002903bd78,1763797257903,0
689574cf000000002902829a,1754625232000,,68956bbe0000000025027894,已经送到家了了，在纠结要不要退货,5cda44840000000018017983,HK（硬装中）,https://sns-avatar-qc.xhscdn.com/avatar/1040g2jo31lgljo6m5e005n6q8i262uc35gcrt88?imageView2/2/w/120/format/jpg,0,,68956fa8000000002a00533b,1763797257924,0
68957597000000002a006225,1754625431000,,68956bbe0000000025027894,你还能试试，我都不用打开试了。,67e4feca000000000d008840,擒贼先擒王,https://sns-avatar-qc.xhscdn.com/avatar/1040g2jo31o9j8gloku005pv4vr5392202jlv76o?imageView2/2/w/120/format/jpg,0,,689574cf000000002902829a,1763797257946,0
68957711000000002b021416,1754625809000,,68956bbe0000000025027894,一代产品肯定不完善[doge]   愿意当小白鼠就留,5c5f7b21000000001101685e,小月哥piu~,https://sns-avatar-qc.xhscdn.com/avatar/610ff5b73d26cefe9ed4db51.jpg?imageView2/2/w/120/format/jpg,0,,68956e85000000002a003526,1763797260181,1
689577cd000000002903b8f9,1754625997000,,68956bbe0000000025027894,为啥,5cda44840000000018017983,HK（硬装中）,https://sns-avatar-qc.xhscdn.com/avatar/1040g2jo31lgljo6m5e005n6q8i262uc35gcrt88?imageView2/2/w/120/format/jpg,0,,68957597000000002a006225,1763797260188,0
689578ba000000002a0015b4,1754626235000,,68956bbe0000000025027894,因为还没装修好,67e4feca000000000d008840,擒贼先擒王,https://sns-avatar-qc.xhscdn.com/avatar/1040g2jo31o9j8gloku005pv4vr5392202jlv76o?imageView2/2/w/120/format/jpg,0,,689577cd000000002903b8f9,1763797260193,1
68970fca000000002a00cef9,1754730442000,,68956bbe0000000025027894,尘袋发霉了，你找找帖子,5bff685951783a0f2b594ade,上完学该赚钱的,https://sns-avatar-qc.xhscdn.com/avatar/652153ecbcaf96e7dfde931d.jpg?imageView2/2/w/120/format/jpg,0,,68956e85000000002a003526,1763797260196,1
68984600000000002b00519c,1754809856000,,68956bbe0000000025027894,买啥都有人劝着不要买，说白了现在压根没有一款各方面都很好的扫地机，我是感觉整体用下来还行，好不好的还得自己用了在评判,655022920000000008001b0f,圣诞节会下雪吗,https://sns-avatar-qc.xhscdn.com/avatar/645b802027c6616ef4dc0b4a.jpg?imageView2/2/w/120/format/jpg,0,,68956e41000000002a008dc6,1763797260199,3
689979c2000000002902be5a,1754888642000,,68956bbe0000000025027894,非常好用,59e162ff44363b245414c245,电动阳阳™😈,https://sns-avatar-qc.xhscdn.com/avatar/1040g2jo31188rc666i0049t6vkhfvgi5tq2ik48?imageView2/2/w/120/format/jpg,0,,68956e41000000002a008dc6,1763797262422,0
68a5c4960000000030009393,1755694230000,,68956bbe0000000025027894,测评这玩意咋说的？其实每个扫地机的牌子我觉得都有毛病[笑哭R][笑哭R],5c8bb4090000000016002e41,小红薯691962C8,https://sns-avatar-qc.xhscdn.com/avatar/645b800677c97ef1a2abc7e0.jpg?imageView2/2/w/120/format/jpg,0,,68956e41000000002a008dc6,1763797262424,0
6895f4a6000000002903f60d,1754657958000,,68956bbe0000000025027894,测评都是因人而异了，有的人用得好有人觉得不行，实际得看你家的情况适合哪种，,5b2bb396e8ac2b4396b5623c,随便🍉,https://sns-avatar-qc.xhscdn.com/avatar/1040g2jo31ak3r31f6m004a6f6sppcohsp7aq2b0?imageView2/2/w/120/format/jpg,0,,68956e41000000002a008dc6,1763797262429,15
6896ac10000000002902cdf9,1754704912000,,68956bbe0000000025027894,看恰饭测评。（感觉普普通通）。看了用户上手视频（太拉了吧。还不如友商2000多的表现稳定）,61025c18000000000101fd46,Circle帥帥帥,https://sns-avatar-qc.xhscdn.com/avatar/614ef634374802d3be0b20f7.jpg?imageView2/2/w/120/format/jpg,0,,68956e41000000002a008dc6,1763797262434,0
68956cb8000000002a000f7e,1754623160000,,68956bbe0000000025027894,对，他的电脑主机也是这样[笑哭R],67e4feca000000000d008840,擒贼先擒王,https://sns-avatar-qc.xhscdn.com/avatar/1040g2jo31o9j8gloku005pv4vr5392202jlv76o?imageView2/2/w/120/format/jpg,0,,68956c8f000000002903c164,1763797264440,7
68957b3f000000002a002f73,1754626893000,,68956bbe0000000025027894,给他看这张图，东西一多感觉什么科技感都没了,627faa830000000021025e6b,禾木创意手绘馆,https://sns-avatar-qc.xhscdn.com/avatar/637471691088f1cc3e4cd2db.jpg?imageView2/2/w/120/format/jpg,0,http://sns-webpic-qc.xhscdn.com/202511221541/e9eb98bbd78601282a85388baacb877c/comment/1040g2h031ktlh97d2a005ojvla1ocnjbvtabh0g!nd_whlt34_webp_wm_1,68956cb8000000002a000f7e,1763797264686,8
6896ce6a00000000290341e9,1754713706000,,68956bbe0000000025027894,女生也抵挡不住[doge],614aaca7000000000202019b,Queen.H,https://sns-avatar-qc.xhscdn.com/avatar/1040g2jo31392fuu200005oaalijgk0crs0rub70?imageView2/2/w/120/format/jpg,0,,68956c8f000000002903c164,1763797264689,2
68a083c400000000270092f6,1755349957000,,68956bbe0000000025027894,女生也觉得好帅，准备年底入手[偷笑R][偷笑R][偷笑R],60b0f816000000000100123f,全网不同名：）,https://sns-avatar-qc.xhscdn.com/avatar/66595b8928ae847124b3b607.jpg?imageView2/2/w/120/format/jpg,0,,68956c8f000000002903c164,1763797264695,0
68956d35000000002a019f9a,1754623286000,,68956bbe0000000025027894,男生有时候就像小孩，就当买个喜欢的玩具也挺好，就像女生买包包,605c5fe90000000001004ffd,无欲无求,https://sns-avatar-qc.xhscdn.com/avatar/1040g2jo31l4o9md23q6g5o2sbvkg8jvt1v7qgu0?imageView2/2/w/120/format/jpg,0,,68956cb8000000002a000f7e,1763797264701,3
6895b69b000000002a001ea6,1754642076000,,68956bbe0000000025027894,哈哈哈，需要找个适合放摆件的位置，浪费了这么好看的产品,605c5fe90000000001004ffd,无欲无求,https://sns-avatar-qc.xhscdn.com/avatar/1040g2jo31l4o9md23q6g5o2sbvkg8jvt1v7qgu0?imageView2/2/w/120/format/jpg,0,,68957b3f000000002a002f73,1763797264705,0
6897294c000000002a01b8ca,1754736972000,,68956bbe0000000025027894,DJI第一代自行车就已经杀爆了怎么说[失望R],59b79250db2e6051bc030e0b,とーま。,https://sns-avatar-qc.xhscdn.com/avatar/5dd29d121ac86200015b0455.jpg?imageView2/2/w/120/format/jpg,0,,689595a6000000002b01df50,1763797266711,4
68979ad6000000002b019588,1754766039000,,68956bbe0000000025027894,而且价格也离谱，这个价位段还没有紫外线灯对拖布和基站抽水槽杀菌,606c26af000000000101d317,呱呱,https://sns-avatar-qc.xhscdn.com/avatar/606c26f4d5a5ae4e4bf8bc56.jpg?imageView2/2/w/120/format/jpg,0,,6897294c000000002a01b8ca,1763797266887,3
68979b53000000002b01cf3e,1754766163000,,68956bbe0000000025027894,尤其是南方城市那个湿度，没有紫外线杀菌能保持长期拖布和下水槽没有异味吗[笑哭R]我们这边2个月不清理水槽都没异味,606c26af000000000101d317,呱呱,https://sns-avatar-qc.xhscdn.com/avatar/606c26f4d5a5ae4e4bf8bc56.jpg?imageView2/2/w/120/format/jpg,0,,6897294c000000002a01b8ca,1763797266890,0
68979a99000000002b007fbd,1754765978000,,68956bbe0000000025027894,反正扫地机是不行的[doge]而且同比其他家产品差的好几年的水平,606c26af000000000101d317,呱呱,https://sns-avatar-qc.xhscdn.com/avatar/606c26f4d5a5ae4e4bf8bc56.jpg?imageView2/2/w/120/format/jpg,0,,6897294c000000002a01b8ca,1763797266896,1
68a00f02000000002700f73d,1755320066000,,68956bbe0000000025027894,你家好大,5b2f9ad6e8ac2b0ec344fde0,昨天吃了没,https://sns-avatar-qc.xhscdn.com/avatar/1040g2jo313vtsv8q1o604a6htsdddvf0iueaj48?imageView2/2/w/120/format/jpg,0,,689ee2c2000000003002a0be,1763797268904,3
68a00f33000000002603a141,1755320115000,,68956bbe0000000025027894,好大的家,59d34ea151783a4075815f5d,请输入,https://sns-avatar-qc.xhscdn.com/avatar/1040g2jo31kr2oo5230d049s12e7a2nqt8qj976o?imageView2/2/w/120/format/jpg,0,,689ee2c2000000003002a0be,1763797269190,0
68a033cb000000003000d6e7,1755329483000,,68956bbe0000000025027894,这是哪个牌子呀,60993c8e000000000100414a,安琪拉屎,https://sns-avatar-qc.xhscdn.com/avatar/1000g2jo2q13ikg2ju0005o4p7i708gaa389thl8?imageView2/2/w/120/format/jpg,0,,689ee2c2000000003002a0be,1763797269194,0
68a08a1a00000000300061b3,1755351578000,,68956bbe0000000025027894,石头吧[doge],61fbdb10000000001000b297,南京烤鸭,https://sns-avatar-qc.xhscdn.com/avatar/64bb935d84097851362aef66.jpg?imageView2/2/w/120/format/jpg,0,,68a033cb000000003000d6e7,1763797269198,0
68a16165000000003001b559,1755406693000,,68956bbe0000000025027894,我的g30是个傻批,5ff8a1360000000001005afa,JING,https://sns-avatar-qc.xhscdn.com/avatar/1040g2jo31jbc94k0j6cg5nvok4r08mnqhhv4u1g?imageView2/2/w/120/format/jpg,0,,689ee2c2000000003002a0be,1763797269203,0
68a2596c000000002700ebac,1755470189000,,68956bbe0000000025027894,这是石头哪个型号啊[doge],606c26af000000000101d317,呱呱,https://sns-avatar-qc.xhscdn.com/avatar/606c26f4d5a5ae4e4bf8bc56.jpg?imageView2/2/w/120/format/jpg,0,,689ee2c2000000003002a0be,1763797269214,0
68a3448f000000002700f26b,1755530383000,,68956bbe0000000025027894,屋里东西一多 扫地机器人就完蛋了,5e71070400000000010036bc,mOmO,https://sns-avatar-qc.xhscdn.com/avatar/1000g2jo2pqa2rlik40605njh0s208dlsjc7ahrg?imageView2/2/w/120/format/jpg,0,,68a16165000000003001b559,1763797271452,0
68a4a1f50000000027002659,1755619829000,,68956bbe0000000025027894,请问吸头发怎么样 会不会缠在一起,5f6237b9000000000101ee4a,别动我可露丽,https://sns-avatar-qc.xhscdn.com/avatar/1040g2jo31ofghrmllm005nr26usgbriav5kcv70?imageView2/2/w/120/format/jpg,0,,689ee2c2000000003002a0be,1763797271454,0
68a2f915000000003002b72a,1755511061000,,68956bbe0000000025027894,海外版g30,6512e7470000000024017df0,菜顺,https://sns-avatar-qc.xhscdn.com/avatar/1040g2jo31fktjv4706005p8ist3p2vfg0bcnn5g?imageView2/2/w/120/format/jpg,0,,68a2596c000000002700ebac,1763797271461,0
6896a4f4000000001003f7e5,1754703093000,,68956bbe0000000025027894,那玩意纯商单，看都不用看[doge],5aca1873e8ac2b0320cf5ac6,饭饭🍚,https://sns-avatar-qc.xhscdn.com/avatar/1040g2jo31bsdh0d20e004a4cj8c76mm6je4utso?imageView2/2/w/120/format/jpg,0,,6895be16000000002a00e6aa,1763797273468,57
68979bd7000000002b01a961,1754766296000,,68956bbe0000000025027894,那个纯商单的，视频我看了他全程就没讲性能问题和卫生问题[微笑R]清洁家居要考虑的东西多了，,606c26af000000000101d317,呱呱,https://sns-avatar-qc.xhscdn.com/avatar/606c26f4d5a5ae4e4bf8bc56.jpg?imageView2/2/w/120/format/jpg,0,,6895be16000000002a00e6aa,1763797273688,4
68979c3e000000002b00b0d7,1754766398000,,68956bbe0000000025027894,南方城市最需要的就是紫外线灯对拖布和下水槽的杀菌，他离谱的弄得是给尘袋的杀菌……很难评[doge],606c26af000000000101d317,呱呱,https://sns-avatar-qc.xhscdn.com/avatar/606c26f4d5a5ae4e4bf8bc56.jpg?imageView2/2/w/120/format/jpg,0,,6895be16000000002a00e6aa,1763797273694,2
689b55da00000000270011ef,1755010523000,,68956bbe0000000025027894,我怀疑这个功能是后加，产品刚立项没有，所以没留出结构空间。最后在尘袋位置找到了，就加了这么个功能，顺带还能整高低配。,5be744d4526e62000110c222,东浩经纪人,https://sns-avatar-qc.xhscdn.com/avatar/1040g2jo31cmrq5fqgm6g4bpnpb2d9gh21stdas0?imageView2/2/w/120/format/jpg,0,,68979c3e000000002b00b0d7,1763797273703,0
689b63ec00000000270077f0,1755014127000,,68956bbe0000000025027894,太抽象了属实是[笑哭R],606c26af000000000101d317,呱呱,https://sns-avatar-qc.xhscdn.com/avatar/606c26f4d5a5ae4e4bf8bc56.jpg?imageView2/2/w/120/format/jpg,0,http://sns-webpic-qc.xhscdn.com/202511221541/66c6c03102d5bdffbbb2b5f1b81f99b5/comment/1040g2h031l3e65jcj4005o3c4qngbkonqgiuen0!nd_whgt34_webp_wm_1,689b55da00000000270011ef,1763797273706,0
689bef2f00000000270076cd,1755049776000,,68956bbe0000000025027894,那叫推广，不叫测评,6046f0450000000001003fea,laotzu618,https://sns-avatar-qc.xhscdn.com/avatar/622dfd52617d70bf28f7a4e1.jpg?imageView2/2/w/120/format/jpg,0,,6895be16000000002a00e6aa,1763797273721,1
689d53bd0000000030004e7e,1755141054000,,68956bbe0000000025027894,哈哈哈哈哈哈哈,67e4feca000000000d008840,擒贼先擒王,https://sns-avatar-qc.xhscdn.com/avatar/1040g2jo31o9j8gloku005pv4vr5392202jlv76o?imageView2/2/w/120/format/jpg,0,,689d4e6a000000003001d2b0,1763797275735,0
68ef8a12000000003300d3ad,1760528916000,,68eef64a000000000700fc26,这价算贵吗,5f6b722a0000000001004bae,Bourne,https://sns-avatar-qc.xhscdn.com/avatar/1040g2jo30n1gaso15m5g5nrbe8l08iteve1aru8?imageView2/2/w/120/format/jpg,15,http://sns-webpic-qc.xhscdn.com/202511221541/129d17b4ec15e08bbb474fae127c5f59/comment/1040g2h031nljr6aemm6g5nrbe8l08item3ht5pg!nd_whgt34_webp_wm_1,0,1763797278010,5
68eeff350000000033005773,1760493366000,,68eef64a000000000700fc26,5700多买的,61b20ee80000000010004d4b,Hiya,https://sns-avatar-qc.xhscdn.com/avatar/1040g2jo312plck78iu005odi1rk40jab6sc6rho?imageView2/2/w/120/format/jpg,6,,0,1763797278015,2
68ef13d900000000300255c6,1760498649000,,68eef64a000000000700fc26,兄弟这是在淘宝买的？ 感觉是挺便宜 为啥我看到的挺贵,5d1c0af500000000160130ab,蜡笔小波,https://sns-avatar-qc.xhscdn.com/avatar/602be0d60901cb0dd647d466.jpg?imageView2/2/w/120/format/jpg,2,,0,1763797278022,6
68ef87d200000000370115b3,1760528339000,,68eef64a000000000700fc26,首发买的透明用到现在，当时就知道双十一肯定会降价，懒得等了早买早享受吧,67ad7bb0000000000d00b6a6,问诉说.,https://sns-avatar-qc.xhscdn.com/avatar/1040g2jo31l85932rlm005ptdfeo39dl6fa9li10?imageView2/2/w/120/format/jpg,4,,0,1763797278026,9
68eefb8200000000390077c3,1760492419000,,68eef64a000000000700fc26,可以试试先扫再拖,58b5a8bc6a6a690346accf08,momo,https://sns-avatar-qc.xhscdn.com/avatar/1040g2jo315tq3djmhc00497k7ikbpjo8vepel8g?imageView2/2/w/120/format/jpg,1,,0,1763797278032,5
68ef76000000000039022373,1760523776000,,68eef64a000000000700fc26,没事的，一个月内都可以价保，我买时候5799，已经价保退了1488，挺好,58c8b7296a6a6952300c8564,趣比是一只潮汕布偶,https://sns-avatar-qc.xhscdn.com/avatar/6412c627026f3e92138d0552.jpg?imageView2/2/w/120/format/jpg,1,,0,1763797278042,10
68ef04b40000000038014eb8,1760494772000,,68eef64a000000000700fc26,首发6000买的，[笑哭R]无力吐槽，两个月降2000,5a922c7311be102584bfe4ae,极限,https://sns-avatar-qc.xhscdn.com/avatar/1040g2jo31lc1i91r5i004a2582m77p5etadr80o?imageView2/2/w/120/format/jpg,4,,0,1763797278056,2
6912af810000000031030b66,1762832257000,上海,68eef64a000000000700fc26,感觉他们越来越飘，产品逐渐垄断，随便背刺消费者也无所谓，觉得少我们一个不算少，毕竟已经快占据70%市场了,569a40a9e4251d28fcc68308,SixZhou,https://sns-avatar-qc.xhscdn.com/avatar/62511331385eef3e5ce697f1.jpg?imageView2/2/w/120/format/jpg,4,,0,1763797278061,1
68fc755e0000000039020486,1761375582000,江苏,68eef64a000000000700fc26,s 水箱 3450买贵了吗[哭惹R][哭惹R],66db1f0e000000001d031a5a,小红薯66DBF630,https://sns-avatar-qc.xhscdn.com/avatar/1040g2jo31og94t8f52005pmr3s77e6iqg8dmtsg?imageView2/2/w/120/format/jpg,4,,0,1763797278077,1
69116cc00000000039003efe,1762749633000,辽宁,68eef64a000000000700fc26,现在3990了,5b2f6fc1e8ac2b7016743cbb,赵哈哈,https://sns-avatar-qc.xhscdn.com/avatar/1040g2jo3153vngmh1e004a6hnens2f5rgr6o5hg?imageView2/2/w/120/format/jpg,3,,0,1763797278085,1
68ef9d220000000033007b04,1760533795000,,68eef64a000000000700fc26,我也是这个价买的,5a925541e8ac2b51237b2f1a,小路同学,https://sns-avatar-qc.xhscdn.com/avatar/1040g2jo31f0edf1hmi004a29hbak2boq0akg1d0?imageView2/2/w/120/format/jpg,0,,68ef8a12000000003300d3ad,1763797280114,0
68ef9ddd0000000039033a5d,1760533981000,,68eef64a000000000700fc26,这个很便宜了,5ae33c05e8ac2b6d5ecc9468,壹壹捌,https://sns-avatar-qc.xhscdn.com/avatar/1040g2jo312j53ue4nk004a4sfiu0b538fansavg?imageView2/2/w/120/format/jpg,0,,68ef9d220000000033007b04,1763797280334,0
68f094520000000033024957,1760597074000,,68eef64a000000000700fc26,为什么会便宜这么多呢？,6631ff6d00000000030303c2,创易美-娜📍,https://sns-avatar-qc.xhscdn.com/avatar/1040g2jo31ec2c1srgu105phhvtmgu0u2ubjhrd8?imageView2/2/w/120/format/jpg,0,,68ef8a12000000003300d3ad,1763797280338,0
68f0b9420000000033022f1e,1760606531000,,68eef64a000000000700fc26,国补,5f6b722a0000000001004bae,Bourne,https://sns-avatar-qc.xhscdn.com/avatar/1040g2jo30n1gaso15m5g5nrbe8l08iteve1aru8?imageView2/2/w/120/format/jpg,0,,68f094520000000033024957,1763797280343,1
68f58b18000000003800b279,1760922392000,,68eef64a000000000700fc26,现在某宝5200了,593556075e87e76b7e0337e7,小红薯68364443,https://sns-avatar-qc.xhscdn.com/avatar/1040g2jo31ibccjehg26049iifnb0edv799mdkfo?imageView2/2/w/120/format/jpg,0,,68ef8a12000000003300d3ad,1763797280352,0
68fc6be5000000003901c033,1761373158000,北京,68eef64a000000000700fc26,这两天4798,56d84af04775a771ba8faffd,Young🌝,https://sns-avatar-qc.xhscdn.com/avatar/6439496de34c9430b6a5af32.jpg?imageView2/2/w/120/format/jpg,0,,68ef8a12000000003300d3ad,1763797280362,0
68fc9b9c00000000330265a5,1761385373000,浙江,68eef64a000000000700fc26,贵了[偷笑R],5bdbf3ef73d5f80001b92ca9,momo,https://sns-avatar-qc.xhscdn.com/avatar/1040g2jo31hcupjhs3q6g4bn4gfpuub59fjsf4e0?imageView2/2/w/120/format/jpg,0,http://sns-webpic-qc.xhscdn.com/202511221541/d153b4951844f19231bcbebfa00a7ac2/comment/1040g2h031o2c7mc9mm6g4bn4gfpuub59k97p7pg!nd_whgt34_webp_wm_1,68ef8a12000000003300d3ad,1763797282688,0
68fdcc12000000003900ab33,1761463315000,广东,68eef64a000000000700fc26,为什么做到这个价 还有什么券 我看到4985,63dce4b80000000027028dba,ggbuc,https://sns-avatar-qc.xhscdn.com/avatar/1040g2jo30si2r935jk0g5oussis9t3dqbve36og?imageView2/2/w/120/format/jpg,0,,68fc9b9c00000000330265a5,1763797282691,0
690b0d57000000003902712f,1762331991000,湖北,68eef64a000000000700fc26,贵了 暗号再省200,5d2d6364000000001101a65d,小红薯68F27CE1,https://sns-avatar-qc.xhscdn.com/avatar/1040g2jo31novhfnmkq005n9dcdi4b9ite9kgi38?imageView2/2/w/120/format/jpg,0,,68ef8a12000000003300d3ad,1763797282698,1
6910291b0000000039027c41,1762666779000,浙江,68eef64a000000000700fc26,我也这个价,6220671a000000001000d908,小红薯6221C1D2,https://sns-avatar-qc.xhscdn.com/avatar/1040g2jo31gs55nj4j4005oh0csd41m88r4ql978?imageView2/2/w/120/format/jpg,0,,68ef8a12000000003300d3ad,1763797282705,0
6910292600000000390295be,1762666790000,浙江,68eef64a000000000700fc26,国补,6220671a000000001000d908,小红薯6221C1D2,https://sns-avatar-qc.xhscdn.com/avatar/1040g2jo31gs55nj4j4005oh0csd41m88r4ql978?imageView2/2/w/120/format/jpg,0,,68f094520000000033024957,1763797282707,0
6912afc2000000003901c61f,1762832323000,浙江,68eef64a000000000700fc26,贵了,6220671a000000001000d908,小红薯6221C1D2,https://sns-avatar-qc.xhscdn.com/avatar/1040g2jo31gs55nj4j4005oh0csd41m88r4ql978?imageView2/2/w/120/format/jpg,0,,68ef8a12000000003300d3ad,1763797284883,0
6913e5f00000000039021337,1762911729000,河北,68eef64a000000000700fc26,什么暗号,53c22794b4c4d63304f84a06,YY,https://sns-avatar-qc.xhscdn.com/avatar/63caa2d6fe300552c7be993a.jpg?imageView2/2/w/120/format/jpg,0,,690b0d57000000003902712f,1763797284885,1
6913e687000000003902a8b2,1762911880000,湖北,68eef64a000000000700fc26,我发你[笑哭R],5d2d6364000000001101a65d,小红薯68F27CE1,https://sns-avatar-qc.xhscdn.com/avatar/1040g2jo31novhfnmkq005n9dcdi4b9ite9kgi38?imageView2/2/w/120/format/jpg,0,,6913e5f00000000039021337,1763797284892,0
69115a140000000038026403,1762744853000,广东,68eef64a000000000700fc26,现在又降价了,5e6868230000000001009265,小马哥,https://sns-avatar-qc.xhscdn.com/avatar/64088ccc348916cd592a3bbc.jpg?imageView2/2/w/120/format/jpg,0,,68ef8a12000000003300d3ad,1763797284897,0
68eeff47000000003902b295,1760493384000,,68eef64a000000000700fc26,抱抱你,5971855e82ec39217c68ad90,再睡5分钟吧,https://sns-avatar-qc.xhscdn.com/avatar/1040g2jo31gp5oip2j80049mgsd2ltbcgm98g508?imageView2/2/w/120/format/jpg,0,,68eeff350000000033005773,1763797286903,1
68ef0391000000003901f4fd,1760494482000,,68eef64a000000000700fc26,我也是[哭惹R],5a193b6b4eacab42a51a6bb7,小野宝宝,https://sns-avatar-qc.xhscdn.com/avatar/1040g2jo31jji7edj360049vscttmmqtn362cr98?imageView2/2/w/120/format/jpg,0,,68eeff350000000033005773,1763797287088,0
68ef361b00000000380313a5,1760507420000,,68eef64a000000000700fc26,5800买的，十一期间线下入手 大冤种,5eb1113b0000000001000040,波坡莫,https://sns-avatar-qc.xhscdn.com/avatar/1040g2jo31nj60u166g005nlh24tg8020ih6fu0o?imageView2/2/w/120/format/jpg,0,,68eeff350000000033005773,1763797287091,0
68ef421b000000003800c9ae,1760510492000,,68eef64a000000000700fc26,[笑哭R][笑哭R][笑哭R]原来不是我一个人,567c254682ec3906c2ad5e1f,dido,https://sns-avatar-qc.xhscdn.com/avatar/1040g2jo31cbko1u1gk6g44o3tmikcngvk14b6t0?imageView2/2/w/120/format/jpg,0,,68eeff350000000033005773,1763797287097,0
68ef422b00000000390068a6,1760510508000,,68eef64a000000000700fc26,我也是线下 大冤种[笑哭R][笑哭R][笑哭R],567c254682ec3906c2ad5e1f,dido,https://sns-avatar-qc.xhscdn.com/avatar/1040g2jo31cbko1u1gk6g44o3tmikcngvk14b6t0?imageView2/2/w/120/format/jpg,0,,68ef361b00000000380313a5,1763797287103,0
68ef4cc300000000370275c2,1760513220000,,68eef64a000000000700fc26,+1,650ce31600000000170208da,元太在做啥,https://sns-avatar-qc.xhscdn.com/avatar/1040g2jo313a0518c06005p8cscb5s26qf8p7fp0?imageView2/2/w/120/format/jpg,0,,68eeff350000000033005773,1763797287109,0
68ef141b000000003902ca72,1760498716000,,68eef64a000000000700fc26,是的，淘宝romo p水箱版现在4299,5971855e82ec39217c68ad90,再睡5分钟吧,https://sns-avatar-qc.xhscdn.com/avatar/1040g2jo31gp5oip2j80049mgsd2ltbcgm98g508?imageView2/2/w/120/format/jpg,0,,68ef13d900000000300255c6,1763797289119,1
68f4878200000000330229ff,1760855938000,,68eef64a000000000700fc26,请问用了什么优惠？我显示4699,5837c5d050c4b42cda16fa68,高家屯常驻高大妞,https://sns-avatar-qc.xhscdn.com/avatar/6402a6101dcd7a202c227efb.jpg?imageView2/2/w/120/format/jpg,0,,68ef141b000000003902ca72,1763797289357,0
6905effd00000000390258bb,1761996797000,山东,68eef64a000000000700fc26,请问用着感觉如何？会有毛发拖不干净的情况吗？,56d19bf94775a75f8fb321cb,霜冷长空,https://sns-avatar-qc.xhscdn.com/avatar/411309441983cdc4ce073ff8da73b5b6.jpg?imageView2/2/w/120/format/jpg,0,,68ef87d200000000370115b3,1763797291362,0
6908a1d1000000003902b8ea,1762173393000,浙江,68eef64a000000000700fc26,不会啊，边边角角都能扫到,64a664a6000000000a0236be,哇哇噻噻,https://sns-avatar-qc.xhscdn.com/avatar/1040g2jo310l6hrlnmmk05p56cij2kdlubgacb98?imageView2/2/w/120/format/jpg,0,,6905effd00000000390258bb,1763797291532,0
6908aa4f0000000039032279,1762175568000,山东,68eef64a000000000700fc26,谢谢[合十R],56d19bf94775a75f8fb321cb,霜冷长空,https://sns-avatar-qc.xhscdn.com/avatar/411309441983cdc4ce073ff8da73b5b6.jpg?imageView2/2/w/120/format/jpg,0,,6908a1d1000000003902b8ea,1763797291537,0
6916cb4a000000003902ea18,1763101514000,山东,68eef64a000000000700fc26,好用吗宝,5ac1fda5e8ac2b421f23b827,ZIRu,https://sns-avatar-qc.xhscdn.com/avatar/1040g2jo30p4e0mp63q004a47m1uqbe1765c38cg?imageView2/2/w/120/format/jpg,0,,68ef87d200000000370115b3,1763797291541,0
68eeff16000000003901d29f,1760493334000,,68eef64a000000000700fc26,这就是先扫再拖后的,5971855e82ec39217c68ad90,再睡5分钟吧,https://sns-avatar-qc.xhscdn.com/avatar/1040g2jo31gp5oip2j80049mgsd2ltbcgm98g508?imageView2/2/w/120/format/jpg,0,,68eefb8200000000390077c3,1763797293545,1
68fcfbe00000000039006c63,1761410016000,浙江,68eef64a000000000700fc26,好用？,5d6fac8d000000000100a5fe,a.feng,https://sns-avatar-qc.xhscdn.com/avatar/1040g2jo31np9i1l2586g5nbfli6g99fu8ol2kqo?imageView2/2/w/120/format/jpg,0,,68ef76000000000039022373,1763797293552,0
68ef07ef0000000033027963,1760495600000,,68eef64a000000000700fc26,我也是[微笑R],63356e86000000001802e7de,叽叽叽.er,https://sns-avatar-qc.xhscdn.com/avatar/1040g2jo31govolne3o005opldq365puugahi9d0?imageView2/2/w/120/format/jpg,0,,68ef04b40000000038014eb8,1763797293557,1
69001255000000003800eb8f,1761612374000,广东,68eef64a000000000700fc26,舒服了,68c6b6f2000000001a00a0f2,MaRin,https://sns-avatar-qc.xhscdn.com/avatar/1040g2jo31mdo89s6lm605q66mrp6h87i7ilht40?imageView2/2/w/120/format/jpg,0,,68ef04b40000000038014eb8,1763797293755,0
69006cfc000000003902262e,1761635580000,陕西,68eef64a000000000700fc26,所以好用不？,5b78203a810b99000199fa8a,momo,https://sns-avatar-qc.xhscdn.com/avatar/1040g2jo3139imq8eg86g4ag6qcg3lukap3mcdlo?imageView2/2/w/120/format/jpg,0,,68ef04b40000000038014eb8,1763797293758,0
69006d10000000003802f709,1761635601000,河南,68eef64a000000000700fc26,还行吧[笑哭R]中规中矩,5a922c7311be102584bfe4ae,极限,https://sns-avatar-qc.xhscdn.com/avatar/1040g2jo31lc1i91r5i004a2582m77p5etadr80o?imageView2/2/w/120/format/jpg,0,,69006cfc000000003902262e,1763797293766,0
6912feb0000000003902cbd8,1762852529000,广东,68eef64a000000000700fc26,在中国想垄断那叫发梦[doge],650ef3bf00000000120057fe,Abc32,https://sns-avatar-qc.xhscdn.com/avatar/1040g2jo31iphenm5gm0g5p8euevkglvuu11g5co?imageView2/2/w/120/format/jpg,0,,6912af810000000031030b66,1763797295772,1
69133a8a0000000039001915,1762867850000,湖北,68eef64a000000000700fc26,在中国要搞垄断说明真本事[doge]在国外他的无人机更是没对手😂,65dd7c1c000000000b031f73,小红薯65DDCBAB,https://sns-avatar-qc.xhscdn.com/avatar/645b7e78731e07eb8ca3d81b.jpg?imageView2/2/w/120/format/jpg,0,,6912af810000000031030b66,1763797295965,0
69133e00000000003300478d,1762868737000,上海,68eef64a000000000700fc26,看国家什么时候出手，4大通信至少大家大差不差，恶心也是一起恶心，他现在大的恶心人只能忍，因为同价位没对手,569a40a9e4251d28fcc68308,SixZhou,https://sns-avatar-qc.xhscdn.com/avatar/62511331385eef3e5ce697f1.jpg?imageView2/2/w/120/format/jpg,0,,69133a8a0000000039001915,1763797295969,0
6913e8d7000000003802c1f2,1762912472000,湖北,68eef64a000000000700fc26,没对手国家咋办[笑哭R]拆分啊，你真是笑死人，又不是不让别家干是真的干不过啊，他的扫地机器人我刚买也很好用,65dd7c1c000000000b031f73,小红薯65DDCBAB,https://sns-avatar-qc.xhscdn.com/avatar/645b7e78731e07eb8ca3d81b.jpg?imageView2/2/w/120/format/jpg,0,,69133e00000000003300478d,1763797295974,0
68fc7cc1000000003802cc81,1761377474000,湖南,68eef64a000000000700fc26,怎么买的？官网不是3500多嘛？,5f96441a000000000100a9e0,葡萄啵啵,https://sns-avatar-qc.xhscdn.com/avatar/5f96444fa86d5e0001e9040c.jpg?imageView2/2/w/120/format/jpg,0,,68fc755e0000000039020486,1763797297980,2
68fc851e0000000039024b5e,1761379614000,江苏,68eef64a000000000700fc26,淘金币[笑哭R],66db1f0e000000001d031a5a,小红薯66DBF630,https://sns-avatar-qc.xhscdn.com/avatar/1040g2jo31og94t8f52005pmr3s77e6iqg8dmtsg?imageView2/2/w/120/format/jpg,0,,68fc7cc1000000003802cc81,1763797298181,0
68fce32b000000003900967d,1761403691000,安徽,68eef64a000000000700fc26,狂搜小红书，在有的评论区已经看到3100+了，我感觉你可以蹲一下保价了[失望R]说真的今年所有的扫地机都这破毛病，我都麻了,5ff96093000000000100b39e,西瓜霜,https://sns-avatar-qc.xhscdn.com/avatar/5ff960fb74adad082eec413c.jpg?imageView2/2/w/120/format/jpg,0,,68fc755e0000000039020486,1763797298185,0
69009c9a0000000038013831,1761647771000,上海,68eef64a000000000700fc26,贵了，上礼拜上下水3600多，水箱好像是3200还是3300,643d5656000000000e01ff76,momo,https://sns-avatar-qc.xhscdn.com/avatar/1040g2jo30nd40frgmm005p1tapb3jvrmb3dm3v8?imageView2/2/w/120/format/jpg,0,,68fc755e0000000039020486,1763797298192,1
6912dd17000000003300d47f,1762843928000,江西,68eef64a000000000700fc26,是透明版吗 怎么买啊想买[哭惹R],619da29f0000000021020ada,心有猛虎也有小白兔,https://sns-avatar-qc.xhscdn.com/avatar/1040g2jo31nn40hla6g005octkafoc2mqkdr4m18?imageView2/2/w/120/format/jpg,0,,69116cc00000000039003efe,1763797300206,0
69144787000000003300696e,1762936711000,新疆,68eef64a000000000700fc26,前天京东最低3700多，大部分时间3900多，京东的3700我没买到，在淘宝3900多买的。,676168ac0000000015007719,执灬著,https://sns-avatar-qc.xhscdn.com/avatar/1040g2jo31osbpfko1g005pr1d2m58top6igk0mo?imageView2/2/w/120/format/jpg,0,,6912dd17000000003300d47f,1763797300450,1
691455e6000000003300c032,1762940390000,江西,68eef64a000000000700fc26,是透明那款 还是普通的哦？,619da29f0000000021020ada,心有猛虎也有小白兔,https://sns-avatar-qc.xhscdn.com/avatar/1040g2jo31nn40hla6g005octkafoc2mqkdr4m18?imageView2/2/w/120/format/jpg,0,,69144787000000003300696e,1763797300452,0
691418100000000033004bc7,1762924561000,浙江,68eef64a000000000700fc26,好用吗,675a8c39000000001d02f06c,坚持坚持再坚持,https://sns-avatar-qc.xhscdn.com/avatar/1040g2jo31o8dt01g6m605pqqhgsnds3c2dpau9o?imageView2/2/w/120/format/jpg,0,,0,1763797302720,0
690efa650000000033005549,1762589285000,陕西,68eef64a000000000700fc26,那么好不好用呢,631b64f3000000002303bff2,茜茜好美,https://sns-avatar-qc.xhscdn.com/avatar/647570c6d76b83a0f6915452.jpg?imageView2/2/w/120/format/jpg,2,,0,1763797302723,0
690af00400000000330263cf,1762324485000,新疆,68eef64a000000000700fc26,确实打扫不干净，已经换科沃斯了[弱R],67c6db81000000000403ab3d,十日十月雨,https://sns-avatar-qc.xhscdn.com/avatar/645b806f731e07eb8ca3d845.jpg?imageView2/2/w/120/format/jpg,0,,0,1763797302730,2
6908bb5a0000000038032267,1762179931000,浙江,68eef64a000000000700fc26,终于让我刷到第一个差评,66b4b11f000000000b031720,叛逆的小虎牙,https://sns-avatar-qc.xhscdn.com/avatar/1040g2jo31e9pbisbgm305plkm4fiu5p0v341cbg?imageView2/2/w/120/format/jpg,0,,0,1763797302736,2
6908b3ca0000000038009273,1762177994000,广东,68eef64a000000000700fc26,我前阵子也是不听劝入了，然后退了[笑哭R],61894680000000002102a334,小小分享,https://sns-avatar-qc.xhscdn.com/avatar/641593b2a41e0aa3a66eac49.jpg?imageView2/2/w/120/format/jpg,0,,0,1763797302742,0
69076936000000003302620c,1762093367000,天津,68eef64a000000000700fc26,9月份买的A版那会4164，并且支持30天免费试用，后面降价太严重，我就退货了，这几天京东自营以旧换新最低p版4056，我还在等。今天还收到一个大疆客服的电话问昨晚我取消购买的原因，我就说价格这块一直在变，我再等等[笑哭R],5754f2db6a6a6906d1ce4cae,森屿向上,https://sns-avatar-qc.xhscdn.com/avatar/1040g2jo31icodnda080048e8gppdmj5eo9ecoi0?imageView2/2/w/120/format/jpg,0,,0,1763797302753,0
690f752e00000000390336b6,1762620718000,广西,68eef64a000000000700fc26,扫地机器人就没见过哪个好用，只有看你能不能迁就接受[偷笑R],5c5c3c38000000001a03e95d,踩雷的招财猫,https://sns-avatar-qc.xhscdn.com/avatar/666adc9c6ea95877d8a5f9cc.jpg?imageView2/2/w/120/format/jpg,0,,690efa650000000033005549,1763797304762,0
691768310000000039026a8b,1763141682000,河南,68eef64a000000000700fc26,那你见的也太少了[汗颜R][汗颜R],60684663000000000101f3b8,芳心大盗,https://sns-avatar-qc.xhscdn.com/avatar/1040g2jo30qemo6benu605o388phgbsto0bj1li8?imageView2/2/w/120/format/jpg,0,,690f752e00000000390336b6,1763797304958,0
691fd422000000001600f177,1763693602000,浙江,69108fad000000000503b12c,我们家内卫建图的时候能显示，回到基站开始出来扫的时候就不见了……[笑哭R],5b121a046b58b747615287bf,翻滚吧腹肌君,https://sns-avatar-qc.xhscdn.com/avatar/1040g2jo31f80v1fum60g4a5s28d091tvkl3s560?imageView2/2/w/120/format/jpg,0,,0,1763797309314,0
691efc070000000014034e1c,1763638280000,湖南,69108fad000000000503b12c,总结的太到位，作为大疆首款扫地机做到这个水准，真是秒了所有，细节各方面也是完全碾压！,63f0307f000000000f010bdf,TY,https://sns-avatar-qc.xhscdn.com/avatar/63f0307f000000000f010bdf.jpg?imageView2/2/w/120/format/jpg,0,,0,1763797309318,0
691d7487000000000601a2ec,1763538055000,河北,69108fad000000000503b12c,用过追觅云鲸，比较下来大疆是最好的,566372a2589de30fa9afac55,碧海玲珑,https://sns-avatar-qc.xhscdn.com/avatar/be4e54a984a21be925a215a08fb36c8b.jpg?imageView2/2/w/120/format/jpg,0,,0,1763797309323,1
6919ffb400000000390295ed,1763311541000,陕西,69108fad000000000503b12c,总结的非常客观，不过目前来说大量确实是最好的选择，对我这种要求不高的人来说，他已经很好了，我也曾经纠结过滚筒还是圆盘，最后发现目前来说，只有圆盘的基站自清洁是最干净的，滚筒的会有很多赃污残留在基站底盘上，而且家里每天都打扫的话，圆盘清洁也足够了，只要别让我再去清洁他的基站我就很满足了[捂脸R],65365096000000000301ccaf,小花朵儿,https://sns-avatar-qc.xhscdn.com/avatar/1040g2jo31lipap6al0005p9ma2b0rj5fhqmlio8?imageView2/2/w/120/format/jpg,4,,0,1763797309326,0
691512140000000039033313,1762988564000,上海,69108fad000000000503b12c,明年会出新款吗,58a446f26a6a696f5b3f6bd2,高非MikeGao,https://sns-avatar-qc.xhscdn.com/avatar/58a446f26a6a696f5b3f6bd2.jpg?imageView2/2/w/120/format/jpg,3,,0,1763797309330,0
691894540000000033021118,1763218517000,江西,69108fad000000000503b12c,请问刮瓷砖吗,5571a2ae3f0f3c7bce5ca7ba,古匪匪,https://sns-avatar-qc.xhscdn.com/avatar/1040g2jo30pvjikfp740040o9kmhat9tq4cn9ao8?imageView2/2/w/120/format/jpg,0,,0,1763797309333,0
691d9c6f000000003803dd96,1763548272000,江西,69108fad000000000503b12c,啥型号呀,5c20c82200000000050234cb,是丸子吖,https://sns-avatar-qc.xhscdn.com/avatar/661d0119fefdb7fa9f500d1e.jpg?imageView2/2/w/120/format/jpg,2,,0,1763797309336,0
6911307f000000003800490e,1762734208000,广东,69108fad000000000503b12c,昨晚刚下单了上下水版本，第一次用扫地机器人，希望好用,64ca02f4000000000b0040be,咸蛋B,https://sns-avatar-qc.xhscdn.com/avatar/1040g2jo31o4jiqipl86g5p6a0bq2og5ucmrcrs8?imageView2/2/w/120/format/jpg,4,,0,1763797309340,1
6911372200000000380264a2,1762735907000,天津,69108fad000000000503b12c,值得入手吗？,5b88bca39578cc0001848ae9,omom,https://sns-avatar-qc.xhscdn.com/avatar/1040g2jo31gqp0ugl3q6g4ammo6ua72n947pnt08?imageView2/2/w/120/format/jpg,2,,0,1763797309345,6
6913ee56000000003300f76c,1762913878000,浙江,69108fad000000000503b12c,博主大疆这款会不会缠头发啊,6397fedb0000000026010c09,JasonY（软装中）,https://sns-avatar-qc.xhscdn.com/avatar/1040g2jo31j1il14q1a005osnvrdpi309kq3bj80?imageView2/2/w/120/format/jpg,1,,0,1763797309349,0
691beeab000000001600d054,1763438251000,四川,69108fad000000000503b12c,请问一下，第一次用了日常清扫父母说吸力不行，垃圾没扫干净。你们有这种情况吗,59a3d4695e87e708f046dcda,凌大发Mia,https://sns-avatar-qc.xhscdn.com/avatar/625f8ff18268774b34e54820.jpg?imageView2/2/w/120/format/jpg,0,,6919ffb400000000390295ed,1763797311354,0
691bfbfa00000000380269eb,1763441658000,福建,69108fad000000000503b12c,这世界有个物种叫“官方客服”,62479a37000000001000d937,Lifenote,https://sns-avatar-qc.xhscdn.com/avatar/1040g2jo3170ol8vb3u005oi7j8rk1m9nkot757o?imageView2/2/w/120/format/jpg,0,,691beeab000000001600d054,1763797311575,0
691c2ccd000000001403f6b9,1763454158000,陕西,69108fad000000000503b12c,第一次清扫我用的飓风模式，配的胶毛一体刷，如果灰尘特别大会有些扫不干净，比如我家是地板扑灰很严重，就有一点点残留灰，但第二遍再一拖就干净了。我主页有发评测，你可以去看看。,65365096000000000301ccaf,小花朵儿,https://sns-avatar-qc.xhscdn.com/avatar/1040g2jo31lipap6al0005p9ma2b0rj5fhqmlio8?imageView2/2/w/120/format/jpg,0,,691beeab000000001600d054,1763797311581,0
691c5adb000000001602410d,1763465948000,四川,69108fad000000000503b12c,感谢回复～[星R],59a3d4695e87e708f046dcda,凌大发Mia,https://sns-avatar-qc.xhscdn.com/avatar/625f8ff18268774b34e54820.jpg?imageView2/2/w/120/format/jpg,0,,691c2ccd000000001403f6b9,1763797311587,0
6916f3db000000003902e1a2,1763111899000,黑龙江,69108fad000000000503b12c,应该会，都说大疆所有最优质的都是第三代，不知道真假[呃R],61606b3e00000000020215ef,一个母豹子🐆,https://sns-avatar-qc.xhscdn.com/avatar/1040g2jo31hqflpfekq005ob0dcv0k5ffcc1ilko?imageView2/2/w/120/format/jpg,0,,691512140000000039033313,1763797313593,1
6916fadd000000003902563d,1763113694000,上海,69108fad000000000503b12c,那我再等等不过明年肯定要买了,58a446f26a6a696f5b3f6bd2,高非MikeGao,https://sns-avatar-qc.xhscdn.com/avatar/58a446f26a6a696f5b3f6bd2.jpg?imageView2/2/w/120/format/jpg,0,,6916f3db000000003902e1a2,1763797313785,0
691719af0000000039032149,1763121584000,江苏,69108fad000000000503b12c,拉到吧，大概率不做了[笑哭R],664b525e0000000007004007,清洁电器大厂新闻站,https://sns-avatar-qc.xhscdn.com/avatar/1040g2jo31os2a1ppgu005piba9f1og07ekaiu90?imageView2/2/w/120/format/jpg,0,,6916f3db000000003902e1a2,1763797313787,0
691da0cb0000000038008002,1763549387000,广东,69108fad000000000503b12c,这是白色s版[吧唧R],62f5203e000000001f00434d,DJI大疆珠海华发店,https://sns-avatar-qc.xhscdn.com/avatar/1040g2jo31i0s039mne5g5onl40v7ogqd9dqiuoo?imageView2/2/w/120/format/jpg,0,,691d9c6f000000003803dd96,1763797315794,0
691da35a000000003900b250,1763550043000,江西,69108fad000000000503b12c,你那有好价嘛[害羞R],5c20c82200000000050234cb,是丸子吖,https://sns-avatar-qc.xhscdn.com/avatar/661d0119fefdb7fa9f500d1e.jpg?imageView2/2/w/120/format/jpg,0,,691da0cb0000000038008002,1763797316062,0
69115d81000000003300feea,1762745729000,四川,69108fad000000000503b12c,期待反馈[偷笑R],5d6f9b230000000001003c95,LiLi,https://sns-avatar-qc.xhscdn.com/avatar/1040g2jo30nnh23g2765g5nbfjchg8f4ld168f68?imageView2/2/w/120/format/jpg,0,,6911307f000000003800490e,1763797318069,0
69116c6e0000000037025944,1762749550000,广东,69108fad000000000503b12c,现在买多少钱？我也想整一个[doge],624b855c000000002102185c,雨中笠,https://sns-avatar-qc.xhscdn.com/avatar/1040g2jo31ollke95mg605oibgle8c62sbjeu9l8?imageView2/2/w/120/format/jpg,0,,6911307f000000003800490e,1763797318310,0
6911714e000000003900af82,1762750798000,广东,69108fad000000000503b12c,现在tb价格好像和昨晚一样，3600多,64ca02f4000000000b0040be,咸蛋B,https://sns-avatar-qc.xhscdn.com/avatar/1040g2jo31o4jiqipl86g5p6a0bq2og5ucmrcrs8?imageView2/2/w/120/format/jpg,0,,69116c6e0000000037025944,1763797318316,1
69134445000000003300c68d,1762870341000,广东,69108fad000000000503b12c,噢噢谢谢了,624b855c000000002102185c,雨中笠,https://sns-avatar-qc.xhscdn.com/avatar/1040g2jo31ollke95mg605oibgle8c62sbjeu9l8?imageView2/2/w/120/format/jpg,0,,6911714e000000003900af82,1763797318323,0
69156fbc0000000038029cf8,1763012541000,山东,69108fad000000000503b12c,当然啦,5e7410810000000001003340,小璃璃璃,https://sns-avatar-qc.xhscdn.com/avatar/1040g2jo31l5rq5ehj46g5njk220g8cq0pjkgjc8?imageView2/2/w/120/format/jpg,0,,6911372200000000380264a2,1763797320336,0
69116200000000003801782e,1762746881000,广西,69108fad000000000503b12c,我家用着感觉比老牌好,669305670000000003033533,超级想睡觉,https://sns-avatar-qc.xhscdn.com/avatar/645b807d338379fac18930a8.jpg?imageView2/2/w/120/format/jpg,0,,6911372200000000380264a2,1763797320514,0
69156fbb0000000037025264,1763012540000,广西,69108fad000000000503b12c,不缠，猫毛和头发那些都还好，宠物家庭也合适,592841f482ec394c6f2c55b2,纳兹咩,https://sns-avatar-qc.xhscdn.com/avatar/1040g2jo31ope6n62l80g49hgae0v8ldie93laf8?imageView2/2/w/120/format/jpg,0,,6913ee56000000003300f76c,1763797322538,0
69121fbb00000000390202ed,1762795452000,广东,69108fad000000000503b12c,感觉还不错，这款多少啊,6784aa4000000000080187a3,月月爱分享,https://sns-avatar-qc.xhscdn.com/avatar/1040g2jo31o137m4ol0605ps4l90231t325q2vbo?imageView2/2/w/120/format/jpg,1,,0,1763797322749,0
6910ab88000000003800d0e7,1762700168000,北京,69108fad000000000503b12c,清洁力怎么样？推荐入手不[呃R],60b4b504000000000101f355,咔咔咔,https://sns-avatar-qc.xhscdn.com/avatar/1040g2jo30vu00hln5o4g5o5kmk20bsql2d3q090?imageView2/2/w/120/format/jpg,1,,0,1763797322751,0
69115ee9000000003800b7e8,1762746089000,福建,69108fad000000000503b12c,关于拖布和滚筒的选择，没有对错，只有哪个更适合你家的家具。我的老房子用拖布才能更好沿边，但新家装修不会再装踢脚线，因为要坚决淘汰木地板和踢脚线这2个破玩意儿，而且只会选极简家具，这种情况下就会选滚筒，这样才不会弄脏墙壁。即使到时候需要滚筒也会选大疆，因为大疆在地上业务纯属降维打击,62479a37000000001000d937,Lifenote,https://sns-avatar-qc.xhscdn.com/avatar/1040g2jo3170ol8vb3u005oi7j8rk1m9nkot757o?imageView2/2/w/120/format/jpg,7,,0,1763797322757,2
69116c4f0000000039007ad4,1762749520000,湖南,69108fad000000000503b12c,刚买了一个透明款，颜值也是嘎嘎好看,65ae2aa3000000000e025ab5,黏黏黏,https://sns-avatar-qc.xhscdn.com/avatar/645b6abf2e368555521befcc.jpg?imageView2/2/w/120/format/jpg,10,http://sns-webpic-qc.xhscdn.com/202511221542/8b74341f5769a36a8fe675fe5f653c9a/comment/1040g2h031ommmtv0l8605pde5ahjkmllkhgaf7g!nd_whgt34_webp_wm_1,0,1763797322764,7
691ffd640000000038007a56,1763704164000,陕西,69108fad000000000503b12c,这么详细呢，被种草啦,611011e8000000000100b777,Primary,https://sns-avatar-qc.xhscdn.com/avatar/1040g2jo31no6noia06005o8g27k09drnhlkv6r8?imageView2/2/w/120/format/jpg,0,,0,1763797322768,0
6911a6d90000000039020f87,1762764506000,浙江,69108fad000000000503b12c,8月份用到现在了机器没清理过，很干净,61266216000000000101f627,叼叼,https://sns-avatar-qc.xhscdn.com/avatar/1040g2jo31fpft0vigc205o96c8b0bth7orv31ig?imageView2/2/w/120/format/jpg,7,http://sns-webpic-qc.xhscdn.com/202511221542/e6e43842a23c59fdcfa1a17129f21524/comment/1040g2h031omtrj89ks6g5o96c8b0bth74ih36d8!nd_whgt34_webp_wm_1,0,1763797322773,0
69113b6c00000000330232b4,1762737004000,广西,69108fad000000000503b12c,你这样的地砖缝隙，还是得买个胶毛一体的滚刷才行，不然缝隙里面的垃圾光靠吸力很难搞干净，大疆也是变态，只有基础款只配一组胶刷，另外两个配置都是机器自带胶刷，包装再附赠一副胶毛一体的,615f0393000000000201fd02,在成都,https://sns-avatar-qc.xhscdn.com/avatar/d784fc20c996f3d2f39d034c404f234e.jpg?imageView2/2/w/120/format/jpg,4,,0,1763797322779,0
69156fc10000000038007c76,1763012546000,北京,69108fad000000000503b12c,标准版的三千多点，跟顶配功能一样,5c77e610000000001700880b,春风撞满怀,https://sns-avatar-qc.xhscdn.com/avatar/1040g2jo31fvd36hf0i705n3nso85p20b5pklnn0?imageView2/2/w/120/format/jpg,0,,69121fbb00000000390202ed,1763797324786,0
69116c580000000038014d66,1762749529000,北京,69108fad000000000503b12c,扫边角挺满意的，大疆是两个刷子会把垃圾聚拢到一起,5c40a895000000000603234d,江南小糖,https://sns-avatar-qc.xhscdn.com/avatar/be4e54a984a21be925a215a08fb36c8b.jpg?imageView2/2/w/120/format/jpg,0,,6910ab88000000003800d0e7,1763797324791,1
6915bb97000000003803ce34,1763031959000,广东,69108fad000000000503b12c,请问木地板怎么了？我家地砖我还纠结要不要加装木地板的说,5a7930a14eacab2eb2ee5df8,丸子檬,https://sns-avatar-qc.xhscdn.com/avatar/5a79310fd1d3b93133d477a6.jpg?imageView2/2/w/120/format/jpg,0,,69115ee9000000003800b7e8,1763797324797,0
691bbd11000000003800bc88,1763425554000,福建,69108fad000000000503b12c,木地板只有缺点，没有优点。如果有人跟你讲木地板有优点，那都是忽悠想卖货,62479a37000000001000d937,Lifenote,https://sns-avatar-qc.xhscdn.com/avatar/1040g2jo3170ol8vb3u005oi7j8rk1m9nkot757o?imageView2/2/w/120/format/jpg,0,,6915bb97000000003803ce34,1763797325028,0
691bbec400000000380256e5,1763425989000,广东,69108fad000000000503b12c,[捂脸R]这么悲催吗,5a7930a14eacab2eb2ee5df8,丸子檬,https://sns-avatar-qc.xhscdn.com/avatar/5a79310fd1d3b93133d477a6.jpg?imageView2/2/w/120/format/jpg,0,,691bbd11000000003800bc88,1763797325032,0
691c8651000000001d01cf0c,1763477073000,上海,69108fad000000000503b12c,因人而异吧，对我家这个一天到晚滚在地上不穿鞋子到处乱跪的孩子来说木地板实在是安全和舒服太多了,548404b1e7798927929d05fe,嘟嘟爱吃草,https://sns-avatar-qc.xhscdn.com/avatar/1040g2jo319svgicmne6g400qkf2b21fukn10o9g?imageView2/2/w/120/format/jpg,0,,6915bb97000000003803ce34,1763797325040,0
691ca6610000000039005ff9,1763485282000,广东,69108fad000000000503b12c,[叹气R]我确实也是因为这点才考虑在地砖基础上加装木地板,5a7930a14eacab2eb2ee5df8,丸子檬,https://sns-avatar-qc.xhscdn.com/avatar/5a79310fd1d3b93133d477a6.jpg?imageView2/2/w/120/format/jpg,0,,691c8651000000001d01cf0c,1763797325043,0
691d69050000000039007f1d,1763535110000,重庆,69108fad000000000503b12c,不装踢脚线，墙面和地面怎么衔接呢？地砖铺满，腻子压下来吗？,6100deb3000000000101f522,恍若昨日,https://sns-avatar-qc.xhscdn.com/avatar/1040g2jo31n6rgn8o6m6g5o80rqpgbt925mjqn7o?imageView2/2/w/120/format/jpg,0,,69115ee9000000003800b7e8,1763797325049,0
691c8aac000000003802a164,1763478188000,福建,69108fad000000000503b12c,纯属自己幻想，科学的反面是鬼扯,62479a37000000001000d937,Lifenote,https://sns-avatar-qc.xhscdn.com/avatar/1040g2jo3170ol8vb3u005oi7j8rk1m9nkot757o?imageView2/2/w/120/format/jpg,0,,691c8651000000001d01cf0c,1763797327198,0
6912c461000000003802fafa,1762837601000,河南,69108fad000000000503b12c,关键好不好用，有没有水渍,5a74437de8ac2b058e10943a,美熙宝,https://sns-avatar-qc.xhscdn.com/avatar/1040g2jo31cji4rlfgs004a17tl1nr51quai1kp8?imageView2/2/w/120/format/jpg,0,,69116c4f0000000039007ad4,1763797329201,1
69148a1b000000003900a138,1762953755000,广西,69108fad000000000503b12c,好用 几乎没有,5532f23ad39ea239e9e4e811,菜大鑫,https://sns-avatar-qc.xhscdn.com/avatar/61cf24455531f17e6aae7ce3.jpg?imageView2/2/w/120/format/jpg,0,,6912c461000000003802fafa,1763797329378,1
69152fe0000000003802a65e,1762996193000,河南,69108fad000000000503b12c,多少钱买入的,5a74437de8ac2b058e10943a,美熙宝,https://sns-avatar-qc.xhscdn.com/avatar/1040g2jo31cji4rlfgs004a17tl1nr51quai1kp8?imageView2/2/w/120/format/jpg,0,,69148a1b000000003900a138,1763797329382,0
69156fa9000000003900b3e9,1763012521000,天津,69108fad000000000503b12c,我是10号晚上买的，透明款三千九,680e1a69000000000e010192,hhh,https://sns-avatar-qc.xhscdn.com/avatar/1040g2jo31nulnv7tlm6g5q0e39kji0cioqe0uk0?imageView2/2/w/120/format/jpg,0,,69152fe0000000003802a65e,1763797329387,0
6915772a000000003802d844,1763014442000,河南,69108fad000000000503b12c,水箱版的吗？我看上下水的要六千[哭惹R],5a74437de8ac2b058e10943a,美熙宝,https://sns-avatar-qc.xhscdn.com/avatar/1040g2jo31cji4rlfgs004a17tl1nr51quai1kp8?imageView2/2/w/120/format/jpg,0,,69156fa9000000003900b3e9,1763797329391,0
6916f397000000003901c32c,1763111832000,黑龙江,69108fad000000000503b12c,"你的划算啊，我也是透明的水箱版，romoP,我的4300，",61606b3e00000000020215ef,一个母豹子🐆,https://sns-avatar-qc.xhscdn.com/avatar/1040g2jo31hqflpfekq005ob0dcv0k5ffcc1ilko?imageView2/2/w/120/format/jpg,0,,69156fa9000000003900b3e9,1763797329400,1
69191cc4000000003803d536,1763253444000,江苏,69108fad000000000503b12c,额，我昨天拍居然4890，居然涨了这么多,568a89dc1c07df1804687081,青提,https://sns-avatar-qc.xhscdn.com/avatar/1040g2jo31lqpeqr25800450a084tos417sq4ero?imageView2/2/w/120/format/jpg,0,,6916f397000000003901c32c,1763797331611,0
691947ea000000003800c644,1763264491000,上海,69108fad000000000503b12c,romo a吧，p我看都要4800,5e841d680000000001006345,giniVi,https://sns-avatar-qc.xhscdn.com/avatar/1040g2jo31kn33f032u005nk43lk08oq5tnlq5jg?imageView2/2/w/120/format/jpg,0,,6916f397000000003901c32c,1763797331614,0
691a9ab90000000038004395,1763351225000,广东,69108fad000000000503b12c,没错[点赞R],5f5b30780000000001004d32,大飞飞,https://sns-avatar-qc.xhscdn.com/avatar/62311b51f579238391189780.jpg?imageView2/2/w/120/format/jpg,0,,69148a1b000000003900a138,1763797331620,0
691e5eb300000000390049c7,1763598004000,山东,69108fad000000000503b12c,上下水吗,63fc6396000000001002b8ea,依心而活,https://sns-avatar-qc.xhscdn.com/avatar/1040g2jo31k20o5m932005ovsceb45e7alsi22l8?imageView2/2/w/120/format/jpg,0,,69156fa9000000003900b3e9,1763797331628,0
69156fe9000000003900bb96,1763012586000,河北,69108fad000000000503b12c,基站清洁这个点真的夸，懒人福音,682accb5000000000e0127b8,百毒不侵,https://sns-avatar-qc.xhscdn.com/avatar/1040g2jo31nvlhcqpl8605q1apiqji9to01v4gso?imageView2/2/w/120/format/jpg,0,,6911a6d90000000039020f87,1763797333637,1
691572520000000039025a61,1763013203000,浙江,69108fad000000000503b12c,基站里面真的很干净，绝对的懒人福音,61266216000000000101f627,叼叼,https://sns-avatar-qc.xhscdn.com/avatar/1040g2jo31fpft0vigc205o96c8b0bth7orv31ig?imageView2/2/w/120/format/jpg,0,,69156fe9000000003900bb96,1763797333820,1
69195d9e0000000039031346,1763270047000,黑龙江,69108fad000000000503b12c,我也入的这款，这个点最打动我,61606b3e00000000020215ef,一个母豹子🐆,https://sns-avatar-qc.xhscdn.com/avatar/1040g2jo31hqflpfekq005ob0dcv0k5ffcc1ilko?imageView2/2/w/120/format/jpg,0,,691572520000000039025a61,1763797333823,0
691a00760000000039024e31,1763311735000,陕西,69108fad000000000503b12c,基站不用我再二次清洁它就是我选它的最重要的原因，其它牌子的都不能真正做到,65365096000000000301ccaf,小花朵儿,https://sns-avatar-qc.xhscdn.com/avatar/1040g2jo31lipap6al0005p9ma2b0rj5fhqmlio8?imageView2/2/w/120/format/jpg,0,,6911a6d90000000039020f87,1763797333831,0
691e8b90000000001502fd9e,1763609488000,上海,69108fad000000000503b12c,这个是上下水还是水箱呀？想买不知道哪种好。,590683a05e87e76fb1e2d367,雷阵雨呀🎃,https://sns-avatar-qc.xhscdn.com/avatar/61e13445793f4a20716119e1.jpg?imageView2/2/w/120/format/jpg,0,,6911a6d90000000039020f87,1763797333836,0
691e8ba70000000006018007,1763609511000,浙江,69108fad000000000503b12c,上下水的,61266216000000000101f627,叼叼,https://sns-avatar-qc.xhscdn.com/avatar/1040g2jo31fpft0vigc205o96c8b0bth7orv31ig?imageView2/2/w/120/format/jpg,0,,691e8b90000000001502fd9e,1763797333841,0
691e8d610000000006019a22,1763609953000,上海,69108fad000000000503b12c,好滴，谢谢！推荐上下水的是吗,590683a05e87e76fb1e2d367,雷阵雨呀🎃,https://sns-avatar-qc.xhscdn.com/avatar/61e13445793f4a20716119e1.jpg?imageView2/2/w/120/format/jpg,0,,691e8ba70000000006018007,1763797336039,0
6911c6ea0000000038025d94,1762772715000,福建,69108fad000000000503b12c,胶刷配置真的太奇葩了，根本就没几毛钱的事，还搞区别。就应该两种都配一对，用户根据情况选择,614fcdac0000000002024e40,小红薯6150E259,https://sns-avatar-qc.xhscdn.com/avatar/644788128b966cee8fc3de1b.jpg?imageView2/2/w/120/format/jpg,0,,69113b6c00000000330232b4,1763797338043,1
691283dd000000003300f814,1762821086000,广西,69108fad000000000503b12c,这个原厂的99元一对，还是挺贵的，我希望他们默认配的是胶毛一体的，或者购买前就让你可选的,615f0393000000000201fd02,在成都,https://sns-avatar-qc.xhscdn.com/avatar/d784fc20c996f3d2f39d034c404f234e.jpg?imageView2/2/w/120/format/jpg,0,,6911c6ea0000000038025d94,1763797338271,0
691483ad0000000039006922,1762952109000,福建,69108fad000000000503b12c,我家有长毛怪，配的没毛的挺适合我[笑哭R],614fcdac0000000002024e40,小红薯6150E259,https://sns-avatar-qc.xhscdn.com/avatar/644788128b966cee8fc3de1b.jpg?imageView2/2/w/120/format/jpg,0,,691283dd000000003300f814,1763797338275,0
691155fe000000003801640c,1762743807000,福建,69108fad000000000503b12c,如果有扫地机吸不起来的垃圾，这不是扫地机的错，是装修落后和业主太脏,62479a37000000001000d937,Lifenote,https://sns-avatar-qc.xhscdn.com/avatar/1040g2jo3170ol8vb3u005oi7j8rk1m9nkot757o?imageView2/2/w/120/format/jpg,0,,69113b6c00000000330232b4,1763797338284,1
68a85583000000003001bb5f,1755862406000,,689711c8000000002502699d,更新来了 好多划痕[笑哭R]不知道哪里蹭的@DJI大疆技术支持,5ff1607c0000000001007f04,可乐雪碧还是芬达,https://sns-avatar-qc.xhscdn.com/avatar/1040g2jo30ndns5t8mi005nvhc1u08vo4c7se8ao?imageView2/2/w/120/format/jpg,1,http://sns-webpic-qc.xhscdn.com/202511221542/e4b23a9749a7115dcfb6b4737bd4c805/comment/1040g2h031lg2ls58ku005nvhc1u08vo4erp8bu0!nd_whgt34_webp_wm_1,0,1763797342566,0
689740f5000000002903dfd4,1754743033000,,689711c8000000002502699d,扫的蛮干净 拖的也还行 没有水渍,5ff1607c0000000001007f04,可乐雪碧还是芬达,https://sns-avatar-qc.xhscdn.com/avatar/1040g2jo30ndns5t8mi005nvhc1u08vo4c7se8ao?imageView2/2/w/120/format/jpg,11,http://sns-webpic-qc.xhscdn.com/202511221542/5b5095f4745b91d7bb21f66c83cda2e0/comment/1040g2h031kvctj32j60g5nvhc1u08vo4j1de258!nd_whgt34_webp_wm_1,0,1763797342569,19
6897131b000000002903942b,1754731291000,,689711c8000000002502699d,扫两遍拖一遍，花了6个多小时你信吗[笑哭R],5fcbd797000000000101eb6b,momo,https://sns-avatar-qc.xhscdn.com/avatar/644634109329aa25ed954b99.jpg?imageView2/2/w/120/format/jpg,11,,0,1763797342577,4
689758d7000000002a00b83b,1754749143000,,689711c8000000002502699d,你是不是选了精细路线呀，这个会扫的比较细致，如果选择清洁3次，相当于要在你那接近100平的房间里扫3次，拖3次，应该是比较费时间的,5b05618df7e8b946a5986fb7,willow,https://sns-avatar-qc.xhscdn.com/avatar/5b05618df7e8b946a5986fb7.jpg?imageView2/2/w/120/format/jpg,3,,0,1763797342581,12
6897a9c4000000002b006a5e,1754769861000,,689711c8000000002502699d,感觉还好呀,5b0afb0f6b58b77067c760d7,双子很皮,https://sns-avatar-qc.xhscdn.com/avatar/1040g2jo31c0cpm3bgm004a5n62tguo6nusqhrc0?imageView2/2/w/120/format/jpg,2,http://sns-webpic-qc.xhscdn.com/202511221542/a264e966b95ddb42eb15ea05ec67747a/comment/1040g2h031kvpmvtg2u004a5n62tguo6nr3uql18!nd_whgt34_webp_wm_1,0,1763797342585,10
68974d77000000002a00eecb,1754746232000,,689711c8000000002502699d,为什么你的路径如此漂亮呢,58ea581850c4b42566fefdeb,沉迷露营的糖水君,https://sns-avatar-qc.xhscdn.com/avatar/1040g2jo30rg48h35h80049clpec1hvfbrv7ost8?imageView2/2/w/120/format/jpg,1,,0,1763797342595,6
6899b087000000002a018e82,1754902666000,,689711c8000000002502699d,更新一下时长 最普通的扫➕拖,5ff1607c0000000001007f04,可乐雪碧还是芬达,https://sns-avatar-qc.xhscdn.com/avatar/1040g2jo30ndns5t8mi005nvhc1u08vo4c7se8ao?imageView2/2/w/120/format/jpg,1,http://sns-webpic-qc.xhscdn.com/202511221542/40fbe56ddc30f57e713d9bf443fe5ba6/comment/1040g2h031l1p1di4jq005nvhc1u08vo488kcgrg!nd_whgt34_webp_wm_1,0,1763797342604,2
68975a84000000002a009430,1754749572000,,689711c8000000002502699d,大疆给你造了一个兢兢业业的老黄牛，你还嫌弃人家[害羞R],67c6f6b9000000000e01c899,momo,https://sns-avatar-qc.xhscdn.com/avatar/1040g2jo31luatr9ul0005pu6uqsjji4pfbgus90?imageView2/2/w/120/format/jpg,0,,0,1763797342615,11
68975a7d000000002a004d3e,1754749566000,,689711c8000000002502699d,"扫地机都是先扫后拖，如果边扫边拖很容易让灰层和头发粘在地上，反而扫不干净的
",65e97ef9000000000500ee54,戒糖戒甜少女,https://sns-avatar-qc.xhscdn.com/avatar/1040g2jo310ttc6no6k005pf9frsh9rike9h5nd8?imageView2/2/w/120/format/jpg,0,,0,1763797342624,8
68971f08000000002b01fe19,1754734344000,,689711c8000000002502699d,新机一般电量不满，是不是没满就开始任务了～,653550f0000000000600534f,Pue。,https://sns-avatar-qc.xhscdn.com/avatar/1040g2jo31lop9jbn5m0g5p9la3o1gkqf4mchvp8?imageView2/2/w/120/format/jpg,1,,0,1763797342634,0
68af09960000000023014597,1756301718000,,689711c8000000002502699d,应该是家具，比如电视柜。我发现，如果电视柜下面有和机器人差不多高的凹巢。就很容易碰撞，擦碰。,6656fcf10000000003033aa6,小红薯6657C8D7,https://sns-avatar-qc.xhscdn.com/avatar/645b7ecfb46568f58064957a.jpg?imageView2/2/w/120/format/jpg,0,,68a85583000000003001bb5f,1763797344650,0
68974709000000002b0219c2,1754744585000,,689711c8000000002502699d,机器上这个滤网是怎么拿出来的，研究了半天，也没拿的出来,594202f050c4b429a01b0e1c,Kepler_z,https://sns-avatar-qc.xhscdn.com/avatar/5a5c13d6d2c8a505e6385583.jpg?imageView2/2/w/120/format/jpg,0,,689740f5000000002903dfd4,1763797344653,0
68974ec5000000002a019781,1754746565000,,689711c8000000002502699d,拉环一拉就出来了,5ff1607c0000000001007f04,可乐雪碧还是芬达,https://sns-avatar-qc.xhscdn.com/avatar/1040g2jo30ndns5t8mi005nvhc1u08vo4c7se8ao?imageView2/2/w/120/format/jpg,0,,68974709000000002b0219c2,1763797344877,0
689826b1000000002a001ea3,1754801841000,,689711c8000000002502699d,我就是不满意时长 太久了 在家的话得烦死,5ff1607c0000000001007f04,可乐雪碧还是芬达,https://sns-avatar-qc.xhscdn.com/avatar/1040g2jo30ndns5t8mi005nvhc1u08vo4c7se8ao?imageView2/2/w/120/format/jpg,0,,68980f76000000002b02f7c4,1763797344881,0
6899505e000000002a019373,1754878046000,,689711c8000000002502699d,拖完后的污水盒的洁净度如何？能再上个真实图吗,5a90bd5ce8ac2b7bc2be60ad,Sofi,https://sns-avatar-qc.xhscdn.com/avatar/614bc2cfb615d342e669118a.jpg?imageView2/2/w/120/format/jpg,0,,689740f5000000002903dfd4,1763797344887,1
6899ce96000000002a00a363,1754910358000,,689711c8000000002502699d,有点纠结退不退，之前没研究过，感觉对比参数下来，竞品要便宜块1000,585639dc7fc5b80c278892fd,Charlie🕴,https://sns-avatar-qc.xhscdn.com/avatar/1040g2jo31l643mkk4u0048vf6vstp4nt3be5v5o?imageView2/2/w/120/format/jpg,0,,689740f5000000002903dfd4,1763797344893,1
68a569480000000030033773,1755670857000,,689711c8000000002502699d,科沃斯跟他价格国补之后一样的啊 我就纠结这两个,5b5763ca11be100cfebdabfb,AOAOAO_,https://sns-avatar-qc.xhscdn.com/avatar/5b57644a14de411ecfa835a4.jpg?imageView2/2/w/120/format/jpg,0,,6899ce96000000002a00a363,1763797344897,0
68a75c7d0000000030009b4d,1755798653000,,689711c8000000002502699d,滤网什么时候需要拿出来呀？,5a05bb9bb1da140c1f070d46,小糕小满,https://sns-avatar-qc.xhscdn.com/avatar/5e822ade0006c1000136b8cd.jpg?imageView2/2/w/120/format/jpg,0,,68974709000000002b0219c2,1763797347147,0
68a7be88000000002700b02a,1755823753000,,689711c8000000002502699d,App里有个耗材提示，按照提示就行,594202f050c4b429a01b0e1c,Kepler_z,https://sns-avatar-qc.xhscdn.com/avatar/5a5c13d6d2c8a505e6385583.jpg?imageView2/2/w/120/format/jpg,0,,68a75c7d0000000030009b4d,1763797347151,0
68a7f4310000000030004751,1755837490000,,689711c8000000002502699d,好滴,5a05bb9bb1da140c1f070d46,小糕小满,https://sns-avatar-qc.xhscdn.com/avatar/5e822ade0006c1000136b8cd.jpg?imageView2/2/w/120/format/jpg,0,,68a7be88000000002700b02a,1763797347155,0
68980f76000000002b02f7c4,1754795894000,,689711c8000000002502699d,你写的比较真实，信你一把本来看评论有点纠结的现在放心了，定了,630c7b34000000000f006a9b,stars,https://sns-avatar-qc.xhscdn.com/avatar/1040g2jo31npiqjga5m5g5oocfcq3oqkr5auhc30?imageView2/2/w/120/format/jpg,0,,689740f5000000002903dfd4,1763797347163,7
689dd0c100000000300327ff,1755173057000,,689711c8000000002502699d,我的有水印,5ea98c83000000000100756e,摸鱼小能手,https://sns-avatar-qc.xhscdn.com/avatar/1040g2jo310q582qemi005nl9hi1g8tbesd9soio?imageView2/2/w/120/format/jpg,0,,689740f5000000002903dfd4,1763797347167,0
68971375000000002a01b4de,1754731381000,,689711c8000000002502699d,信 我一点多让他开始扫的 这会儿还没结束,5ff1607c0000000001007f04,可乐雪碧还是芬达,https://sns-avatar-qc.xhscdn.com/avatar/1040g2jo30ndns5t8mi005nvhc1u08vo4c7se8ao?imageView2/2/w/120/format/jpg,0,,6897131b000000002903942b,1763797349173,0
689713b50000000029038b9a,1754731445000,,689711c8000000002502699d,感觉时间不太适合[笑哭R],5fcbd797000000000101eb6b,momo,https://sns-avatar-qc.xhscdn.com/avatar/644634109329aa25ed954b99.jpg?imageView2/2/w/120/format/jpg,0,,68971375000000002a01b4de,1763797349350,0
68971546000000002a0003a8,1754731847000,,689711c8000000002502699d,对 我的石头 一般扫一小时 拖70分钟,5ff1607c0000000001007f04,可乐雪碧还是芬达,https://sns-avatar-qc.xhscdn.com/avatar/1040g2jo30ndns5t8mi005nvhc1u08vo4c7se8ao?imageView2/2/w/120/format/jpg,0,,689713b50000000029038b9a,1763797349354,0
68971570000000002902ff82,1754731888000,,689711c8000000002502699d,巧了我也石头你退吗[偷笑R],5fcbd797000000000101eb6b,momo,https://sns-avatar-qc.xhscdn.com/avatar/644634109329aa25ed954b99.jpg?imageView2/2/w/120/format/jpg,0,,68971546000000002a0003a8,1763797349361,0
68971612000000002a005baa,1754732051000,,689711c8000000002502699d,回去看看 干不干净 不干净就毫不犹豫,5ff1607c0000000001007f04,可乐雪碧还是芬达,https://sns-avatar-qc.xhscdn.com/avatar/1040g2jo30ndns5t8mi005nvhc1u08vo4c7se8ao?imageView2/2/w/120/format/jpg,0,,68971570000000002902ff82,1763797349366,0
689716c400000000290391ab,1754732229000,,689711c8000000002502699d,我家的感觉扫比石头干净。拖的话比石头好没水印,5fcbd797000000000101eb6b,momo,https://sns-avatar-qc.xhscdn.com/avatar/644634109329aa25ed954b99.jpg?imageView2/2/w/120/format/jpg,0,,68971612000000002a005baa,1763797349376,5
68972b29000000002a007d3d,1754737449000,,689711c8000000002502699d,石头哪款，我大疆也扫不干净,627faa830000000021025e6b,禾木创意手绘馆,https://sns-avatar-qc.xhscdn.com/avatar/637471691088f1cc3e4cd2db.jpg?imageView2/2/w/120/format/jpg,0,,689716c400000000290391ab,1763797351547,0
68972b4b0000000029039018,1754737484000,,689711c8000000002502699d,P20pro。可能我家挺干净所以看不出大疆干不干净吧,5fcbd797000000000101eb6b,momo,https://sns-avatar-qc.xhscdn.com/avatar/644634109329aa25ed954b99.jpg?imageView2/2/w/120/format/jpg,0,,68972b29000000002a007d3d,1763797351549,0
68972b80000000002a01abb0,1754737537000,,689711c8000000002502699d,好的,627faa830000000021025e6b,禾木创意手绘馆,https://sns-avatar-qc.xhscdn.com/avatar/637471691088f1cc3e4cd2db.jpg?imageView2/2/w/120/format/jpg,0,,68972b4b0000000029039018,1763797351556,0
689873b5000000002a00441a,1754821557000,,689711c8000000002502699d,我的也是,588f3e7b6a6a690e2e528acb,雅妮,https://sns-avatar-qc.xhscdn.com/avatar/1040g2jo31mbr9ih24u004935j1v7n2mbtm925fg?imageView2/2/w/120/format/jpg,0,,6897131b000000002903942b,1763797351562,1
68987f11000000002903019b,1754824465000,,689711c8000000002502699d,太久了受不了退了,5fcbd797000000000101eb6b,momo,https://sns-avatar-qc.xhscdn.com/avatar/644634109329aa25ed954b99.jpg?imageView2/2/w/120/format/jpg,0,,689873b5000000002a00441a,1763797351571,0
6897d2b2000000002903ef09,1754780339000,,689711c8000000002502699d,都是选的最普通模式 只扫了一次拖一次,5ff1607c0000000001007f04,可乐雪碧还是芬达,https://sns-avatar-qc.xhscdn.com/avatar/1040g2jo30ndns5t8mi005nvhc1u08vo4c7se8ao?imageView2/2/w/120/format/jpg,0,,689758d7000000002a00b83b,1763797353589,0
6897e050000000002b018663,1754783824000,,689711c8000000002502699d,你17个平方，人家100个平方，按着这个算下来，不得300分钟啊。,62753fa40000000021029a3d,一楼带院自装,https://sns-avatar-qc.xhscdn.com/avatar/1000g2jo2otdd8lak805g5ojl7ui8d6htkk2fo1o?imageView2/2/w/120/format/jpg,0,,689779db000000002a00f241,1763797353811,0
689779db000000002a00f241,1754757597000,,689711c8000000002502699d,我小户型的单身公寓，一般精细打扫50分钟左右，不过我设置为自己上班时间扫，到家的时候就很一尘不染,5b2bb396e8ac2b4396b5623c,随便🍉,https://sns-avatar-qc.xhscdn.com/avatar/1040g2jo31ak3r31f6m004a6f6sppcohsp7aq2b0?imageView2/2/w/120/format/jpg,0,http://sns-webpic-qc.xhscdn.com/202511221542/99fa3db3f330e236667491bdfbaf307e/comment/1040g2h031kvjrr2236004a6f6sppcohs8i0mbp0!nd_whgt34_webp_wm_1,689758d7000000002a00b83b,1763797353814,5
6897d3a5000000002903ff1f,1754780582000,,689711c8000000002502699d,[笑哭R],5ff1607c0000000001007f04,可乐雪碧还是芬达,https://sns-avatar-qc.xhscdn.com/avatar/1040g2jo30ndns5t8mi005nvhc1u08vo4c7se8ao?imageView2/2/w/120/format/jpg,0,http://sns-webpic-qc.xhscdn.com/202511221542/56044a9c5041fdf40b2ccc412cd4934a/comment/1040g2h031kvuqipa3q005nvhc1u08vo4eof7mh0!nd_whgt34_webp_wm_1,6897a9c4000000002b006a5e,1763797355821,1
68988087000000002b005304,1754824840000,,689711c8000000002502699d,你这个看着也OK呀,5b0afb0f6b58b77067c760d7,双子很皮,https://sns-avatar-qc.xhscdn.com/avatar/1040g2jo31c0cpm3bgm004a5n62tguo6nusqhrc0?imageView2/2/w/120/format/jpg,0,,6897d3a5000000002903ff1f,1763797356016,0
68974ef4000000002a006c53,1754746612000,,689711c8000000002502699d,可能地面没啥东西,5ff1607c0000000001007f04,可乐雪碧还是芬达,https://sns-avatar-qc.xhscdn.com/avatar/1040g2jo30ndns5t8mi005nvhc1u08vo4c7se8ao?imageView2/2/w/120/format/jpg,0,,68974d77000000002a00eecb,1763797358020,0
6899b101000000002903f380,1754902785000,,689711c8000000002502699d,第一天可能摸索时间久一点 包含两次识别不了基站 昨天今天都是小4小时,5ff1607c0000000001007f04,可乐雪碧还是芬达,https://sns-avatar-qc.xhscdn.com/avatar/1040g2jo30ndns5t8mi005nvhc1u08vo4c7se8ao?imageView2/2/w/120/format/jpg,0,,6899b087000000002a018e82,1763797358023,2
6897324a000000002a0042db,1754739274000,,689711c8000000002502699d,不是 满的开始的,5ff1607c0000000001007f04,可乐雪碧还是芬达,https://sns-avatar-qc.xhscdn.com/avatar/1040g2jo30ndns5t8mi005nvhc1u08vo4c7se8ao?imageView2/2/w/120/format/jpg,0,,68971f08000000002b01fe19,1763797358030,0
68aaf946000000002601a31a,1756035398000,,689711c8000000002502699d,您好，非常感谢您支持DJI ROMO扫地机器人并分享您的使用体验。关于您提到的工作时间过长，因ROMO机器人为了有更好的清洁效果，所以清洁时间会比较长。另DJI Romo 目前支持小度、米家 app（支持开始，暂停，结束任务）和小爱语音（支持开始，暂停任务）。如果后面家里面不是特别脏的情况下，可以将清洁路线设置成快速。,6264e238000000001000b529,DJI大疆服务,https://sns-avatar-qc.xhscdn.com/avatar/1040g2jo314f1g7fim06g5oj4s8s41d9907q99o0?imageView2/2/w/120/format/jpg,1,,0,1763797358301,0
68a7aa88000000002700e31b,1755818634000,,689711c8000000002502699d,我买的丐版，150多平拖了四五个小时，还好多处不干净，看别人说第一代产品不能买，都是当小白鼠的，最起码从第三代开始买[笑哭R][笑哭R],5d5016520000000012031815,程钧,https://sns-avatar-qc.xhscdn.com/avatar/1040g2jo30n63s0335e005nag2p94m60l2tlrod0?imageView2/2/w/120/format/jpg,0,http://sns-webpic-qc.xhscdn.com/202511221542/57ced01abd36806c4a7fe3b8100023a8/comment/1040g2h031lfdq00c5o005nag2p94m60lglrsal0!nd_whgt34_webp_wm_1,0,1763797358309,0
68a56168000000003000f45b,1755668841000,,689711c8000000002502699d,app设计真反人类，我选完清洁模式，还要往下滑着退出,5d0e01a7000000001001b7b1,Mick,https://sns-avatar-qc.xhscdn.com/avatar/1040g2jo31nstakj1kq005n8e06jk3dthiag7krg?imageView2/2/w/120/format/jpg,0,,0,1763797358316,0
689dc6390000000030006b58,1755170361000,,689711c8000000002502699d,这个是哪一款？,614f0140000000001f03f2a0,W3,https://sns-avatar-qc.xhscdn.com/avatar/614f0140000000001f03f2a0.jpg?imageView2/2/w/120/format/jpg,0,,0,1763797358319,0
689ae07d000000002b01b672,1754980477000,,689711c8000000002502699d,这抹布盘真能拖干净嘛,5c1cffa2000000000503c08e,使用了死亡翻滚 效果拔群,https://sns-avatar-qc.xhscdn.com/avatar/1040g2jo318krgrkg466g5n0svuh1fg4ee27h2sg?imageView2/2/w/120/format/jpg,0,,0,1763797358323,0
689abc57000000002903e7e1,1754971224000,,689711c8000000002502699d,石头好还是大疆好,597aefee82ec39165188b43e,差不多先生,https://sns-avatar-qc.xhscdn.com/avatar/1000g2jo2k48edtkio04g49mvg6nutd1u54mrvt0?imageView2/2/w/120/format/jpg,2,,0,1763797358336,0
68994fbc000000002b01966d,1754877885000,,689711c8000000002502699d,凑合，可能没用过好的。,5572998f3fef92346b533890,河马要健康,https://sns-avatar-qc.xhscdn.com/avatar/1040g2jo317elh07fk40040oqgicoue4gmldved0?imageView2/2/w/120/format/jpg,0,http://sns-webpic-qc.xhscdn.com/202511221542/a29691fe20bb40a65d03be90795bc5ef/comment/1040g2h031l1d7a27340040oqgicoue4g8cs2jso!nd_whgt34_webp_wm_1,0,1763797358341,0
68993a29000000002b020e89,1754872361000,,689711c8000000002502699d,12平扫了一个半小时...怎么那么慢啊[哭惹R],60d9dd050000000001002cff,omomo,https://sns-avatar-qc.xhscdn.com/avatar/1040g2jo31m5g7p765i005o6prk2g8b7voqjvuh0?imageView2/2/w/120/format/jpg,3,,0,1763797358350,0
6898a73b000000002b0205a7,1754834747000,,689711c8000000002502699d,我就想说你们房子都好大啊,62360b28000000002102abce,盆儿胡同,https://sns-avatar-qc.xhscdn.com/avatar/1040g2jo30s6h62gkim5g5ohm1ck8dauetlg7nsg?imageView2/2/w/120/format/jpg,0,,0,1763797358354,1
689838f4000000002903967f,1754806516000,,689711c8000000002502699d,等你们先用，我等第二代,5cb205ca0000000012019e26,习惯被宠,https://sns-avatar-qc.xhscdn.com/avatar/5cb206f75a23380001fb8bf7.jpg?imageView2/2/w/120/format/jpg,0,,0,1763797358363,0
68aaf94d000000002301684a,1756035406000,,689711c8000000002502699d,"同时划痕的出现可能是剐蹭到沙发底或床底区域，建议您针对该场景推荐选择谨慎模式（设置-避障设置-打开AI智能避障-避障模式选择谨慎），或者在APP中设置禁区（地图管理→地图编辑→禁区），可以为沙发底部等容易卡住的位置设置限制区域。
后续如您在使用过程中有遇到任何疑问，欢迎随时✉️我们。",6264e238000000001000b529,DJI大疆服务,https://sns-avatar-qc.xhscdn.com/avatar/1040g2jo314f1g7fim06g5oj4s8s41d9907q99o0?imageView2/2/w/120/format/jpg,0,,68aaf946000000002601a31a,1763797360373,0
68a56a2c0000000030027300,1755671085000,,689711c8000000002502699d,石头跟云鲸纯网红产品 漫天营销我反正不考虑 我就纠结科沃斯跟大疆不知道选那个,5b5763ca11be100cfebdabfb,AOAOAO_,https://sns-avatar-qc.xhscdn.com/avatar/5b57644a14de411ecfa835a4.jpg?imageView2/2/w/120/format/jpg,0,,689abc57000000002903e7e1,1763797360377,0
68a57b160000000030006993,1755675415000,,689711c8000000002502699d,科沃斯还是算了 你选大疆吧,5ff1607c0000000001007f04,可乐雪碧还是芬达,https://sns-avatar-qc.xhscdn.com/avatar/1040g2jo30ndns5t8mi005nvhc1u08vo4c7se8ao?imageView2/2/w/120/format/jpg,0,,68a56a2c0000000030027300,1763797360801,0
6899ac1c000000002903d1a7,1754901533000,,689711c8000000002502699d,是不是哪里设置有问题，我家100平的扫一次也就三四十分钟吧 [哇R][害羞R],667531fb000000000b030d93,SHEEP,https://sns-avatar-qc.xhscdn.com/avatar/1040g2jo31dkls04pgk605poi9m2iu6kqqou6bj8?imageView2/2/w/120/format/jpg,0,,68993a29000000002b020e89,1763797362812,0
6899b875000000002b01a090,1754904693000,,689711c8000000002502699d,是的 他在门槛卡住了 我起床才发现 哈哈哈哈哈哈哈,60d9dd050000000001002cff,omomo,https://sns-avatar-qc.xhscdn.com/avatar/1040g2jo31m5g7p765i005o6prk2g8b7voqjvuh0?imageView2/2/w/120/format/jpg,0,,6899ac1c000000002903d1a7,1763797363009,0
689a36a50000000029024345,1754936998000,,689711c8000000002502699d,哈哈冤枉了,65c9e884000000000b038c6c,momomomo,https://sns-avatar-qc.xhscdn.com/avatar/645b7e371fc3de4c930eff9d.jpg?imageView2/2/w/120/format/jpg,0,,6899b875000000002b01a090,1763797363012,0
689773a20000000029035598,1754756002000,,689711c8000000002502699d,用不了就退了吧,5fec846f00000000010072ee,momo,https://sns-avatar-qc.xhscdn.com/avatar/1040g2jo31hkbjj85js5g5nvcghng8snejd7cmpo?imageView2/2/w/120/format/jpg,0,,0,1763797365318,0
6897540b000000001003c8c1,1754747916000,,689711c8000000002502699d,"您好！非常抱歉您给您带来使用上的困扰。
为了能让工程师更精准地分析并解决问题，麻烦您协助上传一下日志。路径：打开 DJI APP，进入 “我的” 页面，选择 “帮助”，再找到 “问题日志上传” 进行操作。
上传之后将二维码通过私信发送给到我们，我们会尽快安排工程师分析。感谢您的理解与配合！",6264e238000000001000b529,DJI大疆服务,https://sns-avatar-qc.xhscdn.com/avatar/1040g2jo314f1g7fim06g5oj4s8s41d9907q99o0?imageView2/2/w/120/format/jpg,1,,0,1763797365333,5
68975076000000002902ea7b,1754746999000,,689711c8000000002502699d,扫拖一次搞不完,5c46ab0400000000120245e8,Chiron,https://sns-avatar-qc.xhscdn.com/avatar/1040g2jo31kfvpsh0j0005n26lc24khf83s507l0?imageView2/2/w/120/format/jpg,0,http://sns-webpic-qc.xhscdn.com/202511221542/f635ed142cbd18e807cd83126ab65ba2/comment/1040g2h031kveq4v2iue05n26lc24khf8p40e15g!nd_whgt34_webp_wm_1,0,1763797365341,0
68974374000000002a00c4ca,1754743670000,,689711c8000000002502699d,看我的[笑哭了R][笑哭了R][笑哭了R][笑哭了R],566308d4cb35fb146abde0fb,Biub～,https://sns-avatar-qc.xhscdn.com/avatar/1040g2jo31h3f2b4b420043nrag4d9o7ruoufa78?imageView2/2/w/120/format/jpg,1,http://sns-webpic-qc.xhscdn.com/202511221542/64a213935f06cfddba84fa28c7063ce9/comment/1040g2h031kvd7b7gjq0043nrag4d9o7r8g0iha0!nd_whgt34_webp_wm_1,0,1763797365350,0
689b03cf000000003001e2d6,1754989520000,,689711c8000000002502699d,[害羞R]我现在下单买大疆，你们会一直OTA吗,5ea40d7400000000010073ed,珀西,https://sns-avatar-qc.xhscdn.com/avatar/1040g2jo31f9pd2h1m66g5nl41lq08svdhpb5m0g?imageView2/2/w/120/format/jpg,0,,6897540b000000001003c8c1,1763797367359,4
68975ae4000000002b00a060,1754749669000,,689711c8000000002502699d,我觉得你应该庆幸，它很聪明的提醒你了，要不你的地板就会跟我一样,58e0e0d66a6a69798e4bf016,momo,https://sns-avatar-qc.xhscdn.com/avatar/1040g2jo31l77fpk5580049c1l7gdds0m7nig0go?imageView2/2/w/120/format/jpg,0,http://sns-webpic-qc.xhscdn.com/202511221542/54f5c3eb587307887b84e01c815427a4/comment/1040g2h031kvdsv8d4k205pu6uqsjji4p7qoc898!nd_whlt34_webp_wm_1,68974374000000002a00c4ca,1763797367362,7
6881f244000000001a02aabf,1753346628000,,6880e542000000001202064a,002就是个问题集合体 什么问题都出现过,670b20f7000000001d0200f9,山不见底,https://sns-avatar-qc.xhscdn.com/avatar/1040g2jo318siqlp7k66g5pob43rnc07pqmvhkr8?imageView2/2/w/120/format/jpg,6,,0,1763797369706,2
6882daa90000000006007d54,1753406122000,,6880e542000000001202064a,云鲸002我才是真的无语 一个副地图只能一次性清洁16平米的东西我不知道拿来干嘛,5c6ec1100000000011024fdb,Max,https://sns-avatar-qc.xhscdn.com/avatar/62f9bac80dd3b1a790fdd721.jpg?imageView2/2/w/120/format/jpg,5,http://sns-webpic-qc.xhscdn.com/202511221542/11912403f651f2e2ca122c421877df1e/comment/1040g2h031kbfdvlvia005n3eo484cjurgu4deb8!nd_whgt34_webp_wm_1,0,1763797369710,2
6880f33b000000000f03d8a2,1753281340000,,6880e542000000001202064a,好像是履带,568fd41f5e87e7433581b4da,cocochen,https://sns-avatar-qc.xhscdn.com/avatar/1000g2jo2j3nka1oio060452deba1vd6qou8p3dg?imageView2/2/w/120/format/jpg,4,,0,1763797369715,0
68844951000000001b03c5a5,1753499985000,,6880e542000000001202064a,笑话：大疆外观垫底,5bb1dc848604540001b84c28,爱吃猪脚饭的朱丽叶,https://sns-avatar-qc.xhscdn.com/avatar/5bb1dc848604540001b84c28.jpg?imageView2/2/w/120/format/jpg,1,,0,1763797369719,6
6880ee8500000000090167e3,1753280133000,,6880e542000000001202064a,所以是复古圆盘拖布  +原始三头边刷吗,607ce7c200000000010054eb,非布司他,https://sns-avatar-qc.xhscdn.com/avatar/1040g2jo31f8qctiom66g5o3ssv108l7bgb9u5b8?imageView2/2/w/120/format/jpg,3,,0,1763797369731,0
688215b9000000001b03e659,1753355705000,,6880e542000000001202064a,想买,548136dcd6e4a9258417b71c,鲁宾斯坦,https://sns-avatar-qc.xhscdn.com/avatar/1040g2jo31fosu1vug000400pkhrdpdost15o4ko?imageView2/2/w/120/format/jpg,1,,0,1763797369736,1
6881d3bb000000000602cdc6,1753338812000,,6880e542000000001202064a,分析的挺客观的 但是边刷看起来没有防缠绕云鲸现在有防缠绕了,5e73071a0000000001007c64,天凉才是好个秋,https://sns-avatar-qc.xhscdn.com/avatar/1040g2jo31ksfe5ps3q005njj0sd08v346hegn3g?imageView2/2/w/120/format/jpg,1,,0,1763797369750,1
68e676220000000039022b10,1759933986000,,6880e542000000001202064a,互相挖人吗[doge],63b134d00000000026006879,蚂蚁呀嘿,https://sns-avatar-qc.xhscdn.com/avatar/647a6dd7a71105e4927df32a.jpg?imageView2/2/w/120/format/jpg,1,,0,1763797369758,0
688efc89000000002903c7ce,1754201226000,,6880e542000000001202064a,有啥推荐么，最近想买个扫地机器人，不用考虑预算。,688c788a00000000280303b3,大白梨0001,https://sns-avatar-qc.xhscdn.com/avatar/645b6abf2e368555521befcc.jpg?imageView2/2/w/120/format/jpg,1,,0,1763797369767,0
68882558000000001101a5fc,1753752920000,,6880e542000000001202064a,等大疆的空地巡航机上市，再贵俺也入手[doge],630b83b1000000001200c0ed,薄荷游侠,https://sns-avatar-qc.xhscdn.com/avatar/1040g2jo31fqaookcne005oobgeokhg7dj5jb108?imageView2/2/w/120/format/jpg,1,,0,1763797369778,0
68824358000000000901432a,1753367385000,,6880e542000000001202064a,[笑哭R]四大牌，那家都有可能遇到问题，扫地机主要还是日常清洁，他遇到问题会报错要你救救[扯脸H]毕竟可以天天用啦,64e092be0000000001011f10,派派智家,https://sns-avatar-qc.xhscdn.com/avatar/1040g2jo310q6flmo6a605p70iav0a7og42dnd0g?imageView2/2/w/120/format/jpg,0,,6881f244000000001a02aabf,1763797371803,0
68889be9000000002b019d16,1753783273000,,6880e542000000001202064a,做不到天天 因为一次正常的工作都完成不了 有那给它排故障的时间我自己都搞完了,670b20f7000000001d0200f9,山不见底,https://sns-avatar-qc.xhscdn.com/avatar/1040g2jo318siqlp7k66g5pob43rnc07pqmvhkr8?imageView2/2/w/120/format/jpg,0,,68824358000000000901432a,1763797371995,0
688b885f000000002b02c890,1753974880000,,6880e542000000001202064a,002到我家一次完整的任务都没完成过，就跟个傻子一样[笑哭R]扫着停住不动了，回基站也回不去，光救它了，心累的退了,630772e5000000001200e8cc,安安的小饼,https://sns-avatar-qc.xhscdn.com/avatar/1040g2jo31mb5elqg580g5oo7ebikhq6ca0qsn6g?imageView2/2/w/120/format/jpg,0,,6881f244000000001a02aabf,1763797371998,0
688c8970000000002b02fb37,1754040688000,,6880e542000000001202064a,啥问题都有 仿佛一台故障机[笑哭R],670b20f7000000001d0200f9,山不见底,https://sns-avatar-qc.xhscdn.com/avatar/1040g2jo318siqlp7k66g5pob43rnc07pqmvhkr8?imageView2/2/w/120/format/jpg,0,,688b885f000000002b02c890,1763797372004,0
688ea0e7000000002a0039a9,1754177767000,,6880e542000000001202064a,002是什么[笑哭R],56d03a6d84edcd28d87be8b4,Error,https://sns-avatar-qc.xhscdn.com/avatar/63d69a3695912a665027e1b4.jpg?imageView2/2/w/120/format/jpg,0,,688b885f000000002b02c890,1763797372010,0
688ea10a000000002b02fc93,1754177802000,,6880e542000000001202064a,云鲸逍遥002[笑哭R],630772e5000000001200e8cc,安安的小饼,https://sns-avatar-qc.xhscdn.com/avatar/1040g2jo31mb5elqg580g5oo7ebikhq6ca0qsn6g?imageView2/2/w/120/format/jpg,0,,688ea0e7000000002a0039a9,1763797372018,0
6882f8720000000001022836,1753413747000,,6880e542000000001202064a,带拖地功能的扫地机，涉及到回洗，基本上副地图都没啥用，但是主流都是带拖地，全品牌的口径都是推荐，一个平层一台。。,64e092be0000000001011f10,派派智家,https://sns-avatar-qc.xhscdn.com/avatar/1040g2jo310q6flmo6a605p70iav0a7og42dnd0g?imageView2/2/w/120/format/jpg,0,,6882daa90000000006007d54,1763797374038,1
6882f8b7000000000f03dd6f,1753413815000,,6880e542000000001202064a,所以期待看看大疆有没有什么新突破,5c6ec1100000000011024fdb,Max,https://sns-avatar-qc.xhscdn.com/avatar/62f9bac80dd3b1a790fdd721.jpg?imageView2/2/w/120/format/jpg,0,,6882f8720000000001022836,1763797374224,0
6882fa3b0000000015003f91,1753414204000,,6880e542000000001202064a,[笑哭R]一代可能要先打基建，这种要做新方案，估计难，因为副地图基本上是二层或者高跃层，扫地机没办法爬，他费力解决，你反而只会买一台，从资本角度，很难投入研发,64e092be0000000001011f10,派派智家,https://sns-avatar-qc.xhscdn.com/avatar/1040g2jo310q6flmo6a605p70iav0a7og42dnd0g?imageView2/2/w/120/format/jpg,0,,6882f8b7000000000f03dd6f,1763797374228,0
68831e5c0000000011018ba7,1753423452000,,6880e542000000001202064a,关注你了 等你测评  买到都满意的实在太难了  石头p20 u 比云鲸还难用,5c6ec1100000000011024fdb,Max,https://sns-avatar-qc.xhscdn.com/avatar/62f9bac80dd3b1a790fdd721.jpg?imageView2/2/w/120/format/jpg,0,,6882fa3b0000000015003f91,1763797374234,0
6883d757000000000201af02,1753470808000,,6880e542000000001202064a,好哒,64e092be0000000001011f10,派派智家,https://sns-avatar-qc.xhscdn.com/avatar/1040g2jo310q6flmo6a605p70iav0a7og42dnd0g?imageView2/2/w/120/format/jpg,0,,68831e5c0000000011018ba7,1763797374246,0
6880f4d1000000000400935e,1753281746000,,6880e542000000001202064a,大疆挖的人不少，各家都带点，但是毕竟是首次做，算法和避障，以及交互智能度，要打❓,64e092be0000000001011f10,派派智家,https://sns-avatar-qc.xhscdn.com/avatar/1040g2jo310q6flmo6a605p70iav0a7og42dnd0g?imageView2/2/w/120/format/jpg,0,,6880f33b000000000f03d8a2,1763797376260,0
6880f5c00000000006005683,1753281984000,,6880e542000000001202064a,反正有无理由，试过不行就退[笑哭R],568fd41f5e87e7433581b4da,cocochen,https://sns-avatar-qc.xhscdn.com/avatar/1000g2jo2j3nka1oio060452deba1vd6qou8p3dg?imageView2/2/w/120/format/jpg,0,,6880f4d1000000000400935e,1763797376540,0
6880f63e000000000900ed5f,1753282111000,,6880e542000000001202064a,[笑哭R]可以试试,64e092be0000000001011f10,派派智家,https://sns-avatar-qc.xhscdn.com/avatar/1040g2jo310q6flmo6a605p70iav0a7og42dnd0g?imageView2/2/w/120/format/jpg,0,,6880f5c00000000006005683,1763797376543,0
6881b61f000000001b03c0d5,1753331233000,,6880e542000000001202064a,看配件包是圆盘拖布[石化R],55a44d2a62a60c180d1623d9,第10086个momo,https://sns-avatar-qc.xhscdn.com/avatar/6063472c78f9ed70f0882905.jpg?imageView2/2/w/120/format/jpg,0,http://sns-webpic-qc.xhscdn.com/202511221542/711bf199b000e2e177a80906dbd88920/comment/1040g2h031kabn8g4io0040utrg6ik8up3tr13g0!nd_whgt34_webp_wm_1,6880f33b000000000f03d8a2,1763797376549,1
68848c4d0000000001021801,1753517134000,,6880e542000000001202064a,你先有独立人格，在来评判，抄袭也没有抄对，而且大疆只是一个公司，他们部门不同，审美本来就有差异，无人机审美好，和扫地机审美差，可以同时存在，这也没有什么特别，不要听不得一句不好,64e092be0000000001011f10,派派智家,https://sns-avatar-qc.xhscdn.com/avatar/1040g2jo310q6flmo6a605p70iav0a7og42dnd0g?imageView2/2/w/120/format/jpg,0,,68844951000000001b03c5a5,1763797378558,1
6880f24c00000000010210ac,1753281100000,,6880e542000000001202064a,这个暂时不能透露，[笑哭R]你只能等首发看看，有预算优先石头 云鲸 这种老牌。。,64e092be0000000001011f10,派派智家,https://sns-avatar-qc.xhscdn.com/avatar/1040g2jo310q6flmo6a605p70iav0a7og42dnd0g?imageView2/2/w/120/format/jpg,0,,6880ee8500000000090167e3,1763797378562,0
6888a799000000002a0151c7,1753786266000,,6880e542000000001202064a,都说买新不买旧，那我觉得既然都要买了，就一定要对比下新品,6884916b000000001d00a256,寒冻。,https://sns-avatar-qc.xhscdn.com/avatar/1040g2jo31kd56an62o6g5q44i5ln98im4a2t5tg?imageView2/2/w/120/format/jpg,0,,6880f24c00000000010210ac,1763797378809,0
6888bae10000000029038696,1753791201000,,6880e542000000001202064a,是的，但是大疆首发，算法依赖用户试错，肯定比不过老牌,64e092be0000000001011f10,派派智家,https://sns-avatar-qc.xhscdn.com/avatar/1040g2jo310q6flmo6a605p70iav0a7og42dnd0g?imageView2/2/w/120/format/jpg,0,,6888a799000000002a0151c7,1763797378811,0
68822074000000000900c88f,1753358452000,,6880e542000000001202064a,马上发布会啦，到时候可以蹲蹲首发，我这边也会测评,64e092be0000000001011f10,派派智家,https://sns-avatar-qc.xhscdn.com/avatar/1040g2jo310q6flmo6a605p70iav0a7og42dnd0g?imageView2/2/w/120/format/jpg,0,,688215b9000000001b03e659,1763797380820,0
6881e9b900000000090176c1,1753344442000,,6880e542000000001202064a,防缠绕很重要，要看大疆这次有没有挖到人了,64e092be0000000001011f10,派派智家,https://sns-avatar-qc.xhscdn.com/avatar/1040g2jo310q6flmo6a605p70iav0a7og42dnd0g?imageView2/2/w/120/format/jpg,0,,6881d3bb000000000602cdc6,1763797380829,0
68e686ec0000000037024625,1759938284000,,6880e542000000001202064a,[笑哭R]扫地机圈是个○，都是到处跑的，而且大疆的很喜欢到处晃悠,64e092be0000000001011f10,派派智家,https://sns-avatar-qc.xhscdn.com/avatar/1040g2jo310q6flmo6a605p70iav0a7og42dnd0g?imageView2/2/w/120/format/jpg,0,,68e676220000000039022b10,1763797380834,0
688f264d0000000029037128,1754211917000,,6880e542000000001202064a,石头g30u还可以,64e092be0000000001011f10,派派智家,https://sns-avatar-qc.xhscdn.com/avatar/1040g2jo310q6flmo6a605p70iav0a7og42dnd0g?imageView2/2/w/120/format/jpg,0,,688efc89000000002903c7ce,1763797380837,0
688867b200000000020184c4,1753769907000,,6880e542000000001202064a,[笑哭R]大疆出扫地机，是亏钱也要做，因为想拿到家庭复杂数据算法，让你花钱给他训练，但是空地很难，扫地机叫扫地机，因为是负责扫地，下个时代蓝海是 家庭服务机器人啦,64e092be0000000001011f10,派派智家,https://sns-avatar-qc.xhscdn.com/avatar/1040g2jo310q6flmo6a605p70iav0a7og42dnd0g?imageView2/2/w/120/format/jpg,0,,68882558000000001101a5fc,1763797380842,0
68943c790000000029039337,1754545274000,,6880e542000000001202064a,本来纠结云鲸002的，好了现在又来一个大疆，比较关注毛发问题，家里3个汪星人[石化R][石化R],58384ed6a9b2ed1365d072dc,🍀i'm 🐽H,https://sns-avatar-qc.xhscdn.com/avatar/1040g2jo31m76boi1680g48t47p7dcsms6hvl500?imageView2/2/w/120/format/jpg,0,,0,1763797381473,0
688f5b43000000002903b77e,1754225476000,,6880e542000000001202064a,竟然是刷盘，估计也就跟小米的差不多，不是活水滚刷或履带，注定擦地效果一般。,56bfe3eeaed75848de2045c5,Damon_Lee,https://sns-avatar-qc.xhscdn.com/avatar/65f092b04a77d461833ad0a5.jpg?imageView2/2/w/120/format/jpg,0,,0,1763797381476,1
688f0b06000000002b0083d2,1754204934000,,6880e542000000001202064a,大疆居然没有用活水，想不到,6443e4560000000010027d76,大鱼,https://sns-avatar-qc.xhscdn.com/avatar/1040g2jo31iqoah1ehe6g5p23shb44vbmfl0mqto?imageView2/2/w/120/format/jpg,0,,0,1763797381484,0
688ac1520000000029024137,1753923922000,,6880e542000000001202064a,透明的很有科技感。,5fca4181000000000100388a,胖咪日记(装修版),https://sns-avatar-qc.xhscdn.com/avatar/1040g2jo31np2r51vlm505nua860g8e4ajn61kno?imageView2/2/w/120/format/jpg,0,,0,1763797381490,0
688841d50000000006005d22,1753760213000,,6880e542000000001202064a,看到这图片，感觉大疆没戏了。,5f8d94cc000000000101f06b,人上人,https://sns-avatar-qc.xhscdn.com/avatar/1040g2jo31jhm4vcl36005nsdij60bs3biebmnb8?imageView2/2/w/120/format/jpg,0,,0,1763797381499,0
68858a7a0000000006005234,1753582202000,,6880e542000000001202064a,透明的很帅啊[哇R],61a10b5600000000210209f3,啦虎属属,https://sns-avatar-qc.xhscdn.com/avatar/1040g2jo31doi8g1pgc005od11db8c2fjllhnnr0?imageView2/2/w/120/format/jpg,2,,0,1763797381505,1
6884b318000000000f03c9a8,1753527064000,,6880e542000000001202064a,扫地机避障已经卷的差不多了，现在的痛点是拖地拖不干净和抹布清洗不干净[偷笑R],5d2557a3000000001001415a,桜島麻衣まい,https://sns-avatar-qc.xhscdn.com/avatar/1040g2jo30qjkuurj0c6g5n95auhk2gaqlsf9vdg?imageView2/2/w/120/format/jpg,1,,0,1763797381508,0
68830415000000001b03f777,1753416726000,,6880e542000000001202064a,3i 呢？我用上了扫地机器人总会有不那么完美的地方[失望R],617aa4be000000000201cbaf,囧ぃ奇,https://sns-avatar-qc.xhscdn.com/avatar/1040g2jo31iv7671ah46g5obqkiv0jitfrutks70?imageView2/2/w/120/format/jpg,1,,0,1763797381515,0
6881f118000000000400a7fd,1753346329000,,6880e542000000001202064a,都准备买云鲸 002了 又得观望了,6346a29b000000001901c624,小红薯,https://sns-avatar-qc.xhscdn.com/avatar/1040g2jo31lu9agn4li005oq6kadmbhh4boft6r8?imageView2/2/w/120/format/jpg,1,,0,1763797381525,0
6880fe7f0000000019025ac7,1753284224000,,6880e542000000001202064a,双边刷能抬升吗？,5f85bd6b000000000101df90,kuma,https://sns-avatar-qc.xhscdn.com/avatar/1040g2jo31fg4pafbme005ns5nllgbnsgdle8ang?imageView2/2/w/120/format/jpg,1,,0,1763797381533,0
6889b8fc000000002a037db5,1753856252000,,6880e542000000001202064a,真的很像概念机，如果真的有透明款的，想去线下看看实物是什么样的,56fe2194cb35fb7f99b24ce3,大橘为重,https://sns-avatar-qc.xhscdn.com/avatar/62e8eecd5a81798b5a5cb706.jpg?imageView2/2/w/120/format/jpg,0,,68858a7a0000000006005234,1763797383548,1
6889e41800000000290309e9,1753867289000,,6880e542000000001202064a,直播间有了，可以去他们官方直播间看看,64e092be0000000001011f10,派派智家,https://sns-avatar-qc.xhscdn.com/avatar/1040g2jo310q6flmo6a605p70iav0a7og42dnd0g?imageView2/2/w/120/format/jpg,0,,6889b8fc000000002a037db5,1763797383779,0
6885512800000000040093d3,1753567529000,,6880e542000000001202064a,以现在扫地机的外形和机身电池限制来说，很难媲美人手，搭配定期保洁，可以日常维护，是没问题,64e092be0000000001011f10,派派智家,https://sns-avatar-qc.xhscdn.com/avatar/1040g2jo310q6flmo6a605p70iav0a7og42dnd0g?imageView2/2/w/120/format/jpg,0,,6884b318000000000f03c9a8,1763797385784,1
68830f540000000001022deb,1753419605000,,6880e542000000001202064a,[笑哭R]，一般讨论扫地机，都不带着这种牌子，因为。很小众，扫地机主要靠算法，要么砸钱，要么做的久。3i嗯。。,64e092be0000000001011f10,派派智家,https://sns-avatar-qc.xhscdn.com/avatar/1040g2jo310q6flmo6a605p70iav0a7og42dnd0g?imageView2/2/w/120/format/jpg,0,,68830415000000001b03f777,1763797385790,0
6882207800000000090171df,1753358457000,,6880e542000000001202064a,[笑哭R],64e092be0000000001011f10,派派智家,https://sns-avatar-qc.xhscdn.com/avatar/1040g2jo310q6flmo6a605p70iav0a7og42dnd0g?imageView2/2/w/120/format/jpg,0,,6881f118000000000400a7fd,1763797385799,0
688105070000000001022521,1753285895000,,6880e542000000001202064a,难说。。。这个团队，5年前就造势，初版做的一言难尽，我看这次也是组合，具体抬多少，实测才能说话,64e092be0000000001011f10,派派智家,https://sns-avatar-qc.xhscdn.com/avatar/1040g2jo310q6flmo6a605p70iav0a7og42dnd0g?imageView2/2/w/120/format/jpg,0,,6880fe7f0000000019025ac7,1763797385805,2
6891a3450000000029025ff3,1754374982000,,6880e542000000001202064a,滚刷防缠绕做的还不错的，目前还没有被头发缠住过，家里的另一台要定期清理毛发。,66af8b10000000001d0201bb,momo,https://sns-avatar-qc.xhscdn.com/avatar/645b7e4b86578b8c6ab3b056.jpg?imageView2/2/w/120/format/jpg,0,,0,1763797386080,0
6882d88d000000001b03f293,1753405581000,,6880e542000000001202064a,这玩意太丑了,62a496320000000021021245,康炀,https://sns-avatar-qc.xhscdn.com/avatar/1040g2jo30rc8gupa185g5ol4iop8c4i598o6epg?imageView2/2/w/120/format/jpg,1,,0,1763797386083,0
6882652b0000000018001be2,1753376043000,,6880e542000000001202064a,大疆买双不买单[偷笑R],65e14e9f000000000500db23,fcx,https://sns-avatar-qc.xhscdn.com/avatar/1040g2jo31j3rm96lha5g5pf19qfh9mp3hd1m5kg?imageView2/2/w/120/format/jpg,0,,0,1763797386095,1
6881e4fd00000000020042ed,1753343229000,,6880e542000000001202064a,大疆不是大牌，云鲸是[doge]，6,5c71490600000000120095e9,影子戏,https://sns-avatar-qc.xhscdn.com/avatar/614d551ea4ae2ad0de058189.jpg?imageView2/2/w/120/format/jpg,9,,0,1763797386097,1
6880e7530000000009015f4d,1753278292000,,6880e542000000001202064a,大疆是蛮搞笑的，这次入局，我个人不看好，有这精力，pocket出4，产品产能提升，比什么都强[汗颜R]祝它成功,64e092be0000000001011f10,派派智家,https://sns-avatar-qc.xhscdn.com/avatar/1040g2jo310q6flmo6a605p70iav0a7og42dnd0g?imageView2/2/w/120/format/jpg,13,,0,1763797386105,11
6883d76600000000040095e0,1753470822000,,6880e542000000001202064a,[捂脸R]审美是大问题,64e092be0000000001011f10,派派智家,https://sns-avatar-qc.xhscdn.com/avatar/1040g2jo310q6flmo6a605p70iav0a7og42dnd0g?imageView2/2/w/120/format/jpg,0,,6882d88d000000001b03f293,1763797388113,1
6881f263000000001800021e,1753346659000,,6880e542000000001202064a,等着看吧，你越急越说明动你蛋糕了[doge],5c71490600000000120095e9,影子戏,https://sns-avatar-qc.xhscdn.com/avatar/614d551ea4ae2ad0de058189.jpg?imageView2/2/w/120/format/jpg,0,,6881e94b0000000001021780,1763797388116,0
6881f574000000000400a581,1753347445000,,6880e542000000001202064a,我是博主，不是门店，动什么蛋糕，大疆照样要找博主推广，只是他的初代我很不看好，说实话也不行，你是人机？转人工可以吗,64e092be0000000001011f10,派派智家,https://sns-avatar-qc.xhscdn.com/avatar/1040g2jo310q6flmo6a605p70iav0a7og42dnd0g?imageView2/2/w/120/format/jpg,0,,6881f263000000001800021e,1763797388378,0
68821b49000000001303564d,1753357130000,,6880e542000000001202064a,现在扫地机都在往履带方向发展，它发这个旋转方案，价格高了谁买啊？定位只能做低端，最后只能成为杂牌机。,5cd14d540000000010031094,留仙洞的狗,https://sns-avatar-qc.xhscdn.com/avatar/1040g2jo30of95e1j2e6g5n6h9la4644kt086fqg?imageView2/2/w/120/format/jpg,0,,688215200000000004008328,1763797388384,0
68822046000000000201a24b,1753358406000,,6880e542000000001202064a,大疆的拍脑袋的5年产品，评论区也有不少死忠，[汗颜R]祝他们买的开心,64e092be0000000001011f10,派派智家,https://sns-avatar-qc.xhscdn.com/avatar/1040g2jo310q6flmo6a605p70iav0a7og42dnd0g?imageView2/2/w/120/format/jpg,0,,68821b49000000001303564d,1763797388388,0
6881e94b0000000001021780,1753344331000,,6880e542000000001202064a,各行有各行的门道，无人机和vlog拍摄，大疆没毛病，行业龙头，这是扫地机，卷生卷死这么多年，才杀出4大牌，你不会以为这么好进，大疆ceo5年前拍脑袋，最后做了一个废物点心，这次的东西更是拼装货，你别把大疆搞得和娱乐圈一样，玩毒唯那一套,64e092be0000000001011f10,派派智家,https://sns-avatar-qc.xhscdn.com/avatar/1040g2jo310q6flmo6a605p70iav0a7og42dnd0g?imageView2/2/w/120/format/jpg,0,,6881e4fd00000000020042ed,1763797388394,0
688202440000000002004540,1753350724000,,6880e542000000001202064a,所以你就是云鲸的托呗，大疆不找你看给你气的,5c71490600000000120095e9,影子戏,https://sns-avatar-qc.xhscdn.com/avatar/614d551ea4ae2ad0de058189.jpg?imageView2/2/w/120/format/jpg,0,,6881f574000000000400a581,1763797388401,1
688215200000000004008328,1753355552000,,6880e542000000001202064a,笑死人了，我做扫地机测评这么多年，吃过的盐不比你多，搞得好像大疆就披着光环，说不得？云鲸石头追觅科沃斯，那家没有槽点？扫地机发展到现在，很成熟，压根就没有新破局科技了，说几句实话，没必要破防把,64e092be0000000001011f10,派派智家,https://sns-avatar-qc.xhscdn.com/avatar/1040g2jo310q6flmo6a605p70iav0a7og42dnd0g?imageView2/2/w/120/format/jpg,0,,688202440000000002004540,1763797390585,0
68821c5e000000001a02fff8,1753357407000,,6880e542000000001202064a,不知道谁在破防[doge]，看看你急的，我说一句话你要写个小作文[doge],5c71490600000000120095e9,影子戏,https://sns-avatar-qc.xhscdn.com/avatar/614d551ea4ae2ad0de058189.jpg?imageView2/2/w/120/format/jpg,0,,688215200000000004008328,1763797390591,0
6882200a0000000015003b9b,1753358346000,,6880e542000000001202064a,[汗颜R]你没破防你评价什么？我想写什么写什么,64e092be0000000001011f10,派派智家,https://sns-avatar-qc.xhscdn.com/avatar/1040g2jo310q6flmo6a605p70iav0a7og42dnd0g?imageView2/2/w/120/format/jpg,0,,68821c5e000000001a02fff8,1763797390595,0
688208e5000000001101b4b1,1753352421000,,6880e542000000001202064a,你说的存量市场，这是新增市场,5eada2280000000001002a60,ONE佳奇,https://sns-avatar-qc.xhscdn.com/avatar/5eada2280000000001002a60.jpg?imageView2/2/w/120/format/jpg,0,,6880e7530000000009015f4d,1763797392603,3
6882158a000000000900f8fe,1753355658000,,6880e542000000001202064a,扫地机市场一直在增加，大疆入局也得拿产品说话，5年前不出，这个节点才出，也没有地面大数据，拿他的飞天数据有啥用啊,64e092be0000000001011f10,派派智家,https://sns-avatar-qc.xhscdn.com/avatar/1040g2jo310q6flmo6a605p70iav0a7og42dnd0g?imageView2/2/w/120/format/jpg,0,,688208e5000000001101b4b1,1763797392780,0
688217360000000013034b21,1753356087000,,6880e542000000001202064a,看看小米，3年造车，对于细分领域龙头企业，没啥挑战,5eada2280000000001002a60,ONE佳奇,https://sns-avatar-qc.xhscdn.com/avatar/5eada2280000000001002a60.jpg?imageView2/2/w/120/format/jpg,0,,6882158a000000000900f8fe,1763797392783,1
688220600000000015001bc4,1753358433000,,6880e542000000001202064a,[笑哭R]哈哈哈，不过总体来说，对于扫地机扩张是好事,64e092be0000000001011f10,派派智家,https://sns-avatar-qc.xhscdn.com/avatar/1040g2jo310q6flmo6a605p70iav0a7og42dnd0g?imageView2/2/w/120/format/jpg,0,,688217360000000013034b21,1763797392792,0
6882f83000000000040087cc,1753413680000,,6880e542000000001202064a,[笑哭R]3的话，已经很久了，产品不可能一直不更新，觉得完美，是因为没有同行竞争，[捂脸R],64e092be0000000001011f10,派派智家,https://sns-avatar-qc.xhscdn.com/avatar/1040g2jo310q6flmo6a605p70iav0a7og42dnd0g?imageView2/2/w/120/format/jpg,0,,6882ea510000000018003d52,1763797392796,0
6882f9ed000000000201ab5a,1753414126000,,6880e542000000001202064a,[笑哭R]哈哈哈哈，还是缺竞对，不过3的完美度确实很不错，我的测评视频基本上都用的3,64e092be0000000001011f10,派派智家,https://sns-avatar-qc.xhscdn.com/avatar/1040g2jo310q6flmo6a605p70iav0a7og42dnd0g?imageView2/2/w/120/format/jpg,0,,6882f89c0000000002006121,1763797392810,0
6882ea510000000018003d52,1753410129000,,6880e542000000001202064a,4还有啥要迭代的[笑哭R]感觉挺完美了,5a025db5db2e600527f6d581,Beloved原创,https://sns-avatar-qc.xhscdn.com/avatar/1040g2jo3178m4usak46g49v9brerblc13vdaaeg?imageView2/2/w/120/format/jpg,0,,6880e7530000000009015f4d,1763797394998,0
6882f89c0000000002006121,1753413789000,,6880e542000000001202064a,就23年年底啊？这产品线本来就三四年迭代一次，一英寸也给了，感觉就缺个长焦，其他没啥好迭代的了[笑哭R],5a025db5db2e600527f6d581,Beloved原创,https://sns-avatar-qc.xhscdn.com/avatar/1040g2jo3178m4usak46g49v9brerblc13vdaaeg?imageView2/2/w/120/format/jpg,0,,6882f83000000000040087cc,1763797395001,0
6882faf70000000018000a85,1753414391000,,6880e542000000001202064a,[笑哭R]竞品你想让他怎么竞？大疆的赛道谁竞的过？你想让竞品迭代啥？手持云台的厂家多了去了，大疆都懒得迭代了，谁打的过大疆啊,5a025db5db2e600527f6d581,Beloved原创,https://sns-avatar-qc.xhscdn.com/avatar/1040g2jo3178m4usak46g49v9brerblc13vdaaeg?imageView2/2/w/120/format/jpg,0,,6882f9ed000000000201ab5a,1763797395009,0
68851299000000000900f2da,1753551513000,,6880e542000000001202064a,难绷[失望R]外行能不能不要评论机器人行业的产品啊[笑哭R]评价大疆？[笑哭R]完全没列任何技术对比就说大疆不行？大疆在无人机行业可是压着白人打，你以为大疆是华为那样的公司吗？,62f853ee000000001501e3ec,小兔子乖乖,https://sns-avatar-qc.xhscdn.com/avatar/66de81862bad2bf2afa5b1c5.jpg?imageView2/2/w/120/format/jpg,0,,6880e7530000000009015f4d,1763797395014,0
68855104000000000400923e,1753567492000,,6880e542000000001202064a,[汗颜R]说我外行？我扫地机公司出身，我在岗的时候，大疆就在挖人拍脑袋做扫地机，最后自己毙了，你但凡搜索下呢？现在扫地机卷这么多年，他还拍脑袋入局，成品早就有放测试，你自己没人脉别叨叨，其次，大疆成代名词了？你造神呢？无人机，pocket做得好，我认，因为我也在用，那关扫地机半毛钱关系？你个外行说什么呢,64e092be0000000001011f10,派派智家,https://sns-avatar-qc.xhscdn.com/avatar/1040g2jo310q6flmo6a605p70iav0a7og42dnd0g?imageView2/2/w/120/format/jpg,0,,68851299000000000900f2da,1763797395020,0
68855156000000000900f68b,1753567574000,,6880e542000000001202064a,看你个广东ip，[汗颜R]，大疆交税也回报不到你身上,64e092be0000000001011f10,派派智家,https://sns-avatar-qc.xhscdn.com/avatar/1040g2jo310q6flmo6a605p70iav0a7og42dnd0g?imageView2/2/w/120/format/jpg,0,,68851299000000000900f2da,1763797397238,0
688574d40000000009016088,1753576660000,,6880e542000000001202064a,首先其实做机器人的[汗颜R]其次根税没关系，单纯基于我对科学问题与工程实践的看法，以及对大疆的了解，我认为你没资格评论，或者说 not even wrong，你观点的主观部分是完全没必要在意的,62f853ee000000001501e3ec,小兔子乖乖,https://sns-avatar-qc.xhscdn.com/avatar/66de81862bad2bf2afa5b1c5.jpg?imageView2/2/w/120/format/jpg,0,,68855156000000000900f68b,1763797397243,0
68b094e3000000003000a81a,1756402916000,,68b0374a000000001c03249a,差不多跟两年前的旗舰产品一个水平，最大的缺点就是水箱板需要两三天换一次水,56592e916a6a696dde80acb4,鹿紫云一,https://sns-avatar-qc.xhscdn.com/avatar/1040g2jo3171lada70m5g43cu01n93b5k490ms18?imageView2/2/w/120/format/jpg,3,,0,1763797401563,4
68b1510500000000300293f1,1756451077000,,68b0374a000000001c03249a,早退了我，这东西拖不干净呀，不是活水，还有就是你用洗地机拖干净了，用这个机器人维护，就是脱裤子放屁[笑哭R],61af17280000000010006eb2,叮当猫,https://sns-avatar-qc.xhscdn.com/avatar/1040g2jo31eanm3tbgu005odf2sk40rli1q5r070?imageView2/2/w/120/format/jpg,1,,0,1763797401565,5
68b445e100000000300095c8,1756644834000,,68b0374a000000001c03249a,没人买我们家石头吗[偷笑R],5ebd05d90000000001006e0b,Miss One,https://sns-avatar-qc.xhscdn.com/avatar/1040g2jo31genb3ha38005nlt0ncg8rgbh178qvg?imageView2/2/w/120/format/jpg,2,,0,1763797401571,0
68b06443000000000b02d4ff,1756390467000,,68b0374a000000001c03249a,还以为大疆也会出滚筒的，可能这玩意儿真有技术壁垒？,5e65b3fc000000000100375d,Koukoi,https://sns-avatar-qc.xhscdn.com/avatar/1040g2jo31oplk8bdha605nj5mfu08dqtis28m2g?imageView2/2/w/120/format/jpg,1,,0,1763797401577,2
68b456a00000000030020315,1756649120000,,68b0374a000000001c03249a,定价太高，上次在狗东刷到大疆那款透明的，5K多，吓死我了,64c65420000000000b008dd2,湘湘湘湘626,https://sns-avatar-qc.xhscdn.com/avatar/1040g2jo31jcp3ore2od05p66agg2p3eicvf51e0?imageView2/2/w/120/format/jpg,1,,0,1763797401581,1
68c7bfcf000000003000b6fd,1757921232000,,68b0374a000000001c03249a,买了退了，都是广实际用起来和他们吹的差太多了,63fa04a80000000029010cbe,麻雀,https://sns-avatar-qc.xhscdn.com/avatar/1040g2jo31mhgnqgg4q005ovq0ikaa35uhc6kte8?imageView2/2/w/120/format/jpg,1,,0,1763797401590,0
68b040fd000000000b024d14,1756381437000,,68b0374a000000001c03249a,我用了几天了,683d7b43000000001e006b79,阿巴阿巴,https://sns-avatar-qc.xhscdn.com/avatar/1040g2jo31ir8fj3e1gc05q1tfd1ngqrp5lt2em0?imageView2/2/w/120/format/jpg,0,,0,1763797401593,2
68e75d8d0000000033005879,1759993230000,,68b0374a000000001c03249a,地都扫不干净？那还留着干啥,6853db7d000000001b0214d4,呱呱,https://sns-avatar-qc.xhscdn.com/avatar/1040g2jo31mlkn0t2li0g5q2jrdums56kbhcdm6o?imageView2/2/w/120/format/jpg,0,,0,1763797401595,0
68e75d1c000000003803f321,1759993117000,,68b0374a000000001c03249a,主要是性价比不高吧,64bb3c310000000014035f15,是浮凌不是茯苓,https://sns-avatar-qc.xhscdn.com/avatar/1040g2jo31nuojqe46g6g5p5r7gol6noluhghom8?imageView2/2/w/120/format/jpg,0,,0,1763797401603,0
68cbf7c30000000030014a2f,1758197699000,,68b0374a000000001c03249a,因为扫地太静音了吗[偷笑R],67570b2f000000000800bd35,卖大疆的🦀老板,https://sns-avatar-qc.xhscdn.com/avatar/1040g2jo31m72uphp4s0g5pqn1cni1f9leoefo08?imageView2/2/w/120/format/jpg,0,,0,1763797401608,0
68b11c15000000003001b39d,1756437526000,,68b0374a000000001c03249a,那买上下水的,5de8c0f30000000001002a2b,Kory Shen,https://sns-avatar-qc.xhscdn.com/avatar/5de8c0f30000000001002a2b.jpg?imageView2/2/w/120/format/jpg,0,,68b094e3000000003000a81a,1763797403623,0
68b1c3e400000000020175d8,1756480484000,,68b0374a000000001c03249a,现在其他家产品上下水都做到超薄嵌入柜子里，大疆这还停留在2-3年前做上下水的思维，拿水箱版加水泵改造，有点难绷。,5c161e8e0000000007018492,xxxxxxYuu,https://sns-avatar-qc.xhscdn.com/avatar/64758321a95fbc60847ebfd0.jpg?imageView2/2/w/120/format/jpg,0,,68b11c15000000003001b39d,1763797403877,4
68bad84b0000000001012602,1757075531000,,68b0374a000000001c03249a,确实啊，水箱板贵600感觉有点不值，但是智能,5dfef9930000000001008893,不要想太多,https://sns-avatar-qc.xhscdn.com/avatar/166ad12ae9a7f6fbb4bbbf88d417895f.jpg?imageView2/2/w/120/format/jpg,0,,68b1c3e400000000020175d8,1763797403889,0
68c3bc2a000000000b02ff2d,1757658154000,,68b0374a000000001c03249a,我的买回来也退了 我只能说想拖干净你得自己先拖一遍[汗颜R],5c1cffa2000000000503c08e,使用了死亡翻滚 效果拔群,https://sns-avatar-qc.xhscdn.com/avatar/1040g2jo318krgrkg466g5n0svuh1fg4ee27h2sg?imageView2/2/w/120/format/jpg,0,,68b1510500000000300293f1,1763797405923,0
68b5a9ed0000000030015fa1,1756735981000,,68b0374a000000001c03249a,开箱之后，一会是连不上网，一会是在基站门口一直旋转也不建图，退了,57ef94575e87e762c77e6b29,雨子来了呦,https://sns-avatar-qc.xhscdn.com/avatar/1040g2jo31mhho26f506g48nr93a5eqp91v4riro?imageView2/2/w/120/format/jpg,0,,68b445e100000000300095c8,1763797405925,3
68c8c757000000002400e945,1757988695000,,68b0374a000000001c03249a,真的假的 刚准备下手呢,680a0d61000000000d00bca8,邪恶大鼠.,https://sns-avatar-qc.xhscdn.com/avatar/1040g2jo31glgdmpp3i605q0a1lgj9f58bukgr8o?imageView2/2/w/120/format/jpg,0,,68b5a9ed0000000030015fa1,1763797406141,0
68e75d18000000003901d25a,1759993113000,,68b0374a000000001c03249a,感觉他家都是抄的 滚筒是核心技术 估计难抄了[doge],5f8c79fb000000000101f4c5,礼帽蜗牛（南京二哥有票版,https://sns-avatar-qc.xhscdn.com/avatar/1000g2jo2nrvg11oju0005nscf7tgbt65ksu6sf8?imageView2/2/w/120/format/jpg,0,,68b06443000000000b02d4ff,1763797408147,1
68b584a9000000000101100f,1756726442000,,68b0374a000000001c03249a,透明款主要是情绪价值了，标准版的三四千，功能也差不多,6850244b000000001d009bcb,数数爱星星,https://sns-avatar-qc.xhscdn.com/avatar/1040g2jo31mh4tod4li705q2g4h5n96ubv9u3j8o?imageView2/2/w/120/format/jpg,0,,68b456a00000000030020315,1763797408151,6
68e75d45000000003902cc4e,1759993157000,,68b0374a000000001c03249a,感觉他家完全可以走摄影届 还是别来插一脚了[捂脸R],68402d21000000001b01abf1,困困鼠偷袭,https://sns-avatar-qc.xhscdn.com/avatar/1040g2jo31otadonlhu105q205kgmravh1o4vvho?imageView2/2/w/120/format/jpg,0,,68c7bfcf000000003000b6fd,1763797408162,1
68c7bfd60000000001011355,1757921239000,,68b0374a000000001c03249a,扫地机器人地都扫不干净的话还是趁早换吧[石化R][石化R],61d6e5f1000000001000aa44,讨厌下雨天,https://sns-avatar-qc.xhscdn.com/avatar/1040g2jo3135ml59e7e005oemsnok1ai48f191io?imageView2/2/w/120/format/jpg,0,,0,1763797408490,0
68c3c53a000000003000d564,1757660475000,,68b0374a000000001c03249a,感觉它只剩避障了…那这价格有点贵了,5b9dab650dc9910001f5c87e,cola要努力（杭漂版）,https://sns-avatar-qc.xhscdn.com/avatar/61cc321f752281203f11e948.jpg?imageView2/2/w/120/format/jpg,0,,0,1763797408493,0
68c3bf87000000000a00da9e,1757659016000,,68b0374a000000001c03249a,大疆还是好好做相机吧,62776c160000000021028f4b,芝士蛋糕不好吃,https://sns-avatar-qc.xhscdn.com/avatar/1040g2jo313b1jvj7g2605ojndgb8d3qbh1d7ojg?imageView2/2/w/120/format/jpg,0,,0,1763797408499,1
68c3bcb9000000000b01e8d4,1757658298000,,68b0374a000000001c03249a,感觉大疆价格太贵了（主要是性价比不高）,64af9ae5000000000b01659b,Klaus,https://sns-avatar-qc.xhscdn.com/avatar/1040g2jo31jm6k9ogj06g5p5fjbiiqpcra45rp40?imageView2/2/w/120/format/jpg,0,,0,1763797408506,0
68c3bb54000000003002bb55,1757657941000,,68b0374a000000001c03249a,这款就是智商税，钱都花推广上了。我之前刚出就买了用了几天后悔给退了,62c5540c000000000303eb7f,スズメ（互赞版,https://sns-avatar-qc.xhscdn.com/avatar/1040g2jo31p0cr2uc2s005om5ag60vqrvrsqgrrg?imageView2/2/w/120/format/jpg,0,,0,1763797408517,1
68be84c00000000001000f57,1757316289000,,68b0374a000000001c03249a,他一举把扫地机器人从2.3k干回5.6k，他没凉算是不错的了,5a21eec34eacab5b3a6008ba,午后半杯红茶,https://sns-avatar-qc.xhscdn.com/avatar/1040g2jo31og6vjbjlm004a01k6nc625qavso4b8?imageView2/2/w/120/format/jpg,0,,0,1763797408524,0
68b680c7000000000b01f078,1756790983000,,68b0374a000000001c03249a,[失望R]因为退了,6225177000000000210271b0,我是真的会念,https://sns-avatar-qc.xhscdn.com/avatar/1040g2jo30pptrvqg6s005oh52to8csdg8ppsas8?imageView2/2/w/120/format/jpg,0,,0,1763797408530,1
68b192e0000000000b024688,1756467937000,,68b0374a000000001c03249a,作为很早用的用户，很早我就说除了避障，不好用,573bd82d1c07df74e0f24468,残缺蓦,https://sns-avatar-qc.xhscdn.com/avatar/1040g2jo31glamrh8ji6g48c24dc2qh38bg75mgg?imageView2/2/w/120/format/jpg,0,,0,1763797408538,1
68b18eb6000000003001c5b0,1756466871000,,68b0374a000000001c03249a,我的还在海上呢[笑哭R],612a3166000000000101fa90,memento,https://sns-avatar-qc.xhscdn.com/avatar/645b7f83b46568f580649586.jpg?imageView2/2/w/120/format/jpg,0,,0,1763797408546,0
68b0608600000000020029fe,1756389510000,,68b0374a000000001c03249a,退货率上次听说挺高的,5f4d1bef0000000001008a52,小红薯82137667A,https://sns-avatar-qc.xhscdn.com/avatar/1040g2jo30pqlqo136g6g5nqd3fng92iih4sgg78?imageView2/2/w/120/format/jpg,0,,0,1763797408552,1
68c3c25d0000000030026024,1757659741000,,68b0374a000000001c03249a,大疆做无人机没得说  进入扫地机赛道emm…..这很难评[吃瓜R],607bffbf000000000101c3e7,葱油拌面否,https://sns-avatar-qc.xhscdn.com/avatar/1040g2jo31mgcsnje58005o3rvuvgbgv7879e2cg?imageView2/2/w/120/format/jpg,0,,0,1763797410796,0
68c3bcf4000000000a00c294,1757658356000,,68b0374a000000001c03249a,用了两天准备退了,65182a240000000024015243,别来沾边,https://sns-avatar-qc.xhscdn.com/avatar/1040g2jo31olhlkp458005p8o58i92ki340bv6d8?imageView2/2/w/120/format/jpg,0,,0,1763797410804,1
68b4e022000000000b022e84,1756684323000,,68b0374a000000001c03249a,还是要买经典老牌，人家积累了几十年的细节和经验,5d90aed10000000001019a59,kenosen,https://sns-avatar-qc.xhscdn.com/avatar/5d90aed10000000001019a59.jpg?imageView2/2/w/120/format/jpg,0,,0,1763797410809,0
68b258ab000000003002f3ac,1756518572000,,68b0374a000000001c03249a,买了很多大疆的产品，但这个是真的智商税，而且俩透明外观就贵2000多这样的品牌理念很掉价。,60ad0e39000000000101d3d7,zec,https://sns-avatar-qc.xhscdn.com/avatar/1040g2jo31p3dhdue2u005o5d1osgbkunk5acv90?imageView2/2/w/120/format/jpg,1,,0,1763797410813,9
68b0eed9000000003000686a,1756425945000,,68b0374a000000001c03249a,大疆和石头都买了 留了大疆,5a77fa89e8ac2b02544729f3,想要来一个椰子,https://sns-avatar-qc.xhscdn.com/avatar/608d0d64d9a4d7030f341599.jpg?imageView2/2/w/120/format/jpg,8,,0,1763797410829,13
68b052450000000030019d6a,1756385862000,,68b0374a000000001c03249a,做相机做的好好的怎么想起来做扫地机了，你这让石头 追觅们怎么自处啊[捂脸R][捂脸R],5aa785e44eacab74eb5e6e58,我展示,https://sns-avatar-qc.xhscdn.com/avatar/1040g2jo31j43fai7i4004a3agv2u8riol1buicg?imageView2/2/w/120/format/jpg,1,,0,1763797410834,0
68b04041000000003000ff24,1756381251000,,68b0374a000000001c03249a,一个家电而已，谁家洗衣机天天吵吵比谁洗的干净,61a0ae0c000000001000a947,夏清,https://sns-avatar-qc.xhscdn.com/avatar/645b7efe1fc3de4c930effac.jpg?imageView2/2/w/120/format/jpg,13,http://sns-webpic-qc.xhscdn.com/202511221543/146e355d47cb09f71534183f818fe446/comment/1040g2h031lnq2r9r4q005od0lo641aa7nv92mn0!nd_whgt34_webp_wm_1,0,1763797410846,22
68c7bf94000000003001ee40,1757921172000,,68b0374a000000001c03249a,我也觉得 不死心买来试了 真糟心 浪费钱[哭惹R][哭惹R],67cfff20000000000a03caed,曹承衍,https://sns-avatar-qc.xhscdn.com/avatar/1040g2jo31j2ghfk2h4705pufvsg2nindcevacgg?imageView2/2/w/120/format/jpg,0,,68b258ab000000003002f3ac,1763797412858,0
68be626e000000003001cfb7,1757307503000,,68b0374a000000001c03249a,我看了两个视频帖子，一个全是夸大疆  另一个全是夸石头 [笑哭R],56079cbab7ba22256ae0fe00,康箬笠Ｒｅｎｒａｎ,https://sns-avatar-qc.xhscdn.com/avatar/5c0a53bd0f857700012a9910.jpg?imageView2/2/w/120/format/jpg,0,,68b0eed9000000003000686a,1763797412861,2
68bea73f0000000030022974,1757325119000,,68b0374a000000001c03249a,没钱啊 [笑哭R]都买回来一万了,56079cbab7ba22256ae0fe00,康箬笠Ｒｅｎｒａｎ,https://sns-avatar-qc.xhscdn.com/avatar/5c0a53bd0f857700012a9910.jpg?imageView2/2/w/120/format/jpg,0,,68be69d9000000003001aa6a,1763797413088,0
68c00a36000000003001a9db,1757415991000,,68b0374a000000001c03249a,评测已死，恰饭为主,675fb85f000000001801dcd9,小红薯6761201E,https://sns-avatar-qc.xhscdn.com/avatar/645b7c0d1d74d41345e61461.jpg?imageView2/2/w/120/format/jpg,0,,68be69d9000000003001aa6a,1763797413093,0
68c3baa0000000003000a1ed,1757657760000,,68b0374a000000001c03249a,dji yyds[萌萌哒R][萌萌哒R],5ba5e30ce8ac2b2224714d77,哈苏-重庆ooo,https://sns-avatar-qc.xhscdn.com/avatar/1040g2jo30nv7079t1s004b3uebhgojbn5hhs400?imageView2/2/w/120/format/jpg,0,,68b0eed9000000003000686a,1763797413099,0
68c3ceea0000000030033ec5,1757662955000,,68b0374a000000001c03249a,我怎么感觉科沃斯笨一点[笑哭R],5c5562ee000000001b03b5a3,春雨惊春清谷天,https://sns-avatar-qc.xhscdn.com/avatar/1040g2jo310uenrkk6o6g5n2lcbn6vdd37g7e76g?imageView2/2/w/120/format/jpg,0,,68b10f4d000000000b02730e,1763797413103,0
68b10f4d000000000b02730e,1756434253000,,68b0374a000000001c03249a,石头使用过不是不能退吗？我先买的科沃斯，觉得它智障，又买了个石头，觉得科沃斯太聪明了[笑哭R],5e119fd80000000001009c2e,大头,https://sns-avatar-qc.xhscdn.com/avatar/1040g2jo30ua9mcg1lc0g5nghjvc0971etev2bt0?imageView2/2/w/120/format/jpg,0,,68b0eed9000000003000686a,1763797413109,0
68b114480000000030015971,1756435529000,,68b0374a000000001c03249a,说是7天之内能退诶  石头真的有点蠢😅,5a77fa89e8ac2b02544729f3,想要来一个椰子,https://sns-avatar-qc.xhscdn.com/avatar/608d0d64d9a4d7030f341599.jpg?imageView2/2/w/120/format/jpg,0,,68b10f4d000000000b02730e,1763797415380,0
68be69d9000000003001aa6a,1757309402000,,68b0374a000000001c03249a,我觉得自己买回来感受一下更客观，感觉每个广子都特别多[捂脸R],5a77fa89e8ac2b02544729f3,想要来一个椰子,https://sns-avatar-qc.xhscdn.com/avatar/608d0d64d9a4d7030f341599.jpg?imageView2/2/w/120/format/jpg,0,,68be626e000000003001cfb7,1763797415396,0
68bece59000000000a009410,1757335129000,,68b0374a000000001c03249a,大疆是做无人机的,5ff7acb10000000001008301,Treezo,https://sns-avatar-qc.xhscdn.com/avatar/5ff7acb10000000001008301.jpg?imageView2/2/w/120/format/jpg,0,,68b052450000000030019d6a,1763797417413,0
68b0a41c000000000b02bbfe,1756406813000,,68b0374a000000001c03249a,如果是先扫后拖的话，可能要工作两个小时。[笑哭R],66ecf78b000000001d0201c5,狗子的哭悲打工生活（等着退休版）,https://sns-avatar-qc.xhscdn.com/avatar/1040g2jo31gb9p2d13q6g5pncuu5nc0e5mj2q248?imageView2/2/w/120/format/jpg,0,,68b041bc000000000b01c54e,1763797417417,1
68b0fa900000000009038e1c,1756428944000,,68b0374a000000001c03249a,说少了哈哈哈,5666c3b750c4b42c6e4ed64b,阿驴驴驴,https://sns-avatar-qc.xhscdn.com/avatar/1000g2jo2k932s3kim00043qge51rflibma5no0o?imageView2/2/w/120/format/jpg,0,,68b0a41c000000000b02bbfe,1763797417670,0
68b12755000000000903aa3b,1756440405000,,68b0374a000000001c03249a,你一说我又忘记了，忘记设置让他在我上班的时候干活了。[失望R][失望R][笑哭R][笑哭R],66ecf78b000000001d0201c5,狗子的哭悲打工生活（等着退休版）,https://sns-avatar-qc.xhscdn.com/avatar/1040g2jo31gb9p2d13q6g5pncuu5nc0e5mj2q248?imageView2/2/w/120/format/jpg,0,,68b0fa900000000009038e1c,1763797417678,0
68b12c7f000000000b01780e,1756441727000,,68b0374a000000001c03249a,我这里需要打扫的面积差不多30平，这样子。用扫拖同时一次的话，只需要40多分钟就可以。但是如果是先扫后拖，扫一次拖两次的话，要两个半小时以上。[笑哭R],66ecf78b000000001d0201c5,狗子的哭悲打工生活（等着退休版）,https://sns-avatar-qc.xhscdn.com/avatar/1040g2jo31gb9p2d13q6g5pncuu5nc0e5mj2q248?imageView2/2/w/120/format/jpg,0,,68b0fa900000000009038e1c,1763797417689,0
68b1377c000000000b01641f,1756444540000,,68b0374a000000001c03249a,我不是每天都在家，所以没有天天清理。,5666c3b750c4b42c6e4ed64b,阿驴驴驴,https://sns-avatar-qc.xhscdn.com/avatar/1000g2jo2k932s3kim00043qge51rflibma5no0o?imageView2/2/w/120/format/jpg,0,,68b12c7f000000000b01780e,1763797417695,1
68b13b59000000000b01e466,1756445530000,,68b0374a000000001c03249a,我不在家也会要求他每天扫地，因为阳台会进灰啦,66ecf78b000000001d0201c5,狗子的哭悲打工生活（等着退休版）,https://sns-avatar-qc.xhscdn.com/avatar/1040g2jo31gb9p2d13q6g5pncuu5nc0e5mj2q248?imageView2/2/w/120/format/jpg,0,,68b1377c000000000b01641f,1763797417710,0
68b3c4cf000000003002e0e9,1756611792000,,68b0374a000000001c03249a,洗衣机最基本要求就是洗干净吧[石化R],642b9fbd00000000140115a9,momo,https://sns-avatar-qc.xhscdn.com/avatar/1040g2jo31kr4i6nqj06g5p1bjuul25d9doq1sko?imageView2/2/w/120/format/jpg,0,,68b04041000000003000ff24,1763797419939,0
68b437ba0000000001011251,1756641211000,,68b0374a000000001c03249a,那120平还不要干一天了[笑哭R],5b1bf1786b58b74f0c29dc83,养鱼的王多鱼,https://sns-avatar-qc.xhscdn.com/avatar/1040g2jo31kac3kpf345g4a63sponhn43jrhrbjg?imageView2/2/w/120/format/jpg,0,,68b0a41c000000000b02bbfe,1763797419942,0
68b439020000000009038175,1756641539000,,68b0374a000000001c03249a,那就得勤快点了[笑哭R][笑哭R]先扫后拖光扫地都得两个小时吧，这不是半天的问题，是他会没电然后回去充电又出来干活，哈哈哈哈哈哈哈只能是多扫几次，多拖几次搞得比较干净了都用扫拖同时就快了。,66ecf78b000000001d0201c5,狗子的哭悲打工生活（等着退休版）,https://sns-avatar-qc.xhscdn.com/avatar/1040g2jo31gb9p2d13q6g5pncuu5nc0e5mj2q248?imageView2/2/w/120/format/jpg,0,,68b437ba0000000001011251,1763797419952,0
68b4391a000000000b01407f,1756641563000,,68b0374a000000001c03249a,不对，大概要三个小时以上了,66ecf78b000000001d0201c5,狗子的哭悲打工生活（等着退休版）,https://sns-avatar-qc.xhscdn.com/avatar/1040g2jo31gb9p2d13q6g5pncuu5nc0e5mj2q248?imageView2/2/w/120/format/jpg,0,,68b437ba0000000001011251,1763797419956,0
68bcd9b200000000300074c8,1757206962000,,68b0374a000000001c03249a,有没有可能洗衣机洗出来差不多干净，但扫地机大家发现有明显干不干净的区别才有帖子的呢[偷笑R],5c184e010000000006037efa,涂辣辣,https://sns-avatar-qc.xhscdn.com/avatar/1040g2jo31fvqkp19ne6g5n0o9o0hmvnq2a9hp4g?imageView2/2/w/120/format/jpg,0,,68b3c5c000000000300089fe,1763797419959,1
68b041bc000000000b01c54e,1756381628000,,68b0374a000000001c03249a,就34平工作1个小时认真的嘛[吧唧R],66517fd0000000000b033eb5,喂喂喂爱披,https://sns-avatar-qc.xhscdn.com/avatar/1040g2jo31mp3gbbrmm6g5pihfv82ufllni1arq0?imageView2/2/w/120/format/jpg,0,,68b04041000000003000ff24,1763797422394,4
68b3c5c000000000300089fe,1756612032000,,68b0374a000000001c03249a,我的意思是，你很少在网上看到“小天鹅还是海尔谁家洗衣机洗的干净”这种帖子吧hhhh 至于大疆我用下来感觉每天把猫毛和灰尘扫干净是没问题的～,61a0ae0c000000001000a947,夏清,https://sns-avatar-qc.xhscdn.com/avatar/645b7efe1fc3de4c930effac.jpg?imageView2/2/w/120/format/jpg,0,,68b3c4cf000000003002e0e9,1763797422398,0
68ad32610000000001001adf,1756181089000,,68a19b32000000001c03616f,有1厘米高的阶梯可以爬吗？,596cb5f450c4b42df2313a30,谁也管不了我是谁～,https://sns-avatar-qc.xhscdn.com/avatar/596cb5f450c4b42df2313a30.jpg?imageView2/2/w/120/format/jpg,1,,0,1763797426653,0
68a1f3fa000000003002618c,1755444219000,,68a19b32000000001c03616f,喜欢这种直接比对,6081894c000000000100671f,揸fit话事人,https://sns-avatar-qc.xhscdn.com/avatar/cd255d0e201935e0d852bd371f18c198.jpg?imageView2/2/w/120/format/jpg,0,,0,1763797426656,0
68a1ee220000000030009fc4,1755442723000,,68a19b32000000001c03616f,romo基站需要拿出来洗吗？,677a276d00000000150042aa,金沙洲,https://sns-avatar-qc.xhscdn.com/avatar/1040g2jo31p69bpg1266g5prq4tml8gla07pv1m8?imageView2/2/w/120/format/jpg,2,,0,1763797426662,0
68c38d29000000003002c192,1757646121000,,68a19b32000000001c03616f,可以，爬坡高度是2.5cm，还可以加装爬坡支架，最高可以达到4cm,651d406e0000000023026cb2,dji-te,https://sns-avatar-qc.xhscdn.com/avatar/1040g2jo317gvd5ck446g5p8t81n8sr5ita42ds0?imageView2/2/w/120/format/jpg,0,,68ad32610000000001001adf,1763797428671,0
68a4666b000000003000eaea,1755604587000,,68a19b32000000001c03616f,不太需要，只有防水条那里需要久了可以拆下来洗一下,65deaad5000000000500b511,Jsn摄影笔记,https://sns-avatar-qc.xhscdn.com/avatar/9407a290-bc81-35d8-90ec-894f4c9902b0?imageView2/2/w/120/format/jpg,0,,68a1ee220000000030009fc4,1763797428676,0
68c38cfb00000000300313e7,1757646075000,,68a19b32000000001c03616f,不需要额，可以保证200天自清洁的,651d406e0000000023026cb2,dji-te,https://sns-avatar-qc.xhscdn.com/avatar/1040g2jo317gvd5ck446g5p8t81n8sr5ita42ds0?imageView2/2/w/120/format/jpg,0,,68a1ee220000000030009fc4,1763797428933,0
68a48f820000000030011d3b,1755615106000,,68a47ef1000000001c00e9ff,博主买的哪个版本呀,568fd41f5e87e7433581b4da,cocochen,https://sns-avatar-qc.xhscdn.com/avatar/1000g2jo2j3nka1oio060452deba1vd6qou8p3dg?imageView2/2/w/120/format/jpg,4,,0,1763797433263,1
68a50f6a00000000260360af,1755647850000,,68a47ef1000000001c00e9ff,烘干几个小时，所有扫地机都一样啊,55e17e753397db52069e6486,木木小姐,https://sns-avatar-qc.xhscdn.com/avatar/55e17e753397db52069e6486.jpg?imageView2/2/w/120/format/jpg,1,,0,1763797433265,1
68a514ba000000003002f4c1,1755649211000,,68a47ef1000000001c00e9ff,给你补充一条，故障提示日志中无记录，清净日志中显示详情，回洗几次，中途充电时长等,5d39513e0000000010037d2e,同路,https://sns-avatar-qc.xhscdn.com/avatar/5d39513e0000000010037d2e.jpg?imageView2/2/w/120/format/jpg,0,,0,1763797433273,1
68a4887f000000003000fbbc,1755613312000,,68a47ef1000000001c00e9ff,完了 这是真测评 哈哈哈哈哈哈 我也是每次都要拉开窗帘 没事就要去瞧瞧水箱 怕早上我没醒它没法上班[呃R]烘干几个小时 还没结束,5573ea05b7ba227175de8028,小菈姬（ISTP版）,https://sns-avatar-qc.xhscdn.com/avatar/63006526c14a4a11c0ff792c.jpg?imageView2/2/w/120/format/jpg,0,,0,1763797433279,1
68a91a6e000000003001d2fb,1755912815000,,68a47ef1000000001c00e9ff,多钱买的[笑哭R],62ad5fd8000000001b024434,啦啦啦德玛西亚,https://sns-avatar-qc.xhscdn.com/avatar/62ad5fd8000000001b024434.jpg?imageView2/2/w/120/format/jpg,1,,0,1763797433291,0
68a51d21000000002700f7f8,1755651361000,,68a47ef1000000001c00e9ff,看着还不错啊，等第二代应该会好点,61089509000000000101e538,曉傑,https://sns-avatar-qc.xhscdn.com/avatar/1040g2jo31701uf8mjm6g5o88ik4gbp9obmu3vrg?imageView2/2/w/120/format/jpg,0,,0,1763797433296,2
68a6fe830000000030026005,1755774598000,,68a47ef1000000001c00e9ff,问下大家 你们盒子有没有扔 盒子上有没有这个流程引擎的贴纸,5cd1319f0000000016024410,三乐,https://sns-avatar-qc.xhscdn.com/avatar/1040g2jo31ld1a7rs5o0g5n6h66flkh0guokp8eg?imageView2/2/w/120/format/jpg,0,http://sns-webpic-qc.xhscdn.com/202511221543/b47467de95a38b955b958508c7359db9/comment/1040g2h031leoq1fpl8005n6h66flkh0gitr6tto!nd_whgt34_webp_wm_1,0,1763797433308,0
68a4942800000000300247c1,1755616297000,,68a47ef1000000001c00e9ff,还有一条干活儿慢[偷笑R],53967b66b4c4d65e3449afe3,蓝啡拉,https://sns-avatar-qc.xhscdn.com/avatar/1040g2jo31hg546oq3u504003iltmdbv3cgeebf0?imageView2/2/w/120/format/jpg,0,,0,1763797433314,0
68becc7b0000000030009b5f,1757334652000,,68a47ef1000000001c00e9ff,大疆romo25000pa吸力，200天基站免维护，目前价格有惊喜[doge],5be7ad57526e6200013dfd46,Ddcome,https://sns-avatar-qc.xhscdn.com/avatar/1040g2jo31move3peku0g4bpp33mlfva6igcq1u0?imageView2/2/w/120/format/jpg,0,,0,1763797433322,0
68a59215000000002603f13c,1755681303000,,68a47ef1000000001c00e9ff,你把避障模式调为标准试试，边角擦得贼溜,5bd0fbdf868e9b000177b685,芝士泡菜卷oo,https://sns-avatar-qc.xhscdn.com/avatar/1040g2jo31neioqhrlm004bjns6ttvdk5825tu30?imageView2/2/w/120/format/jpg,0,http://sns-webpic-qc.xhscdn.com/202511221543/15639cb2d39baeeab01c3cff0cadec32/comment/1040g2h031ldcafmg5i004bjns6ttvdk5ku8incg!nd_whgt34_webp_wm_1,0,1763797433329,1
68a519780000000027009a5b,1755650425000,,68a47ef1000000001c00e9ff,最便宜的那个[笑哭R],5b0ad1d6f7e8b94a53188160,小红薯_5417,https://sns-avatar-qc.xhscdn.com/avatar/5b0ad1d6f7e8b94a53188160.jpg?imageView2/2/w/120/format/jpg,0,,68a48f820000000030011d3b,1763797435342,0
68a52cf8000000003001513d,1755655417000,,68a47ef1000000001c00e9ff,不知道这些问题后期ota能不能解决 也是在观望要不要等第二代出来再买,5f719fac0000000001004360,一点点,https://sns-avatar-qc.xhscdn.com/avatar/1040g2jo3171vl5ifgo005nrhjum08gr0a7n3suo?imageView2/2/w/120/format/jpg,0,,68a519780000000027009a5b,1763797435528,0
68a53bc3000000002700bbd3,1755659204000,,68a47ef1000000001c00e9ff,早买早享受吧，总体用起来感觉还可以，我最在意还是少点人为干预。之前用的总是上班开始清扫，扫一半被困住了，下班回来还得拯救它[笑哭R],5b0ad1d6f7e8b94a53188160,小红薯_5417,https://sns-avatar-qc.xhscdn.com/avatar/5b0ad1d6f7e8b94a53188160.jpg?imageView2/2/w/120/format/jpg,0,,68a52cf8000000003001513d,1763797435530,0
68c6b9600000000030021274,1757854049000,,68a47ef1000000001c00e9ff,便宜的版本就够用了，还实惠[笑哭R][笑哭R],65c582220000000011019459,小熊小熊 吃饭不愁,https://sns-avatar-qc.xhscdn.com/avatar/1040g2jo31m9cepapmg705pe5g8h4b52pmfcjt0o?imageView2/2/w/120/format/jpg,0,,68a48f820000000030011d3b,1763797435539,0
68a53c7c0000000026035fb0,1755659389000,,68a47ef1000000001c00e9ff,烘干时长经常能到4-6小时，不过最近北方都在下雨，可能这个也有影响。但主要还是烘干时候不能查看基站状态，希望后续ota能更新,5b0ad1d6f7e8b94a53188160,小红薯_5417,https://sns-avatar-qc.xhscdn.com/avatar/5b0ad1d6f7e8b94a53188160.jpg?imageView2/2/w/120/format/jpg,0,,68a50f6a00000000260360af,1763797437545,0
68c6b9bb00000000300249a6,1757854139000,,68a47ef1000000001c00e9ff,国补下来低配就3.9K多,65c582220000000011019459,小熊小熊 吃饭不愁,https://sns-avatar-qc.xhscdn.com/avatar/1040g2jo31m9cepapmg705pe5g8h4b52pmfcjt0o?imageView2/2/w/120/format/jpg,0,,68a91a6e000000003001d2fb,1763797437550,0
68a540eb0000000026037f15,1755660523000,,68a47ef1000000001c00e9ff,窗帘这个所有扫地机都一样，因为如果窗帘背后是悬空的，扫地机就直接掉下去了,67487c0b00000000010025f6,肉兔兔,https://sns-avatar-qc.xhscdn.com/avatar/1040g2jo31lv9potj5m6g5pq8fg5g89fmfj0o2rg?imageView2/2/w/120/format/jpg,0,,0,1763797437759,6
68eeee4a0000000039009b2c,1760489034000,,68ee5b46000000000500103e,p上下水版，从一淘进去还能再减189，算下来4508,6640abd7000000000303160c,wo是久久,https://sns-avatar-qc.xhscdn.com/avatar/1040g2jo31hv0hg8v6a005pi0lfbgu5gcik8e4to?imageView2/2/w/120/format/jpg,3,,0,1763797442191,2
68ee5c410000000038017a8b,1760451649000,,68ee5b46000000000500103e,我刚看，顶配已经4299了[哭惹R],5b6c4ae647a7c30001c3ac9c,Steady,https://sns-avatar-qc.xhscdn.com/avatar/5b6c4b57d1d3b9594669e412.jpg?imageView2/2/w/120/format/jpg,13,,0,1763797442194,0
68ee64d70000000033022d19,1760453848000,,68ee5b46000000000500103e,我刚刚也买了这款，本来想买S的，但是S今天没有好价，买了个P水箱款3998,5ab071f411be100dc7165696,爱荔枝的鲜,https://sns-avatar-qc.xhscdn.com/avatar/1040g2jo31oto2tvphk6g4a3o1gov8lkm00qm7o8?imageView2/2/w/120/format/jpg,7,,0,1763797442203,5
68ee758a00000000390274f1,1760458122000,,68ee5b46000000000500103e,想问一下退货运费多少呀,5a498ccb11be1040aeb344a7,momo,https://sns-avatar-qc.xhscdn.com/avatar/1040g2jo31iqs944m1i004a0jj46cmh57kso3hg0?imageView2/2/w/120/format/jpg,5,,0,1763797442208,0
68ef61040000000038009d84,1760518405000,,68ee5b46000000000500103e,透明的设计真的是帅啊！,611e77ec000000000100328f,凯霁乐顺安（见过王俊凯版）,https://sns-avatar-qc.xhscdn.com/avatar/1040g2jo31ns5a9dplm005o8uevm08ckfch4hgdg?imageView2/2/w/120/format/jpg,2,http://sns-webpic-qc.xhscdn.com/202511221544/acbd491cd0c4ddf5d746e55140a8e587/comment/1040g2h031nleqq82l8l05o8uevm08ckfjbnothg!nd_whgt34_webp_wm_1,0,1763797442212,5
68f5d765000000003901c665,1760941926000,,68ee5b46000000000500103e,所以你们低于4299的教教我攻略嘛,54e82641e779896c8f49f72d,🖤嘻嘻不嘻嘻_嘎嘎🍓,https://sns-avatar-qc.xhscdn.com/avatar/1040g2jo318m5nh67jk00401gn7j43tpd6ls4q7g?imageView2/2/w/120/format/jpg,3,,0,1763797442221,0
68eee6cc0000000033004dcb,1760487116000,,68ee5b46000000000500103e,我看上面写的是限时补贴哎，过段时间是不是还会涨回来啊？,65a242180000000022014c30,捏捏脑袋,https://sns-avatar-qc.xhscdn.com/avatar/1040g2jo31p22bgsj326g5pd288c8ij1gk5co870?imageView2/2/w/120/format/jpg,3,,0,1763797442226,0
68ee5cdc0000000039032d3f,1760451804000,,68ee5b46000000000500103e,我买的s级上下水 3700+  这个算好价吗 [笑哭R],5bf92b3f49b0c20001b901be,Lynnee,https://sns-avatar-qc.xhscdn.com/avatar/64b9dbe0af8c4b3e14c13269.jpg?imageView2/2/w/120/format/jpg,3,,0,1763797442233,0
68ee684c0000000039004a0d,1760454733000,,68ee5b46000000000500103e,淘宝的价保太拉跨 我买的小米扫地机器人也是 明明降价了愣是不给价保 还好没有拆封,631f6bda000000002303d58b,阿尼亚怎么那么可爱,https://sns-avatar-qc.xhscdn.com/avatar/1040g2jo3101vn86a66005oovdfd8vlcbvl7fg40?imageView2/2/w/120/format/jpg,2,,0,1763797442241,0
68ef264f000000003300f3a0,1760503376000,,68ee5b46000000000500103e,还能低下来300多呢,668373d300000000030339d6,小宛儿itu,https://sns-avatar-qc.xhscdn.com/avatar/69057bdcf98ca100015bdcb4.jpg?imageView2/2/w/120/format/jpg,4,,0,1763797442244,0
68ef0a990000000033021a33,1760496282000,,68ee5b46000000000500103e,一淘在哪里呀,5fc5f4520000000001007ab4,🍪,https://sns-avatar-qc.xhscdn.com/avatar/6587bbb33b5b7c3e3f9dc737.jpg?imageView2/2/w/120/format/jpg,0,,68eeee4a0000000039009b2c,1763797444258,0
69135e04000000003901f061,1762876933000,浙江,68ee5b46000000000500103e,4419了,6220671a000000001000d908,小红薯6221C1D2,https://sns-avatar-qc.xhscdn.com/avatar/1040g2jo31gs55nj4j4005oh0csd41m88r4ql978?imageView2/2/w/120/format/jpg,0,,68eeee4a0000000039009b2c,1763797444470,0
68f809c50000000039023f69,1761085893000,,68ee5b46000000000500103e,一淘是个app，还能再减钱的,55712b1f33f60c3019e8ddef,momo,https://sns-avatar-qc.xhscdn.com/avatar/1040g2jo31p51l414266g40o242lhvnffi8kvi68?imageView2/2/w/120/format/jpg,0,,68ef0a990000000033021a33,1763797444473,0
68ee5dd3000000003900b568,1760452051000,,68ee5b46000000000500103e,上下水的吗，哪个平台啊,6640abd7000000000303160c,wo是久久,https://sns-avatar-qc.xhscdn.com/avatar/1040g2jo31hv0hg8v6a005pi0lfbgu5gcik8e4to?imageView2/2/w/120/format/jpg,0,,68ee5c410000000038017a8b,1763797446479,0
68ee5e0f000000003803e783,1760452112000,,68ee5b46000000000500103e,上下水p吗 [哭惹R]我拍4799啊,5a961d7ee8ac2b4b487ecf1c,piu,https://sns-avatar-qc.xhscdn.com/avatar/d784fc20c996f3d2f39d034c404f234e.jpg?imageView2/2/w/120/format/jpg,0,,68ee5c410000000038017a8b,1763797446737,0
68ee5e2d0000000038006ff9,1760452142000,,68ee5b46000000000500103e,那还是🍑便宜点,6640abd7000000000303160c,wo是久久,https://sns-avatar-qc.xhscdn.com/avatar/1040g2jo31hv0hg8v6a005pi0lfbgu5gcik8e4to?imageView2/2/w/120/format/jpg,0,http://sns-webpic-qc.xhscdn.com/202511221544/cfce024e2ae8a3cbefd243cd3510159c/comment/1040g2h031nkf7n3a5m005pi0lfbgu5gce6r591o!nd_whgt34_webp_wm_1,68ee5df90000000038006790,1763797446743,1
68ee5e6200000000380078cb,1760452194000,,68ee5b46000000000500103e,用淘金币了吗，还能抵120,6640abd7000000000303160c,wo是久久,https://sns-avatar-qc.xhscdn.com/avatar/1040g2jo31hv0hg8v6a005pi0lfbgu5gcik8e4to?imageView2/2/w/120/format/jpg,0,,68ee5e0f000000003803e783,1763797446756,0
68ee5e6d000000003800fab2,1760452206000,,68ee5b46000000000500103e,马上看看,5a961d7ee8ac2b4b487ecf1c,piu,https://sns-avatar-qc.xhscdn.com/avatar/d784fc20c996f3d2f39d034c404f234e.jpg?imageView2/2/w/120/format/jpg,0,,68ee5e6200000000380078cb,1763797446760,0
68ee5e91000000003800bef8,1760452242000,,68ee5b46000000000500103e,哪里可以点淘金币啊,5a961d7ee8ac2b4b487ecf1c,piu,https://sns-avatar-qc.xhscdn.com/avatar/d784fc20c996f3d2f39d034c404f234e.jpg?imageView2/2/w/120/format/jpg,0,,68ee5e6200000000380078cb,1763797446773,0
68ee5ea8000000003800c4d9,1760452266000,,68ee5b46000000000500103e,,5a961d7ee8ac2b4b487ecf1c,piu,https://sns-avatar-qc.xhscdn.com/avatar/d784fc20c996f3d2f39d034c404f234e.jpg?imageView2/2/w/120/format/jpg,0,http://sns-webpic-qc.xhscdn.com/202511221544/f51ce3ac69844d864f6931dbc1e315f4/comment/1040g2h031nkf9jfq6m6g4a2u74entjosha793o0!nd_whgt34_webp_wm_1,68ee5e6200000000380078cb,1763797448944,0
68ee5ef3000000003802c471,1760452339000,,68ee5b46000000000500103e,从淘金币入口进去，才能抵,6640abd7000000000303160c,wo是久久,https://sns-avatar-qc.xhscdn.com/avatar/1040g2jo31hv0hg8v6a005pi0lfbgu5gcik8e4to?imageView2/2/w/120/format/jpg,0,,68ee5ea8000000003800c4d9,1763797448948,0
68ee5f8b0000000039005c4d,1760452492000,,68ee5b46000000000500103e,从这进去加购，就可以了,6640abd7000000000303160c,wo是久久,https://sns-avatar-qc.xhscdn.com/avatar/1040g2jo31hv0hg8v6a005pi0lfbgu5gcik8e4to?imageView2/2/w/120/format/jpg,0,http://sns-webpic-qc.xhscdn.com/202511221544/00c8da8d562f7ec9df89169311d98817/comment/1040g2h031nkf7n3a5m0g5pi0lfbgu5gcq8fh7p0!nd_whgt34_webp_wm_1,68ee5e91000000003800bef8,1763797448957,0
68ee60960000000038012f1e,1760452759000,,68ee5b46000000000500103e,谢谢,5a961d7ee8ac2b4b487ecf1c,piu,https://sns-avatar-qc.xhscdn.com/avatar/d784fc20c996f3d2f39d034c404f234e.jpg?imageView2/2/w/120/format/jpg,0,,68ee5f8b0000000039005c4d,1763797448961,0
68ee87ea0000000039001ee5,1760462827000,,68ee5b46000000000500103e,什么时候买的啊,5f75979400000000010066cc,鑫鑫金金金,https://sns-avatar-qc.xhscdn.com/avatar/1040g2jo31bf0dstng2005nrliua08pmch71jte0?imageView2/2/w/120/format/jpg,0,,68ee5e0f000000003803e783,1763797448967,0
68f02e5b0000000039028258,1760570972000,,68ee5b46000000000500103e,这个价格哪里拍,5b5c75df6b58b766d72d510e,Mr.juice,https://sns-avatar-qc.xhscdn.com/avatar/5f60d799b50f720001330e69.jpg?imageView2/2/w/120/format/jpg,0,,68ee5e0f000000003803e783,1763797451134,0
68ee5df90000000038006790,1760452089000,,68ee5b46000000000500103e,水箱版，抖音官方旗舰店[笑哭R],5b6c4ae647a7c30001c3ac9c,Steady,https://sns-avatar-qc.xhscdn.com/avatar/5b6c4b57d1d3b9594669e412.jpg?imageView2/2/w/120/format/jpg,0,,68ee5dd3000000003900b568,1763797451136,0
68ee65490000000038008ccb,1760453961000,,68ee5b46000000000500103e,哇 你这个价格更好,6640abd7000000000303160c,wo是久久,https://sns-avatar-qc.xhscdn.com/avatar/1040g2jo31hv0hg8v6a005pi0lfbgu5gcik8e4to?imageView2/2/w/120/format/jpg,0,,68ee64d70000000033022d19,1763797453146,0
68ee659b00000000330219dc,1760454044000,,68ee5b46000000000500103e,价格是一样的，就是一淘返165，希望别再降了，不想退来退去[笑哭R],5ab071f411be100dc7165696,爱荔枝的鲜,https://sns-avatar-qc.xhscdn.com/avatar/1040g2jo31oto2tvphk6g4a3o1gov8lkm00qm7o8?imageView2/2/w/120/format/jpg,0,,68ee65490000000038008ccb,1763797453425,0
68ee65f0000000003803de5f,1760454128000,,68ee5b46000000000500103e,是啊 ，我都退了两次，害怕把我拉黑,6640abd7000000000303160c,wo是久久,https://sns-avatar-qc.xhscdn.com/avatar/1040g2jo31hv0hg8v6a005pi0lfbgu5gcik8e4to?imageView2/2/w/120/format/jpg,0,,68ee659b00000000330219dc,1763797453437,0
68eec3b10000000039003592,1760478130000,,68ee5b46000000000500103e,P就3998？,63307b2700000000230397d0,小红薯6330A095,https://sns-avatar-qc.xhscdn.com/avatar/2b4cefbb01e0a0824f5c173dde7f98b2.jpg?imageView2/2/w/120/format/jpg,0,,68ee64d70000000033022d19,1763797453450,0
68eee5820000000037024474,1760486786000,,68ee5b46000000000500103e,对的，水箱版,5ab071f411be100dc7165696,爱荔枝的鲜,https://sns-avatar-qc.xhscdn.com/avatar/1040g2jo31oto2tvphk6g4a3o1gov8lkm00qm7o8?imageView2/2/w/120/format/jpg,0,,68eec3b10000000039003592,1763797453486,0
68eee8fe0000000039002c07,1760487679000,,68ee5b46000000000500103e,怎么买的呀 我才买是4699[哭惹R],560e3fac33f60c0b0e7015d5,oochocoo,https://sns-avatar-qc.xhscdn.com/avatar/615ef831b215fa070ecfff01.jpg?imageView2/2/w/120/format/jpg,0,,68eee5820000000037024474,1763797453501,0
68ef10fd0000000033007719,1760497917000,,68ee5b46000000000500103e,淘宝买，今天还有，你按博主的方法买,5ab071f411be100dc7165696,爱荔枝的鲜,https://sns-avatar-qc.xhscdn.com/avatar/1040g2jo31oto2tvphk6g4a3o1gov8lkm00qm7o8?imageView2/2/w/120/format/jpg,0,,68eee8fe0000000039002c07,1763797455701,0
68eeecfa000000003803d59e,1760488698000,,68ee5b46000000000500103e,平台申请 选自行寄件，然后联系客服，他们下单，给你单号，这样不用付运费，别用平台的上门取件,6640abd7000000000303160c,wo是久久,https://sns-avatar-qc.xhscdn.com/avatar/1040g2jo31hv0hg8v6a005pi0lfbgu5gcik8e4to?imageView2/2/w/120/format/jpg,0,,68ee758a00000000390274f1,1763797457709,1
68ee87fe0000000039023f09,1760462847000,,68ee5b46000000000500103e,同问,5872f84e82ec39617c767acd,Sophia_小绿烧饭王,https://sns-avatar-qc.xhscdn.com/avatar/1040g2jo31f8n90ek6q004918vms4sumdh3s33p8?imageView2/2/w/120/format/jpg,0,,68ee758a00000000390274f1,1763797457909,0
68eeb38a00000000380066be,1760473995000,,68ee5b46000000000500103e,同问,588974a86a6a6908e3fb4815,焱Alohario_rio焱,https://sns-avatar-qc.xhscdn.com/avatar/638ebffcec8aa82db44ddefd.jpg?imageView2/2/w/120/format/jpg,0,,68ee87fe0000000039023f09,1763797457917,0
68f11efa0000000038012770,1760632573000,,68ee5b46000000000500103e,气死我了，之前让我不要上门取件，现在真正退货让我上门，根本就不负责运费。客服还不回复，售后太差[生气R],57720b4750c4b454e3c994eb,燕麦牛奶,https://sns-avatar-qc.xhscdn.com/avatar/5b9e842f10a4430001fd0946.jpg?imageView2/2/w/120/format/jpg,0,http://sns-webpic-qc.xhscdn.com/202511221544/024c69c1c9566eae59c14d4f193f8659/comment/1040g2h031nn58rip5m0048h1ln5kf57bqsa8ki0!nd_whgt34_webp_wm_1,68eeecfa000000003803d59e,1763797457922,0
68f35b9f00000000380133b6,1760779167000,,68ee5b46000000000500103e,咋这样啊，估计是最近价格跳水退货太多了,6640abd7000000000303160c,wo是久久,https://sns-avatar-qc.xhscdn.com/avatar/1040g2jo31hv0hg8v6a005pi0lfbgu5gcik8e4to?imageView2/2/w/120/format/jpg,0,,68f11efa0000000038012770,1763797457926,0
68f080870000000033021d18,1760592007000,,68ee5b46000000000500103e,真的绝，我也准备买这款了,5f201996000000000100091e,百事可爱,https://sns-avatar-qc.xhscdn.com/avatar/1040g2jo31mba8n3a5m5g5np036b0828u0pi4qc8?imageView2/2/w/120/format/jpg,0,,68ef61040000000038009d84,1763797459941,0
68f0d280000000003300f274,1760612993000,,68ee5b46000000000500103e,用久了不全是积尘？,5b37930d4eacab200cc87625,镹肆光年,https://sns-avatar-qc.xhscdn.com/avatar/1040g2jo316kkc88jje004a6nfg9gqth584asjdg?imageView2/2/w/120/format/jpg,0,,68ef61040000000038009d84,1763797460175,0
68f615fa000000003800d76f,1760957946000,,68ee5b46000000000500103e,蹲一下限时补贴吧，大概400块左右，然后淘金币，百亿补贴，国补，返利差不多就是这个价钱,6640abd7000000000303160c,wo是久久,https://sns-avatar-qc.xhscdn.com/avatar/1040g2jo31hv0hg8v6a005pi0lfbgu5gcik8e4to?imageView2/2/w/120/format/jpg,0,,68f5d765000000003901c665,1763797462185,0
68f5e912000000003901dab0,1760946451000,,68ee5b46000000000500103e,我直接专柜这个价格买了,5773accd5e87e760e88debc2,🙈,https://sns-avatar-qc.xhscdn.com/avatar/5ed6161795ddd70001d5656c.jpg?imageView2/2/w/120/format/jpg,0,,68f5d765000000003901c665,1763797462384,0
68f6306d000000003902afb7,1760964717000,,68ee5b46000000000500103e,京东直接买4298,556d5f4ba75c956cc15ca908,鱼头泡泡饼,https://sns-avatar-qc.xhscdn.com/avatar/1040g2jo313etv5quh20040no7jfkna8822ebi10?imageView2/2/w/120/format/jpg,0,,68f5d765000000003901c665,1763797462387,0
68eeed850000000038013954,1760488837000,,68ee5b46000000000500103e,是会涨，但10天限时补贴了两次[笑哭R],6640abd7000000000303160c,wo是久久,https://sns-avatar-qc.xhscdn.com/avatar/1040g2jo31hv0hg8v6a005pi0lfbgu5gcik8e4to?imageView2/2/w/120/format/jpg,0,,68eee6cc0000000033004dcb,1763797464395,0
68eefa4900000000330225b8,1760492105000,,68ee5b46000000000500103e,哈哈，我再想是等它双十一，还是现在拿下,65a242180000000022014c30,捏捏脑袋,https://sns-avatar-qc.xhscdn.com/avatar/1040g2jo31p22bgsj326g5pd288c8ij1gk5co870?imageView2/2/w/120/format/jpg,0,,68eeed850000000038013954,1763797464661,0
68f8a70e0000000033022289,1761126159000,,68ee5b46000000000500103e,我也是江苏的，限时补贴请问是什么东西啊？,5607f4ecf5a263723515b632,用户已注销,https://sns-avatar-qc.xhscdn.com/avatar/1000g2jo2ia0s0c0is0604182cgqepdhi7nuiq6g?imageView2/2/w/120/format/jpg,0,,68eee6cc0000000033004dcb,1763797464672,0
68ee62ef0000000038010ca8,1760453359000,,68ee5b46000000000500103e,差不多，双十一再降就继续退[笑哭R],6640abd7000000000303160c,wo是久久,https://sns-avatar-qc.xhscdn.com/avatar/1040g2jo31hv0hg8v6a005pi0lfbgu5gcik8e4to?imageView2/2/w/120/format/jpg,0,,68ee5cdc0000000039032d3f,1763797466689,0
68ee5db8000000003900afef,1760452024000,,68ee5b46000000000500103e,请问从哪买的呀,5b8a45998323440001c5c5a1,Potted,https://sns-avatar-qc.xhscdn.com/avatar/62bc177d2f8a18fafc90f65b.jpg?imageView2/2/w/120/format/jpg,0,,68ee5cdc0000000039032d3f,1763797466974,0
68eee2c00000000039024273,1760486081000,,68ee5b46000000000500103e,淘宝淘金币减120，天猫券减25后3777，一淘还能返34,678891bc0000000007003f6a,小红薯678A1400,https://sns-avatar-qc.xhscdn.com/avatar/645b7f8f2a34639eb26eb1cd.jpg?imageView2/2/w/120/format/jpg,0,,68ee5db8000000003900afef,1763797466977,0
68ee69800000000039000f00,1760455041000,,68ee5b46000000000500103e,是啊，我现在收到都不敢拆[笑哭R],6640abd7000000000303160c,wo是久久,https://sns-avatar-qc.xhscdn.com/avatar/1040g2jo31hv0hg8v6a005pi0lfbgu5gcik8e4to?imageView2/2/w/120/format/jpg,0,,68ee684c0000000039004a0d,1763797468987,0
68ee6a59000000003802b86f,1760455257000,,68ee5b46000000000500103e,京东淘宝两者价格差不多的话 优先京东吧 一方面价保客服能介入审核 另一方面退货也方便很多,631f6bda000000002303d58b,阿尼亚怎么那么可爱,https://sns-avatar-qc.xhscdn.com/avatar/1040g2jo3101vn86a66005oovdfd8vlcbvl7fg40?imageView2/2/w/120/format/jpg,0,,68ee69800000000039000f00,1763797469310,0
68ef2653000000003300f488,1760503379000,,68ee5b46000000000500103e,J～D的上面,668373d300000000030339d6,小宛儿itu,https://sns-avatar-qc.xhscdn.com/avatar/69057bdcf98ca100015bdcb4.jpg?imageView2/2/w/120/format/jpg,0,,68ef264f000000003300f3a0,1763797471319,0
68ef265500000000330215db,1760503382000,,68ee5b46000000000500103e,搜一下，，，今日好运,668373d300000000030339d6,小宛儿itu,https://sns-avatar-qc.xhscdn.com/avatar/69057bdcf98ca100015bdcb4.jpg?imageView2/2/w/120/format/jpg,0,,68ef264f000000003300f3a0,1763797471615,0
68ef26580000000037012ee7,1760503385000,,68ee5b46000000000500103e,还可以更低,668373d300000000030339d6,小宛儿itu,https://sns-avatar-qc.xhscdn.com/avatar/69057bdcf98ca100015bdcb4.jpg?imageView2/2/w/120/format/jpg,0,,68ef264f000000003300f3a0,1763797471617,0
68ef265b0000000037024b2b,1760503388000,,68ee5b46000000000500103e,别忘记嘞谢谢俺,668373d300000000030339d6,小宛儿itu,https://sns-avatar-qc.xhscdn.com/avatar/69057bdcf98ca100015bdcb4.jpg?imageView2/2/w/120/format/jpg,0,,68ef264f000000003300f3a0,1763797471623,0
691310c10000000039033681,1762857153000,浙江,68ee5b46000000000500103e,4419,6220671a000000001000d908,小红薯6221C1D2,https://sns-avatar-qc.xhscdn.com/avatar/1040g2jo31gs55nj4j4005oh0csd41m88r4ql978?imageView2/2/w/120/format/jpg,0,,0,1763797473860,0
690015af0000000037027efa,1761613232000,江苏,68ee5b46000000000500103e,我买才4200,5d1cdd57000000001102edec,十安,https://sns-avatar-qc.xhscdn.com/avatar/1040g2jo31kvi058n2o005n8srlbkdrfckik72lo?imageView2/2/w/120/format/jpg,0,,0,1763797473868,0
68fe16f400000000330237a5,1761482484000,陕西,68ee5b46000000000500103e,我昨儿才买 5139,675d1272000000001801f205,Pluviophile,https://sns-avatar-qc.xhscdn.com/avatar/1040g2jo31h423i58ji005pqt29p63sg5hhcrd00?imageView2/2/w/120/format/jpg,0,,0,1763797473872,0
68fce16d0000000039008adf,1761403245000,新疆,68ee5b46000000000500103e,上面不是写的30天报价吗  你找客服呀,5a501b3b11be10041769349e,小狗抱抱,https://sns-avatar-qc.xhscdn.com/avatar/1040g2jo30rdc5jij1e0g4a0mbldjmd4u76rp50g?imageView2/2/w/120/format/jpg,0,,0,1763797473875,0
68f80efe000000003900a95a,1761087231000,,68ee5b46000000000500103e,限时补贴是什么？,591bffa86a6a695008b52d2e,我是谁我在哪儿,https://sns-avatar-qc.xhscdn.com/avatar/1040g2jo31cdr1j5v0u6g49gikvvqgb9e0ecvhio?imageView2/2/w/120/format/jpg,0,,0,1763797473880,0
68b568650000000030004030,1756719206000,,68a6e2bf000000001d0049b2,无踢脚线是墙压地 墙面开槽的么？,5befc0cff7e8b93372b2f475,筑梦家,https://sns-avatar-qc.xhscdn.com/avatar/6646e0fbc91bf9b208a3fa11.jpg?imageView2/2/w/120/format/jpg,7,,0,1763797478370,0
68a8192f000000002700fab8,1755846960000,,68a6e2bf000000001d0049b2,建图之后基站不能变位置 它才能回家 变了就要重新建图[doge],607e8cd2000000000101f18a,忘川的闲置,https://sns-avatar-qc.xhscdn.com/avatar/607e8cd2000000000101f18a.jpg?imageView2/2/w/120/format/jpg,4,,0,1763797478373,7
68a6e9f3000000003002318f,1755769331000,,68a6e2bf000000001d0049b2,怎么？都接大疆的广告了？,5eab78110000000001002638,张小媛（软装中🍃）,https://sns-avatar-qc.xhscdn.com/avatar/64b817e98fae7f8c67ab5200.jpg?imageView2/2/w/120/format/jpg,3,,0,1763797478379,0
68af2e7b000000000b014f23,1756311164000,,68a6e2bf000000001d0049b2,你房子装好了可以让我来看看吗 感觉很有品味啊啊啊,5b10fddd11be107759eabd07,想都不要想,https://sns-avatar-qc.xhscdn.com/avatar/1040g2jo30mut26i156004a5r6tutrf87m8ksdd0?imageView2/2/w/120/format/jpg,1,,0,1763797478385,0
6921132e0000000014036029,1763775279000,浙江,68a6e2bf000000001d0049b2,那有买石头试嘛,6020d820000000000101f180,小红薯6020EEAC,https://sns-avatar-qc.xhscdn.com/avatar/0dd6f7e91ce0bea602fbc47515b7c72f.jpg?imageView2/2/w/120/format/jpg,0,,0,1763797478387,0
68e89875000000003300e535,1760073846000,,68a6e2bf000000001d0049b2,会刮地板么,5f6fec7b0000000001003c81,摸鱼王阿文,https://sns-avatar-qc.xhscdn.com/avatar/5f6fec7b0000000001003c81.jpg?imageView2/2/w/120/format/jpg,0,,0,1763797478403,0
68b62de1000000003003169f,1756769761000,,68a6e2bf000000001d0049b2,扫地机：这屋都脏成啥样了，我哪能回家！不回不回，我要工作[大笑R][大笑R][大笑R],5918f13f5e87e763dcd7b433,拿你换头驴！,https://sns-avatar-qc.xhscdn.com/avatar/6498de2264af796fcd5eb252.jpg?imageView2/2/w/120/format/jpg,0,,0,1763797478412,0
68a71b0a0000000030029264,1755781899000,,68a6e2bf000000001d0049b2,请问，为什么机子上的黄色条没摘下来呢,5c586afc000000001b034059,Yzh,https://sns-avatar-qc.xhscdn.com/avatar/1040g2jo30to0kuml4o005n2odbu6ug2p1t72bu8?imageView2/2/w/120/format/jpg,3,,0,1763797478434,3
68b5716500000000300075f8,1756721510000,,68a6e2bf000000001d0049b2,[斜眼R]懂行,62ef5386000000001f017abb,米homie（边住边装！,https://sns-avatar-qc.xhscdn.com/avatar/1040g2jo30tdug50l3q005onfae37qulrg65ds18?imageView2/2/w/120/format/jpg,0,,68b568650000000030004030,1763797480443,1
68b576f7000000003001154d,1756722935000,,68a6e2bf000000001d0049b2,满胶了吗,5befc0cff7e8b93372b2f475,筑梦家,https://sns-avatar-qc.xhscdn.com/avatar/6646e0fbc91bf9b208a3fa11.jpg?imageView2/2/w/120/format/jpg,0,,68b5716500000000300075f8,1763797480670,0
68b578510000000030009a0a,1756723282000,,68a6e2bf000000001d0049b2,搞这些不就是为了不满胶,62ef5386000000001f017abb,米homie（边住边装！,https://sns-avatar-qc.xhscdn.com/avatar/1040g2jo30tdug50l3q005onfae37qulrg65ds18?imageView2/2/w/120/format/jpg,0,,68b576f7000000003001154d,1763797480679,0
68b5793b0000000030008db4,1756723516000,,68a6e2bf000000001d0049b2,如果没满胶 涂料压下来 地板伸缩  会把交界处的涂料扯开裂吧 我是这样理解的。因为我想这样装 在纠结。满胶要贵不少,5befc0cff7e8b93372b2f475,筑梦家,https://sns-avatar-qc.xhscdn.com/avatar/6646e0fbc91bf9b208a3fa11.jpg?imageView2/2/w/120/format/jpg,0,,68b578510000000030009a0a,1763797480689,0
68b579f30000000030010b4d,1756723700000,,68a6e2bf000000001d0049b2,你说墙面和木地板交接那个缝？,62ef5386000000001f017abb,米homie（边住边装！,https://sns-avatar-qc.xhscdn.com/avatar/1040g2jo30tdug50l3q005onfae37qulrg65ds18?imageView2/2/w/120/format/jpg,0,,68b5793b0000000030008db4,1763797480713,0
68b57a30000000003000efde,1756723761000,,68a6e2bf000000001d0049b2,对,5befc0cff7e8b93372b2f475,筑梦家,https://sns-avatar-qc.xhscdn.com/avatar/6646e0fbc91bf9b208a3fa11.jpg?imageView2/2/w/120/format/jpg,0,,68b579f30000000030010b4d,1763797480743,0
68b57c94000000003000a58d,1756724372000,,68a6e2bf000000001d0049b2,这还需要纠结？ 这个缝出现的几率你拉满才有多少？ 就算裂开了美容胶收口 和满胶比[斜眼R],62ef5386000000001f017abb,米homie（边住边装！,https://sns-avatar-qc.xhscdn.com/avatar/1040g2jo30tdug50l3q005onfae37qulrg65ds18?imageView2/2/w/120/format/jpg,0,,68b57a30000000003000efde,1763797482979,0
68a85bd200000000300065b3,1755864019000,,68a6e2bf000000001d0049b2,挪动了，大概20cm,62ef5386000000001f017abb,米homie（边住边装！,https://sns-avatar-qc.xhscdn.com/avatar/1040g2jo30tdug50l3q005onfae37qulrg65ds18?imageView2/2/w/120/format/jpg,0,,68a8192f000000002700fab8,1763797484983,0
68a86d0f0000000026034665,1755868432000,,68a6e2bf000000001d0049b2,不能动 动了就回不去  扫地机器人都这样 基站建图之后就不能动 动了就重新建它才找的到 [doge],607e8cd2000000000101f18a,忘川的闲置,https://sns-avatar-qc.xhscdn.com/avatar/607e8cd2000000000101f18a.jpg?imageView2/2/w/120/format/jpg,0,,68a85bd200000000300065b3,1763797485284,0
68ce8c280000000030015b15,1758366761000,,68a6e2bf000000001d0049b2,对呀，挪动之后机器人会找不到位置的，需要重新建图[笑哭R],5fb0df8d0000000001006a64,芋圆紫贝,https://sns-avatar-qc.xhscdn.com/avatar/64315615c14f60662be0fe8c.jpg?imageView2/2/w/120/format/jpg,0,,68a8192f000000002700fab8,1763797485320,0
68fcc87600000000390323b2,1761396855000,广东,68a6e2bf000000001d0049b2,那必须重新建图，他是以基站为中心标注定位的,5f634a2a0000000001000d8d,momo,https://sns-avatar-qc.xhscdn.com/avatar/642cc89acdbbe098f2e3f16c.jpg?imageView2/2/w/120/format/jpg,0,,68a85bd200000000300065b3,1763797485333,0
68a6eb6200000000300109b4,1755769699000,,68a6e2bf000000001d0049b2,[偷笑R]接了广告还退什么,62ef5386000000001f017abb,米homie（边住边装！,https://sns-avatar-qc.xhscdn.com/avatar/1040g2jo30tdug50l3q005onfae37qulrg65ds18?imageView2/2/w/120/format/jpg,0,,68a6e9f3000000003002318f,1763797487359,0
68a6ee73000000003002ae44,1755770484000,,68a6e2bf000000001d0049b2,反向安利,5eab78110000000001002638,张小媛（软装中🍃）,https://sns-avatar-qc.xhscdn.com/avatar/64b817e98fae7f8c67ab5200.jpg?imageView2/2/w/120/format/jpg,0,,68a6eb6200000000300109b4,1763797487587,0
68a6eeca00000000300122c3,1755770570000,,68a6e2bf000000001d0049b2,真的就日常维护还行,62ef5386000000001f017abb,米homie（边住边装！,https://sns-avatar-qc.xhscdn.com/avatar/1040g2jo30tdug50l3q005onfae37qulrg65ds18?imageView2/2/w/120/format/jpg,0,,68a6ee73000000003002ae44,1763797487589,0
68afd2d30000000030017e12,1756353236000,,68a6e2bf000000001d0049b2,好呀 离完全体还有一阵哦[笑哭R][笑哭R],62ef5386000000001f017abb,米homie（边住边装！,https://sns-avatar-qc.xhscdn.com/avatar/1040g2jo30tdug50l3q005onfae37qulrg65ds18?imageView2/2/w/120/format/jpg,0,,68af2e7b000000000b014f23,1763797489601,1
68a72b3f00000000300173b3,1755786048000,,68a6e2bf000000001d0049b2,啊 那个不拆的吧 那不是设计么,62ef5386000000001f017abb,米homie（边住边装！,https://sns-avatar-qc.xhscdn.com/avatar/1040g2jo30tdug50l3q005onfae37qulrg65ds18?imageView2/2/w/120/format/jpg,0,,68a71b0a0000000030029264,1763797489606,0
68a780310000000030021f21,1755807793000,,68a6e2bf000000001d0049b2,你再好好看看说明书呢[笑哭R],6276298e000000002102b3de,布奇奇,https://sns-avatar-qc.xhscdn.com/avatar/62762af6b30e6d4386984ee9.jpg?imageView2/2/w/120/format/jpg,0,,68a72b3f00000000300173b3,1763797489842,0
68a7b573000000003000df21,1755821428000,,68a6e2bf000000001d0049b2,[笑哭R][笑哭R],62ef5386000000001f017abb,米homie（边住边装！,https://sns-avatar-qc.xhscdn.com/avatar/1040g2jo30tdug50l3q005onfae37qulrg65ds18?imageView2/2/w/120/format/jpg,0,,68a780310000000030021f21,1763797489849,0
68c9222b0000000030013273,1758011948000,,68c91a8d00000000130116a5,哈哈哈 都是没用过的瞎吐槽 用过的都知道它多静音、多聪明、多好清洁、省心。,62e790d8000000001f00694e,小太阳,https://sns-avatar-qc.xhscdn.com/avatar/1040g2jo31p4nt9eo2c605on7i3c7oqae0af626g?imageView2/2/w/120/format/jpg,20,,0,1763797494380,35
68c96ec30000000030024a23,1758031556000,,68c91a8d00000000130116a5,很好用啊[笑哭R]看我主页我不可能是广,5c87118000000000160018d5,香波莉,https://sns-avatar-qc.xhscdn.com/avatar/1040g2jo30o5femqm263g5n472605g66llb3eud8?imageView2/2/w/120/format/jpg,10,,0,1763797494382,3
68ca9c7900000000010104f3,1758108794000,,68c91a8d00000000130116a5,很多是大疆粉丝直接就冲了，然后用下来一大堆问题。 其实只要用过其他品牌的过来人，比较下来大疆的优点还是多于缺点的。,5c3e94c5000000000603a128,啊哟哇啦,https://sns-avatar-qc.xhscdn.com/avatar/6431469b88c2f420378fc482.jpg?imageView2/2/w/120/format/jpg,2,,0,1763797494389,15
68cbbf21000000000b014ab9,1758183202000,,68c91a8d00000000130116a5,已经用了一个多月了，没打扫过基站，很干净,65863cb6000000001c024a37,拉老虎,https://sns-avatar-qc.xhscdn.com/avatar/1040g2jo31mrt9v6slm5g5pc67ir74ihnhggpgb8?imageView2/2/w/120/format/jpg,1,http://sns-webpic-qc.xhscdn.com/202511221544/b3359e9a06d5927d206870d0897c8cbf/comment/1040g2h031milaecdlm6g5pc67ir74ihnejoghh0!nd_whgt34_webp_wm_1,0,1763797494393,8
68f4bec800000000380172c7,1760870089000,,68c91a8d00000000130116a5,售后不好，我的机器有异响，寄回去检测，说没问题，我说没问题为什么会有异响，客服回答是因为抓地力强，真是一本正经的胡说八道,56e3ec4aaed7581ff1393698,包子他爹,https://sns-avatar-qc.xhscdn.com/avatar/1040g2jo31ho28tlbjq0046tqgtm4kdkolf5er7o?imageView2/2/w/120/format/jpg,3,,0,1763797494402,0
68cf693a000000000b01744e,1758423355000,,68c91a8d00000000130116a5,那我岂不是很幸运  首发下单  第二天到家  用到现在  只能用两个字概括：完美,5b11e1984eacab5454cc4283,友好沟通'但是不回复2比,https://sns-avatar-qc.xhscdn.com/avatar/644d114d9329aa25ed9665b1.jpg?imageView2/2/w/120/format/jpg,3,http://sns-webpic-qc.xhscdn.com/202511221544/c0f74bfd68745faf12468678c6331bb8/comment/1040g2h031mm7ltgv5i1g4a5rscgpggk34kljtco!nd_whgt34_webp_wm_1,0,1763797494414,0
68cad32e000000000b0283f5,1758122807000,,68c91a8d00000000130116a5,我已经用了一个月了，今天打扫的时候还特地看了下基站里面还是挺干净的。我觉得挺好用的,5925a4ac82ec39758e2c0f30,南通理想汽车彭彭,https://sns-avatar-qc.xhscdn.com/avatar/1040g2jo31f4e15j1mi0049hadeiao3pg1cgvru0?imageView2/2/w/120/format/jpg,0,http://sns-webpic-qc.xhscdn.com/202511221544/a8eca1193d02a5a37384f2e40c75e4e1/comment/1040g2h031mhogok6l80049hadeiao3pgcc07qbo!nd_whgt34_webp_wm_1,0,1763797494421,6
68d1a05e000000003001d105,1758568543000,,68c91a8d00000000130116a5,不知道基站免维护是否经得住检验，反正云鲸我是隔三差五撅地上清扫基站，还因为换了上下水装置堵了两次，说我们城市水太硬，去个球吧，云鲸彻底不用了。然后又买了添可和美的的洗地机，也是要手掏水槽清理头发，还不能让水碰到那个转筒，这俩机器也分别维修了两次了，我对这些产品真的是快绝望了[笑哭R][笑哭R][笑哭R],5b56d1fee8ac2b2a96596968,momo,https://sns-avatar-qc.xhscdn.com/avatar/1040g2jo31i4qj5m6ne6g4a7f6l8vsqb84g42a8o?imageView2/2/w/120/format/jpg,1,,0,1763797494426,2
68ca46680000000030014303,1758086761000,,68c91a8d00000000130116a5,好用,62930e6000000000210251ca,小红薯6294599C,https://sns-avatar-qc.xhscdn.com/avatar/2b4cefbb01e0a0824f5c173dde7f98b2.jpg?imageView2/2/w/120/format/jpg,0,http://sns-webpic-qc.xhscdn.com/202511221544/5d8accc0d4eef5d711a63e69c1973001/comment/1040g2h031mh7as3v4u6g5okj1pg8ckea7uq558g!nd_whgt34_webp_wm_1,0,1763797494435,4
68c94b7600000000300124a3,1758022519000,,68c91a8d00000000130116a5,大疆属于降维打击，虽然看着和市面别的差不多，但就是各方面都做得更好,5bd5fc0b4a32740001f7f6a0,Sting,https://sns-avatar-qc.xhscdn.com/avatar/1040g2jo31m9ktra1ku004blfg8u0ntl0afk3spg?imageView2/2/w/120/format/jpg,0,,0,1763797494460,4
68c927c8000000003002a58f,1758013384000,,68c91a8d00000000130116a5,你编得倒是挺真实的[doge],634fe155000000001802c891,龚进辉,https://sns-avatar-qc.xhscdn.com/avatar/1040g2jo313r33mn41o6g5oqfs5am5i4h482hn5g?imageView2/2/w/120/format/jpg,0,,68c9222b0000000030013273,1763797496508,36
68c92d3e0000000030004ff6,1758014782000,,68c91a8d00000000130116a5,安卓思维,62e790d8000000001f00694e,小太阳,https://sns-avatar-qc.xhscdn.com/avatar/1040g2jo31p4nt9eo2c605on7i3c7oqae0af626g?imageView2/2/w/120/format/jpg,0,,68c927c8000000003002a58f,1763797496773,13
68c96b9a00000000300069d9,1758030747000,,68c91a8d00000000130116a5,真的很不错  就是有一点  拖地有点不干净  其余都特别好  尤其是扫边边角角    真的特别好,5f92be6c000000000100798f,小叶薄荷,https://sns-avatar-qc.xhscdn.com/avatar/1040g2jo30qnb8i0egg505nsinpm08ucftqsig88?imageView2/2/w/120/format/jpg,0,,68c927c8000000003002a58f,1763797496783,3
68ca462f00000000300044ed,1758086703000,,68c91a8d00000000130116a5,除了洗拖布盘吵一点，真的很不错,62930e6000000000210251ca,小红薯6294599C,https://sns-avatar-qc.xhscdn.com/avatar/2b4cefbb01e0a0824f5c173dde7f98b2.jpg?imageView2/2/w/120/format/jpg,0,,68c9222b0000000030013273,1763797496788,1
68caf2bc0000000030007a13,1758130877000,,68c91a8d00000000130116a5,晒晒你的订单,65c702dd000000001101b611,TANGYUNGUI,https://sns-avatar-qc.xhscdn.com/avatar/1040g2jo31fpvbj59ni005pe70bekbdghscesoeg?imageView2/2/w/120/format/jpg,0,,68c927c8000000003002a58f,1763797496792,3
68cbbffb000000000a00ad9f,1758183423000,,68c91a8d00000000130116a5,一个月 两只猫 供参考,593e8a645e87e75973d606f7,蠢蠢欲动,https://sns-avatar-qc.xhscdn.com/avatar/1040g2jo314i5mou1mk0049jvob5681nn98sroi0?imageView2/2/w/120/format/jpg,0,http://sns-webpic-qc.xhscdn.com/202511221544/a1949b6848d9184ea69c66d96bd4af40/comment/1040g2h031mildos26m0049jvob5681nnos9kar8!nd_whlt34_webp_wm_1,68c9222b0000000030013273,1763797496802,1
68cbc009000000000902a48d,1758183433000,,68c91a8d00000000130116a5,拖布还会臭。。。,593e8a645e87e75973d606f7,蠢蠢欲动,https://sns-avatar-qc.xhscdn.com/avatar/1040g2jo314i5mou1mk0049jvob5681nn98sroi0?imageView2/2/w/120/format/jpg,0,,68cbbffb000000000a00ad9f,1763797499062,0
68cbee91000000000b02620b,1758195345000,,68c91a8d00000000130116a5,没有这些问题吗,593e8a645e87e75973d606f7,蠢蠢欲动,https://sns-avatar-qc.xhscdn.com/avatar/1040g2jo314i5mou1mk0049jvob5681nn98sroi0?imageView2/2/w/120/format/jpg,0,,68cbeb5b0000000030017aa8,1763797499067,0
68cbf30b0000000002003549,1758196492000,,68c91a8d00000000130116a5,积尘盒会自动清理呀,593e8a645e87e75973d606f7,蠢蠢欲动,https://sns-avatar-qc.xhscdn.com/avatar/1040g2jo314i5mou1mk0049jvob5681nn98sroi0?imageView2/2/w/120/format/jpg,0,,68cbf2090000000030004d35,1763797499072,0
68cce489000000003000dafc,1758258314000,,68c91a8d00000000130116a5,比你都聪明了[偷笑R],564d42e8a75c953f2156e5a4,c.,https://sns-avatar-qc.xhscdn.com/avatar/61aa6ccf507da6e1c8d86eea.jpg?imageView2/2/w/120/format/jpg,0,,68c9222b0000000030013273,1763797499075,0
68ccfb8b0000000030019931,1758264204000,,68c91a8d00000000130116a5,看你的集尘盒都湿的 是不是总是用边扫边拖模式？吸力把水吸进去了,62e790d8000000001f00694e,小太阳,https://sns-avatar-qc.xhscdn.com/avatar/1040g2jo31p4nt9eo2c605on7i3c7oqae0af626g?imageView2/2/w/120/format/jpg,0,,68cbf30b0000000002003549,1763797499080,2
68cd0331000000000b015c24,1758266162000,,68c91a8d00000000130116a5,偶尔会用边扫边拖，因为我就30平米的清洁面积,593e8a645e87e75973d606f7,蠢蠢欲动,https://sns-avatar-qc.xhscdn.com/avatar/1040g2jo314i5mou1mk0049jvob5681nn98sroi0?imageView2/2/w/120/format/jpg,0,,68ccfb8b0000000030019931,1763797501305,0
68d172c200000000020148dd,1758556867000,,68c91a8d00000000130116a5,作者根本没买[doge],5f8e50570000000001003b49,SUS,https://sns-avatar-qc.xhscdn.com/avatar/1040g2jo30sv2jk9ljq005nsea1bg8eq921ek4i8?imageView2/2/w/120/format/jpg,0,,68c9222b0000000030013273,1763797501325,0
68d1e9a100000000300069b9,1758587297000,,68c91a8d00000000130116a5,我感觉要换成滚筒拖布效果肯定好不少，这个转盘的没法边拖边洗，污渍容易带着走,609e9710000000000100508d,小西瓜壳子,https://sns-avatar-qc.xhscdn.com/avatar/609e9710000000000100508d.jpg?imageView2/2/w/120/format/jpg,0,,68c96b9a00000000300069d9,1763797501360,0
68e3d9fb000000003900a0d5,1759762940000,,68c91a8d00000000130116a5,为什么会有湿垃圾[石化R],5ffe49ef000000000101d099,阿对对对,https://sns-avatar-qc.xhscdn.com/avatar/63eca82e5f92cddb6705b121.jpg?imageView2/2/w/120/format/jpg,0,,68cbbffb000000000a00ad9f,1763797501378,0
68ee07c4000000003300560e,1760430021000,,68c91a8d00000000130116a5,hhh。他真会整活,5db070490000000001007c20,一缕烟波荒野中,https://sns-avatar-qc.xhscdn.com/avatar/5db070490000000001007c20.jpg?imageView2/2/w/120/format/jpg,0,,68c927c8000000003002a58f,1763797501389,0
6906a9410000000037027784,1762044226000,天津,68c91a8d00000000130116a5,如果说在拖地的范围内，猫上完厕所出来滴了一小坨屎，它会避障吗 还是给拖了[捂脸R] 我只希望它能保持地面灰尘和毛少就行,58a7c172a9b2ed02a74ad911,龘龘智道,https://sns-avatar-qc.xhscdn.com/avatar/1040g2jo30vic4ubq6470495qun0n5m8h710rko8?imageView2/2/w/120/format/jpg,0,,68cbeb5b0000000030017aa8,1763797503627,0
6906a9f70000000039026c90,1762044408000,辽宁,68c91a8d00000000130116a5,说是可以，但是我没遇到过，不确定呀,61a0ae0c000000001000a947,夏清,https://sns-avatar-qc.xhscdn.com/avatar/645b7efe1fc3de4c930effac.jpg?imageView2/2/w/120/format/jpg,0,,6906a9410000000037027784,1763797503629,0
68cbeb5b0000000030017aa8,1758194525000,,68c91a8d00000000130116a5,我家也一个月两只猫.....,61a0ae0c000000001000a947,夏清,https://sns-avatar-qc.xhscdn.com/avatar/645b7efe1fc3de4c930effac.jpg?imageView2/2/w/120/format/jpg,0,http://sns-webpic-qc.xhscdn.com/202511221545/afdeb88888a8d9ee21f262f835ba07c1/comment/1040g2h031miqn70050005od0lo641aa7dfoknag!nd_whgt34_webp_wm_1,68cbbffb000000000a00ad9f,1763797503635,0
68cbf2090000000030004d35,1758196233000,,68c91a8d00000000130116a5,没有诶，是不是你猫砂撒的太多了，集尘盒满了？可以考虑弄个漏砂垫。,61a0ae0c000000001000a947,夏清,https://sns-avatar-qc.xhscdn.com/avatar/645b7efe1fc3de4c930effac.jpg?imageView2/2/w/120/format/jpg,0,,68cbee91000000000b02620b,1763797503643,0
68cdd707000000003000529b,1758320392000,,68c91a8d00000000130116a5,没有上下水的话扫一次地中途要不要换水哇[失望R],5b45c9b86b58b753827a8a54,专升博金老师,https://sns-avatar-qc.xhscdn.com/avatar/1040g2jo31142l7j76m004a723u4rh2ikacmu6h8?imageView2/2/w/120/format/jpg,0,,68c96ec30000000030024a23,1763797505652,0
68cdf5ce000000003001f972,1758328271000,,68c91a8d00000000130116a5,不用，我面积不大,5c87118000000000160018d5,香波莉,https://sns-avatar-qc.xhscdn.com/avatar/1040g2jo30o5femqm263g5n472605g66llb3eud8?imageView2/2/w/120/format/jpg,0,,68cdd707000000003000529b,1763797505895,0
68ce3089000000003001856b,1758343306000,,68c91a8d00000000130116a5,好的姐妹，我100平在纠结要不要上下水   如果可以一套扫完再换新水的话我就不带上下水了[失望R],5b45c9b86b58b753827a8a54,专升博金老师,https://sns-avatar-qc.xhscdn.com/avatar/1040g2jo31142l7j76m004a723u4rh2ikacmu6h8?imageView2/2/w/120/format/jpg,0,,68cdf5ce000000003001f972,1763797505904,0
68ce315f000000003002e7c5,1758343519000,,68c91a8d00000000130116a5,我套内面积103，实际能打扫的面积只有50，一天是不用换水的[笑哭R],5c87118000000000160018d5,香波莉,https://sns-avatar-qc.xhscdn.com/avatar/1040g2jo30o5femqm263g5n472605g66llb3eud8?imageView2/2/w/120/format/jpg,0,,68ce3089000000003001856b,1763797505916,1
68ce35120000000030004f3e,1758344467000,,68c91a8d00000000130116a5,好像还能接受，那我就不纠结了 谢谢姐妹[笑哭R],5b45c9b86b58b753827a8a54,专升博金老师,https://sns-avatar-qc.xhscdn.com/avatar/1040g2jo31142l7j76m004a723u4rh2ikacmu6h8?imageView2/2/w/120/format/jpg,0,,68ce315f000000003002e7c5,1763797505921,0
68d7dceb0000000004012fe1,1758977260000,,68c91a8d00000000130116a5,100平，一个水箱够拖两遍……,61ed714d000000001000b085,Yao0711,https://sns-avatar-qc.xhscdn.com/avatar/1040g2jo31n0kf96150005ofde56k1c45dchaapg?imageView2/2/w/120/format/jpg,0,,68ce3089000000003001856b,1763797505944,1
68f7072800000000330208ff,1761019688000,,68c91a8d00000000130116a5,请问会不会缠头发呀？现在就是纠结这个[捂脸R],6248389d0000000021025443,Suisensei,https://sns-avatar-qc.xhscdn.com/avatar/1040g2jo31ncho89lli005oi872eocl239lbiug8?imageView2/2/w/120/format/jpg,0,,68c96ec30000000030024a23,1763797508186,0
68f70add0000000037011e88,1761020638000,,68c91a8d00000000130116a5,不可能完全不缠，我是长发及腰，一周打理一次机器人的头发吧，轮子和拖把会缠一点头发，很少，不影响它工作,5c87118000000000160018d5,香波莉,https://sns-avatar-qc.xhscdn.com/avatar/1040g2jo30o5femqm263g5n472605g66llb3eud8?imageView2/2/w/120/format/jpg,0,,68f7072800000000330208ff,1763797508190,0
68f7378c0000000037024365,1761032077000,,68c91a8d00000000130116a5,好的，谢谢[飞吻R],6248389d0000000021025443,Suisensei,https://sns-avatar-qc.xhscdn.com/avatar/1040g2jo31ncho89lli005oi872eocl239lbiug8?imageView2/2/w/120/format/jpg,0,,68f70add0000000037011e88,1763797508198,0
68d6a9b5000000001a02786e,1758898613000,,68c91a8d00000000130116a5,完全不用，放心使用[害羞R],67650d15000000001801604c,重庆大疆时代天街A馆授权体验店,https://sns-avatar-qc.xhscdn.com/avatar/1040g2jo31j42q85j1a005pr51kam2o2cuarrm08?imageView2/2/w/120/format/jpg,0,,68cdd707000000003000529b,1763797508202,1
68cadbc1000000000a00c63f,1758124993000,,68c91a8d00000000130116a5,有人愿意为这个买单不是么，吐槽价格是最没必要的，愿意为此买单就去买，不愿意就别处看看，,5eb4f2950000000001001ca5,gguhgfgh,https://sns-avatar-qc.xhscdn.com/avatar/63e63ea8f074a05f2d800e4b.jpg?imageView2/2/w/120/format/jpg,0,,68cada9f000000003001f6bb,1763797510211,0
68cada9f000000003001f6bb,1758124703000,,68c91a8d00000000130116a5,看看价格呢？还能说优点多过缺点吗？上市即落后的东西卖这么贵[扯脸H],66accce7000000001d031766,momo,https://sns-avatar-qc.xhscdn.com/avatar/645b7f8f2a34639eb26eb1cd.jpg?imageView2/2/w/120/format/jpg,0,,68ca9c7900000000010104f3,1763797510426,0
68cbbf550000000002001dce,1758183253000,,68c91a8d00000000130116a5,有点小问题，客服也是很给力很耐心给解决了,65863cb6000000001c024a37,拉老虎,https://sns-avatar-qc.xhscdn.com/avatar/1040g2jo31mrt9v6slm5g5pc67ir74ihnhggpgb8?imageView2/2/w/120/format/jpg,0,,68cbbf21000000000b014ab9,1763797512431,0
6902330a0000000039032bd4,1761751819000,浙江,68c91a8d00000000130116a5,没有售后可言,6220671a000000001000d908,小红薯6221C1D2,https://sns-avatar-qc.xhscdn.com/avatar/1040g2jo31gs55nj4j4005oh0csd41m88r4ql978?imageView2/2/w/120/format/jpg,0,,68f4bec800000000380172c7,1763797512434,0
6905da3a000000003902423f,1761991226000,浙江,68c91a8d00000000130116a5,我当天收到就有问题 好几天过去了 推来推去 我准备给他200字差评 就当买个教训了,6220671a000000001000d908,小红薯6221C1D2,https://sns-avatar-qc.xhscdn.com/avatar/1040g2jo31gs55nj4j4005oh0csd41m88r4ql978?imageView2/2/w/120/format/jpg,0,,690460fe0000000039003e40,1763797512634,0
690460fe0000000039003e40,1761894655000,辽宁,68c91a8d00000000130116a5,是的，售后垃圾,56e3ec4aaed7581ff1393698,包子他爹,https://sns-avatar-qc.xhscdn.com/avatar/1040g2jo31ho28tlbjq0046tqgtm4kdkolf5er7o?imageView2/2/w/120/format/jpg,0,,6902330a0000000039032bd4,1763797512637,0
68d6a9ef000000001903909b,1758898672000,,68c91a8d00000000130116a5,给你点赞[飞吻R],67650d15000000001801604c,重庆大疆时代天街A馆授权体验店,https://sns-avatar-qc.xhscdn.com/avatar/1040g2jo31j42q85j1a005pr51kam2o2cuarrm08?imageView2/2/w/120/format/jpg,0,,68cf693a000000000b01744e,1763797514650,0
68d8cf77000000000202422c,1759039352000,,68c91a8d00000000130116a5,清洁31m用了快1个小时？？？？,6886d29d000000001b021001,小红薯68873A89,https://sns-avatar-qc.xhscdn.com/avatar/645b800677c97ef1a2abc7e0.jpg?imageView2/2/w/120/format/jpg,0,,68cf693a000000000b01744e,1763797514826,0
68d92e7b0000000002000a53,1759063675000,,68c91a8d00000000130116a5,干干净净的  这点时间又算什么  你让马儿跑得快  还不让它吃饱点？,5b11e1984eacab5454cc4283,友好沟通'但是不回复2比,https://sns-avatar-qc.xhscdn.com/avatar/644d114d9329aa25ed9665b1.jpg?imageView2/2/w/120/format/jpg,0,,68d8cf77000000000202422c,1763797514830,0
68d6a9e1000000001a00a62f,1758898657000,,68c91a8d00000000130116a5,真的不用，已使用一个多月，没有清理过基站，没有任何异味[飞吻R],67650d15000000001801604c,重庆大疆时代天街A馆授权体验店,https://sns-avatar-qc.xhscdn.com/avatar/1040g2jo31j42q85j1a005pr51kam2o2cuarrm08?imageView2/2/w/120/format/jpg,0,,68d1a05e000000003001d105,1763797516841,0
68d7fc72000000000801cb9b,1758985331000,,68c91a8d00000000130116a5,我的小莫安装后三天就不上水且漏水了[笑哭R]维修师傅直接让退货重发货，跟客服说完之后更换货还算快。第二个小莫明天效率高很多，上下水也正常了🤣只能说品控不太成。因为之前没有用过其他品牌，用到现在发现的问题就是小莫经常掉灰，回洗频率高也掉，而且我家其实挺干净的[笑哭R]还有就是拖布总是有一股子味儿，擦完地能闻到，回基站烘干时整个洗手间都是臭抹布味儿[哭惹R],599549ce5e87e776592bb050,🐟芝士焗凤尾虾🍤,https://sns-avatar-qc.xhscdn.com/avatar/5f69eca2fa4cef000147f04b.jpg?imageView2/2/w/120/format/jpg,0,,0,1763797517069,0
68d61cc5000000001a030f70,1758862534000,,68c91a8d00000000130116a5,好用,5b9de7797058c6000189723a,王,https://sns-avatar-qc.xhscdn.com/avatar/64672a99bda1bf5c671e0e22.jpg?imageView2/2/w/120/format/jpg,0,http://sns-webpic-qc.xhscdn.com/202511221545/76d2ff65e50b9074febb9504043df9fb/comment/1040g2h031msp87g7li004b0lptjnishq4t43g98!nd_whgt34_webp_wm_1,0,1763797517072,0
68d50e760000000030007c4c,1758793334000,,68c91a8d00000000130116a5,感觉还行,584edae050c4b436147fb9d6,小太阳不下雨,https://sns-avatar-qc.xhscdn.com/avatar/1040g2jo31ku4qqqd2a0048v3eode1eemch3si9o?imageView2/2/w/120/format/jpg,0,,0,1763797517080,0
68d365fd0000000009029022,1758684670000,,68c91a8d00000000130116a5,关键是它这价位都可以买其他品牌的顶配了，其他品牌的同档产品比他便宜1/3，现在居然还有为信仰买单的...,56ad9116b8c8b4480fa13aec,playdogcao,https://sns-avatar-qc.xhscdn.com/avatar/5f5a56e7a3203400017b90c6.jpg?imageView2/2/w/120/format/jpg,0,,0,1763797517109,0
68d2657e000000000b01595c,1758619007000,,68c91a8d00000000130116a5,是出师不利还是中饱私囊,5d17847c0000000011031b04,河里洗,https://sns-avatar-qc.xhscdn.com/avatar/618dcc5fc247e8e4854e3f67.jpg?imageView2/2/w/120/format/jpg,0,,0,1763797517144,0
68cebec00000000030008b02,1758379713000,,68c91a8d00000000130116a5,如果前2年出可能还不错，现在科沃斯和云鲸都自动洗地机了，就差点意思了。,5b77d58732f5140001ffa904,白云德,https://sns-avatar-qc.xhscdn.com/avatar/5b77d58732f5140001ffa904.jpg?imageView2/2/w/120/format/jpg,0,,0,1763797517156,1
68cde87f000000000a00f512,1758324865000,,68c91a8d00000000130116a5,真的超好用,5e9f0eaa0000000001002108,渣渣菲,https://sns-avatar-qc.xhscdn.com/avatar/626f6f643b322cb7f2f4a4df.jpg?imageView2/2/w/120/format/jpg,0,http://sns-webpic-qc.xhscdn.com/202511221545/0dae7de672c9ac10c665edefed84c91a/comment/1040g2h031mkos1dmmg005nkv1ql088880lqc2f8!nd_whlt34_webp_wm_1,0,1763797517167,0
68ea61030000000039025df6,1760190724000,,68db58590000000003039db9,请问一下 看您主页一开始想选石头的 为啥又选了大疆呢 因为我也在这两个品牌里纠结 所以想问一下,55eac459e4b1cf53e8603cdd,我很酷啦,https://sns-avatar-qc.xhscdn.com/avatar/5c56d18ee0d75d000134c30e.jpg?imageView2/2/w/120/format/jpg,3,,0,1763797521485,2
68e4f37c000000003902b7b7,1759835004000,,68db58590000000003039db9,就想知道，如果吃饭掉的渣子会识别以后扫掉吧？基站自清洁真的很干净不用再管吗？,5f33880500000000010069f6,momo,https://sns-avatar-qc.xhscdn.com/avatar/7121a416be8e543266fd62c1cc9d575e.jpg?imageView2/2/w/120/format/jpg,3,,0,1763797521488,0
68e77618000000003803f63d,1759999513000,,68db58590000000003039db9,总体来说优缺点都有，但还是瑕不掩瑜了，我家已经留着了,6700e406000000001d021174,想长大的熊宝宝,https://sns-avatar-qc.xhscdn.com/avatar/1040g2jo31nubngpd6g205q6pttj8coa2levi998?imageView2/2/w/120/format/jpg,1,http://sns-webpic-qc.xhscdn.com/202511221545/31ecee16533bd2baa36094ca1efc8e3d/comment/1040g2h031ndlg13fmm0g5po0sg37c4bkt74dk70!nd_whgt34_webp_wm_1,0,1763797521500,4
68ea6b14000000003902c6f1,1760193301000,,68db58590000000003039db9,请问3个版本建议买哪个版本呢？想双11入手一个。[玫瑰R][玫瑰R],5e82f66f0000000001004b16,🐵,https://sns-avatar-qc.xhscdn.com/avatar/1040g2jo310fm07u0mi005nk2upng8iom3of5j3o?imageView2/2/w/120/format/jpg,1,,0,1763797521507,0
68e4d9300000000033023c3b,1759828272000,,68db58590000000003039db9,可以光脚自由吗？,60bec5a2000000000101d759,半口小薯条,https://sns-avatar-qc.xhscdn.com/avatar/61bc1b7f785cb7cad41fb770.jpg?imageView2/2/w/120/format/jpg,1,,0,1763797521526,0
68db71460000000039002f9d,1759211847000,,68db58590000000003039db9,设置快速路线比较快 精细路线16平扫地一次都要24分钟[笑哭R],5532f23ad39ea239e9e4e811,菜大鑫,https://sns-avatar-qc.xhscdn.com/avatar/61cf24455531f17e6aae7ce3.jpg?imageView2/2/w/120/format/jpg,3,,0,1763797521543,4
68ebba0b000000003801356b,1760279052000,,68db58590000000003039db9,我也是，我还纠结云鲸的002 max[笑哭R],58f7738382ec39518ee21e77,嘿嘿是个名儿,https://sns-avatar-qc.xhscdn.com/avatar/59c629c3b46c5d5a738bf018.jpg?imageView2/2/w/120/format/jpg,0,,68ea61030000000039025df6,1763797523568,0
68ecf87c000000003901d006,1760360573000,,68db58590000000003039db9,俺也，蹲蹲,5e351133000000000100a07f,吕一元🌼,https://sns-avatar-qc.xhscdn.com/avatar/1040g2jo31iplh4mqgu005nhl24pg983vai1rebg?imageView2/2/w/120/format/jpg,0,,68ea61030000000039025df6,1763797523759,0
68ed2796000000003300df7f,1760372631000,,68db58590000000003039db9,云鲸不考虑有人说过保容易坏,5f4d045200000000010031a3,黄油蛋挞,https://sns-avatar-qc.xhscdn.com/avatar/1040g2jo31ng4nupe58cg5nqd0h908cd3fe1qsqo?imageView2/2/w/120/format/jpg,0,,68ebba0b000000003801356b,1763797523762,0
68e5c4020000000033023040,1759888387000,,68db58590000000003039db9,饭渣我都是吃完饭自己拾掇拾掇   怕弄的满屋都是这个没法回答你   但是机器自清洁很干净不用自己清理  只需要倒掉污水桶再冲冲就行,5f4d045200000000010031a3,黄油蛋挞,https://sns-avatar-qc.xhscdn.com/avatar/1040g2jo31ng4nupe58cg5nqd0h908cd3fe1qsqo?imageView2/2/w/120/format/jpg,0,,68e4f37c000000003902b7b7,1763797525769,1
68e5cba50000000039023cdd,1759890342000,,68db58590000000003039db9,感谢。以前用的经常被卡住，基站久了发臭，所以一直还在观望。,5f33880500000000010069f6,momo,https://sns-avatar-qc.xhscdn.com/avatar/7121a416be8e543266fd62c1cc9d575e.jpg?imageView2/2/w/120/format/jpg,0,,68e5c4020000000033023040,1763797526046,0
68e5fb4c000000003302456c,1759902540000,,68db58590000000003039db9,目前没有发臭  可能是我用的勤也勤换污水箱  底下的灰尘用水冲一下就掉了很干净  不用它都不知道一个家天天打扫怎么那么多灰[微笑R]无语了  然后清洁比石头洗地机简单多了就冲一下  石头的还要卸下来三个挨个擦洗还要晒然后滚筒还要除毛  当然洗地机的清洁力还是比扫地机强一点  我都用在厨房和卫生间   各有分工,5f4d045200000000010031a3,黄油蛋挞,https://sns-avatar-qc.xhscdn.com/avatar/1040g2jo31ng4nupe58cg5nqd0h908cd3fe1qsqo?imageView2/2/w/120/format/jpg,0,,68e5cba50000000039023cdd,1763797526055,1
68ea6759000000003300dcc2,1760192345000,,68db58590000000003039db9,你这个比我的好看 有科技感,5f4d045200000000010031a3,黄油蛋挞,https://sns-avatar-qc.xhscdn.com/avatar/1040g2jo31ng4nupe58cg5nqd0h908cd3fe1qsqo?imageView2/2/w/120/format/jpg,0,,68e77618000000003803f63d,1763797528063,0
68ea6f770000000037011c4e,1760194423000,,68db58590000000003039db9,我买的是基础版s   有钱可以冲最高配p  三个版本的区别就是外壳  还有高配版有个除菌还是什么的模块,5f4d045200000000010031a3,黄油蛋挞,https://sns-avatar-qc.xhscdn.com/avatar/1040g2jo31ng4nupe58cg5nqd0h908cd3fe1qsqo?imageView2/2/w/120/format/jpg,0,,68ea6b14000000003902c6f1,1763797528068,0
68e5c38b0000000037010729,1759888267000,,68db58590000000003039db9,可以  特别顽固的不行哦   在卧室表现的还挺好光脚可以   厨房之类的地面上看起来不干净我都用的洗地机  反正真的特别香比洗地机好用,5f4d045200000000010031a3,黄油蛋挞,https://sns-avatar-qc.xhscdn.com/avatar/1040g2jo31ng4nupe58cg5nqd0h908cd3fe1qsqo?imageView2/2/w/120/format/jpg,0,,68e4d9300000000033023c3b,1763797528076,0
68dbbfe50000000033023c52,1759231974000,,68db58590000000003039db9,在哪里设置快速路线啊我之前在其他帖子下面刷到过你,5f4d045200000000010031a3,黄油蛋挞,https://sns-avatar-qc.xhscdn.com/avatar/1040g2jo31ng4nupe58cg5nqd0h908cd3fe1qsqo?imageView2/2/w/120/format/jpg,0,,68db71460000000039002f9d,1763797528082,0
68dbec250000000033027263,1759243302000,,68db58590000000003039db9,我都是用精细   准备接下来用快速  一天拖地一天扫地,5f4d045200000000010031a3,黄油蛋挞,https://sns-avatar-qc.xhscdn.com/avatar/1040g2jo31ng4nupe58cg5nqd0h908cd3fe1qsqo?imageView2/2/w/120/format/jpg,0,,68dbdccf0000000038012b07,1763797528284,0
68dbdccf0000000038012b07,1759239377000,,68db58590000000003039db9,路线偏好 选择 快递 适合天天拖地。一周一次用去油污模式（就是加清洁剂拖地） 路线选择标准模式。精细模式用了一次时间太久了感觉没必要[笑哭R],5532f23ad39ea239e9e4e811,菜大鑫,https://sns-avatar-qc.xhscdn.com/avatar/61cf24455531f17e6aae7ce3.jpg?imageView2/2/w/120/format/jpg,0,http://sns-webpic-qc.xhscdn.com/202511221545/3c58df0773bb5248c58ab2172e0692c9/comment/1040g2h031n2cucg4580040g7mtp3lq0h7pad060!nd_whgt34_webp_wm_1,68dbbfe50000000033023c52,1763797528287,0
6894c1a0000000002a01a825,1754579360000,,6894bd5a000000000400700e,感觉还是比不上石头这些老牌[笑哭R],6813451d000000000d009b1f,九块九,https://sns-avatar-qc.xhscdn.com/avatar/1040g2jo31ht39qubkq005q0j8kej96ovsi0lm10?imageView2/2/w/120/format/jpg,7,,0,1763797532554,2
68f6e0fc000000003902d7e1,1761009916000,,6894bd5a000000000400700e,科沃斯基站太埋汰了 我感觉比大疆打扫一年都埋汰[捂脸R]石头划伤地砖 客服态度太傲慢了 就说地砖硬度大不会划伤有异议可以找国家[捂脸R]我家用下来科沃斯和石头避障不如大疆,5a47974a4eacab3ae60feb0b,囍巧樂茲,https://sns-avatar-qc.xhscdn.com/avatar/630f7ecc9e206be5168bf0bd.jpg?imageView2/2/w/120/format/jpg,4,,0,1763797532565,1
690abf11000000003702529f,1762311954000,广东,6894bd5a000000000400700e,请问标准版的污水盒底部是不是没有白色小盒子的，清水盒里面看到有，污水盒没看到有呢，还是需要自己配的,66c31cf4000000000b0301da,小红薯68DF262A,https://sns-avatar-qc.xhscdn.com/avatar/645b7f3c86578b8c6ab3b068.jpg?imageView2/2/w/120/format/jpg,2,http://sns-webpic-qc.xhscdn.com/202511221545/c8889e6c916897580962accd153a1135/comment/1040g2h031og626gq58dg5pm33jq2u0eqvvp0rg8!nd_whlt34_webp_wm_1,0,1763797532570,0
68953e63000000002b00ba59,1754611300000,,6894bd5a000000000400700e,摄像头真的不太良心，完全可以用高清的这价格了,5dfef9930000000001008893,不要想太多,https://sns-avatar-qc.xhscdn.com/avatar/166ad12ae9a7f6fbb4bbbf88d417895f.jpg?imageView2/2/w/120/format/jpg,0,,0,1763797532576,4
68971f99000000002b0090f5,1754734489000,,6894bd5a000000000400700e,拖地的时候，前面爪子不会升起来，那不是有搞脏了,5dfef9930000000001008893,不要想太多,https://sns-avatar-qc.xhscdn.com/avatar/166ad12ae9a7f6fbb4bbbf88d417895f.jpg?imageView2/2/w/120/format/jpg,0,,0,1763797532581,0
68991fd2000000002903139e,1754865619000,,6894bd5a000000000400700e,你们有没有。昨天明明烘干了，第二天拖，机器挤出来拖布拖的到处有点臭烘烘的感觉，要赶紧让它回去清洗,5c814b39000000001200428a,喵喵喵,https://sns-avatar-qc.xhscdn.com/avatar/602b981f0901cb0dd647ca83.jpg?imageView2/2/w/120/format/jpg,1,,0,1763797532586,0
6908bcbd0000000039021b3f,1762180285000,湖南,6894bd5a000000000400700e,彩虹纹？好像是上面的膜没撕掉,5758086d6a6a693e39730abb,辉哥,https://sns-avatar-qc.xhscdn.com/avatar/1040g2jo317pq8i1j3k6048fegq46q2lrtipf2ag?imageView2/2/w/120/format/jpg,0,,0,1763797532590,0
68aa790b0000000026036c36,1756002571000,,6894bd5a000000000400700e,所有电子产品最好都等三代过后，反馈的收集和经验的积累都需要时间。不只是新产品适用这个规律，有重要零部件更换、升级或者系统的变更同样适用,622b44a80000000010004ade,小城依旧、,https://sns-avatar-qc.xhscdn.com/avatar/1040g2jo31758nr5d446g5ohb8ik40imuejjnjd0?imageView2/2/w/120/format/jpg,0,,0,1763797532597,1
689d2f3c000000003002af54,1755131708000,,6894bd5a000000000400700e,感觉跟我的s10差不多,60f98b18000000000100bba8,kelalala,https://sns-avatar-qc.xhscdn.com/avatar/60f98b4bcdb8e171dd004002.jpg?imageView2/2/w/120/format/jpg,0,,0,1763797532602,0
6894d422000000002a00ecea,1754584099000,,6894bd5a000000000400700e,又买一个,5befdd65c62fe500018d4625,-Zoe-,https://sns-avatar-qc.xhscdn.com/avatar/6242766d4d1cdcbd348cfea2.jpg?imageView2/2/w/120/format/jpg,0,,0,1763797532610,0
68a46cc50000000026034702,1755606214000,,6894bd5a000000000400700e,早上刚收到石头p20ultra plus，一出基站就傻了，立马丢失定位，原地打转，下午退货了,655022920000000008001b0f,圣诞节会下雪吗,https://sns-avatar-qc.xhscdn.com/avatar/645b802027c6616ef4dc0b4a.jpg?imageView2/2/w/120/format/jpg,0,,6894c1a0000000002a01a825,1763797534615,7
6894c63d00000000290253e5,1754580542000,,6894bd5a000000000400700e,有道理[偷笑R],5b44be54f7e8b92487d4b267,小猫睡觉,https://sns-avatar-qc.xhscdn.com/avatar/1040g2jo31opln1j31k004a71a7v59cj7vjkbotg?imageView2/2/w/120/format/jpg,0,,6894c1a0000000002a01a825,1763797534808,0
68a99cb00000000027009134,1755946161000,,6894bd5a000000000400700e,会不会是家里网络覆盖不到位,6335546a0000000018028394,许先森,https://sns-avatar-qc.xhscdn.com/avatar/529594cd91bbf4c43608131bf9134bdc.jpg?imageView2/2/w/120/format/jpg,0,,68a46cc50000000026034702,1763797534820,0
68c0fd26000000000b026b55,1757478183000,,6894bd5a000000000400700e,都用过你就知道了 大疆反而像个老牌,6677c85b0000000003032754,Yxiao,https://sns-avatar-qc.xhscdn.com/avatar/1040g2jo31nvmafp8mg605pjnp1dgu9qk8k9482o?imageView2/2/w/120/format/jpg,0,,6894c1a0000000002a01a825,1763797534830,4
690687a60000000038006e9f,1762035622000,浙江,6894bd5a000000000400700e,是的，我和他们扯皮了一个月才退货退款，你看我发的小红书，买了一个礼拜就换了两台，不是回不去基站就是拖布拉基站里，而且售后客服总是很敷衍觉得他们的产品没有问题是我们操作有问题,5e3aac3d00000000010094f3,KywOo,https://sns-avatar-qc.xhscdn.com/avatar/1040g2jo31lnfum27lm6g5nhqlgug957jss4s8i0?imageView2/2/w/120/format/jpg,0,,68a6df5600000000270074a9,1763797534843,0
690687af000000003900671f,1762035632000,浙江,6894bd5a000000000400700e,是的，我和他们扯皮了一个月才退货退款，你看我发的小红书，买了一个礼拜就换了两台，不是回不去基站就是拖布拉基站里，而且售后客服总是很敷衍觉得他们的产品没有问题是我们操作有问题,5e3aac3d00000000010094f3,KywOo,https://sns-avatar-qc.xhscdn.com/avatar/1040g2jo31lnfum27lm6g5nhqlgug957jss4s8i0?imageView2/2/w/120/format/jpg,0,,68a46cc50000000026034702,1763797534851,0
68a6df5600000000270074a9,1755766614000,,6894bd5a000000000400700e,石头避障真不行，而且他们售后那个态度好敷衍啊,62e7294b000000001902cab1,无存,https://sns-avatar-qc.xhscdn.com/avatar/1040g2jo31lvl38vqle5g5on7555mdilhfrhflh0?imageView2/2/w/120/format/jpg,0,,6894c1a0000000002a01a825,1763797537035,3
690021700000000038010169,1761616241000,广东,6894bd5a000000000400700e,大疆...还没出一年吧[失望R],557805f5c2bdeb60e4dc604f,WaNG6,https://sns-avatar-qc.xhscdn.com/avatar/1040g2jo31o1bqm0gmg0g40pv7n2vao2fu4i7110?imageView2/2/w/120/format/jpg,0,,68f6e0fc000000003902d7e1,1763797539042,0
6900219e0000000039027573,1761616286000,辽宁,6894bd5a000000000400700e,打个比方的意思[捂脸R],5a47974a4eacab3ae60feb0b,囍巧樂茲,https://sns-avatar-qc.xhscdn.com/avatar/630f7ecc9e206be5168bf0bd.jpg?imageView2/2/w/120/format/jpg,0,,690021700000000038010169,1763797539213,0
691d5128000000000601a5f0,1763529000000,河北,6894bd5a000000000400700e,我看过有个博主 两层的 一层用科沃斯 一层用romo 都是旗舰机 虽然科沃斯可以拆卸底盘 但是没有大疆干净 不道真假的,5667eb4ee00dd82a7a1280b0,詹牧,https://sns-avatar-qc.xhscdn.com/avatar/1040g2jo31feeohain64g43retklkt05gao6qjog?imageView2/2/w/120/format/jpg,0,,68f6e0fc000000003902d7e1,1763797539218,0
691d5bff000000000e037969,1763531775000,辽宁,6894bd5a000000000400700e,石头科沃斯大疆都试用了一遍水箱版之后 我才买的大疆自动上下水的,5a47974a4eacab3ae60feb0b,囍巧樂茲,https://sns-avatar-qc.xhscdn.com/avatar/630f7ecc9e206be5168bf0bd.jpg?imageView2/2/w/120/format/jpg,0,,691d5128000000000601a5f0,1763797539225,0
69103a900000000039030d14,1762671248000,广西,6894bd5a000000000400700e,得自己配呢   除非买p版本就搭,5dad53470000000001006158,momo,https://sns-avatar-qc.xhscdn.com/avatar/1040g2jo31gvesd76j46g5nddad3g8oaom2uebn0?imageView2/2/w/120/format/jpg,0,,690abf11000000003702529f,1763797541232,0
69108cc70000000037013b82,1762692296000,广东,6894bd5a000000000400700e,明白了，谢谢,66c31cf4000000000b0301da,小红薯68DF262A,https://sns-avatar-qc.xhscdn.com/avatar/645b7f3c86578b8c6ab3b068.jpg?imageView2/2/w/120/format/jpg,0,,69103a900000000039030d14,1763797541424,0
68c68ba9000000000a00a71a,1757842346000,,6894bd5a000000000400700e,什么机子？,5e47a59f0000000001003918,风雨同舟,https://sns-avatar-qc.xhscdn.com/avatar/1040g2jo31erti80p6e005ni7kmfg8e8ocetc548?imageView2/2/w/120/format/jpg,0,,68991fd2000000002903139e,1763797543432,0
6900796f0000000039032355,1761638767000,福建,6894bd5a000000000400700e,语音交互太垃圾了，气死,59b484355e87e728bee52895,momo,https://sns-avatar-qc.xhscdn.com/avatar/1040g2jo31fe08c3h700g49phm823aa4lgej3l38?imageView2/2/w/120/format/jpg,0,,0,1763797543642,0
68c41fa8000000000903bac4,1757683625000,,6894bd5a000000000400700e,吸力强，避障精准，拖地干净。重庆地区想了解的朋友可以滴滴我[哇R],63f79b77000000001001fcb3,大雾,https://sns-avatar-qc.xhscdn.com/avatar/1040g2jo30opsu9kijg5g5ovnjdrk3v5jensefn8?imageView2/2/w/120/format/jpg,0,,0,1763797543644,0
68c275590000000030013565,1757574490000,,6894bd5a000000000400700e,购买 romo 认准我们 ，享受国补还有礼品送[doge],5be7ad57526e6200013dfd46,Ddcome,https://sns-avatar-qc.xhscdn.com/avatar/1040g2jo31move3peku0g4bpp33mlfva6igcq1u0?imageView2/2/w/120/format/jpg,1,,0,1763797543650,0
68c274f7000000000902bba6,1757574392000,,6894bd5a000000000400700e,个人体验下来，干掉的液体垃圾反而它拖起来更好，滚筒真是残留好大一块,5b5bb2c54eacab4cd2a53d72,河北李知恩,https://sns-avatar-qc.xhscdn.com/avatar/1040g2jo31k46d9dbio004a7jj6pcafbimjk7sl8?imageView2/2/w/120/format/jpg,0,,0,1763797543656,4
68a4849a0000000030010fa4,1755612314000,,6894bd5a000000000400700e,石头最大的问题就是，工作时太吵了，小孩在家都不敢用,677a276d00000000150042aa,金沙洲,https://sns-avatar-qc.xhscdn.com/avatar/1040g2jo31p69bpg1266g5prq4tml8gla07pv1m8?imageView2/2/w/120/format/jpg,2,,0,1763797543665,8
691b71540000000037013ae6,1763406164000,湖南,6894bd5a000000000400700e,外地能买吗 p的什么价现在,5cb19ef30000000010008403,露華濃,https://sns-avatar-qc.xhscdn.com/avatar/6283e115cd9a9cfae4cf3136.jpg?imageView2/2/w/120/format/jpg,0,,68c275590000000030013565,1763797545678,0
68a81c4000000000300125bf,1755847745000,,6894bd5a000000000400700e,同感，因为这个噪音换了大疆的，晚上客厅看电视也不影响我,65e97ef9000000000500ee54,戒糖戒甜少女,https://sns-avatar-qc.xhscdn.com/avatar/1040g2jo310ttc6no6k005pf9frsh9rike9h5nd8?imageView2/2/w/120/format/jpg,0,,68a4849a0000000030010fa4,1763797545698,5
68a70641000000002700ca80,1755776577000,,6894bd5a000000000400700e,这个确实，感觉石头的不如大疆安静,6223886e000000001000aeb7,云哭了会下雨.,https://sns-avatar-qc.xhscdn.com/avatar/1040g2jo31mcgvegklm005oh3h1n41blnk0m131o?imageView2/2/w/120/format/jpg,0,,68a4849a0000000030010fa4,1763797546298,4
6921028f000000003900a7d2,1763771024000,江西,690061200000000004010101,就想知道划瓷砖吗[笑哭R],5ee996090000000001005275,❤ 段小萌Daisy,https://sns-avatar-qc.xhscdn.com/avatar/1040g2jo31nj181bpmm005nn9io4g8kjl2k0vapo?imageView2/2/w/120/format/jpg,6,,0,1763797550552,0
6900650b0000000038004ee8,1761633547000,安徽,690061200000000004010101,我还准备买呢[失望R],5ef6e5030000000001000c83,小猫咪-,https://sns-avatar-qc.xhscdn.com/avatar/1040g2jo31mvuimvmmg005nnmsk1g83434vdsuc0?imageView2/2/w/120/format/jpg,4,,0,1763797550557,0
690186af0000000038004b9f,1761707696000,江苏,690061200000000004010101,不用换，这个比石头好，声音也小,60113f2c0000000001005d68,想不想休息,https://sns-avatar-qc.xhscdn.com/avatar/1040g2jo31epa8bvg6i605o0h7sm08nb8icjski0?imageView2/2/w/120/format/jpg,1,,0,1763797550562,7
6909b562000000003803105c,1762243939000,黑龙江,690061200000000004010101,我去 好好看,5bb106ee24264b00010919f5,蟹堡,https://sns-avatar-qc.xhscdn.com/avatar/63325d67bbcafa509a9e8eb0.jpg?imageView2/2/w/120/format/jpg,1,,0,1763797550567,4
690080850000000038013d74,1761640581000,山东,690061200000000004010101,不如洗地机吗,55af10b8e4b1cf582f958449,momo,https://sns-avatar-qc.xhscdn.com/avatar/1040g2jo31ctgkd1jgk0041037m8bh129vt63nr0?imageView2/2/w/120/format/jpg,2,,0,1763797550573,0
691ee57e000000003800ee90,1763632511000,安徽,690061200000000004010101,先扫后拖之后，大疆扫得干净吗,62c79295000000000200154e,7788,https://sns-avatar-qc.xhscdn.com/avatar/1040g2jo31kqu1dq332005om7iaagg5ae3rqjkl8?imageView2/2/w/120/format/jpg,1,,0,1763797550583,0
690226990000000038026e19,1761748633000,广西,690061200000000004010101,不废啊，我现在每天都要扫一次，天天使唤它干活[哇R],5a8d59b811be107aef2e2434,sun,https://sns-avatar-qc.xhscdn.com/avatar/1040g2jo31ohhuf7k5m5g4a1ld4crg91kqcca8u0?imageView2/2/w/120/format/jpg,0,,0,1763797550602,6
6901aed9000000003902ffaf,1761717977000,河北,690061200000000004010101,拖不干净跟使用模式也有关系，可以问问客服,5ece598e0000000001001435,让月亮哭泣,https://sns-avatar-qc.xhscdn.com/avatar/1040g2jo31itjiskjhi6g5nmeb670851l5bs6f08?imageView2/2/w/120/format/jpg,0,,0,1763797550613,5
69032636000000003800ed0d,1761814071000,江苏,690061200000000004010101,请问你的扫地机器人充得满电吗，我的一直都是80%,600544dc00000000010039d1,老奶奶扶我过马路,https://sns-avatar-qc.xhscdn.com/avatar/1040g2jo31kbtjeg1j0005o058je08eehc8eifu8?imageView2/2/w/120/format/jpg,1,,0,1763797550616,0
69038b500000000033006340,1761839953000,辽宁,690061200000000004010101,可以选择先扫后拖试一试[棒R],5f86b75d000000000100a704,DJI夹心芥末味儿小饼干,https://sns-avatar-qc.xhscdn.com/avatar/1040g2jo3158rd79n1e005ns6mteg99o42ij16v8?imageView2/2/w/120/format/jpg,0,,0,1763797550621,0
692126b8000000003803d72a,1763780280000,北京,690061200000000004010101,我家是柔光砖 不划,58ddd86e5e87e770c54f1f63,雨雨酱,https://sns-avatar-qc.xhscdn.com/avatar/1040g2jo31fuhs2pa0i0049bsc4c6s7r32krtlt0?imageView2/2/w/120/format/jpg,0,,6921028f000000003900a7d2,1763797552628,0
6921451c0000000038004808,1763788060000,江西,690061200000000004010101,谢谢，我买的石头太划了已经退了，这个要五千多吗[笑哭R],5ee996090000000001005275,❤ 段小萌Daisy,https://sns-avatar-qc.xhscdn.com/avatar/1040g2jo31nj181bpmm005nn9io4g8kjl2k0vapo?imageView2/2/w/120/format/jpg,0,,692126b8000000003803d72a,1763797552844,0
6921456a00000000380279ec,1763788138000,北京,690061200000000004010101,我买的4799,58ddd86e5e87e770c54f1f63,雨雨酱,https://sns-avatar-qc.xhscdn.com/avatar/1040g2jo31fuhs2pa0i0049bsc4c6s7r32krtlt0?imageView2/2/w/120/format/jpg,0,,6921451c0000000038004808,1763797552847,0
69214716000000003803cbf2,1763788566000,江西,690061200000000004010101,我看现在是5329[哭惹R]你是双十一买的嘛,5ee996090000000001005275,❤ 段小萌Daisy,https://sns-avatar-qc.xhscdn.com/avatar/1040g2jo31nj181bpmm005nn9io4g8kjl2k0vapo?imageView2/2/w/120/format/jpg,0,,6921456a00000000380279ec,1763797552849,0
69215f0e0000000039008066,1763794703000,北京,690061200000000004010101,对有国补,58ddd86e5e87e770c54f1f63,雨雨酱,https://sns-avatar-qc.xhscdn.com/avatar/1040g2jo31fuhs2pa0i0049bsc4c6s7r32krtlt0?imageView2/2/w/120/format/jpg,0,,69214716000000003803cbf2,1763797552856,0
692161ba0000000039003848,1763795387000,江西,690061200000000004010101,那可能是双十一结束了，他恢复了原价，那我等等双十二吧[哭惹R],5ee996090000000001005275,❤ 段小萌Daisy,https://sns-avatar-qc.xhscdn.com/avatar/1040g2jo31nj181bpmm005nn9io4g8kjl2k0vapo?imageView2/2/w/120/format/jpg,0,,69215f0e0000000039008066,1763797552859,0
6902e098000000003803156f,1761796248000,重庆,690061200000000004010101,可以买啊 ，自己拿回去试试才知道好不好用,6460b139000000000c019555,karry,https://sns-avatar-qc.xhscdn.com/avatar/1040g2jo31op4evag0g605p30m4sj35allog4tmg?imageView2/2/w/120/format/jpg,0,,6900650b0000000038004ee8,1763797554864,3
690b0df6000000003902ef3c,1762332150000,湖北,690061200000000004010101,暗号可以多省200 挺划算的[萌萌哒R][萌萌哒R],5d2d6364000000001101a65d,小红薯68F27CE1,https://sns-avatar-qc.xhscdn.com/avatar/1040g2jo31novhfnmkq005n9dcdi4b9ite9kgi38?imageView2/2/w/120/format/jpg,0,,6900650b0000000038004ee8,1763797555078,0
69212a7d000000000e037ae6,1763781245000,上海,690061200000000004010101,什么暗号呀,554dcbb2b203d901c58d9b3f,她说她是岛民,https://sns-avatar-qc.xhscdn.com/avatar/554dd2dfb4c4d67b1b969b09.jpg?imageView2/2/w/120/format/jpg,0,,690b0df6000000003902ef3c,1763797555082,0
69212ef4000000001502c825,1763782388000,湖北,690061200000000004010101,我发你,5d2d6364000000001101a65d,小红薯68F27CE1,https://sns-avatar-qc.xhscdn.com/avatar/1040g2jo31novhfnmkq005n9dcdi4b9ite9kgi38?imageView2/2/w/120/format/jpg,0,,69212a7d000000000e037ae6,1763797555092,0
6901948e0000000039004741,1761711246000,山东,690061200000000004010101,好！,58ddd86e5e87e770c54f1f63,雨雨酱,https://sns-avatar-qc.xhscdn.com/avatar/1040g2jo31fuhs2pa0i0049bsc4c6s7r32krtlt0?imageView2/2/w/120/format/jpg,0,,690186af0000000038004b9f,1763797557098,0
6909ba6900000000390062ae,1762245235000,山东,690061200000000004010101,,58ddd86e5e87e770c54f1f63,雨雨酱,https://sns-avatar-qc.xhscdn.com/avatar/1040g2jo31fuhs2pa0i0049bsc4c6s7r32krtlt0?imageView2/2/w/120/format/jpg,0,http://sns-webpic-qc.xhscdn.com/202511221545/ba505e1f026692e4229e5749c7cdfa8a/comment/1040g2h031of680l2580049bsc4c6s7r3upopnc8!nd_whgt34_webp_wm_1,6909b562000000003803105c,1763797557101,0
69008ddc0000000038026b90,1761643996000,山东,690061200000000004010101,哈哈我家这个洗地机也挺拉的,58ddd86e5e87e770c54f1f63,雨雨酱,https://sns-avatar-qc.xhscdn.com/avatar/1040g2jo31fuhs2pa0i0049bsc4c6s7r32krtlt0?imageView2/2/w/120/format/jpg,0,,690080850000000038013d74,1763797557109,0
6900cb5400000000380072a6,1761659732000,山东,690061200000000004010101,啊[哭惹R]到底买啥嘛,55af10b8e4b1cf582f958449,momo,https://sns-avatar-qc.xhscdn.com/avatar/1040g2jo31ctgkd1jgk0041037m8bh129vt63nr0?imageView2/2/w/120/format/jpg,0,,69008ddc0000000038026b90,1763797557310,0
691fcca10000000038033747,1763691682000,北京,690061200000000004010101,干净,58ddd86e5e87e770c54f1f63,雨雨酱,https://sns-avatar-qc.xhscdn.com/avatar/1040g2jo31fuhs2pa0i0049bsc4c6s7r32krtlt0?imageView2/2/w/120/format/jpg,0,,691ee57e000000003800ee90,1763797559315,0
69037819000000003800c2e1,1761835033000,陕西,690061200000000004010101,设置有个充电的设置,5d0a2565000000001003e610,小红薯5D0B764A,https://sns-avatar-qc.xhscdn.com/avatar/be4e54a984a21be925a215a08fb36c8b.jpg?imageView2/2/w/120/format/jpg,0,,69032636000000003800ed0d,1763797559317,0
690216d8000000003902b4a2,1761744601000,广东,690061200000000004010101,我家拖完是这样的，先扫后拖，而且厨房还有个除油污模式,5cf6486b000000001700ba98,蟹老板家（钩织接🥚）排单到 11 月中,https://sns-avatar-qc.xhscdn.com/avatar/5cf6486b000000001700ba98.jpg?imageView2/2/w/120/format/jpg,0,http://sns-webpic-qc.xhscdn.com/202511221545/ea987683a209a6b9c66a0198448b2fbc/comment/1040g2h031o7nh2t7506g5n7m91llpekoeq955n8!nd_whgt34_webp_wm_1,0,1763797559544,3
69019b71000000003901cc82,1761713010000,广东,690061200000000004010101,挺干净的呀我家，第一次打扫可以选精细模式，多扫几遍再开始拖,68b27948000000001901f6a0,织毛衣的土拨鼠,https://sns-avatar-qc.xhscdn.com/avatar/1040g2jo31o1584u4ks6g5q5if546btl0ndh4ev0?imageView2/2/w/120/format/jpg,0,,0,1763797559548,2
69017c3b000000003901e50c,1761705019000,广东,690061200000000004010101,"你不要边扫边拖，毛毛都湿了肯定不好扫，先扫后拖更干净
",63d8cd1c00000000260120dd,米米蛀牙牙,https://sns-avatar-qc.xhscdn.com/avatar/1040g2jo31nubngpd6g0g5q6pttj8coa22iieqpo?imageView2/2/w/120/format/jpg,5,,0,1763797559558,9
69008d35000000003300da56,1761643830000,浙江,690061200000000004010101,我今天刚装 感觉比我之前的老年石头P10pro好使[笑哭R][笑哭R],583f85f5a9b2ed7c002a4bdb,爱爆炸的西瓜皮💥,https://sns-avatar-qc.xhscdn.com/avatar/1040g2jo313t1p85bhm0048ua7e2vaiur79sua80?imageView2/2/w/120/format/jpg,14,,0,1763797559566,5
69007187000000003800bb7b,1761636744000,安徽,690061200000000004010101,买扫地机的都是懒人，能不懂责不动，卫生看的过去就行了[doge],5ffe49ef000000000101d099,阿对对对,https://sns-avatar-qc.xhscdn.com/avatar/63eca82e5f92cddb6705b121.jpg?imageView2/2/w/120/format/jpg,29,,0,1763797559574,2
690194870000000038031d6a,1761711239000,山东,690061200000000004010101,好的 昨天试了一下先扫后拖 感觉还可以 不打算退了,58ddd86e5e87e770c54f1f63,雨雨酱,https://sns-avatar-qc.xhscdn.com/avatar/1040g2jo31fuhs2pa0i0049bsc4c6s7r32krtlt0?imageView2/2/w/120/format/jpg,0,,69017c3b000000003901e50c,1763797561581,0
6901d59d000000003902b37e,1761727902000,贵州,690061200000000004010101,请问家里没有宠物没有毛毛，是不是就可以设置为边扫边拖了啊？我看网上有人说，先扫后拖，耗时翻倍[笑哭R],67278eec000000001d02d1c2,小红薯6728F90C,https://sns-avatar-qc.xhscdn.com/avatar/645b7ecfb46568f58064957a.jpg?imageView2/2/w/120/format/jpg,0,,69017c3b000000003901e50c,1763797561750,0
690204e20000000039025a34,1761740002000,河南,690061200000000004010101,是这样的，正常都是先扫后拖,67d58b44000000000801575e,汤汤,https://sns-avatar-qc.xhscdn.com/avatar/1040g2jo31o9ns79fl06g5pulhd222lqull05bvo?imageView2/2/w/120/format/jpg,0,,69017c3b000000003901e50c,1763797561754,0
691fbe4a000000003802419e,1763688010000,河北,690061200000000004010101,基站清洁怎么样,60ad311d0000000001002e16,想动起来的Chen,https://sns-avatar-qc.xhscdn.com/avatar/1000g2jo2oj340r8jq0005o5d64eg8bgmbosrf88?imageView2/2/w/120/format/jpg,0,,690194870000000038031d6a,1763797561762,0
691fcc8d0000000039004d6f,1763691661000,北京,690061200000000004010101,有一些灰尘,58ddd86e5e87e770c54f1f63,雨雨酱,https://sns-avatar-qc.xhscdn.com/avatar/1040g2jo31fuhs2pa0i0049bsc4c6s7r32krtlt0?imageView2/2/w/120/format/jpg,0,,691fbe4a000000003802419e,1763797561766,0
69008ede0000000038028dbf,1761644258000,山东,690061200000000004010101,,58ddd86e5e87e770c54f1f63,雨雨酱,https://sns-avatar-qc.xhscdn.com/avatar/1040g2jo31fuhs2pa0i0049bsc4c6s7r32krtlt0?imageView2/2/w/120/format/jpg,0,http://sns-webpic-qc.xhscdn.com/202511221545/2a446d6de5235edcf6cec156c8cc18cb/comment/1040g2h031o67ltvdg60049bsc4c6s7r3evqedvo!nd_whgt34_webp_wm_1,69008d35000000003300da56,1763797563782,1
69008e3a000000003801509b,1761644090000,山东,690061200000000004010101,避障确实不错 就是拖完还有一些毛毛,58ddd86e5e87e770c54f1f63,雨雨酱,https://sns-avatar-qc.xhscdn.com/avatar/1040g2jo31fuhs2pa0i0049bsc4c6s7r32krtlt0?imageView2/2/w/120/format/jpg,0,,69008d35000000003300da56,1763797564004,0
69009248000000003902e70d,1761645128000,浙江,690061200000000004010101,宝子，用先扫后拖,58e6599650c4b462f00031d2,ShuHsu,https://sns-avatar-qc.xhscdn.com/avatar/1040g2jo31k7trs603q0049ccu6cpcceitkbnhko?imageView2/2/w/120/format/jpg,0,,69008e3a000000003801509b,1763797564008,1
690096d60000000038006482,1761646295000,山东,690061200000000004010101,啊 我用的是边拖边扫,58ddd86e5e87e770c54f1f63,雨雨酱,https://sns-avatar-qc.xhscdn.com/avatar/1040g2jo31fuhs2pa0i0049bsc4c6s7r32krtlt0?imageView2/2/w/120/format/jpg,0,,69009248000000003902e70d,1763797564015,1
6900a9600000000033026bb8,1761651040000,广东,690061200000000004010101,一定要设置先扫后拖,579edd285e87e76b08082ee9,小猪猪,https://sns-avatar-qc.xhscdn.com/avatar/1040g2jo31mb59cqt5m0048jflgeigbn9vdgs3lo?imageView2/2/w/120/format/jpg,0,,690096d60000000038006482,1763797564022,2
6900abbc000000003800764f,1761651644000,山东,690061200000000004010101,好！我再试试,58ddd86e5e87e770c54f1f63,雨雨酱,https://sns-avatar-qc.xhscdn.com/avatar/1040g2jo31fuhs2pa0i0049bsc4c6s7r32krtlt0?imageView2/2/w/120/format/jpg,0,,6900a9600000000033026bb8,1763797564026,0
69017f1e0000000039033fcb,1761705759000,上海,690061200000000004010101,我之前也是石头p10s pro，本来也想换这款大疆的p版的，都已经下单了，纠结了半天，看了不少测评，最后还是退了换成了石头p20ultra plus,5c8d9c5c0000000016008c0f,玩儿,https://sns-avatar-qc.xhscdn.com/avatar/1040g2jo31m9maf7c50005n4djhe5h30flgf38p8?imageView2/2/w/120/format/jpg,0,,69008d35000000003300da56,1763797566252,0
690572a80000000038011cba,1761964712000,重庆,690061200000000004010101,怎么样，能扫干净吗？,5f6218cc000000000100995f,eins,https://sns-avatar-qc.xhscdn.com/avatar/1040g2jo319fcboqkma0g5nr2336096avj37stp8?imageView2/2/w/120/format/jpg,0,,6900abbc000000003800764f,1763797566268,0
69059852000000003803d347,1761974354000,山东,690061200000000004010101,可以,58ddd86e5e87e770c54f1f63,雨雨酱,https://sns-avatar-qc.xhscdn.com/avatar/1040g2jo31fuhs2pa0i0049bsc4c6s7r32krtlt0?imageView2/2/w/120/format/jpg,0,,690572a80000000038011cba,1763797566277,0
690836000000000039008ff0,1762145793000,新疆,690061200000000004010101,等着后悔吧[吐舌头H],6155f92a000000000202544f,momo,https://sns-avatar-qc.xhscdn.com/avatar/1040g2jo30pccd7sejs005oalv4l0kl2fvb4fbu0?imageView2/2/w/120/format/jpg,0,,69017f1e0000000039033fcb,1763797566280,0
69096c8a0000000037026d5a,1762225290000,广东,690061200000000004010101,可能是抹布款的通病 可以试下滚筒的,5db9a6100000000001007dd7,Johnny,https://sns-avatar-qc.xhscdn.com/avatar/64493a523efe33e0b0d93060.jpg?imageView2/2/w/120/format/jpg,0,,69008e3a000000003801509b,1763797566283,0
690a1dcc000000003902f271,1762270668000,广东,690061200000000004010101,任何扫地机器人都必须设置先扫后拖，边扫边拖垃圾潮湿很难吸上去而且会臭,5f634a2a0000000001000d8d,momo,https://sns-avatar-qc.xhscdn.com/avatar/642cc89acdbbe098f2e3f16c.jpg?imageView2/2/w/120/format/jpg,0,,69059852000000003803d347,1763797568503,0
691816650000000033005ba7,1763186278000,福建,690061200000000004010101,怎么样？好用吗 石头的,5a057ff211be1027ee4ab0f0,叭叭叭叭呐,https://sns-avatar-qc.xhscdn.com/avatar/1040g2jo31obmv4p3g65g49vbv6vv5c7g6koldt0?imageView2/2/w/120/format/jpg,0,,69017f1e0000000039033fcb,1763797568507,0
6901993800000000330045bc,1761712441000,浙江,690061200000000004010101,我们拖完还挺干净的[笑哭R]可能因为有之前的老年机对比..之前老年机拖完 我们擦地板是黑的..现在换了大疆好很多 基本上纸巾就一点点脏东西,583f85f5a9b2ed7c002a4bdb,爱爆炸的西瓜皮💥,https://sns-avatar-qc.xhscdn.com/avatar/1040g2jo313t1p85bhm0048ua7e2vaiur79sua80?imageView2/2/w/120/format/jpg,0,,69008e3a000000003801509b,1763797568511,1
6900726f00000000380043e8,1761636975000,山东,690061200000000004010101,是的 又懒要求还高,58ddd86e5e87e770c54f1f63,雨雨酱,https://sns-avatar-qc.xhscdn.com/avatar/1040g2jo31fuhs2pa0i0049bsc4c6s7r32krtlt0?imageView2/2/w/120/format/jpg,0,,69007187000000003800bb7b,1763797570516,0
6900aaa200000000390066d3,1761651362000,安徽,690061200000000004010101,但没办法扫地机就是这样，享受它优点的同时就要接受它的缺点，没有什么东西是完美的，哪怕一万块钱的机器它也有缺点，除非你自己打扫，打扫到你自己满意为止[微笑R]你就是请阿姨来打扫都不一定打扫的干净,5ffe49ef000000000101d099,阿对对对,https://sns-avatar-qc.xhscdn.com/avatar/63eca82e5f92cddb6705b121.jpg?imageView2/2/w/120/format/jpg,0,,6900a9210000000038012b3c,1763797570735,0
6900abac0000000039009867,1761651629000,山东,690061200000000004010101,是呀 最起码扫完干净呀 不然感觉钱白花了,58ddd86e5e87e770c54f1f63,雨雨酱,https://sns-avatar-qc.xhscdn.com/avatar/1040g2jo31fuhs2pa0i0049bsc4c6s7r32krtlt0?imageView2/2/w/120/format/jpg,0,,6900a9210000000038012b3c,1763797570740,0
6900ae24000000003802b30a,1761652260000,安徽,690061200000000004010101,石头8月份才上市的机子3600双十一直播间变成2600[微笑R]价格非常不稳定，大疆s版价格基本上没怎么降，p版降的比较多,5ffe49ef000000000101d099,阿对对对,https://sns-avatar-qc.xhscdn.com/avatar/63eca82e5f92cddb6705b121.jpg?imageView2/2/w/120/format/jpg,0,,6900ac82000000003801692b,1763797570746,0
6900ae8e000000003803238c,1761652367000,山东,690061200000000004010101,我寻思换石头g30 但是也好贵 比这个大疆还要贵几百,58ddd86e5e87e770c54f1f63,雨雨酱,https://sns-avatar-qc.xhscdn.com/avatar/1040g2jo31fuhs2pa0i0049bsc4c6s7r32krtlt0?imageView2/2/w/120/format/jpg,0,,6900ad250000000039004966,1763797570749,0
6900b05c00000000380280e8,1761652828000,安徽,690061200000000004010101,大疆的耗材很贵，所以首开买s版的一点也不亏，p版都是为颜值买单，其实功能差不多！石头价格非常不稳定，水箱版都不带自动添加清洁液，拖布洗不干净地面自然就拖不干净,5ffe49ef000000000101d099,阿对对对,https://sns-avatar-qc.xhscdn.com/avatar/63eca82e5f92cddb6705b121.jpg?imageView2/2/w/120/format/jpg,0,,6900af2e0000000038007691,1763797570771,0
6900b1fa000000003803260e,1761653243000,山东,690061200000000004010101,我今天看石头要5k,58ddd86e5e87e770c54f1f63,雨雨酱,https://sns-avatar-qc.xhscdn.com/avatar/1040g2jo31fuhs2pa0i0049bsc4c6s7r32krtlt0?imageView2/2/w/120/format/jpg,0,,6900af1200000000390056d0,1763797573026,0
6900b2cc000000003900aca7,1761653452000,山东,690061200000000004010101,你好专业[偷笑R] 我问了石头上下水版使用后不给退 没有七天无理由,58ddd86e5e87e770c54f1f63,雨雨酱,https://sns-avatar-qc.xhscdn.com/avatar/1040g2jo31fuhs2pa0i0049bsc4c6s7r32krtlt0?imageView2/2/w/120/format/jpg,0,,6900b281000000003800b265,1763797573031,0
6900ccca000000003900364a,1761660106000,安徽,690061200000000004010101,我感觉降价的可能性挺低的[笑哭R],5ffe49ef000000000101d099,阿对对对,https://sns-avatar-qc.xhscdn.com/avatar/63eca82e5f92cddb6705b121.jpg?imageView2/2/w/120/format/jpg,0,,6900b0c80000000038007aff,1763797573036,0
6901ab62000000003902b6d3,1761717090000,江苏,690061200000000004010101,好的。这种情况我一般直接找京东客服，客服会让我们重新下一单不付款，如果有差价就会补。原因是 京东会压店铺的成交货款，具体时间不清楚，大概60天以上，这就是价保的原理，原则上可以绕开店铺。,619f83610000000010006676,小红薯619F9813,https://sns-avatar-qc.xhscdn.com/avatar/2b4cefbb01e0a0824f5c173dde7f98b2.jpg?imageView2/2/w/120/format/jpg,0,,6901a9dc0000000039002981,1763797573042,0
6901b5cb00000000390261db,1761719755000,江苏,690061200000000004010101,有的店铺也聪明，人家不降价，但是参加活动，比如抢前888名付款，直接送500元的京豆或者e卡，这种就比较纠结，都已经安装了嫌麻烦的只能“吃亏”。,619f83610000000010006676,小红薯619F9813,https://sns-avatar-qc.xhscdn.com/avatar/2b4cefbb01e0a0824f5c173dde7f98b2.jpg?imageView2/2/w/120/format/jpg,0,,6901ac7b00000000380062cf,1763797573045,0
6901b5ec000000003902f051,1761719789000,江苏,690061200000000004010101,只能说消费者自己判断。,619f83610000000010006676,小红薯619F9813,https://sns-avatar-qc.xhscdn.com/avatar/2b4cefbb01e0a0824f5c173dde7f98b2.jpg?imageView2/2/w/120/format/jpg,0,,6901b5cb00000000390261db,1763797575216,0
6901d70c00000000390332dc,1761728268000,贵州,690061200000000004010101,"我家没宠物没小孩，就是纯打扫，开始想买P，但是我不在乎颜值，后来看介绍，说是S,A,P其实都一样，除外观不同外，就是刷子不一样，还有p有除菌抑菌功能，其他完全一样，最后我入手了s",67278eec000000001d02d1c2,小红薯6728F90C,https://sns-avatar-qc.xhscdn.com/avatar/645b7ecfb46568f58064957a.jpg?imageView2/2/w/120/format/jpg,0,,6900b05c00000000380280e8,1763797575225,0
6900a9210000000038012b3c,1761650978000,上海,690061200000000004010101,人家都花了小五千了，有点要求很正常。不然干嘛不买1500的p10呢,643d5656000000000e01ff76,momo,https://sns-avatar-qc.xhscdn.com/avatar/1040g2jo30nd40frgmm005p1tapb3jvrmb3dm3v8?imageView2/2/w/120/format/jpg,0,,69007187000000003800bb7b,1763797575230,1
6900ac82000000003801692b,1761651843000,上海,690061200000000004010101,我觉得这机器是对不起他的价格的，两三千的机器人干净程度不比他差各项功能也都有，其他品牌的基站还小巧。这机器明年618估计就是2xxx价位了,643d5656000000000e01ff76,momo,https://sns-avatar-qc.xhscdn.com/avatar/1040g2jo30nd40frgmm005p1tapb3jvrmb3dm3v8?imageView2/2/w/120/format/jpg,0,,6900aaa200000000390066d3,1763797575232,1
6900ad250000000039004966,1761652005000,上海,690061200000000004010101,你要干净就选活水版的那些，另外三个品牌都有，但是有其他缺点，比如云x避障差，石x喷水不均匀厚度高，追x品控口碑不好[doge],643d5656000000000e01ff76,momo,https://sns-avatar-qc.xhscdn.com/avatar/1040g2jo30nd40frgmm005p1tapb3jvrmb3dm3v8?imageView2/2/w/120/format/jpg,0,,6900abac0000000039009867,1763797575247,0
6900ada6000000003803c9d7,1761652135000,安徽,690061200000000004010101,因为它的里面有静音装置所以基站比较大，石头最新款我买了，但是他拖地没有大疆干净，而且不带自动添加清洁剂，大疆s版也就三千块钱，但是质感比其他牌子的机器好多了，而且真的很静音，你在家不会感觉到吵，但是其他牌子机器很吵，我用过4个牌子的扫地机[微笑R],5ffe49ef000000000101d099,阿对对对,https://sns-avatar-qc.xhscdn.com/avatar/63eca82e5f92cddb6705b121.jpg?imageView2/2/w/120/format/jpg,0,,6900ac82000000003801692b,1763797577439,0
6900ae1600000000380260ea,1761652247000,上海,690061200000000004010101,我说的是他上下水版基站大，明显是偷懒了用的和水箱版一样的模具。别的品牌上下水版吧都是很小的基站,643d5656000000000e01ff76,momo,https://sns-avatar-qc.xhscdn.com/avatar/1040g2jo30nd40frgmm005p1tapb3jvrmb3dm3v8?imageView2/2/w/120/format/jpg,0,,6900ada6000000003803c9d7,1763797577444,0
6900af1200000000390056d0,1761652499000,上海,690061200000000004010101,g30上下水版我朋友前几个月买的4050还有银联活动返了一百多，基本上就是四千上下。现在的价格都是杀猪价,643d5656000000000e01ff76,momo,https://sns-avatar-qc.xhscdn.com/avatar/1040g2jo30nd40frgmm005p1tapb3jvrmb3dm3v8?imageView2/2/w/120/format/jpg,0,,6900ae8e000000003803238c,1763797577449,0
6900af2e0000000038007691,1761652527000,上海,690061200000000004010101,大疆s水箱版上市4699，上周京东自营31xx，这还叫稳定啊,643d5656000000000e01ff76,momo,https://sns-avatar-qc.xhscdn.com/avatar/1040g2jo30nd40frgmm005p1tapb3jvrmb3dm3v8?imageView2/2/w/120/format/jpg,0,,6900ae24000000003802b30a,1763797577455,0
6900af800000000038004405,1761652608000,安徽,690061200000000004010101,S版首开就3700，还送两年耗材，现在是3500耗材减了一半，没有3100价格是3311！我一直在关注，价格我比你清楚,5ffe49ef000000000101d099,阿对对对,https://sns-avatar-qc.xhscdn.com/avatar/63eca82e5f92cddb6705b121.jpg?imageView2/2/w/120/format/jpg,0,,6900af2e0000000038007691,1763797577458,0
6900b0c80000000038007aff,1761652936000,上海,690061200000000004010101,33xx的时候也送配件包的。我一直关注的是上下水版，s最低36xx，p最低45xx，下礼拜我觉得还会更低,643d5656000000000e01ff76,momo,https://sns-avatar-qc.xhscdn.com/avatar/1040g2jo30nd40frgmm005p1tapb3jvrmb3dm3v8?imageView2/2/w/120/format/jpg,0,,6900af800000000038004405,1763797579686,0
6900b137000000003800824f,1761653048000,上海,690061200000000004010101,石头p20系列就是2xxx价格区间，高了肯定是杀猪价。大疆s版上下水如果33xx我考虑买，不然p20u低个近1000功能都差不多,643d5656000000000e01ff76,momo,https://sns-avatar-qc.xhscdn.com/avatar/1040g2jo30nd40frgmm005p1tapb3jvrmb3dm3v8?imageView2/2/w/120/format/jpg,0,,6900b05c00000000380280e8,1763797579689,0
6900b281000000003800b265,1761653377000,上海,690061200000000004010101,因为上一波活动做完，这几天是冷静期，不然刚买的人看到更低价都去退货了，所以下一波和上一波时间间隔七天以上。30号晚上8点可以看看 那时候时间差不多了,643d5656000000000e01ff76,momo,https://sns-avatar-qc.xhscdn.com/avatar/1040g2jo30nd40frgmm005p1tapb3jvrmb3dm3v8?imageView2/2/w/120/format/jpg,0,,6900b1fa000000003803260e,1763797579694,0
6900b367000000003803f9e9,1761653607000,上海,690061200000000004010101,对 但是有的人买了可能也没用 就看到降价了 肯定心里不舒服啊。所以那些电商现在潜规则就是两次活动间隔七天以上，比如上一次活动是20号，下一次就30号。,643d5656000000000e01ff76,momo,https://sns-avatar-qc.xhscdn.com/avatar/1040g2jo30nd40frgmm005p1tapb3jvrmb3dm3v8?imageView2/2/w/120/format/jpg,0,,6900b2cc000000003900aca7,1763797579698,0
6901a8640000000039029f10,1761716324000,江苏,690061200000000004010101,京东30天价保的,619f83610000000010006676,小红薯619F9813,https://sns-avatar-qc.xhscdn.com/avatar/2b4cefbb01e0a0824f5c173dde7f98b2.jpg?imageView2/2/w/120/format/jpg,0,,6900b367000000003803f9e9,1763797579711,0
6901a9dc0000000039002981,1761716701000,上海,690061200000000004010101,不保平台券优惠的，只要他店家标价不变就不保价，你可以问问客服,643d5656000000000e01ff76,momo,https://sns-avatar-qc.xhscdn.com/avatar/1040g2jo30nd40frgmm005p1tapb3jvrmb3dm3v8?imageView2/2/w/120/format/jpg,0,,6901a8640000000039029f10,1763797581901,0
6901ac7b00000000380062cf,1761717372000,上海,690061200000000004010101,你说的是对的，七天内新一波促销就会引起更多的客户投诉，所以他们现在潜规则就是错开。毕竟你这样的追究到底的人少，很多人被店铺客服一说就算了,643d5656000000000e01ff76,momo,https://sns-avatar-qc.xhscdn.com/avatar/1040g2jo30nd40frgmm005p1tapb3jvrmb3dm3v8?imageView2/2/w/120/format/jpg,0,,6901ab62000000003902b6d3,1763797581904,0
6901b6840000000039005317,1761719941000,上海,690061200000000004010101,对啊，就是这样，坑太多,643d5656000000000e01ff76,momo,https://sns-avatar-qc.xhscdn.com/avatar/1040g2jo30nd40frgmm005p1tapb3jvrmb3dm3v8?imageView2/2/w/120/format/jpg,0,,6901b5cb00000000390261db,1763797581910,0
690607dc000000003902623c,1762002908000,广东,690372260000000004015630,猫砂扫得干净吗？猫猫的呕吐物能躲的掉吗？,61f157d7000000001000521c,Keano,https://sns-avatar-qc.xhscdn.com/avatar/1040g2jo31ikgbcljnq005ofhavbk0kgs2cchnhg?imageView2/2/w/120/format/jpg,7,,0,1763797586222,0
690495f8000000003702470a,1761908217000,福建,690372260000000004015630,可以我也是这个，本来想买透明的，店员说都一样吸力什么都没区别就买了基础版,5821393f5e87e7256a727fc0,0 🔅,https://sns-avatar-qc.xhscdn.com/avatar/1040g2jo318i6f8i7460048r1nasjuvu0j2ueglg?imageView2/2/w/120/format/jpg,2,http://sns-webpic-qc.xhscdn.com/202511221546/44b6be62400c6349babe2bc623dcf4e1/comment/1040g2h031oa5hl835m0048r1nasjuvu0nr1sgvg!nd_whgt34_webp_wm_1,0,1763797586225,0
690c11540000000038033f98,1762398549000,河南,690372260000000004015630,买了透明款也是嘎嘎好看[黄金薯R][偷笑R],670dbd87000000001d03139c,砚冰.,https://sns-avatar-qc.xhscdn.com/avatar/1040g2jo31n0m9g7o586g5podnm3ne4ssf9i7qh0?imageView2/2/w/120/format/jpg,0,http://sns-webpic-qc.xhscdn.com/202511221546/a4032872d5760e24a0defa259e14f186/comment/1040g2h031ohfbhb7586g5podnm3ne4ssol8nl6o!nd_whgt34_webp_wm_1,0,1763797586231,3
690a2d7a0000000037012314,1762274683000,山东,690372260000000004015630,瓷砖刮地板吗,5c21fc69000000000700dce9,会跑的麻辣鱼,https://sns-avatar-qc.xhscdn.com/avatar/1040g2jo31d9omqomh0005n11vhkhpn79mtkp3ro?imageView2/2/w/120/format/jpg,1,,0,1763797586236,0
691549d4000000003800481f,1763002838000,湖北,690372260000000004015630,有的时候闲的无聊，开动机器人去视奸我家咪咪,598269525e87e74670ad576b,超爱双吉🥕（减肥版）,https://sns-avatar-qc.xhscdn.com/avatar/1040g2jo31ie2945s0e0049na35kl4lrbech2470?imageView2/2/w/120/format/jpg,0,http://sns-webpic-qc.xhscdn.com/202511221546/c958fa370897ad9bb974a31753c27fbb/comment/1040g2h031oqfem4j1k0g49na35kl4lrbt1t0fc0!nd_whlt34_webp_wm_1,0,1763797586241,0
691308770000000039009c10,1762855035000,广东,690372260000000004015630,,6254417700000000210259a0,peipei,https://sns-avatar-qc.xhscdn.com/avatar/1040g2jo317i5ctjkka005oik85rocmd0e8g4nn8?imageView2/2/w/120/format/jpg,0,http://sns-webpic-qc.xhscdn.com/202511221546/1d2c7a86d1214141fbd1479cebec55f7/comment/1040g2h031oo90tbo6g005oik85rocmd09hph76g!nd_whgt34_webp_wm_1,0,1763797586247,0
6912ab660000000039020c63,1762831208000,江苏,690372260000000004015630,被颜值吸引,5936a1284f8fd67beca84b0e,杨小雯💋,https://sns-avatar-qc.xhscdn.com/avatar/5f87d9271573e2000127f465.jpg?imageView2/2/w/120/format/jpg,0,http://sns-webpic-qc.xhscdn.com/202511221546/cd0671b63684560b798df78b84819250/comment/1040g2h031ontlc14kq0g49iq1qgigioevqu8nng!nd_whlt34_webp_wm_1,0,1763797586253,0
690c13160000000039033b3b,1762398999000,福建,690372260000000004015630,多少钱买的,5af3b8fe11be100f39ecf0d5,给我个汉堡,https://sns-avatar-qc.xhscdn.com/avatar/1040g2jo3136d4au108004a56jasfts6lap69ap8?imageView2/2/w/120/format/jpg,0,,0,1763797586257,0
6909ffea000000003902ef84,1762263018000,天津,690372260000000004015630,正常的选择[派对R],5bcea9e68f5d1e0001aa1df4,我在大疆买大疆,https://sns-avatar-qc.xhscdn.com/avatar/674c36a6bcf9fe1bd9b31b45.jpg?imageView2/2/w/120/format/jpg,0,,0,1763797586262,0
69085ebe000000003300500a,1762156222000,河南,690372260000000004015630,小猫咪多了一个大玩具,5abbb8d64eacab454a89d992,快乐的小蓝～,https://sns-avatar-qc.xhscdn.com/avatar/1040g2jo319jq2prtna6g4a40vtsddmcinhjqvco?imageView2/2/w/120/format/jpg,0,,0,1763797586265,0
69060f290000000038025759,1762004778000,天津,690372260000000004015630,我感觉猫砂行，呕吐物够呛，反正我这家是这情况,5b51c75ef7e8b910e0e1c50b,佰萬是只金妹妹,https://sns-avatar-qc.xhscdn.com/avatar/5b51c75ef7e8b910e0e1c50b.jpg?imageView2/2/w/120/format/jpg,0,,690607dc000000003902623c,1763797588272,0
690c1103000000003802623f,1762398468000,天津,690372260000000004015630,呕吐物可以设置液体绕行，一般都可以避开的,58f6e6816a6a69422061bfaf,Kitty,https://sns-avatar-qc.xhscdn.com/avatar/1040g2jo31oo9de8fl80049doi8j83ftfqaqhvc0?imageView2/2/w/120/format/jpg,0,,690607dc000000003902623c,1763797588489,0
690c3764000000003901e65d,1762408292000,浙江,690372260000000004015630,呕吐物得绕行嘛？为什么？会臭吗,5adc86b611be106a5b7d93e7,当里个铛里个铛里个当,https://sns-avatar-qc.xhscdn.com/avatar/1040g2jo31f5pl6fclu5g4a4o393bd4v7j880pbg?imageView2/2/w/120/format/jpg,0,,690607dc000000003902623c,1763797588494,0
690c3b1b0000000039024bb9,1762409244000,广东,690372260000000004015630,不绕开等于拿八宝粥糊扫地机[doge],61f157d7000000001000521c,Keano,https://sns-avatar-qc.xhscdn.com/avatar/1040g2jo31ikgbcljnq005ofhavbk0kgs2cchnhg?imageView2/2/w/120/format/jpg,0,,690c3764000000003901e65d,1763797588500,0
690c4914000000003902fe3f,1762412821000,浙江,690372260000000004015630,啊，我还想到他能直接处理掉呢[笑哭R],5adc86b611be106a5b7d93e7,当里个铛里个铛里个当,https://sns-avatar-qc.xhscdn.com/avatar/1040g2jo31f5pl6fclu5g4a4o393bd4v7j880pbg?imageView2/2/w/120/format/jpg,0,,690c3b1b0000000039024bb9,1763797588508,0
690c4a8c0000000039031ff1,1762413197000,广东,690372260000000004015630,并不能，拖地机能,61f157d7000000001000521c,Keano,https://sns-avatar-qc.xhscdn.com/avatar/1040g2jo31ikgbcljnq005ofhavbk0kgs2cchnhg?imageView2/2/w/120/format/jpg,0,,690c4914000000003902fe3f,1763797588517,0
690d2838000000003901e2bd,1762469945000,浙江,690372260000000004015630,感恩[抱拳R],5adc86b611be106a5b7d93e7,当里个铛里个铛里个当,https://sns-avatar-qc.xhscdn.com/avatar/1040g2jo31f5pl6fclu5g4a4o393bd4v7j880pbg?imageView2/2/w/120/format/jpg,0,,690c4a8c0000000039031ff1,1763797590711,0
6904c33c000000003802490e,1761919805000,天津,690372260000000004015630,看放在哪，我要是选透明的肯定来个水箱版，放在明显的地方。放这犄角旮旯，再好看也没人看啊,5b51c75ef7e8b910e0e1c50b,佰萬是只金妹妹,https://sns-avatar-qc.xhscdn.com/avatar/5b51c75ef7e8b910e0e1c50b.jpg?imageView2/2/w/120/format/jpg,0,,690495f8000000003702470a,1763797592716,0
6907f0640000000039000f5d,1762127974000,江苏,690372260000000004015630,就是看透明才买的[笑哭R][笑哭R],568bfcea50c4b41ad60e88c5,半吨 🥕🥕,https://sns-avatar-qc.xhscdn.com/avatar/1040g2jo31o0isndrl800450r33uel265usa0ng8?imageView2/2/w/120/format/jpg,0,http://sns-webpic-qc.xhscdn.com/202511221546/c16209f9db58b1df2a2fc80e3b3c1ce9/comment/1040g2h031odeasc3l800450r33uel265t09rp7g!nd_whgt34_webp_wm_1,6904c33c000000003802490e,1763797592901,0
690c10a3000000003902949f,1762398372000,山西,690372260000000004015630,不刮啊，只要不卡到沙子那些尖锐的东西,670f68c9000000001d0224ac,小小汐,https://sns-avatar-qc.xhscdn.com/avatar/1040g2jo31og84bt0ku605pofd34nc95cigj4slo?imageView2/2/w/120/format/jpg,0,,690a2d7a0000000037012314,1763797594908,0
69045b81000000003902c78b,1761893249000,安徽,690372260000000004015630,挺好用的，扫地声音也很小，就是清洁时间太长了。聪明还是聪明的。,589ab9c182ec395123c965b8,怪阿姨横空出世,https://sns-avatar-qc.xhscdn.com/avatar/606d85628d8b2ac24e8864c4.jpg?imageView2/2/w/120/format/jpg,1,,0,1763797595228,1
690434d700000000390261cc,1761883352000,广东,690372260000000004015630,而且这个基站也是自清洁的，省事多了,63d8cd1c00000000260120dd,米米蛀牙牙,https://sns-avatar-qc.xhscdn.com/avatar/1040g2jo31nubngpd6g0g5q6pttj8coa22iieqpo?imageView2/2/w/120/format/jpg,1,,0,1763797595231,4
69041f7a0000000039022445,1761877882000,广东,690372260000000004015630,笑鼠，你这不是拔草啊是种草，别误导人家了[暗中观察R],68b27948000000001901f6a0,织毛衣的土拨鼠,https://sns-avatar-qc.xhscdn.com/avatar/1040g2jo31o1584u4ks6g5q5if546btl0ndh4ev0?imageView2/2/w/120/format/jpg,3,,0,1763797595238,13
690c380000000000300266ce,1762408448000,上海,690372260000000004015630,除尘声音巨大[失望R],6056f85c000000000100828c,龙井,https://sns-avatar-qc.xhscdn.com/avatar/1040g2jo31870d641go005o2mv1e090kc9eun0hg?imageView2/2/w/120/format/jpg,0,,69045b81000000003902c78b,1763797597245,0
6904c2ce000000003900b6f7,1761919695000,天津,690372260000000004015630,对，基站有时比我脸都干净[doge],5b51c75ef7e8b910e0e1c50b,佰萬是只金妹妹,https://sns-avatar-qc.xhscdn.com/avatar/5b51c75ef7e8b910e0e1c50b.jpg?imageView2/2/w/120/format/jpg,0,,690434d700000000390261cc,1763797597252,0
6904774900000000390018f4,1761900362000,浙江,690372260000000004015630,最开始的时候拔草是指买了东西不好使 现在好多人说拔草是指种草的东西终于买了[大笑R],5e4f9c3b0000000001006e38,azzz,https://sns-avatar-qc.xhscdn.com/avatar/613d30d55542e4f651b10f23.jpg?imageView2/2/w/120/format/jpg,0,,69041f7a0000000039022445,1763797597259,4
6904c2a10000000038026da2,1761919649000,天津,690372260000000004015630,妙解[偷笑R],5b51c75ef7e8b910e0e1c50b,佰萬是只金妹妹,https://sns-avatar-qc.xhscdn.com/avatar/5b51c75ef7e8b910e0e1c50b.jpg?imageView2/2/w/120/format/jpg,0,,6904774900000000390018f4,1763797597466,0
690807420000000039020fe1,1762133826000,山西,690372260000000004015630,还真是[捂脸R],5e9d9012000000000100ba72,西瓜小魔仙,https://sns-avatar-qc.xhscdn.com/avatar/1040g2jo31ljq6rd9kq005nkti0909eji17cftqo?imageView2/2/w/120/format/jpg,0,,6904774900000000390018f4,1763797597474,0
68c40884000000003000ce87,1757677705000,,68b3b3bc000000001d01253f,大疆售后真的非常好，真正做到聆听用户意见，这样的企业怎么会不支持呢[点赞R],63e79c33000000002600732a,momo,https://sns-avatar-qc.xhscdn.com/avatar/1040g2jo317ea5d86gs6g5ov7jgppgspad1fugro?imageView2/2/w/120/format/jpg,8,http://sns-webpic-qc.xhscdn.com/202511221546/f7e36be7ccddb34aa90e41bcf6872f2b/comment/1040g2h031mb47ab452505ov7jgppgspas2g9g10!nd_whlt34_webp_wm_1,0,1763797601721,6
68b500d900000000300189cc,1756692699000,,68b3b3bc000000001d01253f,跟个牛马一样，每天都忍不住让它工作[doge],63e79c33000000002600732a,momo,https://sns-avatar-qc.xhscdn.com/avatar/1040g2jo317ea5d86gs6g5ov7jgppgspad1fugro?imageView2/2/w/120/format/jpg,5,http://sns-webpic-qc.xhscdn.com/202511221546/b433fd1f088c43452fdd40e10590f089/comment/1040g2h031lsej5904u6g5ov7jgppgsparksj05o!nd_whgt34_webp_wm_1,0,1763797601745,0
68e8b192000000003900ac42,1760080277000,,68b3b3bc000000001d01253f,工作一次就这样。ps:黄色条我是拿下去了，拍照加上的。[微笑R],5bec43c0a31e440001f02f6e,会飞的枕头,https://sns-avatar-qc.xhscdn.com/avatar/1040g2jo315l1cioa1a004bqq2v1s0bre5sejs3g?imageView2/2/w/120/format/jpg,5,http://sns-webpic-qc.xhscdn.com/202511221546/d11aa500dce80063da1763621ce2fddf/comment/1040g2h031nettfio5m004bqq2v1s0brer5nsvcg!nd_whgt34_webp_wm_1,0,1763797601749,0
68b52b3f000000003000d0be,1756703552000,,68b3b3bc000000001d01253f,天天干冒烟[笑哭R][笑哭R][笑哭R],568fd41f5e87e7433581b4da,cocochen,https://sns-avatar-qc.xhscdn.com/avatar/1000g2jo2j3nka1oio060452deba1vd6qou8p3dg?imageView2/2/w/120/format/jpg,3,http://sns-webpic-qc.xhscdn.com/202511221546/ba925d766d2b6df678e5a71591b3ed08/comment/1040g2h031lsjoovmkq60452deba1vd6q85s9j80!nd_whgt34_webp_wm_1,0,1763797601751,4
68b3bbbc000000003000d81e,1756609468000,,68b3b3bc000000001d01253f,建议人离开再扫地，出风好像是网上的，会把风扬在空中，坐在旁边直接过肺[笑哭R],63e79c33000000002600732a,momo,https://sns-avatar-qc.xhscdn.com/avatar/1040g2jo317ea5d86gs6g5ov7jgppgspad1fugro?imageView2/2/w/120/format/jpg,1,,0,1763797601753,7
68f499e60000000033005138,1760860646000,,68b3b3bc000000001d01253f,已经入手，坐等收货,68ea3560000000003201bc64,叶子,https://sns-avatar-qc.xhscdn.com/avatar/645b7f257b3e7e60e53504de.jpg?imageView2/2/w/120/format/jpg,3,http://sns-webpic-qc.xhscdn.com/202511221546/b6d4eddff8fb5e53c8b5b0dda7189ec2/comment/1040g2h031nqhuif6060g5q7a6lgcjf34j59p438!nd_whgt34_webp_wm_1,0,1763797601754,1
68b3bc45000000003001aeea,1756609605000,,68b3b3bc000000001d01253f,远程摄像头画质一般,63e79c33000000002600732a,momo,https://sns-avatar-qc.xhscdn.com/avatar/1040g2jo317ea5d86gs6g5ov7jgppgspad1fugro?imageView2/2/w/120/format/jpg,2,,0,1763797601755,1
68b3c569000000002301d57e,1756611946000,,68b3b3bc000000001d01253f,"您好，我们关注到您反馈的DJI ROMO扫地机器人避障问题，对此非常重视，您可以提供一下您机器人日常使用中的清洁模式、以及当前设备的固件版本，另外，也麻烦您上传一下当天的日志给到我们，上传成功后麻烦您通过私信回复我们并提供对应的日志编码，这边为您反馈给工程师进一步核实，感谢您的理解与支持。
	

日志上传路径：在DJI ROMO App（我的 - 帮助 - 问题日志上传）上传日志。",5ffab1b2000000000100bf8c,DJI大疆技术支持,https://sns-avatar-qc.xhscdn.com/avatar/6458dcb095aea400011a8b61.jpg?imageView2/2/w/120/format/jpg,2,,0,1763797601764,4
68fa3f4300000000390310fe,1761230660000,江苏,68b3b3bc000000001d01253f,刮地板吗？,5ead43650000000001000410,momo,https://sns-avatar-qc.xhscdn.com/avatar/1040g2jo31bm6pcdg0e605nld8dig810g1gqktl0?imageView2/2/w/120/format/jpg,1,,0,1763797601771,0
68f4bee000000000390003b6,1760870112000,,68b3b3bc000000001d01253f,售后不好，我的机器有异响，寄回去检测，说没问题，我说没问题为什么会有异响，客服回答是因为抓地力强，真是一本正经的胡说八道,56e3ec4aaed7581ff1393698,包子他爹,https://sns-avatar-qc.xhscdn.com/avatar/1040g2jo31ho28tlbjq0046tqgtm4kdkolf5er7o?imageView2/2/w/120/format/jpg,1,,0,1763797601778,0
68c408f0000000003000636d,1757677809000,,68b3b3bc000000001d01253f,提完建议马上更新上了,63e79c33000000002600732a,momo,https://sns-avatar-qc.xhscdn.com/avatar/1040g2jo317ea5d86gs6g5ov7jgppgspad1fugro?imageView2/2/w/120/format/jpg,0,http://sns-webpic-qc.xhscdn.com/202511221546/70295ba03644eb2f01c0a4c847b9a242/comment/1040g2h031mb47ab4522g5ov7jgppgspaquqrrro!nd_whlt34_webp_wm_1,68c40884000000003000ce87,1763797603784,14
68ecf9b0000000003901e2dc,1760360881000,,68b3b3bc000000001d01253f,romo降价了，有比我低800买到了[完啦R]，还过价保了,63e79c33000000002600732a,momo,https://sns-avatar-qc.xhscdn.com/avatar/1040g2jo317ea5d86gs6g5ov7jgppgspad1fugro?imageView2/2/w/120/format/jpg,0,,68c408f0000000003000636d,1763797604003,0
68ee91640000000038015eba,1760465253000,,68b3b3bc000000001d01253f,我买的romo p 刚买两三天，今天一看网上4299了,5f32df6d0000000001008fc0,小冯睡不醒.,https://sns-avatar-qc.xhscdn.com/avatar/66e129e868c7f3d94e43a594.jpg?imageView2/2/w/120/format/jpg,0,,68ecf9b0000000003901e2dc,1763797604005,0
68f51aac00000000380111ec,1760893612000,,68b3b3bc000000001d01253f,哪里这么便宜？京东现在是 4799 啊,5d148f370000000016033442,Tyler,https://sns-avatar-qc.xhscdn.com/avatar/0dd6f7e91ce0bea602fbc47515b7c72f.jpg?imageView2/2/w/120/format/jpg,0,,68ee91640000000038015eba,1763797604011,0
68f51abd0000000039009cc4,1760893629000,,68b3b3bc000000001d01253f,又涨钱了,5f32df6d0000000001008fc0,小冯睡不醒.,https://sns-avatar-qc.xhscdn.com/avatar/66e129e868c7f3d94e43a594.jpg?imageView2/2/w/120/format/jpg,0,,68f51aac00000000380111ec,1763797604015,0
68fa268c0000000038007e08,1761224332000,广东,68b3b3bc000000001d01253f,机器总有坏的时候，售后好不好体现了企业文化和他们的真心,65a78297000000000800964c,追觅无良售后！我维权到底！,https://sns-avatar-qc.xhscdn.com/avatar/1040g2jo31nqbkvv2l8005pd7gabi15iclj4bmug?imageView2/2/w/120/format/jpg,0,,68c40884000000003000ce87,1763797604027,0
69008a3a000000003103115e,1761643066000,广东,68b3b3bc000000001d01253f,你是在什么平台上反馈的售后问题呀？我看🐶东上好几位说售后处理问题和安排寄送机器检测维修拖沓（可能需要月为单位的时间处理问题）、平台也不太给力，给人一种售后整体不咋地的感觉,5fbef401000000000101f849,Worcestor,https://sns-avatar-qc.xhscdn.com/avatar/669f5439b323d2ff53c0a134.jpg?imageView2/2/w/120/format/jpg,0,,68c40884000000003000ce87,1763797606257,0
6900c259000000003902f5f9,1761657434000,广东,68b3b3bc000000001d01253f,大疆官方app就可以,63e79c33000000002600732a,momo,https://sns-avatar-qc.xhscdn.com/avatar/1040g2jo317ea5d86gs6g5ov7jgppgspad1fugro?imageView2/2/w/120/format/jpg,0,,69008a3a000000003103115e,1763797606262,0
68c298cf0000000030007127,1757583568000,,68b3b3bc000000001d01253f,必须让他当牛做马[doge],6151cf190000000002024de0,DJI大疆（大理昆百大泰业城授权体验店）,https://sns-avatar-qc.xhscdn.com/avatar/1040g2jo31kkkind6ig005oahpscgkjf0vbnmqb0?imageView2/2/w/120/format/jpg,0,,68b500d900000000300189cc,1763797608273,2
69036d220000000039024ba8,1761832226000,北京,68b3b3bc000000001d01253f,请问一下，我家由于空间有限，所有餐椅都会插到桌子下面，椅子腿很密集，它还能扫到吗？ 另外孩子吃饭经常饭菜掉地上，可以扫干净吗？,66d14747000000001d020222,小红薯66D16E95,https://sns-avatar-qc.xhscdn.com/avatar/645b6abf2e368555521befcc.jpg?imageView2/2/w/120/format/jpg,0,,68c298cf0000000030007127,1763797608485,0
69044211000000003902c509,1761886737000,广东,68b3b3bc000000001d01253f,能进去的它都会进去，只要能进去，它就能出来，目前看还没有被困的情况。至于厨余垃圾它的尘盒会自动烘干，但可能出现边刷收到湿垃圾污染活着小概率轮子压到的情况,63e79c33000000002600732a,momo,https://sns-avatar-qc.xhscdn.com/avatar/1040g2jo317ea5d86gs6g5ov7jgppgspad1fugro?imageView2/2/w/120/format/jpg,0,,69036d220000000039024ba8,1763797608488,0
69047ca60000000039032864,1761901736000,广东,68b3b3bc000000001d01253f,今天扫的，餐桌附近,63e79c33000000002600732a,momo,https://sns-avatar-qc.xhscdn.com/avatar/1040g2jo317ea5d86gs6g5ov7jgppgspad1fugro?imageView2/2/w/120/format/jpg,0,http://sns-webpic-qc.xhscdn.com/202511221546/d74b39f466cbf1a2a5487c9a44390db3/comment/1040g2h031oa2eog74q6g5ov7jgppgspanset8a0!nd_whlt34_webp_wm_1,69036d220000000039024ba8,1763797608493,0
69057f140000000039022398,1761967892000,云南,68b3b3bc000000001d01253f,能有空间进去就能扫干净,6151cf190000000002024de0,DJI大疆（大理昆百大泰业城授权体验店）,https://sns-avatar-qc.xhscdn.com/avatar/1040g2jo31kkkind6ig005oahpscgkjf0vbnmqb0?imageView2/2/w/120/format/jpg,0,,69036d220000000039024ba8,1763797608503,0
68e9e1db000000003902b2f4,1760158171000,,68b3b3bc000000001d01253f,我天，你这个怎么做到的，赶紧找夏清,63e79c33000000002600732a,momo,https://sns-avatar-qc.xhscdn.com/avatar/1040g2jo317ea5d86gs6g5ov7jgppgspad1fugro?imageView2/2/w/120/format/jpg,0,,68e8b192000000003900ac42,1763797610508,0
68ea2f75000000003902936a,1760178038000,,68b3b3bc000000001d01253f,其实是售后的一个梗啦[偷笑R],63e79c33000000002600732a,momo,https://sns-avatar-qc.xhscdn.com/avatar/1040g2jo317ea5d86gs6g5ov7jgppgspad1fugro?imageView2/2/w/120/format/jpg,0,,68e9f5230000000038009b59,1763797610761,0
68ea4403000000003900007e,1760183299000,,68b3b3bc000000001d01253f,哎 没招,5bec43c0a31e440001f02f6e,会飞的枕头,https://sns-avatar-qc.xhscdn.com/avatar/1040g2jo315l1cioa1a004bqq2v1s0bre5sejs3g?imageView2/2/w/120/format/jpg,0,,68ea2f75000000003902936a,1763797610774,0
6910b38c0000000037027949,1762702222000,广东,68b3b3bc000000001d01253f,巧,5ace92084eacab08d90ecaee,FF,https://sns-avatar-qc.xhscdn.com/avatar/5fe54a47cc030c3d358b5634.jpg?imageView2/2/w/120/format/jpg,0,http://sns-webpic-qc.xhscdn.com/202511221546/d1c19e91c3e0f1a2babfdc57aa3906ad/comment/1040g2h031om056s60g004a4fap90hineq80tnio!nd_whgt34_webp_wm_1,68ea4403000000003900007e,1763797610792,0
68e9f5230000000038009b59,1760163107000,,68b3b3bc000000001d01253f,夏清是啥,5bec43c0a31e440001f02f6e,会飞的枕头,https://sns-avatar-qc.xhscdn.com/avatar/1040g2jo315l1cioa1a004bqq2v1s0bre5sejs3g?imageView2/2/w/120/format/jpg,0,,68e9e1db000000003902b2f4,1763797610805,0
68b6ef0a000000003000d255,1756819210000,,68b3b3bc000000001d01253f,压榨劳动力[偷笑R],63e79c33000000002600732a,momo,https://sns-avatar-qc.xhscdn.com/avatar/1040g2jo317ea5d86gs6g5ov7jgppgspad1fugro?imageView2/2/w/120/format/jpg,0,,68b52b3f000000003000d0be,1763797612818,0
68b6ef7f00000000300113e0,1756819328000,,68b3b3bc000000001d01253f,不能闲着[笑哭R][笑哭R][笑哭R],568fd41f5e87e7433581b4da,cocochen,https://sns-avatar-qc.xhscdn.com/avatar/1000g2jo2j3nka1oio060452deba1vd6qou8p3dg?imageView2/2/w/120/format/jpg,0,,68b6ef0a000000003000d255,1763797613035,0
69057f37000000003902f3e3,1761967927000,云南,68b3b3bc000000001d01253f,[偷笑R]太狠了,6151cf190000000002024de0,DJI大疆（大理昆百大泰业城授权体验店）,https://sns-avatar-qc.xhscdn.com/avatar/1040g2jo31kkkind6ig005oahpscgkjf0vbnmqb0?imageView2/2/w/120/format/jpg,0,,68b52b3f000000003000d0be,1763797613041,0
68fc6ff70000000030026849,1761374199000,上海,68b3b3bc000000001d01253f,那戴森这种手持的，不是也是有出风的吗？,6426c69100000000110204bd,愿人间安好,https://sns-avatar-qc.xhscdn.com/avatar/cd255d0e201935e0d852bd371f18c198.jpg?imageView2/2/w/120/format/jpg,0,,68b3bbbc000000003000d81e,1763797615053,0
69043fcd000000003803d886,1761886157000,四川,68b3b3bc000000001d01253f,怎么样,5b3a4d0ee8ac2b6cc75ec23d,我要快乐,https://sns-avatar-qc.xhscdn.com/avatar/1040g2jo31ar5ras8720g4a6pgs6gtghtke22rio?imageView2/2/w/120/format/jpg,0,,68f499e60000000033005138,1763797615058,0
6905d4b800000000330223dd,1761989817000,山东,68b3b3bc000000001d01253f,哈哈，刚看到，用了几天了感觉挺不错的[偷笑R],68ea3560000000003201bc64,叶子,https://sns-avatar-qc.xhscdn.com/avatar/645b7f257b3e7e60e53504de.jpg?imageView2/2/w/120/format/jpg,0,,69043fcd000000003803d886,1763797615255,0
6905f6560000000039009468,1761998423000,四川,68b3b3bc000000001d01253f,现在要3500[哭惹R]舍不得了,5b3a4d0ee8ac2b6cc75ec23d,我要快乐,https://sns-avatar-qc.xhscdn.com/avatar/1040g2jo31ar5ras8720g4a6pgs6gtghtke22rio?imageView2/2/w/120/format/jpg,0,,6905d4b800000000330223dd,1763797615258,0
68b3bc5c0000000030015add,1756609628000,,68b3b3bc000000001d01253f,稍微看看宠物应该还行,63e79c33000000002600732a,momo,https://sns-avatar-qc.xhscdn.com/avatar/1040g2jo317ea5d86gs6g5ov7jgppgspad1fugro?imageView2/2/w/120/format/jpg,0,,68b3bc45000000003001aeea,1763797617266,0
68b50806000000003001642b,1756694535000,,68b3b3bc000000001d01253f,不过延时很小,63e79c33000000002600732a,momo,https://sns-avatar-qc.xhscdn.com/avatar/1040g2jo317ea5d86gs6g5ov7jgppgspad1fugro?imageView2/2/w/120/format/jpg,0,,68b3bc5c0000000030015add,1763797617493,0
68baf8f10000000030010f2a,1757083889000,,68b3b3bc000000001d01253f,你是官方吗？我想问下，我家瓷砖拖完有水印，咋办？,5aad087d4eacab0b25fa49e1,耳朵,https://sns-avatar-qc.xhscdn.com/avatar/5aad087d4eacab0b25fa49e1.jpg?imageView2/2/w/120/format/jpg,0,,68b3c569000000002301d57e,1763797619506,0
68bae3380000000030023812,1757078328000,,68b3b3bc000000001d01253f,别在评论区天天让用户上传日志，你们自己重不重视这个项目自己心里有数，一个日志说的1--2个工作日，结果呢？3.5天没结果,5fec846f00000000010072ee,momo,https://sns-avatar-qc.xhscdn.com/avatar/1040g2jo31hkbjj85js5g5nvcghng8snejd7cmpo?imageView2/2/w/120/format/jpg,0,,68b3c569000000002301d57e,1763797619697,0
68fb024c000000003902d1dd,1761280588000,广东,68b3b3bc000000001d01253f,感觉还好，看不出来有划痕,63e79c33000000002600732a,momo,https://sns-avatar-qc.xhscdn.com/avatar/1040g2jo317ea5d86gs6g5ov7jgppgspad1fugro?imageView2/2/w/120/format/jpg,0,,68fa3f4300000000390310fe,1763797621708,0
68f4e06b0000000039027901,1760878699000,,68b3b3bc000000001d01253f,啊？[失望R],63e79c33000000002600732a,momo,https://sns-avatar-qc.xhscdn.com/avatar/1040g2jo317ea5d86gs6g5ov7jgppgspad1fugro?imageView2/2/w/120/format/jpg,0,,68f4bee000000000390003b6,1763797621710,0
68fb5c4f000000003300c430,1761303632000,浙江,68b3b3bc000000001d01253f,请问下水三通买哪款，我买了2个都不行[捂脸R],63aeb06b0000000027028c30,砚_,https://sns-avatar-qc.xhscdn.com/avatar/be4e54a984a21be925a215a08fb36c8b.jpg?imageView2/2/w/120/format/jpg,2,,0,1763797622017,0
68c554fb000000003000b969,1757762812000,,68b3b3bc000000001d01253f,真不错[偷笑R][偷笑R][偷笑R],5ee31d5000000000010052f7,大疆的搬运工,https://sns-avatar-qc.xhscdn.com/avatar/1040g2jo31ht2r0ls3a005nn33l808knnie2eeqg?imageView2/2/w/120/format/jpg,0,,0,1763797622020,0
68bec827000000000a0085ff,1757333544000,,68b3b3bc000000001d01253f,重庆想要了解Romo体验Q我哦[偷笑R],6540880a0000000030032a5a,关于我在无人机卖大疆,https://sns-avatar-qc.xhscdn.com/avatar/645b7e371fc3de4c930eff9d.jpg?imageView2/2/w/120/format/jpg,0,,0,1763797622027,0
68fc708b0000000030026d36,1761374348000,上海,68b3b3bc000000001d01253f,我买的是潜水艇的，洗衣机下水管一样的头。然后金属卡扣束缚住，没有漏水,6426c69100000000110204bd,愿人间安好,https://sns-avatar-qc.xhscdn.com/avatar/cd255d0e201935e0d852bd371f18c198.jpg?imageView2/2/w/120/format/jpg,0,,68fb5c4f000000003300c430,1763797624044,0
68fc77020000000033025a6b,1761376003000,浙江,68b3b3bc000000001d01253f,收到，多谢多谢！,63aeb06b0000000027028c30,砚_,https://sns-avatar-qc.xhscdn.com/avatar/be4e54a984a21be925a215a08fb36c8b.jpg?imageView2/2/w/120/format/jpg,0,,68fc708b0000000030026d36,1763797624232,0
68e285460000000037025102,1759675719000,,68d7ebf90000000013005bc9,感觉声音有点大呀，正常机器声音不会这么大,60f778fe000000002002ba69,椰椰_（大疆打工人版）,https://sns-avatar-qc.xhscdn.com/avatar/66766b2ab23a33d71f3570db.jpg?imageView2/2/w/120/format/jpg,2,,0,1763797628550,1
68ec9b1f0000000037010450,1760336672000,,68d7ebf90000000013005bc9,也是从固件更新了以后这样的吗，我的大疆机器人之前用还好好的，固件更新了以后疯狂去撞茶几，今天让换货，不知道不更新固件了会不会好一点，头疼死了简直,5aa77f334eacab6e8a7fce51,大小姐,https://sns-avatar-qc.xhscdn.com/avatar/1040g2jo31kjhcctv2u004a3ab2vj7jihbn67ffo?imageView2/2/w/120/format/jpg,2,,0,1763797628552,0
68d881fa000000000801d9c9,1759019515000,,68d7ebf90000000013005bc9,问客服 就是让把三个感应头擦试一下[捂脸R],5fd2e96300000000010060db,Z Vibe 犬,https://sns-avatar-qc.xhscdn.com/avatar/1040g2jo31hdqo2a6ko005nuit5hg8o6revpq1u8?imageView2/2/w/120/format/jpg,2,,0,1763797628556,0
68e311680000000037025719,1759711593000,,68d7ebf90000000013005bc9,你这声音跟卡东西了似的[捂脸R],60954cf60000000001002b5e,大崩豆呀,https://sns-avatar-qc.xhscdn.com/avatar/614ae22fb8ed89e89c729e0b.jpg?imageView2/2/w/120/format/jpg,1,,0,1763797628562,0
68d8baf6000000000b020b7c,1759034103000,,68d7ebf90000000013005bc9,你现在是固件是什么版本？,5e47a59f0000000001003918,风雨同舟,https://sns-avatar-qc.xhscdn.com/avatar/1040g2jo31erti80p6e005ni7kmfg8e8ocetc548?imageView2/2/w/120/format/jpg,1,,0,1763797628568,0
68e397b90000000038006df4,1759745977000,,68d7ebf90000000013005bc9,幸好没买,659ca75800000000220070b2,小红薯659DD668,https://sns-avatar-qc.xhscdn.com/avatar/645b80521e6a57c3bdb8f301.jpg?imageView2/2/w/120/format/jpg,0,,0,1763797628570,0
68db8e85000000003800514d,1759219333000,,68d7ebf90000000013005bc9,噪音好大,5679b787b8c8b45522aae8de,小虎324,https://sns-avatar-qc.xhscdn.com/avatar/6451f0a2460bcbf54fb684cb.jpg?imageView2/2/w/120/format/jpg,0,,0,1763797628577,1
68d814f1000000000201564c,1758991601000,,68d7ebf90000000013005bc9,[笑哭R],5f4d1bef0000000001008a52,小红薯82137667A,https://sns-avatar-qc.xhscdn.com/avatar/1040g2jo30pqlqo136g6g5nqd3fng92iih4sgg78?imageView2/2/w/120/format/jpg,0,,0,1763797628583,0
68eb61620000000039029f6f,1760256354000,,68d7ebf90000000013005bc9,就这么大啊 以前没更新没注意 现在一直这么大,5ee50110000000000101dbc5,Sport宇哥🚴,https://sns-avatar-qc.xhscdn.com/avatar/1040g2jo31jsft60cj60g5nn50480bmu5eqo3v50?imageView2/2/w/120/format/jpg,0,,68e285460000000037025102,1763797630589,0
6905a157000000003302015e,1761976663000,广东,68d7ebf90000000013005bc9,有可能有某一个部件没装好,60f778fe000000002002ba69,椰椰_（大疆打工人版）,https://sns-avatar-qc.xhscdn.com/avatar/66766b2ab23a33d71f3570db.jpg?imageView2/2/w/120/format/jpg,0,,68eb61620000000039029f6f,1763797630835,0
68eca4220000000039033d18,1760338979000,,68d7ebf90000000013005bc9,对的 之前一个月还行 不然我肯定退 5500的这样,5ee50110000000000101dbc5,Sport宇哥🚴,https://sns-avatar-qc.xhscdn.com/avatar/1040g2jo31jsft60cj60g5nn50480bmu5eqo3v50?imageView2/2/w/120/format/jpg,0,,68ec9b1f0000000037010450,1763797632847,0
68fecab90000000033006a20,1761528505000,北京,68d7ebf90000000013005bc9,都是更新固件后，出现问题，扫地机都是这样的，不然怎么赚钱，维修其实就是更新下算法，就好了。,5f8ad0770000000001005a44,Michael,https://sns-avatar-qc.xhscdn.com/avatar/635408190ba05eec2333448f.jpg?imageView2/2/w/120/format/jpg,0,,68ec9b1f0000000037010450,1763797633074,0
68d882f1000000000800f249,1759019762000,,68d7ebf90000000013005bc9,你也是吗,5ee50110000000000101dbc5,Sport宇哥🚴,https://sns-avatar-qc.xhscdn.com/avatar/1040g2jo31jsft60cj60g5nn50480bmu5eqo3v50?imageView2/2/w/120/format/jpg,0,,68d881fa000000000801d9c9,1763797635083,0
68d8894a0000000001037eb6,1759021387000,,68d7ebf90000000013005bc9,是的 都爬桌腿了 不过后来我把桌腿也垫高了就没事了,5fd2e96300000000010060db,Z Vibe 犬,https://sns-avatar-qc.xhscdn.com/avatar/1040g2jo31hdqo2a6ko005nuit5hg8o6revpq1u8?imageView2/2/w/120/format/jpg,0,,68d882f1000000000800f249,1763797635320,0
68eb61b4000000003901f3d9,1760256436000,,68d7ebf90000000013005bc9,拖布声音,5ee50110000000000101dbc5,Sport宇哥🚴,https://sns-avatar-qc.xhscdn.com/avatar/1040g2jo31jsft60cj60g5nn50480bmu5eqo3v50?imageView2/2/w/120/format/jpg,0,,68e311680000000037025719,1763797637337,0
68d8c59b0000000004013a83,1759036827000,,68d7ebf90000000013005bc9,最新的那个,5ee50110000000000101dbc5,Sport宇哥🚴,https://sns-avatar-qc.xhscdn.com/avatar/1040g2jo31jsft60cj60g5nn50480bmu5eqo3v50?imageView2/2/w/120/format/jpg,0,,68d8baf6000000000b020b7c,1763797637341,0
68e7ab8e0000000038025196,1760013198000,,68dc9ce70000000007003f72,大疆ROMO属于扫地机器人里的聪明孩子了,5e206052000000000100656a,古兰德法则,https://sns-avatar-qc.xhscdn.com/avatar/5e20610d83724d00019f00c3.jpg?imageView2/2/w/120/format/jpg,0,,0,1763797639602,0
6895d129000000002a011479,1754648873000,,6895685a000000002501594c,"您好，针对该问题，建议您按以下步骤进行排查与处理：
	

请清理机器人周边的障碍物，确保其可以正常通行；
	

短按机器人的启动按键，尝试继续任务；
	

若实际无明显阻挡，请将 App 及设备固件更新至最新版本。
	

如果您已完成上述操作，问题仍未解决，建议联系 DJI 技术支持，我们将进一步协助您处理。
	

感谢您的配合与理解！",5ffab1b2000000000100bf8c,DJI大疆技术支持,https://sns-avatar-qc.xhscdn.com/avatar/6458dcb095aea400011a8b61.jpg?imageView2/2/w/120/format/jpg,2,,0,1763797690843,0
6896bb0e000000002a00c3fd,1754708751000,,6895685a000000002501594c,昨天晚上过去把窗帘绑起来了，今天早上又连续4次报警，中间卡死1次，半小时后回到基站，已经联系天猫退货了。,59e4b4d3e8ac2b683c09ac59,🤖大四喜,https://sns-avatar-qc.xhscdn.com/avatar/1040g2jo3103a1obv666049uj4gqd7b2pk2j7e38?imageView2/2/w/120/format/jpg,0,,0,1763797690847,0
6895ddf3000000002a00c283,1754652149000,,6895685a000000002501594c,今天已经出现了四次，已经反馈到旗舰店客服,59e4b4d3e8ac2b683c09ac59,🤖大四喜,https://sns-avatar-qc.xhscdn.com/avatar/1040g2jo3103a1obv666049uj4gqd7b2pk2j7e38?imageView2/2/w/120/format/jpg,0,http://sns-webpic-qc.xhscdn.com/202511221548/668b14244ef8d5e4492ff938783d6a2c/comment/1040g2h031ku1ir4s366g49uj4gqd7b2p4rsbm7o!nd_whgt34_webp_wm_1,6895d129000000002a011479,1763797692851,0
6895de7b000000002903f7cd,1754652283000,,6895685a000000002501594c,三次点击“继续”能够恢复，一次卡死(点继续，没反应),59e4b4d3e8ac2b683c09ac59,🤖大四喜,https://sns-avatar-qc.xhscdn.com/avatar/1040g2jo3103a1obv666049uj4gqd7b2pk2j7e38?imageView2/2/w/120/format/jpg,0,,6895d129000000002a011479,1763797693052,0
68f888920000000037025b82,1761118354000,,68f79e280000000004005e57,我不用边扫边拖，都是先扫后拖，这样才干净，就是用时比较久。我开窗攒了半年的灰尘，把它折腾了一天两夜，然后很干净，我感觉不错,613b205300000000020191ea,银河,https://sns-avatar-qc.xhscdn.com/avatar/1040g2jo31j4tagln1c6g5o9r419gj4favcejgog?imageView2/2/w/120/format/jpg,14,,0,1763797697375,5
68f8c290000000003701201e,1761133200000,,68f79e280000000004005e57,把标准湿度的拖地调成干燥，最好用消毒模式，里面光亮无水印,5abbb8d64eacab454a89d992,快乐的小蓝～,https://sns-avatar-qc.xhscdn.com/avatar/1040g2jo319jq2prtna6g4a40vtsddmcinhjqvco?imageView2/2/w/120/format/jpg,4,,0,1763797697381,1
68f9ed3b000000003802c637,1761209660000,湖南,68f79e280000000004005e57,还有一个优点没提到，基站自清洁也挺重要的，天天自己弯腰去收拾可费劲了[捂脸R],5e2afd480000000001000e77,偏偏意气用事,https://sns-avatar-qc.xhscdn.com/avatar/1040g2jo31ovo640hhg005nhavl4083jne0ea52o?imageView2/2/w/120/format/jpg,0,,0,1763797697386,5
68f9cee9000000003901c396,1761201898000,,68f79e280000000004005e57,我家没水印，可以试试多扫几遍再拖，然后拖地的水量不要太多,5a7e1be6e8ac2b0e81ddd31e,Gying,https://sns-avatar-qc.xhscdn.com/avatar/1040g2jo31j3ggcvago6g4a1cdcdudkouscdjt6o?imageView2/2/w/120/format/jpg,0,,0,1763797697398,3
6914b93b000000003802cda9,1762965819000,江苏,68f79e280000000004005e57,烘干五个多小时，搞卫生扫加拖也是五个多小时[笑哭R][笑哭R]一整天它都在吵，现在大半夜了还在嗡嗡嗡烘干，完全是低频噪音[笑哭R],5b0b4a934eacab67f94e62f5,红了樱桃绿了芭蕉。,https://sns-avatar-qc.xhscdn.com/avatar/5b0b4aeed2c8a579292474df.jpg?imageView2/2/w/120/format/jpg,0,,0,1763797697406,1
6908a3db000000003902813f,1762173916000,江苏,68f79e280000000004005e57,567一模一样，最近发现碰撞的情况也多了,58a1d3fb50c4b463f99406da,弓长张,https://sns-avatar-qc.xhscdn.com/avatar/1040g2jo31li69f2e4q3g4950iq9vm1mqn459nv0?imageView2/2/w/120/format/jpg,0,,0,1763797697410,0
68f8bcff0000000037010167,1761131776000,,68f79e280000000004005e57,我是小两室，把冰箱和扫地机器人都关紧小卧室里了，隔绝噪音,6471a63b000000002b00a4f9,momo,https://sns-avatar-qc.xhscdn.com/avatar/1000g2jo2ianrm28j806g5p3hkotqp97pd1h9vjo?imageView2/2/w/120/format/jpg,0,,0,1763797697418,0
6903fd5d0000000033007748,1761869149000,湖南,68f79e280000000004005e57,先扫后拖会干净。,5861480a6a6a6947f2711426,无穷花被猫挠坏了,https://sns-avatar-qc.xhscdn.com/avatar/5861480a6a6a6947f2711426.jpg?imageView2/2/w/120/format/jpg,0,,0,1763797697425,0
68f9a18000000000330068b1,1761190274000,,68f79e280000000004005e57,昨晚12点半开始，先精扫再精拖，到今天11点才搞完……太久了！以后试一下边扫边拖中等路径，安排两种一星期各一次，估计就足够了。,613b205300000000020191ea,银河,https://sns-avatar-qc.xhscdn.com/avatar/1040g2jo31j4tagln1c6g5o9r419gj4favcejgog?imageView2/2/w/120/format/jpg,0,http://sns-webpic-qc.xhscdn.com/202511221548/d8fb4522a3be7e6432f7529c100a0631/comment/1040g2h031nvf6mt8066g5o9r419gj4fas2cfdoo!nd_whgt34_webp_wm_1,68f99f5b000000003802ffc3,1763797699430,1
68ff4daf00000000370111e2,1761562032000,广东,68f79e280000000004005e57,豪宅呀[暗中观察R],56fe2194cb35fb7f99b24ce3,大橘为重,https://sns-avatar-qc.xhscdn.com/avatar/62e8eecd5a81798b5a5cb706.jpg?imageView2/2/w/120/format/jpg,0,,68f9a18000000000330068b1,1763797699735,0
68ff628e0000000032001bb6,1761567375000,广东,68f79e280000000004005e57,真大[色色R],5573d1613f95a37fca579fd9,盐焗巴旦木,https://sns-avatar-qc.xhscdn.com/avatar/1040g2jo31nhihfitkq0040p6v18m37up683h83o?imageView2/2/w/120/format/jpg,0,,68ff58580000000037024838,1763797699764,0
68ff6892000000003300f1a6,1761568915000,广东,68f79e280000000004005e57,剩下的125平是大疆扫地机送的吗[doge],56fe2194cb35fb7f99b24ce3,大橘为重,https://sns-avatar-qc.xhscdn.com/avatar/62e8eecd5a81798b5a5cb706.jpg?imageView2/2/w/120/format/jpg,0,,68ff58580000000037024838,1763797699798,0
69040ab8000000003902c114,1761872568000,上海,68f79e280000000004005e57,一水箱的水够吗？ 我扫拖四十几就用了一大半水,5648bf2a62a60c562ed38f66,Got,https://sns-avatar-qc.xhscdn.com/avatar/1040g2jo31m2akt4g4q0042ff7vvil3r6ll7btn0?imageView2/2/w/120/format/jpg,0,,68f9a18000000000330068b1,1763797699827,0
6904322d000000003901e877,1761882670000,上海,68f79e280000000004005e57,羡慕自动上下水 [笑哭R],5648bf2a62a60c562ed38f66,Got,https://sns-avatar-qc.xhscdn.com/avatar/1040g2jo31m2akt4g4q0042ff7vvil3r6ll7btn0?imageView2/2/w/120/format/jpg,0,,69040b7b00000000370103c8,1763797699859,0
690440990000000039020cbd,1761886361000,上海,68f79e280000000004005e57,装修的时候没设计好，现在没地方接了。 下水管都是在墙上墙排[笑哭R],5648bf2a62a60c562ed38f66,Got,https://sns-avatar-qc.xhscdn.com/avatar/1040g2jo31m2akt4g4q0042ff7vvil3r6ll7btn0?imageView2/2/w/120/format/jpg,0,,6904399800000000330216b9,1763797702074,0
68f99f5b000000003802ffc3,1761189724000,,68f79e280000000004005e57,是的，先扫后拖更干净！,6700e406000000001d021174,想长大的熊宝宝,https://sns-avatar-qc.xhscdn.com/avatar/1040g2jo31nubngpd6g205q6pttj8coa2levi998?imageView2/2/w/120/format/jpg,0,,68f888920000000037025b82,1763797702087,0
68ff58580000000037024838,1761564760000,福建,68f79e280000000004005e57,[doge]才80平而已,613b205300000000020191ea,银河,https://sns-avatar-qc.xhscdn.com/avatar/1040g2jo31j4tagln1c6g5o9r419gj4favcejgog?imageView2/2/w/120/format/jpg,0,,68ff4daf00000000370111e2,1763797702097,0
68ffa01c0000000033005ed0,1761583132000,福建,68f79e280000000004005e57,它的面积算法不是地面面积，而是它清洁过的面积,613b205300000000020191ea,银河,https://sns-avatar-qc.xhscdn.com/avatar/1040g2jo31j4tagln1c6g5o9r419gj4favcejgog?imageView2/2/w/120/format/jpg,0,,68ff6892000000003300f1a6,1763797702107,0
68ffa0410000000033020484,1761583170000,福建,68f79e280000000004005e57,在国内，80平很小吧？,613b205300000000020191ea,银河,https://sns-avatar-qc.xhscdn.com/avatar/1040g2jo31j4tagln1c6g5o9r419gj4favcejgog?imageView2/2/w/120/format/jpg,0,,68ff628e0000000032001bb6,1763797702126,0
69040b7b00000000370103c8,1761872764000,福建,68f79e280000000004005e57,我用的自动上下水的，所以不晓得用了多少水,613b205300000000020191ea,银河,https://sns-avatar-qc.xhscdn.com/avatar/1040g2jo31j4tagln1c6g5o9r419gj4favcejgog?imageView2/2/w/120/format/jpg,0,,69040ab8000000003902c114,1763797704353,0
6904399800000000330216b9,1761884568000,福建,68f79e280000000004005e57,只要准备好水管和下水口，就能用上下水了呀,613b205300000000020191ea,银河,https://sns-avatar-qc.xhscdn.com/avatar/1040g2jo31j4tagln1c6g5o9r419gj4favcejgog?imageView2/2/w/120/format/jpg,0,,6904322d000000003901e877,1763797704359,0
6904411a0000000033022992,1761886490000,福建,68f79e280000000004005e57,墙排可以呀，它排水管是长在后脑勺上的,613b205300000000020191ea,银河,https://sns-avatar-qc.xhscdn.com/avatar/1040g2jo31j4tagln1c6g5o9r419gj4favcejgog?imageView2/2/w/120/format/jpg,0,,690440990000000039020cbd,1763797704368,0
69085ce1000000003800bb5f,1762155746000,福建,68f79e280000000004005e57,去油污模式和消毒模式有区别吗  那个拖完地板更亮,65f43e72000000000500a6de,momo,https://sns-avatar-qc.xhscdn.com/avatar/1040g2jo317k4nkbc4a005pfk7pp199muoqgt3m0?imageView2/2/w/120/format/jpg,0,,68f8c290000000003701201e,1763797706373,0
6911389200000000380247c4,1762736275000,福建,68f79e280000000004005e57,消毒液耗材太贵,5e47a59f0000000001003918,风雨同舟,https://sns-avatar-qc.xhscdn.com/avatar/1040g2jo31erti80p6e005ni7kmfg8e8ocetc548?imageView2/2/w/120/format/jpg,0,,6908724f0000000037012784,1763797706559,0
6908724f0000000037012784,1762161231000,河南,68f79e280000000004005e57,我觉得消毒模式更亮，我家不怎么做饭，就用过一次去污模式，还是标准湿度，亮面砖全是印子，卫生间的柔光砖没有印儿。试了一次消毒模式干燥，非常干净没印记，之后就一直干燥消毒了,5abbb8d64eacab454a89d992,快乐的小蓝～,https://sns-avatar-qc.xhscdn.com/avatar/1040g2jo319jq2prtna6g4a40vtsddmcinhjqvco?imageView2/2/w/120/format/jpg,0,,69085ce1000000003800bb5f,1763797706563,0
69113c96000000003300c49d,1762737303000,河南,68f79e280000000004005e57,[笑哭R],5abbb8d64eacab454a89d992,快乐的小蓝～,https://sns-avatar-qc.xhscdn.com/avatar/1040g2jo319jq2prtna6g4a40vtsddmcinhjqvco?imageView2/2/w/120/format/jpg,0,,6911389200000000380247c4,1763797706570,0
68b43b03000000000a009396,1756642052000,,68b43a97000000001b033708,如果有跟我之前类似情况的朋友，可以清洁传感器的时候可以尝试一下我的方法：拿一根干净的棉棒，把机器人侧边的两个黑洞洞都戳进去擦擦，或许会有惊喜呢,603b4652000000000100813a,LIYXZNIC,https://sns-avatar-qc.xhscdn.com/avatar/1040g2jo31jffvam2j0605o1r8p90909qjvs4ok8?imageView2/2/w/120/format/jpg,0,,0,1763797710884,1
69158a83000000003901d07c,1763019395000,福建,68b43a97000000001b033708,你好是扫拖各设置2 遍吗？ 我也是竖线、不是你这种网格线。,57b13a2482ec3972de3d634a,Joy,https://sns-avatar-qc.xhscdn.com/avatar/2b4cefbb01e0a0824f5c173dde7f98b2.jpg?imageView2/2/w/120/format/jpg,1,,0,1763797710889,0
68b4e9090000000030020d02,1756686601000,,68b43a97000000001b033708,你们的充满一次电能用多久啊？我做深度打扫，扫第二遍就得充电，然后拖一会儿充会儿电拖一会儿充会儿电[哭惹R],59d2dc4fdb2e605fc4174127,大疆顶级铁粉🌚版,https://sns-avatar-qc.xhscdn.com/avatar/666c3eb13c4fd2842f33ae6d.jpg?imageView2/2/w/120/format/jpg,1,,0,1763797710895,0
68c3cb27000000003000eeeb,1757661992000,,68b43a97000000001b033708,想问下买的是哪个型号的呀,58f71c0c5e87e715915467a5,山吹💰,https://sns-avatar-qc.xhscdn.com/avatar/58f71c0c5e87e715915467a5.jpg?imageView2/2/w/120/format/jpg,0,,0,1763797710900,0
69158a8d0000000039024efa,1763019406000,福建,68b43a97000000001b033708,,57b13a2482ec3972de3d634a,Joy,https://sns-avatar-qc.xhscdn.com/avatar/2b4cefbb01e0a0824f5c173dde7f98b2.jpg?imageView2/2/w/120/format/jpg,0,http://sns-webpic-qc.xhscdn.com/202511221548/830c9ad505d046f2041d36afbacecef9/comment/1040g2h031oqnd218gs0048l2amt28oqafq1o9l8!nd_whgt34_webp_wm_1,0,1763797710912,0
68bd37670000000030008497,1757230951000,,68b43a97000000001b033708,大疆吸力真的猛，地毯里的猫毛都能给你薅出来,5ed380c400000000010025ce,忘词,https://sns-avatar-qc.xhscdn.com/avatar/5ed380c400000000010025ce.jpg?imageView2/2/w/120/format/jpg,0,,0,1763797710917,0
68c571ee000000000101273a,1757770222000,,68b43a97000000001b033708,出去玩一圈让它自己工作 回来干干净净,5a1588c04eacab10df087383,生活总是亮晶晶✨,https://sns-avatar-qc.xhscdn.com/avatar/1040g2jo3197967k64u0049vpc84c0ss3qb9jsl0?imageView2/2/w/120/format/jpg,0,,0,1763797710925,0
68bd3653000000000b01e1ed,1757230676000,,68b43a97000000001b033708,吃完饭地上的渣渣不用管，ROMO过去一趟就干净了,68a7f2ae000000001901fa80,凤鸣,https://sns-avatar-qc.xhscdn.com/avatar/1040g2jo31oatjba94u0g5nkg5g908p385uohqg8?imageView2/2/w/120/format/jpg,0,,0,1763797710931,1
68bbf54b000000000b02706d,1757148492000,,68b43a97000000001b033708,床底下积年老灰都被ROMO掏出来了，也太爽了,6771508b0000000018015653,星星,https://sns-avatar-qc.xhscdn.com/avatar/1040g2jo31nt592mrg6005prha25m2lijt4nss8g?imageView2/2/w/120/format/jpg,0,,0,1763797710937,0
68b46941000000003001ae5a,1756653889000,,68b43a97000000001b033708,请问方格子是怎么出来的，为啥我都是条条呀,61a0ae0c000000001000a947,夏清,https://sns-avatar-qc.xhscdn.com/avatar/645b7efe1fc3de4c930effac.jpg?imageView2/2/w/120/format/jpg,3,,0,1763797710945,0
69158ae600000000390075a9,1763019494000,山东,68b43a97000000001b033708,精细模式好像就可以了，扫两遍也会有,603b4652000000000100813a,LIYXZNIC,https://sns-avatar-qc.xhscdn.com/avatar/1040g2jo31jffvam2j0605o1r8p90909qjvs4ok8?imageView2/2/w/120/format/jpg,0,,69158a83000000003901d07c,1763797712952,0
68b4fc1000000000090396a3,1756691472000,,68b43a97000000001b033708,深度打扫用电好像就是多,603b4652000000000100813a,LIYXZNIC,https://sns-avatar-qc.xhscdn.com/avatar/1040g2jo31jffvam2j0605o1r8p90909qjvs4ok8?imageView2/2/w/120/format/jpg,0,,68b4e9090000000030020d02,1763797712962,0
68b47f1e000000000b027e8c,1756659486000,,68b43a97000000001b033708,应该是用：精细模式+打扫两遍，例如扫地两遍精细模式,603b4652000000000100813a,LIYXZNIC,https://sns-avatar-qc.xhscdn.com/avatar/1040g2jo31jffvam2j0605o1r8p90909qjvs4ok8?imageView2/2/w/120/format/jpg,0,,68b46941000000003001ae5a,1763797712967,0
68b83fb5000000003001c7a1,1756905397000,,68b43a97000000001b033708,家里很脏吗，为啥扫这么多遍。,5d3b0aed0000000016039f16,哼哼哼,https://sns-avatar-qc.xhscdn.com/avatar/1040g2jo318q6aa3v46605n9r1bmln7om8g7f0t8?imageView2/2/w/120/format/jpg,0,,68b47f1e000000000b027e8c,1763797713148,0
68d8e8c5000000000b0294fe,1759045830000,,68b43a97000000001b033708,两遍就是网格了,5532f23ad39ea239e9e4e811,菜大鑫,https://sns-avatar-qc.xhscdn.com/avatar/61cf24455531f17e6aae7ce3.jpg?imageView2/2/w/120/format/jpg,0,,68b46941000000003001ae5a,1763797713152,0
68b44fa400000000300156c7,1756647335000,,68b43a97000000001b033708,我首发买回来，从建图到第一次使用的精细打扫，第二次的日常打扫，都很完美,559d370a3397db0cceb3a6c9,晴天,https://sns-avatar-qc.xhscdn.com/avatar/1040g2jo31bmmh77i160g40u9egrgl9m9sht27cg?imageView2/2/w/120/format/jpg,0,http://sns-webpic-qc.xhscdn.com/202511221548/54bde48e686e20d1323c702b333ba59b/comment/1040g2h031lrouuofl20040u9egrgl9m9nbj5nmg!nd_whgt34_webp_wm_1,0,1763797715349,2
68b6ef690000000030026de2,1756819306000,,68b6af88000000001d02f003,这东西更新换代快，掉价更快，买过两个。,5a846610e8ac2b3f785dc960,时宜,https://sns-avatar-qc.xhscdn.com/avatar/5a846610e8ac2b3f785dc960.jpg?imageView2/2/w/120/format/jpg,3,,0,1763797719664,1
68b7eec30000000030005d5b,1756884676000,,68b6af88000000001d02f003,我的边刷也掉了，一个月掉3次，不知道啥情况,595a07ee4f8fd64ef6c890ae,797,https://sns-avatar-qc.xhscdn.com/avatar/1040g2jo31ckthsgfg86g49l9kl3ut45eqh48b40?imageView2/2/w/120/format/jpg,3,,0,1763797719668,0
68bd4fc9000000000a00bf14,1757237194000,,68b6af88000000001d02f003,没遇见这种情况，不过大疆的售后是真挺好的,637444d2000000001f01b0d0,一只草莓喵,https://sns-avatar-qc.xhscdn.com/avatar/1040g2jo31kjsaiua306g5ork8j97rc6giv88o0g?imageView2/2/w/120/format/jpg,1,,0,1763797719678,1
68b6b03400000000300244ab,1756803124000,,68b6af88000000001d02f003,还让我买[微笑R],5649956f82718c6bbbb80ee5,乐琪Bella,https://sns-avatar-qc.xhscdn.com/avatar/64550ebcec2be016c1d4cb2a.jpg?imageView2/2/w/120/format/jpg,0,,0,1763797719681,0
68b7c2a2000000003000fccb,1756873378000,,68b6af88000000001d02f003,大疆还是比当前市面上的机器好用很多，边沿清洁效果非常好，最主要的是售后也很给力。,5b2bb396e8ac2b4396b5623c,随便🍉,https://sns-avatar-qc.xhscdn.com/avatar/1040g2jo31ak3r31f6m004a6f6sppcohsp7aq2b0?imageView2/2/w/120/format/jpg,2,,0,1763797719694,0
68b712580000000030028520,1756828249000,,68b6af88000000001d02f003,我也是首发买的，目前用过来都没啥问题，除了主机太大了，我家预留的柜子放不下，只能退了，等第二代体积缩小点了,5d68f910000000000100be98,豆鲨包,https://sns-avatar-qc.xhscdn.com/avatar/1040g2jo31ld36f51li005nb8v4809fkocch4lg8?imageView2/2/w/120/format/jpg,12,,0,1763797719700,0
68b6f3090000000030026340,1756820233000,,68b6af88000000001d02f003,只要耐用，实用就行，希望换回来不要出问题。[笑哭R],5df077150000000001001f74,刷我滴卡,https://sns-avatar-qc.xhscdn.com/avatar/1040g2jo31ebt5rsb0u6g5nfgesag87rk9dkpslg?imageView2/2/w/120/format/jpg,0,,68b6ef690000000030026de2,1763797721711,0
68b6f3bd00000000300333ef,1756820413000,,68b6af88000000001d02f003,还是好用，就是返修率高。,5a846610e8ac2b3f785dc960,时宜,https://sns-avatar-qc.xhscdn.com/avatar/5a846610e8ac2b3f785dc960.jpg?imageView2/2/w/120/format/jpg,0,,68b6f3090000000030026340,1763797721897,0
68b703a7000000003003164d,1756824488000,,68b6af88000000001d02f003,你也换大疆了吗？,5df077150000000001001f74,刷我滴卡,https://sns-avatar-qc.xhscdn.com/avatar/1040g2jo31ebt5rsb0u6g5nfgesag87rk9dkpslg?imageView2/2/w/120/format/jpg,0,,68b6f3bd00000000300333ef,1763797721901,0
68b7f652000000003002eba4,1756886611000,,68b6af88000000001d02f003,扭紧也不行？没换新？,5df077150000000001001f74,刷我滴卡,https://sns-avatar-qc.xhscdn.com/avatar/1040g2jo31ebt5rsb0u6g5nfgesag87rk9dkpslg?imageView2/2/w/120/format/jpg,0,,68b7eec30000000030005d5b,1763797723912,0
68b7f7640000000030004899,1756886884000,,68b6af88000000001d02f003,今天申请了换新，我明明用螺丝刀拧紧了,595a07ee4f8fd64ef6c890ae,797,https://sns-avatar-qc.xhscdn.com/avatar/1040g2jo31ckthsgfg86g49l9kl3ut45eqh48b40?imageView2/2/w/120/format/jpg,0,,68b7f652000000003002eba4,1763797724099,0
68b80301000000003001eacf,1756889857000,,68b6af88000000001d02f003,扭紧后我的就不转了,5df077150000000001001f74,刷我滴卡,https://sns-avatar-qc.xhscdn.com/avatar/1040g2jo31ebt5rsb0u6g5nfgesag87rk9dkpslg?imageView2/2/w/120/format/jpg,0,,68b7f7640000000030004899,1763797724102,0
68bd5824000000003002b2fd,1757239333000,,68b6af88000000001d02f003,刚出，没遇到正常，都遇到才不正常呢,5df077150000000001001f74,刷我滴卡,https://sns-avatar-qc.xhscdn.com/avatar/1040g2jo31ebt5rsb0u6g5nfgesag87rk9dkpslg?imageView2/2/w/120/format/jpg,0,,68bd4fc9000000000a00bf14,1763797726112,0
68b7f65d0000000030031638,1756886621000,,68b6af88000000001d02f003,嗯呢，已换新,5df077150000000001001f74,刷我滴卡,https://sns-avatar-qc.xhscdn.com/avatar/1040g2jo31ebt5rsb0u6g5nfgesag87rk9dkpslg?imageView2/2/w/120/format/jpg,0,,68b7c2a2000000003000fccb,1763797726117,0
68c79522000000000b015bac,1757910306000,,68b6af88000000001d02f003,尬吹[笑哭R],5e47a59f0000000001003918,风雨同舟,https://sns-avatar-qc.xhscdn.com/avatar/1040g2jo31erti80p6e005ni7kmfg8e8ocetc548?imageView2/2/w/120/format/jpg,0,,68b7c2a2000000003000fccb,1763797726368,0
68b71b920000000030026959,1756830611000,,68b6af88000000001d02f003,二代最少一年吧？,5df077150000000001001f74,刷我滴卡,https://sns-avatar-qc.xhscdn.com/avatar/1040g2jo31ebt5rsb0u6g5nfgesag87rk9dkpslg?imageView2/2/w/120/format/jpg,0,,68b712580000000030028520,1763797728377,0
68b71f7c00000000300302b2,1756831612000,,68b6af88000000001d02f003,加油！,5df077150000000001001f74,刷我滴卡,https://sns-avatar-qc.xhscdn.com/avatar/1040g2jo31ebt5rsb0u6g5nfgesag87rk9dkpslg?imageView2/2/w/120/format/jpg,0,,68b71bfb0000000030020b79,1763797728599,0
68b77fc2000000003001dc85,1756856258000,,68b6af88000000001d02f003,可以多买几个牌子试试,5df077150000000001001f74,刷我滴卡,https://sns-avatar-qc.xhscdn.com/avatar/1040g2jo31ebt5rsb0u6g5nfgesag87rk9dkpslg?imageView2/2/w/120/format/jpg,0,,68b71fb3000000003002dab6,1763797728604,0
68b79614000000003002204f,1756861973000,,68b6af88000000001d02f003,运气不好啊,5df077150000000001001f74,刷我滴卡,https://sns-avatar-qc.xhscdn.com/avatar/1040g2jo31ebt5rsb0u6g5nfgesag87rk9dkpslg?imageView2/2/w/120/format/jpg,0,,68b78c68000000003001e720,1763797728609,0
68b7a92b000000003001ff16,1756866860000,,68b6af88000000001d02f003,换新已到,5df077150000000001001f74,刷我滴卡,https://sns-avatar-qc.xhscdn.com/avatar/1040g2jo31ebt5rsb0u6g5nfgesag87rk9dkpslg?imageView2/2/w/120/format/jpg,0,,68b796a30000000030023665,1763797728621,0
68b7b4340000000030023d82,1756869685000,,68b6af88000000001d02f003,为什么可以退呢,5df077150000000001001f74,刷我滴卡,https://sns-avatar-qc.xhscdn.com/avatar/1040g2jo31ebt5rsb0u6g5nfgesag87rk9dkpslg?imageView2/2/w/120/format/jpg,0,,68b7a99e000000003002c6fc,1763797728632,0
68b71bfb0000000030020b79,1756830716000,,68b6af88000000001d02f003,差不多，自己再打扫一年[笑哭R],5d68f910000000000100be98,豆鲨包,https://sns-avatar-qc.xhscdn.com/avatar/1040g2jo31ld36f51li005nb8v4809fkocch4lg8?imageView2/2/w/120/format/jpg,0,,68b71b920000000030026959,1763797730878,0
68b71fb3000000003002dab6,1756831667000,,68b6af88000000001d02f003,希望第二代体积小点，不然只能买别的牌子了[笑哭R],5d68f910000000000100be98,豆鲨包,https://sns-avatar-qc.xhscdn.com/avatar/1040g2jo31ld36f51li005nb8v4809fkocch4lg8?imageView2/2/w/120/format/jpg,0,,68b71f7c00000000300302b2,1763797730881,0
68b78c68000000003001e720,1756859497000,,68b6af88000000001d02f003,买过追觅，刚拆开发现充电接口断的[失望R],5d68f910000000000100be98,豆鲨包,https://sns-avatar-qc.xhscdn.com/avatar/1040g2jo31ld36f51li005nb8v4809fkocch4lg8?imageView2/2/w/120/format/jpg,0,,68b77fc2000000003001dc85,1763797730892,0
68b796a30000000030023665,1756862115000,,68b6af88000000001d02f003,是的，我朋友去年的买的石头，最近传感器坏了，然后客服说全额退款，然后他又买了一个新的，等他用用看,5d68f910000000000100be98,豆鲨包,https://sns-avatar-qc.xhscdn.com/avatar/1040g2jo31ld36f51li005nb8v4809fkocch4lg8?imageView2/2/w/120/format/jpg,0,,68b79614000000003002204f,1763797730908,0
68b7a99e000000003002c6fc,1756866975000,,68b6af88000000001d02f003,更主要是，去年4600买的，今年全额退了，机器已经降价了一千多[doge]，一来一回省了1000多，白用了一年[doge],5d68f910000000000100be98,豆鲨包,https://sns-avatar-qc.xhscdn.com/avatar/1040g2jo31ld36f51li005nb8v4809fkocch4lg8?imageView2/2/w/120/format/jpg,0,,68b7a92b000000003001ff16,1763797730912,0
68b7bce7000000003002185e,1756871912000,,68b6af88000000001d02f003,不知道，他说也没说,5d68f910000000000100be98,豆鲨包,https://sns-avatar-qc.xhscdn.com/avatar/1040g2jo31ld36f51li005nb8v4809fkocch4lg8?imageView2/2/w/120/format/jpg,0,,68b7b4340000000030023d82,1763797733104,0
6895ff290000000029037899,1754660649000,,6895d05a0000000023036e92,机器人机身98mm，可进最低可进机身+1.5cm，你可以算一下差不多得12㎝它估计才能顺利出入吧,5fec846f00000000010072ee,momo,https://sns-avatar-qc.xhscdn.com/avatar/1040g2jo31hkbjj85js5g5nvcghng8snejd7cmpo?imageView2/2/w/120/format/jpg,5,,0,1763797737426,0
6895ebd7000000002b01acaf,1754655703000,,6895d05a0000000023036e92,肯定是觉得你这模拟器架子不稳顶住那里帮你做加固，你要感谢它,5e9a4cf10000000001009a5f,无野讲哥哥✨,https://sns-avatar-qc.xhscdn.com/avatar/1040g2jo31n6u5kqm5m005nkq9jog96ivbs7jf2o?imageView2/2/w/120/format/jpg,0,,0,1763797737429,0
6896e636000000002b007211,1754719798000,,6895d05a0000000023036e92,这不应该扫地机器人自己算吗？,64400f00000000001f033026,芝士鱼,https://sns-avatar-qc.xhscdn.com/avatar/1000g2jo2pfca9ocji06g5p201s07uc16pbbt4k0?imageView2/2/w/120/format/jpg,0,,6895ff290000000029037899,1763797739438,0
68970cf00000000029024904,1754729712000,,6895d05a0000000023036e92,他为什么定义成机器人？,5fec846f00000000010072ee,momo,https://sns-avatar-qc.xhscdn.com/avatar/1040g2jo31hkbjj85js5g5nvcghng8snejd7cmpo?imageView2/2/w/120/format/jpg,0,,6896e636000000002b007211,1763797739673,0
68974c32000000002b00b2f4,1754745906000,,6895d05a0000000023036e92,6万块的可以,5dfef9930000000001008893,不要想太多,https://sns-avatar-qc.xhscdn.com/avatar/166ad12ae9a7f6fbb4bbbf88d417895f.jpg?imageView2/2/w/120/format/jpg,0,,6896e636000000002b007211,1763797739676,0
68e2470a000000003802d31b,1759659787000,,6895d05a0000000023036e92,为什么袜子加1.5cm？,5e47a59f0000000001003918,风雨同舟,https://sns-avatar-qc.xhscdn.com/avatar/1040g2jo31erti80p6e005ni7kmfg8e8ocetc548?imageView2/2/w/120/format/jpg,0,,6895ff290000000029037899,1763797739680,0
68e2784000000000370240e1,1759672385000,,6895d05a0000000023036e92,怕被刮花表面,5fec846f00000000010072ee,momo,https://sns-avatar-qc.xhscdn.com/avatar/1040g2jo31hkbjj85js5g5nvcghng8snejd7cmpo?imageView2/2/w/120/format/jpg,0,,68e2470a000000003802d31b,1763797739684,0
68c0161c000000002301f10c,1757419037000,,68bff175000000001d02ec3f,您好，ROMO 机器人可对家庭场景常见类别障碍物进行识别和避让，对障碍物类型会有要求，如线材粗细、障碍物高度等。标准模式下可识别直径 2mm 以上的电线，及 15mm*15mm 以上的障碍物。机器人会根据地面上障碍物（如米饭等）的尺寸选择清扫和避开方案，对于宠物粪便类，积木，数据线，卡片类障碍物机器人会识别并避开。如您在使用中遇到任何问题，可以随时联系我们。,5ffab1b2000000000100bf8c,DJI大疆技术支持,https://sns-avatar-qc.xhscdn.com/avatar/6458dcb095aea400011a8b61.jpg?imageView2/2/w/120/format/jpg,2,,0,1763797744022,2
68c0411200000000300237f0,1757430035000,,68bff175000000001d02ec3f,小纸团是大约2cm的卫生纸小纸团,565a7f000cdc2b3f4990976f,小舟,https://sns-avatar-qc.xhscdn.com/avatar/63d34114cdca983e2dcfaa02.jpg?imageView2/2/w/120/format/jpg,1,,0,1763797744026,0
68bfffc6000000000902836e,1757413319000,,68bff175000000001d02ec3f,玻璃栈道是什么？,5b8b1868d49ec20001cfd52c,小张不嚣张,https://sns-avatar-qc.xhscdn.com/avatar/5b8b1868d49ec20001cfd52c.jpg?imageView2/2/w/120/format/jpg,1,,0,1763797744035,0
68c12c5500000000300324ab,1757490262000,,68bff175000000001d02ec3f,卫生纸团追觅也不得吸,5b5bd1bd11be104556b67035,桃子,https://sns-avatar-qc.xhscdn.com/avatar/5b5bd1fa14de4165fbd05369.jpg?imageView2/2/w/120/format/jpg,0,,0,1763797744040,0
68c65f5b000000000b02259f,1757831003000,,68bff175000000001d02ec3f,大疆romo  扫拖一体机器人 ，享受国补低至3994元[偷笑R],5f01d098000000000100289b,卖大疆的小陈而已,https://sns-avatar-qc.xhscdn.com/avatar/1040g2jo31e5g36l3gk5g5no1q2c08a4r2bskg10?imageView2/2/w/120/format/jpg,0,,0,1763797744046,0
68c4134d000000000b02ee65,1757680461000,,68bff175000000001d02ec3f,您好，ROMO 机器人可对 家庭场景常见类别 障碍物进行识别和避让，对障碍物类型会有要求，如线材粗细、障碍物高度等。标准模式下可识别直径 2mm 以上的电线，及 15mm*15mm 以上的障碍物。机器人会根据地面上障碍物（如米饭等）的尺寸选择清扫和避开方案，对于宠物粪便类，积木，数据线，卡片类障碍物机器人会识别并避开。如您在使用中遇到任何问题，可以随时联系我们。,65b4ca74000000000d01c4b6,卖大疆的官方八爪鱼,https://sns-avatar-qc.xhscdn.com/avatar/1040g2jo31lrij1ak58705pdkp9q3bh5macbdg0o?imageView2/2/w/120/format/jpg,1,,0,1763797744053,0
68c01800000000000a00d7e5,1757419520000,,68bff175000000001d02ec3f,有可能是纸团太大了？我家里小朋友撕碎的纸屑都可以吸走,6700e406000000001d021174,想长大的熊宝宝,https://sns-avatar-qc.xhscdn.com/avatar/1040g2jo31nubngpd6g205q6pttj8coa2levi998?imageView2/2/w/120/format/jpg,0,,0,1763797744059,0
68c0404f0000000030032929,1757429839000,,68bff175000000001d02ec3f,谢谢[点赞R][点赞R][点赞R],565a7f000cdc2b3f4990976f,小舟,https://sns-avatar-qc.xhscdn.com/avatar/63d34114cdca983e2dcfaa02.jpg?imageView2/2/w/120/format/jpg,0,,68c0161c000000002301f10c,1763797746067,0
6914ad3800000000390044ab,1762962745000,广东,68bff175000000001d02ec3f,为啥这么大的识别不了,5af39bec11be1055888e783f,才彡年级,https://sns-avatar-qc.xhscdn.com/avatar/1040g2jo319u49dfana6g4a56jmduou1vfmu3050?imageView2/2/w/120/format/jpg,0,http://sns-webpic-qc.xhscdn.com/202511221549/99272bf052863b7afc780621a6b76557/comment/1040g2h031oprhla11q504a56jmduou1v6dgfbog!nd_whgt34_webp_wm_1,68c0161c000000002301f10c,1763797746277,0
68c0ee010000000009039ce4,1757474306000,,68bff175000000001d02ec3f,那确实吸不走 没有这么大孔去吸 你买别的品牌也一样的,5e4f9c3b0000000001006e38,azzz,https://sns-avatar-qc.xhscdn.com/avatar/613d30d55542e4f651b10f23.jpg?imageView2/2/w/120/format/jpg,0,,68c0411200000000300237f0,1763797748292,1
68c040aa000000003002539e,1757429931000,,68bff175000000001d02ec3f,阳台做了采光玻璃，透光的，为了给地下室采光，人可以走,565a7f000cdc2b3f4990976f,小舟,https://sns-avatar-qc.xhscdn.com/avatar/63d34114cdca983e2dcfaa02.jpg?imageView2/2/w/120/format/jpg,0,,68bfffc6000000000902836e,1763797748295,0
68c4edd800000000300265aa,1757736409000,,68bff175000000001d02ec3f,学到了[抱拳R],565a7f000cdc2b3f4990976f,小舟,https://sns-avatar-qc.xhscdn.com/avatar/63d34114cdca983e2dcfaa02.jpg?imageView2/2/w/120/format/jpg,0,,68c4134d000000000b02ee65,1763797748303,1
68af0b1e000000002301f1c0,1756302111000,,68aec259000000001b03543d,您好，很抱歉给您带来使用上的困扰。这边需要和您确认一下当前是否使用了多层地图，且选择的是未设置基站的地图。建议您先检查一下APP中是否切换了正确的地图（即设置了基站的那一层）。如果问题仍未解决，辛苦您提供一下问题日志（上传路径：APP→我的→帮助→问题日志上传），然后✉️提供跟踪单号给到我们，我们好协助您进一步跟进处理，感谢您的理解与支持！,5ffab1b2000000000100bf8c,DJI大疆技术支持,https://sns-avatar-qc.xhscdn.com/avatar/6458dcb095aea400011a8b61.jpg?imageView2/2/w/120/format/jpg,2,,0,1763797750704,5
68b02e740000000030030f42,1756376693000,,68aec259000000001b03543d,我第一台收到第一天就漏水，换一台又开始丢基站，只要切换地图清洁完，再切换回原来有基站的地图，基站就消失了，手动放回基站也不行，不认。只能重建地图，也就是说每次多层清洁完都要重建地图，累了，退了吧。,5fdea8c50000000001000d01,食品造型师lito,https://sns-avatar-qc.xhscdn.com/avatar/5fdea8c50000000001000d01.jpg?imageView2/2/w/120/format/jpg,1,,0,1763797750710,0
68aec7b60000000030027fe2,1756284855000,,68aec259000000001b03543d,基站没插电？,604b01a80000000001009159,来看个物,https://sns-avatar-qc.xhscdn.com/avatar/6309cf89f3ccddcb2f0ef18a.jpg?imageView2/2/w/120/format/jpg,0,,0,1763797750717,2
68af0eaf0000000030005883,1756303024000,,68aec259000000001b03543d,是不是建了多张地图～其他张地图的建图不是从基站出发，会显示这样，你切换一下地图就好了[偷笑R],5f72b37600000000010054e8,Wakeuuup_,https://sns-avatar-qc.xhscdn.com/avatar/1040g2jo31jc53ncf2e005nrimdr08l78ea0nt80?imageView2/2/w/120/format/jpg,0,,0,1763797750724,0
68dcffea000000003902febd,1759313898000,,68aec259000000001b03543d,怎么选择地图是否设置基站？我把基站搬到二楼，它就不会识别基站,562d8a12e00dd859421b5f89,是奶昔呀,https://sns-avatar-qc.xhscdn.com/avatar/1040g2jo310k2cahkmc0041rhft514ns9nih1om0?imageView2/2/w/120/format/jpg,0,,68af0b1e000000002301f1c0,1763797752731,0
6917023d00000000390200bd,1763115582000,广东,68aec259000000001b03543d,不能搬基站的,614c9b1a0000000002019e49,Steveandjobs,https://sns-avatar-qc.xhscdn.com/avatar/1040g2jo30tteu2mmkk6g5oacjcd0j7i94dflbgg?imageView2/2/w/120/format/jpg,0,,68dcffea000000003902febd,1763797752953,0
68ce7c5e000000003001e9cc,1758362718000,,68aec259000000001b03543d,退早了，现在app固件升级了，没有遇到切图基站丢失的问题了,6749c69100000000010016dc,事事顺心,https://sns-avatar-qc.xhscdn.com/avatar/1040g2jo31kv9jfj1j25g5omvl6c7omuurrol5j8?imageView2/2/w/120/format/jpg,0,,68b02e740000000030030f42,1763797754977,0
68c567100000000030022a2b,1757767440000,,6898a7b00000000023021162,我也遇到这个问题 恢复出厂设置都不行 客服说等过一段时间发布新固件就会修复 我直接退货了，等第二代再买吧。,60632eb80000000001009257,庄睿,https://sns-avatar-qc.xhscdn.com/avatar/6436df5b9329aa25ed92be07.jpg?imageView2/2/w/120/format/jpg,1,,0,1763797757271,1
68996866000000002a020b2a,1754884198000,,6898a7b00000000023021162,您好！非常抱歉您给您带来使用上的困扰。为了能让工程师更精准地分析并解决问题，麻烦您协助上传一下日志。路径：打开 DJI APP，进入 “我的” 页面，选择 “帮助”，再找到 “问题日志上传” 进行操作。 上传之后将跟踪单号通过✉发送给到我们，我们会尽快安排工程师分析并优化。感谢您的理解与配合！,5ffab1b2000000000100bf8c,DJI大疆技术支持,https://sns-avatar-qc.xhscdn.com/avatar/6458dcb095aea400011a8b61.jpg?imageView2/2/w/120/format/jpg,2,,0,1763797757276,1
68d949ae000000000b01f623,1759070642000,,6898a7b00000000023021162,我的也回不了基站,5ad8a6ee4eacab34aba94c08,S.,https://sns-avatar-qc.xhscdn.com/avatar/61f6b5f4914513f07d7255fd.jpg?imageView2/2/w/120/format/jpg,0,http://sns-webpic-qc.xhscdn.com/202511221549/fccf8b612c0c1cfed7d9b7725a4d8476/comment/1040g2h031mvsfleulm004a4lkijesj080bisi9o!nd_whgt34_webp_wm_1,0,1763797757281,0
68c590ad000000003000c739,1757778093000,,6898a7b00000000023021162,一样的，一直定位中，然后定位失败,5cc97f57000000001601794c,祝你大金,https://sns-avatar-qc.xhscdn.com/avatar/1040g2jo3183bndaq0o005n69ftbliuacfj7qa70?imageView2/2/w/120/format/jpg,0,,0,1763797757287,1
68c5673a0000000002015ee8,1757767482000,,6898a7b00000000023021162,我的就出现了一次，后来就好了,556f164ec2bdeb527d08eec6,💋小丹丹💯（装修进行时）,https://sns-avatar-qc.xhscdn.com/avatar/1040g2jo31h94daco3u0040np76b4trm66ig0hjo?imageView2/2/w/120/format/jpg,0,,68c567100000000030022a2b,1763797759291,0
68baf8c3000000000a00f692,1757083843000,,6898a7b00000000023021162,啊…我还以为他们会重视[笑哭R],556f164ec2bdeb527d08eec6,💋小丹丹💯（装修进行时）,https://sns-avatar-qc.xhscdn.com/avatar/1040g2jo31h94daco3u0040np76b4trm66ig0hjo?imageView2/2/w/120/format/jpg,0,,68bae30b0000000030030adb,1763797759296,0
68bae30b0000000030030adb,1757078284000,,6898a7b00000000023021162,别在评论区天天让用户上传日志，你们自己重不重视这个项目自己心里有数，一个日志说的1--2个工作日，结果呢？3.5天没结果,5fec846f00000000010072ee,momo,https://sns-avatar-qc.xhscdn.com/avatar/1040g2jo31hkbjj85js5g5nvcghng8snejd7cmpo?imageView2/2/w/120/format/jpg,0,,68996866000000002a020b2a,1763797759493,0
68d0c37d0000000030013598,1758511997000,,68b00be1000000001c03437a,退了么？我的也还没退,5f8d94cc000000000101f06b,人上人,https://sns-avatar-qc.xhscdn.com/avatar/1040g2jo31jhm4vcl36005nsdij60bs3biebmnb8?imageView2/2/w/120/format/jpg,3,,0,1763797763735,0
68b0e07c000000000b02bd17,1756422269000,,68b00be1000000001c03437a,京东写的是免费试用30天啊，但是，有人说只要有划痕就不能退[笑哭R],603dc11b00000000010003a8,林林,https://sns-avatar-qc.xhscdn.com/avatar/60ea70834a691568a1d1e72a.jpg?imageView2/2/w/120/format/jpg,2,,0,1763797763740,1
68b40d580000000030018fb1,1756630361000,,68b00be1000000001c03437a,"您好，首先非常感谢您选择 DJI ROMO，我们关注到您发布的内容。您反馈的定位问题在多层地图房间布局非常相似时可能会出现，您根据以下办法进行排查，是否能够解决问题。
1.确认清扫区域是否存在障碍物，如有请进行清理。
2.将机器人放回基站后重新任务。
3.如果家中频繁出现该现象，可以尝试先调整下布局，并请您通过APP（我的-帮助-问题日志上传）上传日志并提供下照片，工程师会尽快分析后与您联系。
后续如您在使用过程中有遇到任何疑问，欢迎随时✉我们。",5ffab1b2000000000100bf8c,DJI大疆技术支持,https://sns-avatar-qc.xhscdn.com/avatar/6458dcb095aea400011a8b61.jpg?imageView2/2/w/120/format/jpg,0,,0,1763797763745,5
68b063b20000000030005775,1756390323000,,68b00be1000000001c03437a,是这样的 使用了影响二次销售是不行的,62e790d8000000001f00694e,小太阳,https://sns-avatar-qc.xhscdn.com/avatar/1040g2jo31p4nt9eo2c605on7i3c7oqae0af626g?imageView2/2/w/120/format/jpg,1,,0,1763797763751,0
68b7bf44000000000b02d8e2,1756872517000,,68b00be1000000001c03437a,最后退了吗,5a6b4456e8ac2b439d6dcc90,男的,https://sns-avatar-qc.xhscdn.com/avatar/6751ea95eb65ee0ae4eb07f3.jpg?imageView2/2/w/120/format/jpg,0,,0,1763797763759,0
68b2aad0000000003000af55,1756539601000,,68b00be1000000001c03437a,您好，关注到您发布的内容，后台有私信您了解情况，未能得到您的回复。辛苦您私信告知购买产品的门店信息，这边可以协助您跟进处理，期待您的回复[玫瑰R],5ffab1b2000000000100bf8c,DJI大疆技术支持,https://sns-avatar-qc.xhscdn.com/avatar/6458dcb095aea400011a8b61.jpg?imageView2/2/w/120/format/jpg,0,,0,1763797763764,0
68b010b30000000030029e06,1756369076000,,68b00be1000000001c03437a,得是旗舰店自营店  你这个是专卖店,59d2dc4fdb2e605fc4174127,大疆顶级铁粉🌚版,https://sns-avatar-qc.xhscdn.com/avatar/666c3eb13c4fd2842f33ae6d.jpg?imageView2/2/w/120/format/jpg,0,,0,1763797763769,0
68f1fc280000000039001c47,1760689192000,,68b00be1000000001c03437a,退了吗,59a50a285e87e74a16a06f88,Overmatch,https://sns-avatar-qc.xhscdn.com/avatar/1040g2jo313mmk6us1i6g49oua652grs8439i3go?imageView2/2/w/120/format/jpg,0,,68d0c37d0000000030013598,1763797765772,0
68f37ca3000000003902762b,1760787619000,,68b00be1000000001c03437a,退了,5f8d94cc000000000101f06b,人上人,https://sns-avatar-qc.xhscdn.com/avatar/1040g2jo31jhm4vcl36005nsdij60bs3biebmnb8?imageView2/2/w/120/format/jpg,0,,68f1fc280000000039001c47,1763797765959,0
68fa44cb0000000039028939,1761232075000,福建,68b00be1000000001c03437a,请问是淘宝入的吗 怎么退的 建图一直失败提示阻挡路线想要退掉,5aafa6aae8ac2b2f0a443d71,momo,https://sns-avatar-qc.xhscdn.com/avatar/1040g2jo30u29bp4f4m004a3nmljakfbhafgj9eo?imageView2/2/w/120/format/jpg,0,,68f37ca3000000003902762b,1763797765963,0
68b447fc000000003000e8b9,1756645372000,,68b00be1000000001c03437a,他这不是自营买的占小便宜其他第三方商家买的,61bd46ba0000000021021c06,灯芯不上天,https://sns-avatar-qc.xhscdn.com/avatar/1040g2jo312159ev8hk6g5odt8qt8c706mfqk6q8?imageView2/2/w/120/format/jpg,0,,68b0e07c000000000b02bd17,1763797767972,0
68d3591800000000300306b1,1758681368000,,68b00be1000000001c03437a,对，使用不可能没有划痕，所以大疆吃相太难看了,568bc96fcb35fb5b457633d9,可爱宝宝123,https://sns-avatar-qc.xhscdn.com/avatar/2b4cefbb01e0a0824f5c173dde7f98b2.jpg?imageView2/2/w/120/format/jpg,0,,68b0e07c000000000b02bd17,1763797768145,0
68f4e5bb0000000038033085,1760880059000,,68b00be1000000001c03437a,我觉得很正常，不然买一个试30天退了。那还用花钱买吗？每个品牌轮流使用白嫖就行了[doge],5fb28840000000000101d29d,S.gaint,https://sns-avatar-qc.xhscdn.com/avatar/1000g2jo2obgg79ijm0605ntih100bkkt1t0j470?imageView2/2/w/120/format/jpg,0,,68b063b20000000030005775,1763797770158,0
68ca2ea6000000002400cdf2,1758080679000,,68c92de50000000013019e08,"您好，小疆非常感谢您支持DJI ROMO扫地机器人并分享您的使用体验。关于您反馈的设备使用情况，小疆有以下几条建议您可以参考一下：
	

1、关于您提及的漏扫情况，如仅存在一小块区域未打扫，很可能是由于清扫路径存在障碍物阻止机器人的任务所导致。辛苦您确认漏扫区域是否存在障碍物，如果存在，请移开后再进行清扫任务。当机器工作时请勿长时间占用机器人的清扫路径，防止机器由于避障而造成漏扫的情况发生。
2、关于您提及的清洁问题，建议将DJI Romo扫拖机器人开启深度清洁模式：1️⃣水量调""略湿""模式2️⃣清洁次数x2+路线选""精细""+模式选""除油污""3️⃣开启""清水复拖""模式",5ffab1b2000000000100bf8c,DJI大疆技术支持,https://sns-avatar-qc.xhscdn.com/avatar/6458dcb095aea400011a8b61.jpg?imageView2/2/w/120/format/jpg,2,,0,1763797772689,1
68ca2f0b000000002301c952,1758080779000,,68c92de50000000013019e08,"3、关于您提及的语言控制问题，因实际家庭环境可能存在差异或较为复杂，如出现语音控制偶尔唤醒异常的情况，烦请您录制相关视频，并通过 APP（我的 - 帮助 - 问题日志上传）上传日志。工程师将在收到后尽快分析定位问题，并在有结果后第一时间与您联系。
	

另外，您的宝贵声音，小疆已经反馈给到工程师团队评估优化，若后续有变动或更新，我们也会通过官方渠道第一时间和大家进行分享。后续如有其他问题也欢迎您随时✉️我们！",5ffab1b2000000000100bf8c,DJI大疆技术支持,https://sns-avatar-qc.xhscdn.com/avatar/6458dcb095aea400011a8b61.jpg?imageView2/2/w/120/format/jpg,0,,68ca2ea6000000002400cdf2,1763797774692,1
68d9cf1f000000000200372d,1759104799000,,68c92de50000000013019e08,为什么机器人和基站很容易断开链接啊 这个蓝牙距离太近了 十来米就断开了[笑哭R],5532f23ad39ea239e9e4e811,菜大鑫,https://sns-avatar-qc.xhscdn.com/avatar/61cf24455531f17e6aae7ce3.jpg?imageView2/2/w/120/format/jpg,0,,68ca2f0b000000002301c952,1763797774860,0
68ab3cec00000000300053c0,1756052716000,,68ab0e6f000000001d02cb22,最近刷到过类似的好像说是右边那个沿边的传感器粘灰了会这样，可以看看是不是脏了，擦一擦试试,5bb8c8bd3b41e5000138b7cb,TTT,https://sns-avatar-qc.xhscdn.com/avatar/1040g2jo31gbfa3aqj86g4bb7be4brdubpr203io?imageView2/2/w/120/format/jpg,1,,0,1763797779197,4
68abccaa0000000030032874,1756089514000,,68ab0e6f000000001d02cb22,所以还是先让铁粉享受，我们稍后,55a906b367bc6569ec9e83c3,平庸之善,https://sns-avatar-qc.xhscdn.com/avatar/1040g2jo3187a5s4hjqdg40vdvn3b70u357q28vg?imageView2/2/w/120/format/jpg,2,,0,1763797779205,0
68ab237400000000260185d8,1756046197000,,68ab0e6f000000001d02cb22,您好，已收到您的反馈～关于您反馈扫地机器人的使用问题，我们非常重视。目前已安排与您私信联系核实情况，辛苦您可查新回复下私信，提供对应信息，我们好协助您进一步跟进处理，感谢您的理解。后续如您在使用过程中有遇到任何疑问，欢迎随时✉️我们。,6264e238000000001000b529,DJI大疆服务,https://sns-avatar-qc.xhscdn.com/avatar/1040g2jo314f1g7fim06g5oj4s8s41d9907q99o0?imageView2/2/w/120/format/jpg,1,,0,1763797779210,8
68cff7ef000000000a00b873,1758459887000,,68ab0e6f000000001d02cb22,恢复出厂设置，我这个回不了基站,6786ffdb000000000801d5d1,momo,https://sns-avatar-qc.xhscdn.com/avatar/1040g2jo31d13fb5ags0g5ps6vvdi3lehatnn3e8?imageView2/2/w/120/format/jpg,1,,0,1763797779216,0
68ac93cd0000000030012a48,1756140495000,,68ab0e6f000000001d02cb22,我给它取名“小疆大画家”[笑哭R],58d872515e87e77c9354e50b,志昂,https://sns-avatar-qc.xhscdn.com/avatar/1040g2jo31880itao0o6g49bh71p53p8b19nsbug?imageView2/2/w/120/format/jpg,1,http://sns-webpic-qc.xhscdn.com/202511221549/9a8737970cf00a228d2af58c405f7d5a/comment/1040g2h031lk796n2l26g49bh71p53p8bvnj1cg8!nd_whgt34_webp_wm_1,0,1763797779223,0
68ab16900000000026018180,1756042896000,,68ab0e6f000000001d02cb22,手动 把机器人和基站 都关掉，有用吗[暗中观察R],5573d1613f95a37fca579fd9,盐焗巴旦木,https://sns-avatar-qc.xhscdn.com/avatar/1040g2jo31nhihfitkq0040p6v18m37up683h83o?imageView2/2/w/120/format/jpg,1,,0,1763797779230,0
6915990d00000000390001f7,1763023118000,江苏,68ab0e6f000000001d02cb22,后续是什么？退货了吗,5b0b4a934eacab67f94e62f5,红了樱桃绿了芭蕉。,https://sns-avatar-qc.xhscdn.com/avatar/5b0b4aeed2c8a579292474df.jpg?imageView2/2/w/120/format/jpg,0,,0,1763797779236,0
68abe61a0000000027007294,1756096027000,,68ab0e6f000000001d02cb22,退货换一把,5f4d1bef0000000001008a52,小红薯82137667A,https://sns-avatar-qc.xhscdn.com/avatar/1040g2jo30pqlqo136g6g5nqd3fng92iih4sgg78?imageView2/2/w/120/format/jpg,0,,0,1763797779243,0
68ad593900000000300172c9,1756191034000,,68ab0e6f000000001d02cb22,看来目前只有我的是好的，我的大疆现在没有一点问题，特别好用。,61ffd7030000000010008dc8,定点四的周期,https://sns-avatar-qc.xhscdn.com/avatar/1040g2jo313rv5skd26505ofvqs1k13e8jnj2jq0?imageView2/2/w/120/format/jpg,2,,0,1763797779252,4
68abc9620000000030024087,1756088674000,,68ab0e6f000000001d02cb22,没用试过了，重新建模厨房都出不来了，应该是有什么问题吧,565b16d6f53ee01b05f143ac,嘻嘻哈哈💭,https://sns-avatar-qc.xhscdn.com/avatar/1040g2jo31jtdn5vd2u0043h3gkbdcgtc0fhn7eo?imageView2/2/w/120/format/jpg,0,,68ab3cec00000000300053c0,1763797781258,0
68ac1b68000000003003115f,1756109672000,,68ab0e6f000000001d02cb22,不出故障的时候还是挺香的[捂脸R]拖地干净度也可以,565b16d6f53ee01b05f143ac,嘻嘻哈哈💭,https://sns-avatar-qc.xhscdn.com/avatar/1040g2jo31jtdn5vd2u0043h3gkbdcgtc0fhn7eo?imageView2/2/w/120/format/jpg,0,,68abccaa0000000030032874,1763797781260,4
68ac1f24000000003002b464,1756110628000,,68ab0e6f000000001d02cb22,我都是守着，是不是卡了[笑哭R],55a906b367bc6569ec9e83c3,平庸之善,https://sns-avatar-qc.xhscdn.com/avatar/1040g2jo3187a5s4hjqdg40vdvn3b70u357q28vg?imageView2/2/w/120/format/jpg,0,,68ac1b68000000003003115f,1763797781528,0
68b58d9f000000002601b900,1756728736000,,68ab0e6f000000001d02cb22,"您好，感谢您的关注与反馈。我们关注到您的ROMO建图与清扫轨迹异常情况，并第一时间联系您跟进处理。
感谢您积极配合排查，据您最新反馈，设备已恢复正常使用。如在使用中还有任何疑问或需要协助，欢迎随时与我们联系。再次感谢您的支持与理解！",6264e238000000001000b529,DJI大疆服务,https://sns-avatar-qc.xhscdn.com/avatar/1040g2jo314f1g7fim06g5oj4s8s41d9907q99o0?imageView2/2/w/120/format/jpg,0,,68ab237400000000260185d8,1763797783542,0
68cffaee0000000030024bdf,1758460655000,,68ab0e6f000000001d02cb22,找客服，不过我找了客服没用，只让我擦摄像头那种，后来我放那里没动，过两天自己好了[捂脸R],565b16d6f53ee01b05f143ac,嘻嘻哈哈💭,https://sns-avatar-qc.xhscdn.com/avatar/1040g2jo31jtdn5vd2u0043h3gkbdcgtc0fhn7eo?imageView2/2/w/120/format/jpg,0,,68cff7ef000000000a00b873,1763797783545,0
68ace9c300000000300243de,1756162500000,,68ab0e6f000000001d02cb22,你这也是出问题了吧[笑哭R],565b16d6f53ee01b05f143ac,嘻嘻哈哈💭,https://sns-avatar-qc.xhscdn.com/avatar/1040g2jo31jtdn5vd2u0043h3gkbdcgtc0fhn7eo?imageView2/2/w/120/format/jpg,0,,68ac93cd0000000030012a48,1763797783553,0
68ab2a1800000000300326ef,1756047896000,,68ab0e6f000000001d02cb22,没用哈，重新建模厨房都出不来了 [笑哭R],565b16d6f53ee01b05f143ac,嘻嘻哈哈💭,https://sns-avatar-qc.xhscdn.com/avatar/1040g2jo31jtdn5vd2u0043h3gkbdcgtc0fhn7eo?imageView2/2/w/120/format/jpg,0,,68ab16900000000026018180,1763797783558,0
68ad70780000000030020acf,1756196986000,,68ab0e6f000000001d02cb22,没出问题之前 我也觉得挺好的[捂脸R],565b16d6f53ee01b05f143ac,嘻嘻哈哈💭,https://sns-avatar-qc.xhscdn.com/avatar/1040g2jo31jtdn5vd2u0043h3gkbdcgtc0fhn7eo?imageView2/2/w/120/format/jpg,0,http://sns-webpic-qc.xhscdn.com/202511221549/fcc549534a73c9c552831f621e2af2d8/comment/1040g2h031ll2763nl87043h3gkbdcgtc9f4md68!nd_whgt34_webp_wm_1,68ad593900000000300172c9,1763797783566,0
68adb41f000000003002ddce,1756214304000,,68ab0e6f000000001d02cb22,哈哈我家的也没啥问题，用着挺不错的,6749c69100000000010016dc,事事顺心,https://sns-avatar-qc.xhscdn.com/avatar/1040g2jo31kv9jfj1j25g5omvl6c7omuurrol5j8?imageView2/2/w/120/format/jpg,0,,68ad593900000000300172c9,1763797783851,1
68f619bd0000000033024552,1760958909000,,68f20b610000000004005874,第一次用还在适应中，到后面越来越顺了，我现在每天都扫一次,5c1f7a4d000000000702c748,糖果,https://sns-avatar-qc.xhscdn.com/avatar/1040g2jo31h14ijb9ju705n0vf96hthq8rfm8oq8?imageView2/2/w/120/format/jpg,2,,0,1763797788109,3
6915940d0000000038029a46,1763021837000,上海,68f20b610000000004005874,10 斤的猫站上面，马达会不会坏[石化R][石化R],6022b2be000000000101e785,Hululu,https://sns-avatar-qc.xhscdn.com/avatar/1040g2jo31o8p0mil6g005o12mav0bps5379074o?imageView2/2/w/120/format/jpg,3,,0,1763797788111,0
69017d5a000000003300fe88,1761705307000,重庆,68f20b610000000004005874,靠这个可实现光脚吗,5f7d32f9000000000101f5da,Hjii,https://sns-avatar-qc.xhscdn.com/avatar/5f7d37f698a097000125f61d.jpg?imageView2/2/w/120/format/jpg,3,,0,1763797788118,0
69136a160000000038029371,1762880022000,广东,68f20b610000000004005874,这个要接水管吗,5a3e238f11be104e9ad7bb64,小林快快拿offer,https://sns-avatar-qc.xhscdn.com/avatar/63f39c60d0695d8b046c5381.jpg?imageView2/2/w/120/format/jpg,1,,0,1763797788120,0
690336450000000039028d5d,1761818182000,江苏,68f20b610000000004005874,请问是先扫后拖这样吗？ 还是边扫边拖也这样,5a7c774f4eacab224f2f56bf,星星狙击手,https://sns-avatar-qc.xhscdn.com/avatar/62729f25293d9d0001b085dd.jpg?imageView2/2/w/120/format/jpg,1,,0,1763797788125,0
68fefbbb000000003901d80e,1761541052000,上海,68f20b610000000004005874,请问缠头发不,58a159165e87e72cf9180dec,爪（快乐版,https://sns-avatar-qc.xhscdn.com/avatar/1040g2jo30vmvdmvn6600494u8jchc3fc0lilpd8?imageView2/2/w/120/format/jpg,1,,0,1763797788127,0
68f2ce7c0000000037010608,1760743036000,,68f20b610000000004005874,地毯往边上挪挪试试，挡着正前方了有点,68730660000000001b019233,白云黑土,https://sns-avatar-qc.xhscdn.com/avatar/1040g2jo31k693nrm2u005q3j0pg6r4hjbi776qo?imageView2/2/w/120/format/jpg,1,,0,1763797788131,0
6916c3220000000039007a67,1763099429000,天津,68f20b610000000004005874,对于它，我确实属于颜狗了[石化R],61e3121c000000001000e7ce,橘子河,https://sns-avatar-qc.xhscdn.com/avatar/1040g2jo3156bv8j10u0g5of328e41pue0mv81ig?imageView2/2/w/120/format/jpg,0,http://sns-webpic-qc.xhscdn.com/202511221549/da2a38d4da906cd3ed484ddfd23fce73/comment/1040g2h031orti30nha005of328e41pue2n4tk30!nd_whgt34_webp_wm_1,0,1763797788134,0
6901872c0000000038005b5b,1761707820000,四川,68f20b610000000004005874,我没有常用倒是,61e3121c000000001000e7ce,橘子河,https://sns-avatar-qc.xhscdn.com/avatar/1040g2jo3156bv8j10u0g5of328e41pue0mv81ig?imageView2/2/w/120/format/jpg,0,,68f619bd0000000033024552,1763797790143,0
69187fc10000000033020880,1763213250000,浙江,68f20b610000000004005874,aa,5b400adde8ac2b356c0eef32,俞小忙💤,https://sns-avatar-qc.xhscdn.com/avatar/1040g2jo31l6humng2o004a6tsb5drrpim889er0?imageView2/2/w/120/format/jpg,0,,68f619bd0000000033024552,1763797790384,0
6915ba390000000039008db6,1763031610000,天津,68f20b610000000004005874,不知道……[石化R]今天！它因为一根头发还卡住了一次,61e3121c000000001000e7ce,橘子河,https://sns-avatar-qc.xhscdn.com/avatar/1040g2jo3156bv8j10u0g5of328e41pue0mv81ig?imageView2/2/w/120/format/jpg,0,,6915940d0000000038029a46,1763797792390,0
6915bed80000000038009911,1763032792000,上海,68f20b610000000004005874,天塌了[石化R],6022b2be000000000101e785,Hululu,https://sns-avatar-qc.xhscdn.com/avatar/1040g2jo31o8p0mil6g005o12mav0bps5379074o?imageView2/2/w/120/format/jpg,0,,6915ba390000000039008db6,1763797792604,0
6916c2d800000000390008d3,1763099352000,天津,68f20b610000000004005874,哈哈哈我能接受我都能接受[哭惹R]每次看到它在地上跑来跑去都挺开心的,61e3121c000000001000e7ce,橘子河,https://sns-avatar-qc.xhscdn.com/avatar/1040g2jo3156bv8j10u0g5of328e41pue0mv81ig?imageView2/2/w/120/format/jpg,0,,6915bed80000000038009911,1763797792610,0
690186fa000000003900a4ae,1761707771000,四川,68f20b610000000004005874,我没光脚过，应该不行吧,61e3121c000000001000e7ce,橘子河,https://sns-avatar-qc.xhscdn.com/avatar/1040g2jo3156bv8j10u0g5of328e41pue0mv81ig?imageView2/2/w/120/format/jpg,0,,69017d5a000000003300fe88,1763797794615,0
69075d6d0000000038011244,1762090350000,天津,68f20b610000000004005874,不可以❌,61e3121c000000001000e7ce,橘子河,https://sns-avatar-qc.xhscdn.com/avatar/1040g2jo3156bv8j10u0g5of328e41pue0mv81ig?imageView2/2/w/120/format/jpg,0,,69017d5a000000003300fe88,1763797794803,0
690770140000000037024c28,1762095124000,重庆,68f20b610000000004005874,哈哈哈好的,5f7d32f9000000000101f5da,Hjii,https://sns-avatar-qc.xhscdn.com/avatar/5f7d37f698a097000125f61d.jpg?imageView2/2/w/120/format/jpg,0,,69075d6d0000000038011244,1763797794808,0
6913c94f000000003801354e,1762904399000,天津,68f20b610000000004005874,我这个是不用的，上下水的话需要,61e3121c000000001000e7ce,橘子河,https://sns-avatar-qc.xhscdn.com/avatar/1040g2jo3156bv8j10u0g5of328e41pue0mv81ig?imageView2/2/w/120/format/jpg,0,,69136a160000000038029371,1763797796820,0
69075d86000000003803360d,1762090375000,天津,68f20b610000000004005874,先扫后拖，后来不清洁地毯啦,61e3121c000000001000e7ce,橘子河,https://sns-avatar-qc.xhscdn.com/avatar/1040g2jo3156bv8j10u0g5of328e41pue0mv81ig?imageView2/2/w/120/format/jpg,0,,690336450000000039028d5d,1763797796823,0
690187100000000038030ae0,1761707792000,四川,68f20b610000000004005874,缠过一次塑料纸，图二,61e3121c000000001000e7ce,橘子河,https://sns-avatar-qc.xhscdn.com/avatar/1040g2jo3156bv8j10u0g5of328e41pue0mv81ig?imageView2/2/w/120/format/jpg,0,,68fefbbb000000003901d80e,1763797796830,0
690187170000000039002c6f,1761707800000,四川,68f20b610000000004005874,嗯嗯直接不让跨越了,61e3121c000000001000e7ce,橘子河,https://sns-avatar-qc.xhscdn.com/avatar/1040g2jo3156bv8j10u0g5of328e41pue0mv81ig?imageView2/2/w/120/format/jpg,0,,68f2ce7c0000000037010608,1763797796835,2
68976f6d000000002903232b,1754754925000,,6895b0340000000023029741,至少我用着正常,68499a9d000000001b01a65e,GJR,https://sns-avatar-qc.xhscdn.com/avatar/1040g2jo31nvtbgt16m005q29jaemr9iusou2050?imageView2/2/w/120/format/jpg,0,,0,1763797799117,8
68970a28000000002903cb60,1754729000000,,6895b0340000000023029741,实际上就是石头换壳🤣,5be1a0f75ff8720001a02a75,ozzyluan,https://sns-avatar-qc.xhscdn.com/avatar/1040g2jo31e6dumlth6004bog3vgfeajl1vcu2p0?imageView2/2/w/120/format/jpg,1,,0,1763797799122,0
6908a39b0000000039020919,1762173852000,海南,6895b0340000000023029741,今天刚安装好第一次扫就连续报滚刷异物，拆开啥都没有，客服让拆开搽拭，重启都不行，太垃圾了，本来以为贵的能省点心，还买的顶配版本，第一次用就失败[哭惹R],66dfbbea000000000d025d23,小红薯66E137F7,https://sns-avatar-qc.xhscdn.com/avatar/1040g2jo31asusau26m605pmvnfl3cn93h3fs32g?imageView2/2/w/120/format/jpg,0,,0,1763797799126,0
690428ed0000000039022d3e,1761880302000,江苏,6895b0340000000023029741,我家更绝，什么东西都没有，它一直说卡住卡住，怎么弄都没用，还得寄修，操碎了心,58a40c1450c4b465889b9e34,494390316,https://sns-avatar-qc.xhscdn.com/avatar/1040g2jo319ie1cbe6q6g4958bk6197hk9cl3h28?imageView2/2/w/120/format/jpg,0,,0,1763797799133,1
6896e0aa000000002a019069,1754718379000,,6895b0340000000023029741,我的也是 说卡住两次 检查都啥也没有,5f7d11a5000000000100b5b8,小水宝宝,https://sns-avatar-qc.xhscdn.com/avatar/1040g2jo31ddeakhdh2dg5nrt26ig9ddonhp7190?imageView2/2/w/120/format/jpg,0,,0,1763797799139,1
6895d003000000002b02e564,1754648579000,,6895b0340000000023029741,不是说有防缠绕吗,5f4d1bef0000000001008a52,小红薯82137667A,https://sns-avatar-qc.xhscdn.com/avatar/1040g2jo30pqlqo136g6g5nqd3fng92iih4sgg78?imageView2/2/w/120/format/jpg,0,,0,1763797799158,1
6895b9ac0000000029033d85,1754642861000,,6895b0340000000023029741,那我不买了,5a24b4e111be1021dfb5d1f7,黑猫不睡,https://sns-avatar-qc.xhscdn.com/avatar/1040g2jo31h7mqgru3s6g4a02qiqe3kfnnne1ck0?imageView2/2/w/120/format/jpg,0,,0,1763797799190,0
68b3e6f6000000003002eb01,1756620535000,,6895b0340000000023029741,哈哈搞笑了，大疆的透明壳哪家能做出来，这种对内部构造要求很高的,650326640000000017021a85,芊妤、与你,https://sns-avatar-qc.xhscdn.com/avatar/1040g2jo31mh4tb7r6m6g5p834pi5s6k5jja9q7o?imageView2/2/w/120/format/jpg,0,,68970a28000000002903cb60,1763797801216,5
68a2133a000000002700fc0e,1755452218000,,689f498f000000001c00dc8b,石头也不支持双WIFI切换吧，干嘛不用AC+AP？,60dbf0290000000001000626,中国人生,https://sns-avatar-qc.xhscdn.com/avatar/6208b195d540084ab7f5ec3c.jpg?imageView2/2/w/120/format/jpg,1,,0,1763797803467,1
68b398dc0000000001003803,1756600541000,,689f498f000000001c00dc8b,我也是两个路由器，同因为有死角信号不好，但是我两个路由器开的易展（TP这个名称还是牌子），所以还是同个wifi，你可以研究试试看,5b0bea2ae8ac2b30094f534a,南无加特林菩萨,https://sns-avatar-qc.xhscdn.com/avatar/63d4925b955ccf02b20b4468.jpg?imageView2/2/w/120/format/jpg,1,,0,1763797803469,0
68ce66e40000000030022a95,1758357221000,,689f498f000000001c00dc8b,固件升级了两次了，感觉现在扫地更灵活了些，我还给我妈妈家也安排了一台,648291e2000000002a036df7,马鱿鱼,https://sns-avatar-qc.xhscdn.com/avatar/1040g2jo31n3o3lhnmg005p42i7hamrfnvapapv8?imageView2/2/w/120/format/jpg,0,http://sns-webpic-qc.xhscdn.com/202511221550/3cd472e55b5cd7059554313e01eec1b9/comment/1040g2h031ml89oe55i005p42i7hamrfn58ats18!nd_whgt34_webp_wm_1,0,1763797803477,4
68c16d4e0000000009029d7d,1757506894000,,689f498f000000001c00dc8b,。。。石头又没有宣传自家避障牛，大家要不不要太高了吧,6850244b000000001d009bcb,数数爱星星,https://sns-avatar-qc.xhscdn.com/avatar/1040g2jo31mh4tod4li705q2g4h5n96ubv9u3j8o?imageView2/2/w/120/format/jpg,0,,0,1763797803482,0
68c13be400000000010110e2,1757494244000,,689f498f000000001c00dc8b,石头不行呀，我买了他们上个月的新款，开机根本联不上网络，申请半天售后也没人搭理我，准备直接退货了[捂脸R],6555fec4000000000403a2f0,飞啦阔以哇,https://sns-avatar-qc.xhscdn.com/avatar/1040g2jo31osh1bcj1a605palvr2178ngsv8d02o?imageView2/2/w/120/format/jpg,0,,0,1763797803491,0
68d0e74a0000000030008087,1758521163000,,689f498f000000001c00dc8b,对比了两台感觉疆的基站自清洁功能挺戳我的，懒人福音了,5f9654210000000001007d58,Limo,https://sns-avatar-qc.xhscdn.com/avatar/1040g2jo31mb5e8khku005nsmaggg8vaov9kreq0?imageView2/2/w/120/format/jpg,0,,0,1763797803499,2
68b28939000000000b01e014,1756531002000,,689f498f000000001c00dc8b,不支持，但是网络明显连接好很多。,621dfccc000000001000aed2,会飞的鱼,https://sns-avatar-qc.xhscdn.com/avatar/63d13e70952f9cbe57b86ae7.jpg?imageView2/2/w/120/format/jpg,0,,68a2133a000000002700fc0e,1763797805505,0
68b71b50000000000903a4df,1756830544000,,689f498f000000001c00dc8b,你说的我明白，我是俩品牌路由器[笑哭R],621dfccc000000001000aed2,会飞的鱼,https://sns-avatar-qc.xhscdn.com/avatar/63d13e70952f9cbe57b86ae7.jpg?imageView2/2/w/120/format/jpg,0,,68b398dc0000000001003803,1763797805507,0
68f0fa9a0000000037012cce,1760623259000,,68af340c000000001d00ad7b,新买的，第一天就出了类似的问题，拿出来可以正常清扫，回到基站就有异响并报错说右侧行走轮被异物卡住，翻过来看根本没有异物，离谱,60977db9000000000101c75c,小红薯6097BE52,https://sns-avatar-qc.xhscdn.com/avatar/60977e3eb0c1760f77c247e0.jpg?imageView2/2/w/120/format/jpg,2,http://sns-webpic-qc.xhscdn.com/202511221550/e8052521e7a1dc2fd1d871dbf41b74a2/comment/1040g2h031nn0qo9mlm005o4nfmsgbhqsnb8n7bg!nd_whgt34_webp_wm_1,0,1763797807818,0
6908d06c000000003902b7b8,1762185324000,上海,68af340c000000001d00ad7b,你后来怎么解决的呢？我的也是一直回不去，所左侧轮卡住了,5b0760524eacab1c3ef78b22,HAONAN,https://sns-avatar-qc.xhscdn.com/avatar/5e330bb4505ade00013132bb.jpg?imageView2/2/w/120/format/jpg,1,,0,1763797807820,0
68fb881d0000000039028ff9,1761314845000,北京,68af340c000000001d00ad7b,请问后续是怎么解决的呢？我今天第一次用半小时就出现了这个故障，然后无论如何重启单侧轮都抱死不动,641e9ed3000000001102055e,Simple,https://sns-avatar-qc.xhscdn.com/avatar/1040g2jo31mgflloh506g5p0ujr9kc1ausctfrko?imageView2/2/w/120/format/jpg,1,,0,1763797807827,0
68b418b20000000030004c92,1756633266000,,68af340c000000001d00ad7b,我也是 后来感觉可能是基站觉得回不去 位置挪大一点就好了,5b52aa6e4eacab7ef109ddfe,bbbbb,https://sns-avatar-qc.xhscdn.com/avatar/1040g2jo31kqc89d0k8704a7bm5l6tnfundkem1g?imageView2/2/w/120/format/jpg,1,,0,1763797807832,0
68b06222000000003002830b,1756389923000,,68af340c000000001d00ad7b,我也碰到这个，确实没有东西啦着,6114961f00000000010041b0,羊羊羊🐑,https://sns-avatar-qc.xhscdn.com/avatar/67024bef68c7f3d94e4448a1.jpg?imageView2/2/w/120/format/jpg,1,,0,1763797807835,0
68bedc0800000000230175dd,1757338633000,,68af340c000000001d00ad7b,您好，关注到您反馈的关于 DJI ROMO 扫地机器人的使用问题，我们非常重视。此问题我们已有关注到，后续会尽快推出优化APP及固件。后续如您在使用过程中有遇到任何疑问，欢迎随时✉️我们。,6264e238000000001000b529,DJI大疆服务,https://sns-avatar-qc.xhscdn.com/avatar/1040g2jo314f1g7fim06g5oj4s8s41d9907q99o0?imageView2/2/w/120/format/jpg,2,,0,1763797807844,0
68b060fa000000000b02dea1,1756389626000,,68af340c000000001d00ad7b,找客服,5f4d1bef0000000001008a52,小红薯82137667A,https://sns-avatar-qc.xhscdn.com/avatar/1040g2jo30pqlqo136g6g5nqd3fng92iih4sgg78?imageView2/2/w/120/format/jpg,2,,0,1763797807858,0
68af8337000000000b02e395,1756332855000,,68af340c000000001d00ad7b,目前还没有,599cd76550c4b437ae849684,洵洵不爱喝水,https://sns-avatar-qc.xhscdn.com/avatar/1040g2jo30pvcco7t7c0049oicbbmb5k4kpr1qi8?imageView2/2/w/120/format/jpg,1,,0,1763797807874,0
68b0a461000000003002940b,1756406881000,,68af340c000000001d00ad7b,目前解决不了，机器人长按开机按键关机重启，后续固件可能会优化。担心后面的优化时间长就退了吧,5fec846f00000000010072ee,momo,https://sns-avatar-qc.xhscdn.com/avatar/1040g2jo31hkbjj85js5g5nvcghng8snejd7cmpo?imageView2/2/w/120/format/jpg,0,,0,1763797807896,1
68f12c530000000039022f86,1760635987000,,68af340c000000001d00ad7b,你也是上基站上不去吗？是不是晚上天太黑了？我这个就是晚上天太黑了，白天它自己就能上去了。,616f20e3000000000202542e,唐槐,https://sns-avatar-qc.xhscdn.com/avatar/616f20e3000000000202542e.jpg?imageView2/2/w/120/format/jpg,0,,68f0fa9a0000000037012cce,1763797809916,0
6901a9d00000000033022b21,1761716688000,广东,68af340c000000001d00ad7b,我这个应该是定位有问题，进基站里后实际是错位的，转动有异响。最后解决不了给换了套新的,60977db9000000000101c75c,小红薯6097BE52,https://sns-avatar-qc.xhscdn.com/avatar/60977e3eb0c1760f77c247e0.jpg?imageView2/2/w/120/format/jpg,0,,68f12c530000000039022f86,1763797810121,0
690951610000000039028abd,1762218338000,江苏,68af340c000000001d00ad7b,白天自己就上去了。实际是他爬不上基站,616f20e3000000000202542e,唐槐,https://sns-avatar-qc.xhscdn.com/avatar/616f20e3000000000202542e.jpg?imageView2/2/w/120/format/jpg,0,,6908d06c000000003902b7b8,1763797812126,0
68fc1e5a000000003903154b,1761353307000,江苏,68af340c000000001d00ad7b,就是晚上天黑了，它上不去，白天自己就能上去了[捂脸R],616f20e3000000000202542e,唐槐,https://sns-avatar-qc.xhscdn.com/avatar/616f20e3000000000202542e.jpg?imageView2/2/w/120/format/jpg,0,,68fb881d0000000039028ff9,1763797812132,0
68b4f4c3000000003000c14f,1756689603000,,68af340c000000001d00ad7b,我白天重新扫拖了试了一下，他一点问题没有，回去了。应该跟光线有关。晚上没有灯，没有光线，它算法有些问题。,616f20e3000000000202542e,唐槐,https://sns-avatar-qc.xhscdn.com/avatar/616f20e3000000000202542e.jpg?imageView2/2/w/120/format/jpg,0,,68b418b20000000030004c92,1763797812139,0
68b0771900000000300121fc,1756395290000,,68af340c000000001d00ad7b,我都怀疑是不是家里人打扫卫生稍微挪了一下我的基站。但转念一想，这个扫地只能在设计之后应该考虑到这一点的。并且他的视觉比较很优秀，识别个基站应该不成问题。所以很奇怪这个到底是后期ota能不能升级,616f20e3000000000202542e,唐槐,https://sns-avatar-qc.xhscdn.com/avatar/616f20e3000000000202542e.jpg?imageView2/2/w/120/format/jpg,0,,68b06222000000003002830b,1763797812145,0
691da7f0000000001601eb98,1763551216000,辽宁,68af340c000000001d00ad7b,我新买的也是显示这个,5a159f924eacab29bba6d3a5,风中神话,https://sns-avatar-qc.xhscdn.com/avatar/620f5966c748530001746349.jpg?imageView2/2/w/120/format/jpg,0,,68bedc0800000000230175dd,1763797812150,0
691ee878000000001403e3c3,1763633273000,江苏,68af340c000000001d00ad7b,视觉，亮度不够,616f20e3000000000202542e,唐槐,https://sns-avatar-qc.xhscdn.com/avatar/616f20e3000000000202542e.jpg?imageView2/2/w/120/format/jpg,0,,691da7f0000000001601eb98,1763797812346,0
68b0a48e00000000300296f9,1756406926000,,68af340c000000001d00ad7b,没用，可能需要你回传日志，然后给你极速换新,5fec846f00000000010072ee,momo,https://sns-avatar-qc.xhscdn.com/avatar/1040g2jo31hkbjj85js5g5nvcghng8snejd7cmpo?imageView2/2/w/120/format/jpg,0,,68b060fa000000000b02dea1,1763797814353,0
68b131ec000000002601a1c3,1756443117000,,68af340c000000001d00ad7b,是的呀，大疆售后还可以，上传日志是为了解决问题呀，合理,68233e63000000000601f232,哇呜,https://sns-avatar-qc.xhscdn.com/avatar/1040g2jo31iqqe7spgu505pa9pemh1bb1lpu5pf0?imageView2/2/w/120/format/jpg,0,,68b060fa000000000b02dea1,1763797814558,0
68b1453d0000000001012bbe,1756448061000,,68af340c000000001d00ad7b,首发用户，用到现在也没有出现过啥问题，感觉联系售后就好了,6373717d0000000024014c92,睡个懒觉,https://sns-avatar-qc.xhscdn.com/avatar/1040g2jo31okkrso80g605orje5up2j4ih7gsn00?imageView2/2/w/120/format/jpg,0,,68af8337000000000b02e395,1763797816563,3
68f483b0000000003701271c,1760854961000,,68e8f316000000000500231c,真的是，气🐭了！客服打过来一直抱歉☹️。才用了两个月不到降1k，以后首发谁敢买？,5b0285f76b58b7221d3f8b80,🍭さかな大小姐👪🐶🐶,https://sns-avatar-qc.xhscdn.com/avatar/60d2d496bfd037d8103f44ad.jpg?imageView2/2/w/120/format/jpg,3,,0,1763797818829,1
68f3781000000000390303e9,1760786449000,,68e8f316000000000500231c,最新价格,5f8c558f000000000101c3e6,只要我的名字足够长，就会有傻子跟着我读,https://sns-avatar-qc.xhscdn.com/avatar/1040g2jo31g522bdu1c005nscam7gbgv6uc03ae0?imageView2/2/w/120/format/jpg,1,http://sns-webpic-qc.xhscdn.com/202511221550/c916b6de4fcc25953e54e32c8afed96a/comment/1040g2h031npekqvj4u0g5nscam7gbgv62j0ncio!nd_whlt34_webp_wm_1,0,1763797818833,0
68eb86c20000000033004d78,1760265922000,,68e8f316000000000500231c,你买的时候是多少钱呀？,5d267278000000001001706e,臭屁小道理,https://sns-avatar-qc.xhscdn.com/avatar/1040g2jo31niolrgfli005n96e9s42s3eisp8fm8?imageView2/2/w/120/format/jpg,1,,0,1763797818840,0
68e8f4060000000037012e29,1760097287000,,68e8f316000000000500231c,也是国庆买了四天就降价1000，找客服找了好久才转人工，只退700多，太坑了,58c2b3705e87e74fac8ba859,toki！,https://sns-avatar-qc.xhscdn.com/avatar/5caf05e79fd5ab0001906a1b.jpg?imageView2/2/w/120/format/jpg,1,,0,1763797818845,0
68f70f2a0000000038024fde,1761021739000,,68e8f316000000000500231c,不是首发 以后我都不会买大疆了 坑你一次就有第二次,5e71ca810000000001001216,qq,https://sns-avatar-qc.xhscdn.com/avatar/63e35e106070be0bd3db2513.jpg?imageView2/2/w/120/format/jpg,0,,68f483b0000000003701271c,1763797820849,1
68f70f6d000000003803e295,1761021805000,,68e8f316000000000500231c,你是多少买的？ 我都差价1300了,5e71ca810000000001001216,qq,https://sns-avatar-qc.xhscdn.com/avatar/63e35e106070be0bd3db2513.jpg?imageView2/2/w/120/format/jpg,0,,68f483b0000000003701271c,1763797821062,0
68f71c7e0000000033004ab6,1761025151000,,68e8f316000000000500231c,5500买的 现在4500[哭惹R][哭惹R],5b0285f76b58b7221d3f8b80,🍭さかな大小姐👪🐶🐶,https://sns-avatar-qc.xhscdn.com/avatar/60d2d496bfd037d8103f44ad.jpg?imageView2/2/w/120/format/jpg,0,,68f70f6d000000003803e295,1763797821065,0
68f385ee0000000038033838,1760789998000,,68e8f316000000000500231c,哭死。。。再也不会买大疆了，寒心，便宜三五百也就算了，便宜了1400啊,5e71ca810000000001001216,qq,https://sns-avatar-qc.xhscdn.com/avatar/63e35e106070be0bd3db2513.jpg?imageView2/2/w/120/format/jpg,0,,68f3781000000000390303e9,1763797823072,0
68ef30ee00000000380135e2,1760506095000,,68e8f316000000000500231c,5500,5e71ca810000000001001216,qq,https://sns-avatar-qc.xhscdn.com/avatar/63e35e106070be0bd3db2513.jpg?imageView2/2/w/120/format/jpg,0,,68eb86c20000000033004d78,1763797823080,0
68e8f47d00000000380320aa,1760097405000,,68e8f316000000000500231c,差价真的差太多了，首发的时候说现在买多便宜然后看着这个品牌才去买的，现在看真的是没有啥信誉的品牌,5e71ca810000000001001216,qq,https://sns-avatar-qc.xhscdn.com/avatar/63e35e106070be0bd3db2513.jpg?imageView2/2/w/120/format/jpg,0,,68e8f4060000000037012e29,1763797823086,1
68a48881000000003002e227,1755613314000,,689b2986000000001c0370ea,我也是！,5a0a4c43e8ac2b1cdc9cc751,岳阳｜华音钢琴培训工作室,https://sns-avatar-qc.xhscdn.com/avatar/1040g2jo31o4lhg1l580g49vj1c647hqhn8g2coo?imageView2/2/w/120/format/jpg,6,,0,1763797825376,0
689b3c80000000002301c0cf,1755004032000,,689b2986000000001c0370ea,您好，非常抱歉给您带来不便。为了给您提供更高效的解决方案，烦请您拍摄一段展示操作过程的视频，通过私信发送给我们。同时，请您在 DJI Home 上传日志。我们会将您遇到的问题及视频一并反馈给工程师进行分析。感谢您的配合与理解。,5ffab1b2000000000100bf8c,DJI大疆技术支持,https://sns-avatar-qc.xhscdn.com/avatar/6458dcb095aea400011a8b61.jpg?imageView2/2/w/120/format/jpg,4,,0,1763797825384,0
68a51a2300000000300062f0,1755650596000,,689b2986000000001c0370ea,而且不集尘，指示灯一直是橙色，集尘完很大高温塑料味。我10多号反馈的，到现在没有回应,5f5f6384000000000101dc31,炸天帮-不吃香菜,https://sns-avatar-qc.xhscdn.com/avatar/1040g2jo31knlhhcujq6g5nqvce20bn1h9hkrkrg?imageView2/2/w/120/format/jpg,0,,68a48881000000003002e227,1763797827390,0
68a51e120000000030024a27,1755651602000,,689b2986000000001c0370ea,我的指示灯也是亮的，提示我自动集尘，但是我没管他呢！[失望R]那我是不是要自动集尘试试？你现在的指示灯恢复正常了吗？,5a0a4c43e8ac2b1cdc9cc751,岳阳｜华音钢琴培训工作室,https://sns-avatar-qc.xhscdn.com/avatar/1040g2jo31o4lhg1l580g49vj1c647hqhn8g2coo?imageView2/2/w/120/format/jpg,0,,68a51a2300000000300062f0,1763797827636,0
68a520570000000030006433,1755652183000,,689b2986000000001c0370ea,还是老样子，我先把尘盒弄干净，在点基站集尘,5f5f6384000000000101dc31,炸天帮-不吃香菜,https://sns-avatar-qc.xhscdn.com/avatar/1040g2jo31knlhhcujq6g5nqvce20bn1h9hkrkrg?imageView2/2/w/120/format/jpg,0,,68a51e120000000030024a27,1763797827642,0
68a520da000000003002cbec,1755652314000,,689b2986000000001c0370ea,那这个黄色指示灯就是报错，那要找售后,5a0a4c43e8ac2b1cdc9cc751,岳阳｜华音钢琴培训工作室,https://sns-avatar-qc.xhscdn.com/avatar/1040g2jo31o4lhg1l580g49vj1c647hqhn8g2coo?imageView2/2/w/120/format/jpg,0,,68a520570000000030006433,1763797827655,0
68a520f50000000030030516,1755652341000,,689b2986000000001c0370ea,你退不退呀,5a0a4c43e8ac2b1cdc9cc751,岳阳｜华音钢琴培训工作室,https://sns-avatar-qc.xhscdn.com/avatar/1040g2jo31o4lhg1l580g49vj1c647hqhn8g2coo?imageView2/2/w/120/format/jpg,0,,68a520570000000030006433,1763797827685,0
68a53421000000003000a76f,1755657250000,,689b2986000000001c0370ea,不退啊，用着还行，集完就好了,5f5f6384000000000101dc31,炸天帮-不吃香菜,https://sns-avatar-qc.xhscdn.com/avatar/1040g2jo31knlhhcujq6g5nqvce20bn1h9hkrkrg?imageView2/2/w/120/format/jpg,0,,68a520f50000000030030516,1763797827706,0
689b41c5000000003001288e,1755005382000,,689b2986000000001c0370ea,进入app，就看到叫我集尘的信息，点了一下通知信息最左边，然后就给我自动集尘了,5f5f6384000000000101dc31,炸天帮-不吃香菜,https://sns-avatar-qc.xhscdn.com/avatar/1040g2jo31knlhhcujq6g5nqvce20bn1h9hkrkrg?imageView2/2/w/120/format/jpg,0,,689b3c80000000002301c0cf,1763797829714,1
689f29790000000030023412,1755261305000,,689b2986000000001c0370ea,您好，我也想问一下，我的是扫地两次了，一直不自动集尘，这个怎么设置,5e3931dc00000000010005c2,高大的机器猫,https://sns-avatar-qc.xhscdn.com/avatar/5e3931dc00000000010005c2.jpg?imageView2/2/w/120/format/jpg,0,,689b3c80000000002301c0cf,1763797829898,0
689f3bb3000000003000a742,1755265971000,,689b2986000000001c0370ea,你看看你的设置，集尘那里选的什么,5f5f6384000000000101dc31,炸天帮-不吃香菜,https://sns-avatar-qc.xhscdn.com/avatar/1040g2jo31knlhhcujq6g5nqvce20bn1h9hkrkrg?imageView2/2/w/120/format/jpg,0,,689f29790000000030023412,1763797829904,0
691e73f8000000000601b099,1763603448000,广西,689b2986000000001c0370ea,机器人啥也不干在基站时偶尔听到咚的提示音，是什么情况,625baf16000000000d0311bd,花花,https://sns-avatar-qc.xhscdn.com/avatar/1040g2jo31mvt0qfhks005oirlsb3e4dtflaim5o?imageView2/2/w/120/format/jpg,0,,689b3c80000000002301c0cf,1763797829910,0
68c43251000000000b01ebbf,1757688401000,,68c3a264000000001d03b97f,你试试白天建图[doge]或者把灯全打开,593c0fb05e87e776f9242f45,百万碎钞基,https://sns-avatar-qc.xhscdn.com/avatar/1040g2jo31l21qogd300049jmcl7r0bq5tcovl00?imageView2/2/w/120/format/jpg,1,,0,1763797834245,4
68ca64e2000000003001cb1f,1758094563000,,68c3a264000000001d03b97f,我家用了三周准备留下了，整体挺满意的，而且基站也不用自己收拾,68c4249c000000001902102a,TiAmo,https://sns-avatar-qc.xhscdn.com/avatar/1040g2jo31mgbrhk5m8005q644ie6c41agphsseo?imageView2/2/w/120/format/jpg,1,,0,1763797834247,2
68ca750f000000003002fef6,1758098704000,,68c3a264000000001d03b97f,这么看疆的售后服务确实很细致啊，比其他家的好太多了,689f05a8000000001900d87b,黑涛涛,https://sns-avatar-qc.xhscdn.com/avatar/1040g2jo31m0nqv8kli005q4v0mk69m3r0dnb25o?imageView2/2/w/120/format/jpg,0,,0,1763797834253,4
68dfd5640000000039023b3d,1759499620000,,68c3a264000000001d03b97f,什么，自动版也要自己清理水箱吗,619df120000000001000acfd,思语,https://sns-avatar-qc.xhscdn.com/avatar/619df120000000001000acfd.jpg?imageView2/2/w/120/format/jpg,1,,0,1763797834262,0
68c3e09d0000000002016bc9,1757667485000,,68c3a264000000001d03b97f,最新固件1.00.04，选清洁优先会不会好点,65863cb6000000001c024a37,拉老虎,https://sns-avatar-qc.xhscdn.com/avatar/1040g2jo31mrt9v6slm5g5pc67ir74ihnhggpgb8?imageView2/2/w/120/format/jpg,1,,0,1763797834265,0
68e2645b00000000380095ef,1759667292000,,68c3a264000000001d03b97f,为什么我没有专属顾问,5e47a59f0000000001003918,风雨同舟,https://sns-avatar-qc.xhscdn.com/avatar/1040g2jo31erti80p6e005ni7kmfg8e8ocetc548?imageView2/2/w/120/format/jpg,1,,0,1763797834270,0
68c4285a000000003001640b,1757685850000,,68c3a264000000001d03b97f,我家80㎡，建图就花了5分钟，你这个看起来像是传感器可能有问题，建议你用棉签擦擦摄像头和尘盒旁边那个传感器，重启之后一般都可以,68b27948000000001901f6a0,织毛衣的土拨鼠,https://sns-avatar-qc.xhscdn.com/avatar/1040g2jo31o1584u4ks6g5q5if546btl0ndh4ev0?imageView2/2/w/120/format/jpg,1,,0,1763797834276,4
68c45ebd0000000030020199,1757699774000,,68c3a264000000001d03b97f,没错没错，我就是白天建的图，但是就因为白天，把灯光需求忽略了，它的基站在走廊里，走廊里比较暗[笑哭R]前两天我把全屋灯都开了，建图就比较简单了,5d66583c000000000101a6b0,黑犬方,https://sns-avatar-qc.xhscdn.com/avatar/6159733c913587c1663b893a.jpg?imageView2/2/w/120/format/jpg,0,,68c43251000000000b01ebbf,1763797836286,4
68ce18bf000000003001c319,1758337216000,,68c3a264000000001d03b97f,还是要收拾的哈宝宝，定期给污水箱冲洗一下[害羞R],5d66583c000000000101a6b0,黑犬方,https://sns-avatar-qc.xhscdn.com/avatar/6159733c913587c1663b893a.jpg?imageView2/2/w/120/format/jpg,0,,68ca64e2000000003001cb1f,1763797836290,0
68e3da9c00000000330233ba,1759763101000,,68c3a264000000001d03b97f,是哒，上下水版还是要定期清理[萌萌哒R][萌萌哒R],5d66583c000000000101a6b0,黑犬方,https://sns-avatar-qc.xhscdn.com/avatar/6159733c913587c1663b893a.jpg?imageView2/2/w/120/format/jpg,0,,68dfd5640000000039023b3d,1763797836299,0
68c45ed100000000300249f5,1757699793000,,68c3a264000000001d03b97f,不知道捏，我明天去试试,5d66583c000000000101a6b0,黑犬方,https://sns-avatar-qc.xhscdn.com/avatar/6159733c913587c1663b893a.jpg?imageView2/2/w/120/format/jpg,0,,68c3e09d0000000002016bc9,1763797836302,0
68e3da72000000003300f43f,1759763059000,,68c3a264000000001d03b97f,有个二维码，要添加一下的，如果你需要，我可以问一下我的客服给你推他们的二维码,5d66583c000000000101a6b0,黑犬方,https://sns-avatar-qc.xhscdn.com/avatar/6159733c913587c1663b893a.jpg?imageView2/2/w/120/format/jpg,0,,68e2645b00000000380095ef,1763797836309,0
68ca3ac90000000030026be7,1758083786000,,68c3a264000000001d03b97f,是的，一般就是传感器或者灯光问题影响识别了,64313ac700000000290135e5,奶茶大王,https://sns-avatar-qc.xhscdn.com/avatar/1040g2jo31p550vd32o705p1h7b3qadf5fcslmv8?imageView2/2/w/120/format/jpg,0,,68c4285a000000003001640b,1763797836319,0
68955c1a000000002a008d2d,1754618906000,,68955b0200000000230270f1,用着怎么样，卷头发吗？,573676db50c4b46927e56324,长安悦夏一人食,https://sns-avatar-qc.xhscdn.com/avatar/1040g2jo31m0mvebnkq7048br8nrdmop4g64tiao?imageView2/2/w/120/format/jpg,3,,0,1763797838635,0
68955cc7000000002b00415f,1754619079000,,68955b0200000000230270f1,目前就是感觉爬坡能力比较弱 后面联系客服送了一个辅助斜坡,5f3156630000000001007696,ㅤㅤ,https://sns-avatar-qc.xhscdn.com/avatar/be4e54a984a21be925a215a08fb36c8b.jpg?imageView2/2/w/120/format/jpg,0,,68955c1a000000002a008d2d,1763797840678,0
689611e5000000002a003d12,1754665445000,,68955b0200000000230270f1,啊？为啥我没有送,5e8bcdf60000000001003791,一枚酒窝小阿姨,https://sns-avatar-qc.xhscdn.com/avatar/1040g2jo31okofbv3kq005nkbpnr08dsh8drreu8?imageView2/2/w/120/format/jpg,0,,68955cc7000000002b00415f,1763797840890,0
68961de2000000002b0221a7,1754668514000,,68955b0200000000230270f1,和客服说爬坡太弱之后 说登记可以送一个,5f3156630000000001007696,ㅤㅤ,https://sns-avatar-qc.xhscdn.com/avatar/be4e54a984a21be925a215a08fb36c8b.jpg?imageView2/2/w/120/format/jpg,0,,689611e5000000002a003d12,1763797840899,0
68defd5500000000390259ea,1759444309000,,68954b33000000000403db05,我刚买的科沃斯第一次直接先扫后拖就挺干净，路过避障能力和建图就有点智障,63aa60d80000000027035067,Ryan,https://sns-avatar-qc.xhscdn.com/avatar/1040g2jo315fn9q7dgk6g5otac3c9uk37o3qmhhg?imageView2/2/w/120/format/jpg,0,,0,1763797845219,0
6895a258000000002b015157,1754636889000,,68954b33000000000403db05,我的很好用,5e85f7dd0000000001002c79,小红薯5C9B3C72,https://sns-avatar-qc.xhscdn.com/avatar/645b7e78731e07eb8ca3d81b.jpg?imageView2/2/w/120/format/jpg,0,,0,1763797845221,0
68955086000000002b019f49,1754615943000,,68954b33000000000403db05,我试试我的[笑哭R],5f4e3e8a000000000101cb5f,「伍佰年前……o_O︴」,https://sns-avatar-qc.xhscdn.com/avatar/61c2e447817a745f6a2dbb78.jpg?imageView2/2/w/120/format/jpg,3,http://sns-webpic-qc.xhscdn.com/202511221550/254718787daaf2e72552c1c417329c8e/comment/1040g2h031ktgacj42u605nqe7q50biqvgaqu53g!nd_whgt34_webp_wm_1,0,1763797845230,6
68955d720000000029037fd8,1754619250000,,68954b33000000000403db05,这个版本应该更好！,5aaf9e0511be101fb10f5497,湖南职海灯塔,https://sns-avatar-qc.xhscdn.com/avatar/1040g2jo31irtvcas146g4a3niif0al4nlaeg0rg?imageView2/2/w/120/format/jpg,0,,68955086000000002b019f49,1763797847236,0
68ef718f00000000380056c3,1760522639000,,68954b33000000000403db05,好用干净吗？,5e47a59f0000000001003918,风雨同舟,https://sns-avatar-qc.xhscdn.com/avatar/1040g2jo31erti80p6e005ni7kmfg8e8ocetc548?imageView2/2/w/120/format/jpg,0,,68955086000000002b019f49,1763797847431,0
6895d102000000002b00720b,1754648835000,,68954b33000000000403db05,不知道好不好，但是我家猫对它比对石头感兴趣[偷笑R],5f4e3e8a000000000101cb5f,「伍佰年前……o_O︴」,https://sns-avatar-qc.xhscdn.com/avatar/61c2e447817a745f6a2dbb78.jpg?imageView2/2/w/120/format/jpg,0,http://sns-webpic-qc.xhscdn.com/202511221550/dfac5b63eb7c6c56469ec3505c10ea58/comment/1040g2h031ktvet0n30605nqe7q50biqvqvlr308!nd_whgt34_webp_wm_1,68955d720000000029037fd8,1763797847434,0
66da5e1f000000000d01e5f0,1725586976000,,64e3229b000000000103d152,自动集尘的是不需要手动倒垃圾吗？基站需要提前预留位置吗？,5a9f5936e8ac2b20d5aaf43d,柯。,https://sns-avatar-qc.xhscdn.com/avatar/5b43776c14de414e3d3473c9.jpg?imageView2/2/w/120/format/jpg,1,,0,1763797899454,0
66da586f000000001203eddf,1725585519000,,64e3229b000000000103d152,我觉得扫地机器人一定要好清理尼，不然真的很麻烦,5fa946bf00000000010075c6,Biubiu,https://sns-avatar-qc.xhscdn.com/avatar/1040g2jo31aoea83knc0g5nt98qvg8te6594vgp0?imageView2/2/w/120/format/jpg,1,,0,1763797899457,0
66d9389f000000001503bb9b,1725511840000,,64e3229b000000000103d152,又要带孩子，又要做家务，真的忙不过来，还是有个扫地机器人方便一点[哭惹R],5aa60bf74eacab4a8b2c878a,欧欧,https://sns-avatar-qc.xhscdn.com/avatar/6672af4eb60d8bbbc852b8c1.jpg?imageView2/2/w/120/format/jpg,1,,0,1763797899459,0
66d92c5d000000001601180a,1725508701000,,64e3229b000000000103d152,现在市场上扫地机器人真的太多了，都不知道怎么挑选了呢,650636420000000017022b4e,有钱花了,https://sns-avatar-qc.xhscdn.com/avatar/1040g2jo315bbic5kgu6g5p866p15saqelv6oamo?imageView2/2/w/120/format/jpg,1,,0,1763797899465,0
66d92b27000000000f00c84e,1725508392000,,64e3229b000000000103d152,购买扫地机器人一定要根据家里面的实际情况 尽量去选择一个质量好一些的呀,63c57ebe0000000026007542,落千,https://sns-avatar-qc.xhscdn.com/avatar/63c57ebe0000000026007542.jpg?imageView2/2/w/120/format/jpg,1,,0,1763797899471,0
66da64640000000015038c16,1725588580000,,64e3229b000000000103d152,我最近也想买一个扫地机器人，每天下班根本没有精力打扫卫生,5fb3dd2e000000000101d7de,诗与舟舟,https://sns-avatar-qc.xhscdn.com/avatar/1040g2jo3121mv1ob3m6g5ntjrkn0bluutpakefo?imageView2/2/w/120/format/jpg,0,,0,1763797899474,0
66da5ee10000000012027c24,1725587170000,,64e3229b000000000103d152,我家养了一只毛孩子，加上我也是长头发容易掉，有防缠绕功能的扫地机是我的首选啊[萌萌哒R],660556ce000000000b032b03,到饭点了,https://sns-avatar-qc.xhscdn.com/avatar/1040g2jo31452jocsho5g5pg5ar72uao3ppclvag?imageView2/2/w/120/format/jpg,0,,0,1763797899481,0
66da5ab600000000040326e0,1725586102000,,64e3229b000000000103d152,哪款扫地机器人的续航量高一点呀？充一次电可以用的久一点。,668e8b290000000003031a08,快乐薯饼,https://sns-avatar-qc.xhscdn.com/avatar/66c2a462239fb0f0db0e1d66.jpg?imageView2/2/w/120/format/jpg,0,,0,1763797899499,0
66da5558000000002002770e,1725584729000,,64e3229b000000000103d152,不知道扫地机器人的耗电量大不大呀，最近也想入手一个了呢,63c57ebe0000000026007542,落千,https://sns-avatar-qc.xhscdn.com/avatar/63c57ebe0000000026007542.jpg?imageView2/2/w/120/format/jpg,0,,0,1763797899510,0
66da5543000000000d01da3e,1725584707000,,64e3229b000000000103d152,哪款用着声音小，清洁能力比较强呀？家里的声音太大了,5ff9711a000000000101c152,浅墨淡香,https://sns-avatar-qc.xhscdn.com/avatar/1040g2jo314ncj0c87u605nvpe4d0bgai9lb9djg?imageView2/2/w/120/format/jpg,0,,0,1763797899519,1
66da61290000000002004e6c,1725587753000,,64e3229b000000000103d152,可以问问客服,5cbb2e5e000000001203e7cc,用户已注销,https://sns-avatar-qc.xhscdn.com/avatar/645b6b2504c28aa15eab1dac.jpg?imageView2/2/w/120/format/jpg,0,,66da5e1f000000000d01e5f0,1763797901532,0
66da58a400000000160106bb,1725585572000,,64e3229b000000000103d152,一定要好清理,65c0cd50000000000903c516,用户已注销,https://sns-avatar-qc.xhscdn.com/avatar/645b806f731e07eb8ca3d845.jpg?imageView2/2/w/120/format/jpg,0,,66da586f000000001203eddf,1763797901535,0
66da5f05000000001202fa42,1725587206000,,64e3229b000000000103d152,也是能省好大事儿了,660556ce000000000b032b03,到饭点了,https://sns-avatar-qc.xhscdn.com/avatar/1040g2jo31452jocsho5g5pg5ar72uao3ppclvag?imageView2/2/w/120/format/jpg,0,,66d9389f000000001503bb9b,1763797901544,0
66da5559000000000d00ee48,1725584729000,,64e3229b000000000103d152,确实蛮难选的,5ff9711a000000000101c152,浅墨淡香,https://sns-avatar-qc.xhscdn.com/avatar/1040g2jo314ncj0c87u605nvpe4d0bgai9lb9djg?imageView2/2/w/120/format/jpg,0,,66d92c5d000000001601180a,1763797901549,0
66da57af000000000f0053f6,1725585327000,,64e3229b000000000103d152,这是必须的,648a6a0f000000001001e191,小芈月,https://sns-avatar-qc.xhscdn.com/avatar/1040g2jo3118j1pp36c005p4ad87k3ochv7gdbkg?imageView2/2/w/120/format/jpg,0,,66d92b27000000000f00c84e,1763797901559,0
66d9313900000000160108d8,1725509946000,,64e3229b000000000103d152,哪款性价比会更高一些？工作的时候噪音也更小呀,660ff06c000000000b0337b1,夏芮,https://sns-avatar-qc.xhscdn.com/avatar/1040g2jo31179gmi2mi6g5pgfu1m2udtha88lndo?imageView2/2/w/120/format/jpg,0,,0,1763797901824,0
66d92a17000000001202646a,1725508119000,,64e3229b000000000103d152,一直不知道怎么选择扫地机器人，这几款哪款性价比更高啊,5c9f7e220000000016038c26,原来是焖饼啊,https://sns-avatar-qc.xhscdn.com/avatar/1040g2jo30ud91sn7lc005n4vfoh5n316uaarf6o?imageView2/2/w/120/format/jpg,0,,0,1763797901827,0
66da99610000000015038263,1725602145000,,64e3229b000000000103d152,我打算给家里老人买扫地机器人 哪款相对来说操作简单点呢,64806d82000000001001e24f,小噗快乐每一天,https://sns-avatar-qc.xhscdn.com/avatar/1040g2jo312dn6nbdm2005p40dm143oifuv0uvn0?imageView2/2/w/120/format/jpg,0,,0,1763797901833,0
66da5d1a000000000c015902,1725586715000,,64e3229b000000000103d152,作为懒人的我，这个给我提供了好多信息，我可以抄作业了。,5cbb2e5e000000001203e7cc,用户已注销,https://sns-avatar-qc.xhscdn.com/avatar/645b6b2504c28aa15eab1dac.jpg?imageView2/2/w/120/format/jpg,0,,0,1763797901841,0
66da588b0000000015039c4b,1725585547000,,64e3229b000000000103d152,扫地机器人是充电的还是装电池的呀，好用吗,65c0cd50000000000903c516,用户已注销,https://sns-avatar-qc.xhscdn.com/avatar/645b806f731e07eb8ca3d845.jpg?imageView2/2/w/120/format/jpg,1,,0,1763797901849,0
66da57aa000000000d01f399,1725585323000,,64e3229b000000000103d152,现在的品牌真的太多了呢，都不知道怎么选择了,648a6a0f000000001001e191,小芈月,https://sns-avatar-qc.xhscdn.com/avatar/1040g2jo3118j1pp36c005p4ad87k3ochv7gdbkg?imageView2/2/w/120/format/jpg,0,,0,1763797901857,0
66d938f8000000000c017808,1725511929000,,64e3229b000000000103d152,没有更便宜点的吗？我看最低的也是3000多一点，真的好贵呀,651ec4d20000000002010a1f,用户已注销,https://sns-avatar-qc.xhscdn.com/avatar/645b7efe1fc3de4c930effac.jpg?imageView2/2/w/120/format/jpg,0,,0,1763797901863,0
66d937af000000001203c36a,1725511600000,,64e3229b000000000103d152,扫地机器人好用吗？家里没有买过呀，感觉不便宜,65c0cd50000000000903c516,用户已注销,https://sns-avatar-qc.xhscdn.com/avatar/645b806f731e07eb8ca3d845.jpg?imageView2/2/w/120/format/jpg,0,,0,1763797901869,0
66d92ec90000000015038ea0,1725509322000,,64e3229b000000000103d152,我家也想选一个洗地机，感觉有一个很方便，这个清洁的干净吗,63d9d2760000000027036d2e,哇啦哇啦,https://sns-avatar-qc.xhscdn.com/avatar/cd255d0e201935e0d852bd371f18c198.jpg?imageView2/2/w/120/format/jpg,1,,0,1763797901873,0
66da59b6000000000c014705,1725585846000,,64e3229b000000000103d152,都是充电的,5eb514ec0000000001000d47,小红薯68CC9A59,https://sns-avatar-qc.xhscdn.com/avatar/645b7c0d1d74d41345e61461.jpg?imageView2/2/w/120/format/jpg,0,,66da588b0000000015039c4b,1763797903890,0
66d939020000000002006308,1725511938000,,64e3229b000000000103d152,应该挺方便的,651ec4d20000000002010a1f,用户已注销,https://sns-avatar-qc.xhscdn.com/avatar/645b7efe1fc3de4c930effac.jpg?imageView2/2/w/120/format/jpg,0,,66d92ec90000000015038ea0,1763797903893,0
66ac5afb0000000015008da4,1722571516000,,667aaf49000000001c02567f,在中国当消费者 太累[捂脸R],5482d63ee779891842b64b3d,桂花 Mind+ 心理支持站,https://sns-avatar-qc.xhscdn.com/avatar/1040g2jo31l2vr8gckk00400q9qb3siptlkkdk28?imageView2/2/w/120/format/jpg,21,,0,1763797906273,516
66bd7a590000000012027772,1723693657000,,667aaf49000000001c02567f,"科沃斯售后超级垃圾，千万不要买，一个产品连售后都处理不好，做一次性服务有什么用，垃圾！！！谁买谁后悔,不要给自己找麻烦，就不要买科沃斯！！！
	
",5b91596211be10562c4d7ed9,Annayan,https://sns-avatar-qc.xhscdn.com/avatar/637b866f2ac5e20941731672.jpg?imageView2/2/w/120/format/jpg,35,,0,1763797906278,170
66dac586000000001203f330,1725613446000,,667aaf49000000001c02567f,每家都有被说售后垃圾[笑哭R]还是不知道咋选,59703ce082ec393611453347,从前有座山,https://sns-avatar-qc.xhscdn.com/avatar/629226bd7b566d659ff1fa50.jpg?imageView2/2/w/120/format/jpg,17,,0,1763797906284,167
66b39148000000001303c3c9,1723044168000,,667aaf49000000001c02567f,千万别买追觅 很垃圾 x40proultra超薄版，顶配，1天就坏!!!而且售后非常艰辛!!!大家千万避雷,55fd194db7ba226154bfb263,善良momo,https://sns-avatar-qc.xhscdn.com/avatar/1040g2jo319hl5u4f6q6g416f27ckrcj38di97e8?imageView2/2/w/120/format/jpg,30,,0,1763797906291,128
67130cd9000000002702772e,1729301721000,,667aaf49000000001c02567f,像老师在上面侃侃而谈，我在下面云里雾里[笑哭R],5b6481604eacab08e394bdea,招财猫,https://sns-avatar-qc.xhscdn.com/avatar/1040g2jo31cctdtrth0704a8vnc0m1ffafdit588?imageView2/2/w/120/format/jpg,4,,0,1763797906295,179
673ec109000000000702004a,1732165897000,,667aaf49000000001c02567f,有买云鲸的吗 咋样啊,5a8418e411be1019e878af7d,:),https://sns-avatar-qc.xhscdn.com/avatar/5d16ef9771ad6a00019e3ceb.jpg?imageView2/2/w/120/format/jpg,22,,0,1763797906303,4
675d2efb000000001102ea6a,1734160124000,,667aaf49000000001c02567f,双12在J5和T50之间犹豫了三天，发现这两款无论在京东和天猫的评论和问大家里面好坏掺半。害得我纠结了3天。后来意识到现在让我看到的都是商家和商家的同行让我看到的，我屏蔽外界干扰，参考这些，还不如根据我自己已经买的机器对比，我最后买了T50，现在还没有收到。等后面更新。我觉得看小红书，看天猫京东评论和问大家只会造成我自己的内耗，浪费时间！,5e017fa90000000001009e70,Jane,https://sns-avatar-qc.xhscdn.com/avatar/6467914a41bdee136e909fb9.jpg?imageView2/2/w/120/format/jpg,8,,0,1763797906309,3
6765270b000000001102cf9b,1734682380000,,667aaf49000000001c02567f,科沃斯扫地机器人很不好用,5b0946056b58b73a9ac74c24,gffhjcc,https://sns-avatar-qc.xhscdn.com/avatar/1040g2jo30o4hskh8246g4a5m4i30aj143f5jllo?imageView2/2/w/120/format/jpg,5,,0,1763797906312,4
6755b4590000000007000a24,1733669977000,,667aaf49000000001c02567f,我感觉听完还是自己拖地扫地吧,5ded012900000000010021fa,Rita,https://sns-avatar-qc.xhscdn.com/avatar/641fdce0257af9e276b39569.jpg?imageView2/2/w/120/format/jpg,0,,0,1763797906319,9
67321af8000000001b037328,1731336953000,,667aaf49000000001c02567f,直接说选哪个吧，说的这么多听不懂,5dbf9c8800000000010002d8,拥有未来,https://sns-avatar-qc.xhscdn.com/avatar/5dbf9c8800000000010002d8.jpg?imageView2/2/w/120/format/jpg,0,,0,1763797906326,7
66e3f67b000000001701b7b0,1726215803000,,667aaf49000000001c02567f,主要是这些牌子功能都没有一下子到位，跟手机一样，慢慢的添加好捞钱,5a8310d511be10757ef23653,九瑜瑜儿,https://sns-avatar-qc.xhscdn.com/avatar/1040g2jo30oth4lk7k4604a1erq8dadijmgc9r5g?imageView2/2/w/120/format/jpg,0,,66ac5afb0000000015008da4,1763797908332,150
66c2a7370000000020024c42,1724032823000,,667aaf49000000001c02567f,哈哈 是的 什么都要自己搞懂 去医院也这样 不自己做点功课 去年就差点被手术了[笑哭R],5a4e1054e8ac2b778fa178bc,wing,https://sns-avatar-qc.xhscdn.com/avatar/640f2134f2aadfb42d414add.jpg?imageView2/2/w/120/format/jpg,0,,66ac5afb0000000015008da4,1763797908529,76
66de59f900000000020075b2,1725848057000,,667aaf49000000001c02567f,是真的，要自己去做攻略，各种避雷，各种坑[捂脸R],5c289c3b000000000700ddd8,一西,https://sns-avatar-qc.xhscdn.com/avatar/1040g2jo31ojo91lfg6005n18jgthpneoe66l9jo?imageView2/2/w/120/format/jpg,0,,66ac5afb0000000015008da4,1763797908531,45
670cff010000000020023fad,1728904962000,,667aaf49000000001c02567f,是的活到这么大也挺厉害，连一只10块不到小药膏也有一堆的广[笑哭R],6708d650000000001d023791,nii_i,https://sns-avatar-qc.xhscdn.com/avatar/1040g2jo31mcbir5o6g005po8qp87cdshh42cjb8?imageView2/2/w/120/format/jpg,0,,66ac5afb0000000015008da4,1763797908541,17
670d689e000000000e034c60,1728931999000,,667aaf49000000001c02567f,主要是评论区都有广  有时候很难分辨出来,554f0fa9b203d916a68d9b40,财神爷的小宠儿,https://sns-avatar-qc.xhscdn.com/avatar/1040g2jo30p0ofsppjq0040jatr7qj6q0ljnn910?imageView2/2/w/120/format/jpg,0,,670cff010000000020023fad,1763797908545,9
67167bcd000000002a02ef48,1729526734000,,667aaf49000000001c02567f,营销太严重了，还有商家互相刷差评，一群大人夸大购物体验，真的太难了。我现在买东西完全靠从朋友和自己总结，不再相信这些博主的推荐了。我现在已经失去辨别的能力了[笑哭R][笑哭R],5e017fa90000000001009e70,Jane,https://sns-avatar-qc.xhscdn.com/avatar/6467914a41bdee136e909fb9.jpg?imageView2/2/w/120/format/jpg,0,,66ac5afb0000000015008da4,1763797908559,18
6718fc7d000000001702c997,1729690750000,,667aaf49000000001c02567f,哈哈哈,5664f99c0cdc2b183eb14b40,煊煊在装修,https://sns-avatar-qc.xhscdn.com/avatar/1040g2jo31981iv35ku0043or7gspoiq0r7hg2s0?imageView2/2/w/120/format/jpg,0,,66c2a7370000000020024c42,1763797910753,0
6719210e000000001b004ba3,1729700110000,,667aaf49000000001c02567f,是啊，太累了,5b0311e1e8ac2b1d29c5d60e,Tipsy😏,https://sns-avatar-qc.xhscdn.com/avatar/1040g2jo318qf184pkc004a5hgo8u3lget2smg70?imageView2/2/w/120/format/jpg,0,,66ac5afb0000000015008da4,1763797910756,2
67270b38000000001b027602,1730612025000,,667aaf49000000001c02567f,主要是品牌太多 都很先进[点赞R][大笑R],5deb532a00000000010068aa,影子,https://sns-avatar-qc.xhscdn.com/avatar/2b4cefbb01e0a0824f5c173dde7f98b2.jpg?imageView2/2/w/120/format/jpg,0,,66ac5afb0000000015008da4,1763797910763,0
6730a9d0000000001a0262eb,1731242448000,,667aaf49000000001c02567f,@c。,5a6c90a64eacab4a9afc9272,🎈翾,https://sns-avatar-qc.xhscdn.com/avatar/1040g2jo318c1djudgo0g4a146u8ad4jin5gaaig?imageView2/2/w/120/format/jpg,0,,66ac5afb0000000015008da4,1763797910774,0
673c73a80000000002007801,1732015016000,,667aaf49000000001c02567f,好想就说哪个好，听也听不懂，也不想听，像听课一样[笑哭R][偷笑R],5a4b9cdbe8ac2b6f88169296,小红薯_2520,https://sns-avatar-qc.xhscdn.com/avatar/1040g2jo31lcerm3ll86g4a0ki5edn4km87e0da8?imageView2/2/w/120/format/jpg,0,,66ac5afb0000000015008da4,1763797910783,1
674d088a000000000c013144,1733101706000,,667aaf49000000001c02567f,你使用就知道，宣传片都拍的很高科技，事实上边边角角该扫不干净还是不干净，拖地都差不多，该缠头发都缠头发，这些都差不多，区别就是谁的维修率高，你的忍受值是多少，返修的时间多少天，这些才是真正使用机器人后需要真正对比的。我用了好几台了，都是高配，但事实上相差不大,5e017fa90000000001009e70,Jane,https://sns-avatar-qc.xhscdn.com/avatar/6467914a41bdee136e909fb9.jpg?imageView2/2/w/120/format/jpg,0,,67270b38000000001b027602,1763797912972,3
6762b93e000000001200d922,1734523198000,,667aaf49000000001c02567f,真的是，买什么都需要花大量时间研究,565a4f9ee00dd8269d96c4d8,旭,https://sns-avatar-qc.xhscdn.com/avatar/6412b1dea41e0aa3a66e2a1f.jpg?imageView2/2/w/120/format/jpg,0,,66ac5afb0000000015008da4,1763797912977,0
676fc85b00000000120090bb,1735379036000,,667aaf49000000001c02567f,那推荐一下 准备买 家里有猫[玫瑰R],5deb532a00000000010068aa,影子,https://sns-avatar-qc.xhscdn.com/avatar/2b4cefbb01e0a0824f5c173dde7f98b2.jpg?imageView2/2/w/120/format/jpg,0,,674d088a000000000c013144,1763797912982,0
6791ffff000000000a03557b,1737621504000,,667aaf49000000001c02567f,目前从石头换成科沃斯X8，清理麻烦，目前科技还没有研发出来扫地和拖地让人满意的机器人，这是我的感受,5e017fa90000000001009e70,Jane,https://sns-avatar-qc.xhscdn.com/avatar/6467914a41bdee136e909fb9.jpg?imageView2/2/w/120/format/jpg,0,,676fc85b00000000120090bb,1763797912990,0
67a8350700000000160338db,1739076872000,,667aaf49000000001c02567f,能两年不维修一次的机器是我的第一选择，我前面买的机器人都是顶多半年就坏了，修修又能用，最后打包烦了，直接扔了，到现在我还是想买又不敢买，看着都返修率太高,59f7d8d4e8ac2b537df09660,计白当黑,https://sns-avatar-qc.xhscdn.com/avatar/59f7d8d6b46c5d256b0dcb61.jpg?imageView2/2/w/120/format/jpg,0,,674d088a000000000c013144,1763797913001,0
67b015bc0000000019011a4d,1739593148000,,667aaf49000000001c02567f,确实,5aa74950e8ac2b440cca16e8,小红薯5D441868,https://sns-avatar-qc.xhscdn.com/avatar/1040g2jo31btbeu9h10004a3ado4l05n8bkr36cg?imageView2/2/w/120/format/jpg,0,,66ac5afb0000000015008da4,1763797915225,0
67c85e3d0000000017028e44,1741184574000,,667aaf49000000001c02567f,更新一下，买的自动上下水的科沃斯X8年前基站地盘有水，然后寄回10天修好了，这10天我又用回戴森加很多年前的360（已停产），外加人工拖地。宠物家庭每天都要清洁，一天不敢懈怠，否则你会发现到处都是毛毛。目前科沃斯T50使用了三个月，目前还没有坏。石头G20和科沃斯X8体验都不好。,5e017fa90000000001009e70,Jane,https://sns-avatar-qc.xhscdn.com/avatar/6467914a41bdee136e909fb9.jpg?imageView2/2/w/120/format/jpg,0,,67a8350700000000160338db,1763797915243,1
6815cc3f0000000003034b29,1746259007000,,667aaf49000000001c02567f,赞同[飞吻R][飞吻R],5c397b0e000000000700636c,乐乐,https://sns-avatar-qc.xhscdn.com/avatar/1040g2jo31gkaskk23u605n1pfc71oorcip1nb18?imageView2/2/w/120/format/jpg,0,,66e3f67b000000001701b7b0,1763797915251,0
6815cc4f000000000802795b,1746259024000,,667aaf49000000001c02567f,[笑哭R][偷笑R],5c397b0e000000000700636c,乐乐,https://sns-avatar-qc.xhscdn.com/avatar/1040g2jo31gkaskk23u605n1pfc71oorcip1nb18?imageView2/2/w/120/format/jpg,0,,66e3f67b000000001701b7b0,1763797915253,0
67fa98de000000001202380f,1744476382000,,667aaf49000000001c02567f,再次更新，科沃斯X8基站和机器需要清洁的地方很多，必须每周都要全部清洁一遍，目前还没坏。T50非自动上下水目前使用正常。但是T50我是应在楼上，宠物一般不上去，我一周才用一次清洁。目前为止，而楼下用的是X8是每天扫拖一次,5e017fa90000000001009e70,Jane,https://sns-avatar-qc.xhscdn.com/avatar/6467914a41bdee136e909fb9.jpg?imageView2/2/w/120/format/jpg,0,,67c85e3d0000000017028e44,1763797915259,0
66bed7a7000000000f00c5ad,1723783079000,,667aaf49000000001c02567f,确实很垃圾，快一年了，说是修好了打电话，一直没打,566126f7589de3285d2e8c76,五觉领美或金领美,https://sns-avatar-qc.xhscdn.com/avatar/618cd517305e50749b84080e.jpg?imageView2/2/w/120/format/jpg,0,,66bd7a590000000012027772,1763797917271,9
66c34c35000000000a016418,1724075062000,,667aaf49000000001c02567f,科沃斯垃圾用一段就不能充电，没售后！,5ee5ac43000000000101fc7a,宁德吉米美术,https://sns-avatar-qc.xhscdn.com/avatar/61cb1527fe104e7970e9611a.jpg?imageView2/2/w/120/format/jpg,0,,66bd7a590000000012027772,1763797917466,7
66cfd34f000000000f007585,1724896080000,,667aaf49000000001c02567f,同感售后不好,656b183600000000190120d3,夏可可coco🦁,https://sns-avatar-qc.xhscdn.com/avatar/645b7f8f2a34639eb26eb1cd.jpg?imageView2/2/w/120/format/jpg,0,,66bd7a590000000012027772,1763797917472,3
66e0e3a90000000016012dfa,1726014377000,,667aaf49000000001c02567f,科沃斯售后真的是垃圾，谁买谁后悔的，我现在是在坑里,55d47d9e62a60c4cd6c768f7,nancy zhang,https://sns-avatar-qc.xhscdn.com/avatar/1040g2jo3183hvkppju004146a9upsq7n63uq1o8?imageView2/2/w/120/format/jpg,0,,66bd7a590000000012027772,1763797917479,8
66e4f3d40000000020025795,1726280661000,,667aaf49000000001c02567f,同感 [哭惹R],5bc428a956702e0001f2fe1d,香香,https://sns-avatar-qc.xhscdn.com/avatar/1040g2jo31flbacg37i004bfb7tkajvgtv923ia8?imageView2/2/w/120/format/jpg,0,,66bd7a590000000012027772,1763797917481,2
66e97751000000002400af5d,1726576465000,,667aaf49000000001c02567f,@锡城高老头,60803ec10000000001000485,会画画的花花,https://sns-avatar-qc.xhscdn.com/avatar/1040g2jo318vrh4sr3u005o407r0g8145v2uf0i0?imageView2/2/w/120/format/jpg,0,,66bd7a590000000012027772,1763797917498,0
67030795000000002400a6c0,1728251797000,,667aaf49000000001c02567f,确实，售后跟一坨屎一样,666109e80000000007007fe5,那就坐好,https://sns-avatar-qc.xhscdn.com/avatar/1040g2jo3176nd02c46005pj117k1ovv59vgrgl8?imageView2/2/w/120/format/jpg,0,,66bd7a590000000012027772,1763797919813,1
67039ba6000000000c016a8f,1728289702000,,667aaf49000000001c02567f,同意，我家科沃斯快把我整疯了,5aa00cbf11be107a04af5045,张瑞瑞吖🦋（养成版）,https://sns-avatar-qc.xhscdn.com/avatar/1040g2jo31o99t0594q004a36406buk25itu7ueg?imageView2/2/w/120/format/jpg,0,,66bd7a590000000012027772,1763797919821,2
670e384a0000000027022c64,1728985163000,,667aaf49000000001c02567f,同感,63c34c1400000000260055e6,路易斯louissss,https://sns-avatar-qc.xhscdn.com/avatar/1040g2jo31neaaqiomm005ou39ga9glf6kajdcjo?imageView2/2/w/120/format/jpg,0,,66e0e3a90000000016012dfa,1763797919827,0
670e3857000000002002061a,1728985176000,,667aaf49000000001c02567f,太真实了 售后一坨,63c34c1400000000260055e6,路易斯louissss,https://sns-avatar-qc.xhscdn.com/avatar/1040g2jo31neaaqiomm005ou39ga9glf6kajdcjo?imageView2/2/w/120/format/jpg,0,,66c34c35000000000a016418,1763797919830,1
67151559000000002a028aa8,1729434969000,,667aaf49000000001c02567f,对，售后垃圾不得了,566b5ccbe4251d63c849a5d7,CC,https://sns-avatar-qc.xhscdn.com/avatar/5cea6243c13a590001601ecd.jpg?imageView2/2/w/120/format/jpg,0,,66bd7a590000000012027772,1763797919843,0
671744140000000020024ebf,1729578005000,,667aaf49000000001c02567f,我也是 科沃斯把我整疯,574b16335e87e7771aed2e45,我爱派大星,https://sns-avatar-qc.xhscdn.com/avatar/2b4cefbb01e0a0824f5c173dde7f98b2.jpg?imageView2/2/w/120/format/jpg,0,,67039ba6000000000c016a8f,1763797922057,0
6719ba89000000001b00621a,1729739401000,,667aaf49000000001c02567f,避坑了，谢谢,58f888995e87e72359b53308,萍水相逢,https://sns-avatar-qc.xhscdn.com/avatar/58f888995e87e72359b53308.jpg?imageView2/2/w/120/format/jpg,0,,66bd7a590000000012027772,1763797922068,0
6722e76a000000001b0261d3,1730340715000,,667aaf49000000001c02567f,[害羞R],5c068ba06b58b72525329b72,Zoeeeeeee,https://sns-avatar-qc.xhscdn.com/avatar/5e369a746a36ba0001bd5011.jpg?imageView2/2/w/120/format/jpg,0,,66bd7a590000000012027772,1763797922076,0
6723038c000000001b034069,1730347917000,,667aaf49000000001c02567f,石头也垃圾！！！！！！！！！,651d217c0000000024016086,小红薯686DD252,https://sns-avatar-qc.xhscdn.com/avatar/645b65431e7abf18da7d1266.jpg?imageView2/2/w/120/format/jpg,0,,66bd7a590000000012027772,1763797922079,0
67287444000000001a0330bb,1730704452000,,667aaf49000000001c02567f,你说的对,56c723b6aed75836fab233b9,礼拜七,https://sns-avatar-qc.xhscdn.com/avatar/1040g2jo31545nbdh0q6g45nhvkhrcctponv4juo?imageView2/2/w/120/format/jpg,0,,66bd7a590000000012027772,1763797922085,0
674b283f000000000700410c,1732978752000,,667aaf49000000001c02567f,科沃斯我2020买的还用呢,59b2e5f35e87e776c4549367,momo,https://sns-avatar-qc.xhscdn.com/avatar/64f2a5bcf76a8635bb4c3b78.jpg?imageView2/2/w/120/format/jpg,0,,66bd7a590000000012027772,1763797924302,0
674ddb00000000000c024620,1733155585000,,667aaf49000000001c02567f,赞同，售后外包，跟没有一样,5a37388e4eacab1df9229198,宇宙无敌的孔孔,https://sns-avatar-qc.xhscdn.com/avatar/1040g2jo31a38tppung004a0bgos8t4co08jbseg?imageView2/2/w/120/format/jpg,0,,66bd7a590000000012027772,1763797924308,0
675f73050000000012009003,1734308614000,,667aaf49000000001c02567f,科沃斯我真服了，买过三个，最后一个真的毛病太多了，售后也不行,5abb27dbe8ac2b7953468584,油炸逗儿,https://sns-avatar-qc.xhscdn.com/avatar/1040g2jo31m8cniejli004a40m8jtn1c4bv9q3v0?imageView2/2/w/120/format/jpg,0,,66bd7a590000000012027772,1763797924314,0
677124cd000000001102c65e,1735468237000,,667aaf49000000001c02567f,太垃圾了 直接不处理 已经凉了我几个月了,6700e86e000000000901d1bb,静奢荟,https://sns-avatar-qc.xhscdn.com/avatar/671a0653930b300001957fdb.jpg?imageView2/2/w/120/format/jpg,0,,66bd7a590000000012027772,1763797924319,0
677292390000000011000c28,1735561786000,,667aaf49000000001c02567f,我也一样,5c2199d6000000000503f2eb,欣儿,https://sns-avatar-qc.xhscdn.com/avatar/603a041e2b310eab03ce50ee.jpg?imageView2/2/w/120/format/jpg,0,,67039ba6000000000c016a8f,1763797924332,0
677f818000000000210303b7,1736409472000,,667aaf49000000001c02567f,赞同,565dad860bf90c4117ed6295,梅丽0624,https://sns-avatar-qc.xhscdn.com/avatar/5c7b227035ad080001f80e65.jpg?imageView2/2/w/120/format/jpg,0,,66bd7a590000000012027772,1763797926573,0
679dd5cd000000000a01bda3,1738397134000,,667aaf49000000001c02567f,我刚才买了科奥斯上下水版科沃斯X8 PRO PLUS AI滚筒活水洗地机器人，我是退了吗[笑哭R][笑哭R][笑哭R],6231cb84000000001000b907,Euphoria🐒,https://sns-avatar-qc.xhscdn.com/avatar/6231cb84000000001000b907.jpg?imageView2/2/w/120/format/jpg,0,,66bd7a590000000012027772,1763797926576,0
67bdd2a900000000160115d9,1740493481000,,667aaf49000000001c02567f,深有同感,5a96b3f2e8ac2b1f1cd35ff9,麻瓜,https://sns-avatar-qc.xhscdn.com/avatar/1040g2jo31nb91seb58004a2v67pv4nvp6as9ri0?imageView2/2/w/120/format/jpg,0,,66bd7a590000000012027772,1763797926582,0
67bdd5f000000000160303b5,1740494320000,,667aaf49000000001c02567f,我前段时间在某音买了，预约下午来安装，结果安装师傅说只有上午，下午要接小孩[笑哭R]我特意下午请假在家居然说没时间，跟客服反应结果就弹出来退货的链接，我果断退货退款了，这态度，牛啊，我花钱买罪受[捂脸R],63d6793b0000000026005fec,佐佐,https://sns-avatar-qc.xhscdn.com/avatar/1040g2jo31eb2nnnn10605oumf4tpgnvc16tupt8?imageView2/2/w/120/format/jpg,0,,66bd7a590000000012027772,1763797926585,0
67c5b173000000001802a3d9,1741009268000,,667aaf49000000001c02567f,我家的一直提示清洁槽水满，需要不断手动抽水，送去维修，清洁槽水满的问题没修好，反而说我主板有问题收了400块。。。,54f92022a46e963f02d50b2d,水余又,https://sns-avatar-qc.xhscdn.com/avatar/54f92022a46e963f02d50b2d.jpg?imageView2/2/w/120/format/jpg,0,,66bd7a590000000012027772,1763797926590,0
67e4fe7d000000001f004bbc,1743060605000,,667aaf49000000001c02567f,狠狠同意了，最近被科沃斯售后气得不行,5f410af000000000010062b9,暴躁小鸡张咔咔,https://sns-avatar-qc.xhscdn.com/avatar/63f9904201b42450cd9adfe7.jpg?imageView2/2/w/120/format/jpg,0,,66bd7a590000000012027772,1763797928851,0
67f9e632000000001f006522,1744430643000,,667aaf49000000001c02567f,同感，售后真的很差,58b4ea7e50c4b4239f0bc97e,松松米虫,https://sns-avatar-qc.xhscdn.com/avatar/2b4cefbb01e0a0824f5c173dde7f98b2.jpg?imageView2/2/w/120/format/jpg,0,,66bd7a590000000012027772,1763797928854,0
68126c0e000000000401effd,1746037774000,,667aaf49000000001c02567f,@清風竹影💫,5f7848a90000000001005569,柒玺喜,https://sns-avatar-qc.xhscdn.com/avatar/1040g2jo31fo5jj2800005nro92kg8lb99ppskb8?imageView2/2/w/120/format/jpg,0,,66bd7a590000000012027772,1763797928860,0
68126f4200000000080279b4,1746038594000,,667aaf49000000001c02567f,那就看看别的吧[捂脸R][捂脸R][捂脸R],5da7430a0000000001001516,清風竹影💫,https://sns-avatar-qc.xhscdn.com/avatar/1040g2jo31fn051lk02105nd78c50858m10qfa2o?imageView2/2/w/120/format/jpg,0,,68126c0e000000000401effd,1763797928864,0
684ebbe3000000001102d938,1749990371000,,667aaf49000000001c02567f,冒昧问一下，不太懂，线上和线下的售后会有区别吗，还是这个品牌售后一样烂,5fc77567000000000101d460,DejaVu（装修ing）,https://sns-avatar-qc.xhscdn.com/avatar/1040g2jo31k54f2js2ud05nu7eljgbl303q9t0ro?imageView2/2/w/120/format/jpg,0,,66bed7a7000000000f00c5ad,1763797928869,0
67298265000000001702f3eb,1730773606000,,667aaf49000000001c02567f,科沃斯真的很垃圾，两只都是一个问题，同一方轮子不转，一个转角都转不出,5a03db4311be1014a499446c,哥本哈根没有童话,https://sns-avatar-qc.xhscdn.com/avatar/5c69512874b69e0001c44583.jpg?imageView2/2/w/120/format/jpg,0,,66bd7a590000000012027772,1763797931074,0
6741f650000000003d01f453,1732376144000,,667aaf49000000001c02567f,这牌子就是个垃圾[偷笑R],5dfeb37c000000000100014e,神奇宝贝,https://sns-avatar-qc.xhscdn.com/avatar/5ed250c45339b7000122b9c9.jpg?imageView2/2/w/120/format/jpg,0,,66bd7a590000000012027772,1763797931077,0
6767acbb000000000d03a634,1734847676000,,667aaf49000000001c02567f,科沃斯直接多收我修理费，我投诉了，那个多收我钱的，默默给我吧钱退了，垃圾阿,5b825bd2712ac00001a041ca,月野兔,https://sns-avatar-qc.xhscdn.com/avatar/614327fb6cbc8cdc9afa77a8.jpg?imageView2/2/w/120/format/jpg,0,,66bd7a590000000012027772,1763797931085,0
67badaae00000000190139d2,1740298927000,,667aaf49000000001c02567f,真的超级垃圾！我刚和售后沟通，快一口老血喷出来了,5a7abc9ee8ac2b562d866711,蓝月,https://sns-avatar-qc.xhscdn.com/avatar/5fb12ef12fadba0001c31360.jpg?imageView2/2/w/120/format/jpg,0,,66bd7a590000000012027772,1763797931090,0
66e10d0000000000170186f4,1726024960000,,667aaf49000000001c02567f,还真是，都这样说[笑哭R],6050bb7c000000000101e6ee,狄亚,https://sns-avatar-qc.xhscdn.com/avatar/6050bc0930d577cf305a1d89.jpg?imageView2/2/w/120/format/jpg,0,,66dac586000000001203f330,1763797933097,15
670b3e45000000002a02adb7,1728790085000,,667aaf49000000001c02567f,云鲸售后还可以，就是东西不咋地,5816975ca9b2ed49ba36ab60,张,https://sns-avatar-qc.xhscdn.com/avatar/5b7a16248ecd710001d81768.jpg?imageView2/2/w/120/format/jpg,0,,66dac586000000001203f330,1763797933363,1
670e9a3700000000200233f5,1729010231000,,667aaf49000000001c02567f,我也是好纠结,587aae295e87e71b392ead28,寒雨@醉倾城,https://sns-avatar-qc.xhscdn.com/avatar/1040g2jo318vu1nmq3u6g491rp5n2jb98lgkbb08?imageView2/2/w/120/format/jpg,0,,66dac586000000001203f330,1763797933369,2
6723039c000000000200526e,1730347932000,,667aaf49000000001c02567f,不得不说石头是真的垃圾,651d217c0000000024016086,小红薯686DD252,https://sns-avatar-qc.xhscdn.com/avatar/645b65431e7abf18da7d1266.jpg?imageView2/2/w/120/format/jpg,0,,66dac586000000001203f330,1763797933379,3
67285992000000001802a44e,1730697618000,,667aaf49000000001c02567f,亲，你最后买的啥,5685d116e4251d6632f0df3b,beautyyu,https://sns-avatar-qc.xhscdn.com/avatar/1040g2jo31ogbf3cs060044u7im8hdnprrkacamg?imageView2/2/w/120/format/jpg,0,,66dac586000000001203f330,1763797933386,1
674cfed6000000003d01fd11,1733099222000,,667aaf49000000001c02567f,我的老款，用了两年 一过保质期，就开始一周一个毛病的坏,5b7eb5d2371387000138e39e,免贵姓胖,https://sns-avatar-qc.xhscdn.com/avatar/5b7eb5d2371387000138e39e.jpg?imageView2/2/w/120/format/jpg,0,,66ee394a0000000024011f03,1763797933402,1
674ebc7a0000000007015d9d,1733213306000,,667aaf49000000001c02567f,我的云鲸售后还在battle，把我柜子墙壁都泡坏了,58aefbff82ec393e6a4a0544,无聊的大人,https://sns-avatar-qc.xhscdn.com/avatar/1040g2jo31bclovibng60496ocstvu1a4f7chgcg?imageView2/2/w/120/format/jpg,0,,66dac586000000001203f330,1763797935578,1
675872a3000000001b00305a,1733849764000,,667aaf49000000001c02567f,云鲸售后绝对是垃圾中的战斗机！,5987408450c4b405bf46698b,天津鲶鱼的面包片,https://sns-avatar-qc.xhscdn.com/avatar/1040g2jo31n3qp1144q6g49nham088qcbgp5slvo?imageView2/2/w/120/format/jpg,0,,66dac586000000001203f330,1763797935583,1
67595088000000001101a08f,1733906569000,,667aaf49000000001c02567f,我也是，现在准备换了，它也年纪大了拖不动了,5709aaef1c07df165562cb8d,阿卷,https://sns-avatar-qc.xhscdn.com/avatar/6443e9c75f098f6d8cba9c92.jpg?imageView2/2/w/120/format/jpg,0,,66ee394a0000000024011f03,1763797935589,0
675e1ad1000000001103059b,1734220497000,,667aaf49000000001c02567f,好不容易准备买这个了突然刷到很多人说这个不好，想买别的吧风评又一版[石化R],5c4559930000000007015a74,丙 虎,https://sns-avatar-qc.xhscdn.com/avatar/1040g2jo31o9q9v5a58005n25b69hqmjkkl3f0s8?imageView2/2/w/120/format/jpg,0,,66dac586000000001203f330,1763797935592,0
67a57d04000000002003bc7f,1738898692000,,667aaf49000000001c02567f,同意,5b72926cf7e8b944efc1753f,0+1=*^o^*,https://sns-avatar-qc.xhscdn.com/avatar/5d221778eac36d0001340dad.jpg?imageView2/2/w/120/format/jpg,0,,675872a3000000001b00305a,1763797935599,0
67da481c000000001801c581,1742358556000,,667aaf49000000001c02567f,各个都说自己买的都是售后垃圾，纠结死了[笑哭R],5ffa85f4000000000101e434,小奶糖🍬,https://sns-avatar-qc.xhscdn.com/avatar/1040g2jo31do757lj0k705nvqgnq0bp1k4inijpo?imageView2/2/w/120/format/jpg,0,,675872a3000000001b00305a,1763797937796,1
67e57513000000001e023f34,1743090964000,,667aaf49000000001c02567f,石头的产品怎么样 吵不吵 拖的干净不 死角啥的能到吗,5de1e741000000000100b78b,🐟,https://sns-avatar-qc.xhscdn.com/avatar/1040g2jo3192b804s585g5nf1st0g9dsbt0pql78?imageView2/2/w/120/format/jpg,0,,678bc6e00000000022006e53,1763797937800,0
66ee394a0000000024011f03,1726888267000,,667aaf49000000001c02567f,我用的云鲸，感觉质量服务都还行，不过老款（6年了），吸力一般，就拿来当拖地机用的,5c6aba1c0000000011020cc8,Oscar清,https://sns-avatar-qc.xhscdn.com/avatar/1040g2jo31mo4vq6a6m5g5n3an8e4c368a2e4mjo?imageView2/2/w/120/format/jpg,0,,66dac586000000001203f330,1763797937802,8
66f533df0000000002005464,1727345631000,,667aaf49000000001c02567f,@哥屋恩,5ba8b818f403b700011b425e,古仔,https://sns-avatar-qc.xhscdn.com/avatar/1040g2jo31gc4g8ur3i6g4b50sns1ggiubi90k48?imageView2/2/w/120/format/jpg,0,,66dac586000000001203f330,1763797937808,3
670d3a7e000000000e037157,1728920190000,,667aaf49000000001c02567f,科沃斯反正是非常垃圾,5b766eb52ce8120001e14cf9,如果,https://sns-avatar-qc.xhscdn.com/avatar/5b766f0716722700012d7416.jpg?imageView2/2/w/120/format/jpg,0,,66dac586000000001203f330,1763797937812,2
678bc6e00000000022006e53,1737213664000,,667aaf49000000001c02567f,石头 本人在用 就售后来说石头很给力的,621822b7000000001000d539,如意,https://sns-avatar-qc.xhscdn.com/avatar/1040g2jo31cn9upskgk6g5ogo4ark1l9p0ftfuno?imageView2/2/w/120/format/jpg,0,,66dac586000000001203f330,1763797940038,0
66be1278000000000a0171a2,1723732601000,,667aaf49000000001c02567f,第一次买追觅用了一个星期爬坡上坎很鸡肋，直接退掉换石头G10，用了一年多挺好就是充电有问题，找售后直接退款了[偷笑R]白嫖，现在考虑入手其它品牌试试[大笑R]求推荐,64e9d47b0000000001012916,雪碧可乐,https://sns-avatar-qc.xhscdn.com/avatar/1040g2jo314tr5brehc6g5p79qhtgaa8mkc0no28?imageView2/2/w/120/format/jpg,0,,66b39148000000001303c3c9,1763797942048,20
66ba2b43000000000d01ff64,1723476803000,,667aaf49000000001c02567f,追觅很贵的,5f12940f000000000101efed,源,https://sns-avatar-qc.xhscdn.com/avatar/1040g2jo30vlqbqfrm0605noiig7gbrvduoq0asg?imageView2/2/w/120/format/jpg,0,,66b39148000000001303c3c9,1763797942312,2
66ba2c070000000020021a03,1723477000000,,667aaf49000000001c02567f,还是顶配!,55fd194db7ba226154bfb263,善良momo,https://sns-avatar-qc.xhscdn.com/avatar/1040g2jo319hl5u4f6q6g416f27ckrcj38di97e8?imageView2/2/w/120/format/jpg,0,,66ba2b43000000000d01ff64,1763797942316,3
66be133a000000000d00d28e,1723732795000,,667aaf49000000001c02567f,石头售后这么好吗，在哪里买的,55fd194db7ba226154bfb263,善良momo,https://sns-avatar-qc.xhscdn.com/avatar/1040g2jo319hl5u4f6q6g416f27ckrcj38di97e8?imageView2/2/w/120/format/jpg,0,,66be1278000000000a0171a2,1763797942323,3
66cfe287000000000a017aac,1724899976000,,667aaf49000000001c02567f,找到合适的吗？求推荐[飞吻R],66cfde53000000001d032944,逝如流水.格律诗词,https://sns-avatar-qc.xhscdn.com/avatar/1040g2jo31af9f91d6q5g5pmfrp9neaa4mbo6rqg?imageView2/2/w/120/format/jpg,0,,66be1278000000000a0171a2,1763797942328,0
66d7ae49000000000d01ff09,1725410889000,,667aaf49000000001c02567f,我现在在试用美的，我觉得还行,55fd194db7ba226154bfb263,善良momo,https://sns-avatar-qc.xhscdn.com/avatar/1040g2jo319hl5u4f6q6g416f27ckrcj38di97e8?imageView2/2/w/120/format/jpg,0,,66cfd323000000000d01c9f9,1763797942336,0
66fbe3940000000020026395,1727783828000,,667aaf49000000001c02567f,我618下单了，也是最新款超薄顶配，然后刚下单我找客服就已经找不到了，只有人机，什么问题都解决不了，我立马退了,5aa5247edb2e605cf8934974,Demain.,https://sns-avatar-qc.xhscdn.com/avatar/5e80b98250240e0001d11206.jpg?imageView2/2/w/120/format/jpg,0,,66b39148000000001303c3c9,1763797944528,0
66fe0b80000000002400e23c,1727925121000,,667aaf49000000001c02567f,确实石头挺好,5c0a9424000000000700214f,风来载金,https://sns-avatar-qc.xhscdn.com/avatar/1040g2jo310reqtc5mc6g4butapa288afnefgloo?imageView2/2/w/120/format/jpg,0,,66be1278000000000a0171a2,1763797944544,0
6702b9ac0000000018032c35,1728231852000,,667aaf49000000001c02567f,人工客服也和人机差不多，真的精神折磨,55fd194db7ba226154bfb263,善良momo,https://sns-avatar-qc.xhscdn.com/avatar/1040g2jo319hl5u4f6q6g416f27ckrcj38di97e8?imageView2/2/w/120/format/jpg,0,,66fbe3940000000020026395,1763797944565,1
67047bc50000000010005c00,1728347078000,,667aaf49000000001c02567f,v15还行,55fd194db7ba226154bfb263,善良momo,https://sns-avatar-qc.xhscdn.com/avatar/1040g2jo319hl5u4f6q6g416f27ckrcj38di97e8?imageView2/2/w/120/format/jpg,0,,6703fd40000000002400c732,1763797944574,0
670484f3000000002400b93e,1728349428000,,667aaf49000000001c02567f,使用十个月之内都感觉挺好，第十一个月出现很多问题，已经放弃这个牌子了。希望你的能用久一点,5c12028c000000000701263e,噢！我的天。,https://sns-avatar-qc.xhscdn.com/avatar/5c1202b88790c0000151707e.jpg?imageView2/2/w/120/format/jpg,0,,67047bc50000000010005c00,1763797944587,1
67048595000000001601e118,1728349589000,,667aaf49000000001c02567f,是吧[捂脸R]害怕 不过他们要脸，有事发小红书，会上门解决,55fd194db7ba226154bfb263,善良momo,https://sns-avatar-qc.xhscdn.com/avatar/1040g2jo319hl5u4f6q6g416f27ckrcj38di97e8?imageView2/2/w/120/format/jpg,0,,670484f3000000002400b93e,1763797946832,0
67051800000000002a0284c6,1728387073000,,667aaf49000000001c02567f,用了还能退吗？,597802e96a6a694b011f967a,芋泥紫薯喵~,https://sns-avatar-qc.xhscdn.com/avatar/1040g2jo316noa8u4jc0049mqlk1ej5jq5k60020?imageView2/2/w/120/format/jpg,0,,66be1278000000000a0171a2,1763797946835,1
670cff520000000020021a66,1728905043000,,667aaf49000000001c02567f,感谢，最讨厌那种买了后就不管的售后的品牌，像戴尔那种,6708d650000000001d023791,nii_i,https://sns-avatar-qc.xhscdn.com/avatar/1040g2jo31mcbir5o6g005po8qp87cdshh42cjb8?imageView2/2/w/120/format/jpg,0,,66b39148000000001303c3c9,1763797946842,1
6719ba79000000001b005dcd,1729739386000,,667aaf49000000001c02567f,避坑了，谢谢,58f888995e87e72359b53308,萍水相逢,https://sns-avatar-qc.xhscdn.com/avatar/58f888995e87e72359b53308.jpg?imageView2/2/w/120/format/jpg,0,,66b39148000000001303c3c9,1763797946848,0
671a3fd50000000019001ed3,1729773525000,,667aaf49000000001c02567f,刚买了 地全屋地板变成全屋划痕 维权无门 售后一塌糊涂 机器人回复 千万别买追觅,5f13b86d000000000101e2d7,奚奚,https://sns-avatar-qc.xhscdn.com/avatar/5f13b86d000000000101e2d7.jpg?imageView2/2/w/120/format/jpg,0,,66b39148000000001303c3c9,1763797946851,1
6722f0c7000000001b036d6a,1730343111000,,667aaf49000000001c02567f,美的扫得干净吗，我也在看扫地机器人，不知道哪个好,58f57188a9b2ed2cb407f745,婷婷,https://sns-avatar-qc.xhscdn.com/avatar/6262ac4efd3a764da5dd3e88.jpg?imageView2/2/w/120/format/jpg,0,,66d7ae49000000000d01ff09,1763797949058,0
6732b8b60000000002006a55,1731377335000,,667aaf49000000001c02567f,有哪句说哪句哈，难道一天就坏了它不保修么？而且这应该是小概率事件吧？如果每台机器都是几天就坏的话，保修和换新都能把它折腾死了,6145b982000000000202356f,momo,https://sns-avatar-qc.xhscdn.com/avatar/1040g2jo30oqsdugk36005oa5n610kdbf7bmff4o?imageView2/2/w/120/format/jpg,0,,66b39148000000001303c3c9,1763797949065,0
67415769000000001b006d51,1732335465000,,667aaf49000000001c02567f,退款不退货吗,5936b2575e87e727e2abc292,不会水的玉🐠,https://sns-avatar-qc.xhscdn.com/avatar/5936b2575e87e727e2abc292.jpg?imageView2/2/w/120/format/jpg,0,,66be1278000000000a0171a2,1763797949071,0
674db4e8000000000803f8f0,1733145833000,,667aaf49000000001c02567f,@笑,5c668014000000001201d4ba,半旧,https://sns-avatar-qc.xhscdn.com/avatar/1040g2jo30vjjf6gtm0605n36g0a4jl5qsniubro?imageView2/2/w/120/format/jpg,0,,66be1278000000000a0171a2,1763797949076,0
67867fe70000000022006485,1736867816000,,667aaf49000000001c02567f,当然都退,64e9d47b0000000001012916,雪碧可乐,https://sns-avatar-qc.xhscdn.com/avatar/1040g2jo314tr5brehc6g5p79qhtgaa8mkc0no28?imageView2/2/w/120/format/jpg,0,,67415769000000001b006d51,1763797949086,0
6786800100000000220070c8,1736867841000,,667aaf49000000001c02567f,一个月内可以退,64e9d47b0000000001012916,雪碧可乐,https://sns-avatar-qc.xhscdn.com/avatar/1040g2jo314tr5brehc6g5p79qhtgaa8mkc0no28?imageView2/2/w/120/format/jpg,0,,67051800000000002a0284c6,1763797951292,0
67fa5680000000001f019f6a,1744459392000,,667aaf49000000001c02567f,石头也垃圾，用了三年，就是它扫它的，我扫我的。就很鸡肋。就是累的时候，家里相对干净的时候，可以起到一个心里安慰的作用。,5b32f58d11be10710212dfcb,茭白牛肉,https://sns-avatar-qc.xhscdn.com/avatar/633880a17dc4bc2d2675c2ca.jpg?imageView2/2/w/120/format/jpg,0,,66be1278000000000a0171a2,1763797951295,0
66cfd323000000000d01c9f9,1724896035000,,667aaf49000000001c02567f,我家洗地机也是一年坏，科沃斯那个就很傻，但是几年了没坏[笑哭R]想换新都不知道买什么了,656b183600000000190120d3,夏可可coco🦁,https://sns-avatar-qc.xhscdn.com/avatar/645b7f8f2a34639eb26eb1cd.jpg?imageView2/2/w/120/format/jpg,0,,66b39148000000001303c3c9,1763797951306,2
66f3c596000000001202e3be,1727251863000,,667aaf49000000001c02567f,美的哪一款呢？,54001b65b4c4d6780d1a778c,不发脾气只发财,https://sns-avatar-qc.xhscdn.com/avatar/ae351b5abc78ae2e8d79998354db8440.jpg?imageView2/2/w/120/format/jpg,0,,66d7ae49000000000d01ff09,1763797951308,0
66f3e2cf00000000200246de,1727259344000,,667aaf49000000001c02567f,v15pro,55fd194db7ba226154bfb263,善良momo,https://sns-avatar-qc.xhscdn.com/avatar/1040g2jo319hl5u4f6q6g416f27ckrcj38di97e8?imageView2/2/w/120/format/jpg,0,,66f3c596000000001202e3be,1763797951312,0
6703fd40000000002400c732,1728314689000,,667aaf49000000001c02567f,我刚退了去年双十一买的v12,5c12028c000000000701263e,噢！我的天。,https://sns-avatar-qc.xhscdn.com/avatar/5c1202b88790c0000151707e.jpg?imageView2/2/w/120/format/jpg,0,,66d7ae49000000000d01ff09,1763797953522,0
672434cb0000000015039245,1730426060000,,667aaf49000000001c02567f,考虑考虑科沃斯,6690ef6c0000000003031f62,智能家电,https://sns-avatar-qc.xhscdn.com/avatar/1040g2jo31f9mp3b4n06g5pkgttm0u7r2ibk2it0?imageView2/2/w/120/format/jpg,0,,66be1278000000000a0171a2,1763797953527,0
6749134d000000001501e01d,1732842317000,,667aaf49000000001c02567f,追觅的品控是有点问题，但是使用肯定是可以的，尤其家里有长头的时候，石头前面的都是卷胶刷。找我帮你按你的需求推荐机型，不好用退了就完了。,5a0ec8d74eacab059d678599,智能清洁家电馆,https://sns-avatar-qc.xhscdn.com/avatar/5a0ec8d9b46c5d151cfd76e6.jpg?imageView2/2/w/120/format/jpg,0,,66b39148000000001303c3c9,1763797953535,0
6815ccc500000000030377cf,1746259142000,,667aaf49000000001c02567f,对[飞吻R],5c397b0e000000000700636c,乐乐,https://sns-avatar-qc.xhscdn.com/avatar/1040g2jo31gkaskk23u605n1pfc71oorcip1nb18?imageView2/2/w/120/format/jpg,0,,66ba2b43000000000d01ff64,1763797953539,0
6713bc90000000002a02aaa5,1729346705000,,667aaf49000000001c02567f,我也，所以边看边截图做笔记,5ac4d8ea11be100e3fc6358a,那年花开,https://sns-avatar-qc.xhscdn.com/avatar/6418164d68c57054fc820293.jpg?imageView2/2/w/120/format/jpg,0,,67130cd9000000002702772e,1763797955552,4
671886d9000000001a0110d3,1729660634000,,667aaf49000000001c02567f,我听的要睡着了,5c9b8eec000000001200ce15,橙子皮儿,https://sns-avatar-qc.xhscdn.com/avatar/1040g2jo31jmuu3902i605n4rhrm4hjglrofrfe8?imageView2/2/w/120/format/jpg,0,,67130cd9000000002702772e,1763797955749,4
67305e5d000000001702c6cf,1731223134000,,667aaf49000000001c02567f,所以[笑哭R]怎么选呀[笑哭R][笑哭R],58da640250c4b4467f11c7a6,未保存DE幸福,https://sns-avatar-qc.xhscdn.com/avatar/cd255d0e201935e0d852bd371f18c198.jpg?imageView2/2/w/120/format/jpg,0,,67130cd9000000002702772e,1763797955752,1
67c3d29a0000000016012a01,1740886682000,,667aaf49000000001c02567f,哪个性能好姐妹？,5a215b69e8ac2b1fab983e11,momo,https://sns-avatar-qc.xhscdn.com/avatar/5a215b69e8ac2b1fab983e11.jpg?imageView2/2/w/120/format/jpg,0,,6713bc90000000002a02aaa5,1763797955758,1
674054da00000000070010c7,1732269275000,,667aaf49000000001c02567f,除了质量不好其他都还行,559e291658944618be24ab9c,超级小韩,https://sns-avatar-qc.xhscdn.com/avatar/5873313402f37d618021cf27.jpg?imageView2/2/w/120/format/jpg,0,,673ec109000000000702004a,1763797957763,2
67409d6a000000001b025588,1732287850000,,667aaf49000000001c02567f,云鲸普通需求买二手就够用了，扫不到的地方自己花十几分钟打扫一下就行，可以省很多钱。,606dd5d10000000001009eab,不想起名的随便,https://sns-avatar-qc.xhscdn.com/avatar/606fe27b23b2ef3c5495567c.jpg?imageView2/2/w/120/format/jpg,0,,673ec109000000000702004a,1763797957975,0
6743e3ff0000000007023abf,1732502528000,,667aaf49000000001c02567f,[哭惹R]那我买还是不买,5a8418e411be1019e878af7d,:),https://sns-avatar-qc.xhscdn.com/avatar/5d16ef9771ad6a00019e3ceb.jpg?imageView2/2/w/120/format/jpg,0,,674054da00000000070010c7,1763797957978,0
674467e30000000007001111,1732536291000,,667aaf49000000001c02567f,不要买，刚买几天就坏了，刚退,5bd91229b1c8180001846697,香菜葱花加辣椒,https://sns-avatar-qc.xhscdn.com/avatar/1040g2jo319f9hfed6a004bmfjv92ipknm00hpp8?imageView2/2/w/120/format/jpg,0,,6743e3ff0000000007023abf,1763797957988,0
67452f05000000000702006a,1732587269000,,667aaf49000000001c02567f,不知道买啥牌子了,5a8418e411be1019e878af7d,:),https://sns-avatar-qc.xhscdn.com/avatar/5d16ef9771ad6a00019e3ceb.jpg?imageView2/2/w/120/format/jpg,0,,674467e30000000007001111,1763797957994,0
674531fe0000000007006da8,1732588030000,,667aaf49000000001c02567f,我也是，还在挑,5bd91229b1c8180001846697,香菜葱花加辣椒,https://sns-avatar-qc.xhscdn.com/avatar/1040g2jo319f9hfed6a004bmfjv92ipknm00hpp8?imageView2/2/w/120/format/jpg,0,,67452f05000000000702006a,1763797958002,0
67469be3000000001b0247e0,1732680676000,,667aaf49000000001c02567f,质量是真不好 我家买回来经历了数次上门维修以及返厂维修,5a47b3294eacab4aa33ff724,🐰🐱,https://sns-avatar-qc.xhscdn.com/avatar/63aee8648957e35640afe186.jpg?imageView2/2/w/120/format/jpg,0,,673ec109000000000702004a,1763797960203,2
6746a7e60000000007022fe5,1732683751000,,667aaf49000000001c02567f,不要买，今天刚安装上就取下来了，坏的,5cf2a29600000000110283f6,猪猪🐷侠,https://sns-avatar-qc.xhscdn.com/avatar/5cf2a29600000000110283f6.jpg?imageView2/2/w/120/format/jpg,0,,67409d6a000000001b025588,1763797960206,0
6746b6e3000000001b034f26,1732687588000,,667aaf49000000001c02567f,应该可以退换吧？,606dd5d10000000001009eab,不想起名的随便,https://sns-avatar-qc.xhscdn.com/avatar/606fe27b23b2ef3c5495567c.jpg?imageView2/2/w/120/format/jpg,0,,6746a7e60000000007022fe5,1763797960217,0
6746ed560000000007017cad,1732701527000,,667aaf49000000001c02567f,那我还能买啥 求推荐,5a8418e411be1019e878af7d,:),https://sns-avatar-qc.xhscdn.com/avatar/5d16ef9771ad6a00019e3ceb.jpg?imageView2/2/w/120/format/jpg,0,,67469be3000000001b0247e0,1763797960219,0
67470e28000000001b025358,1732709928000,,667aaf49000000001c02567f,我在另一个帖子下面别人给我回复说科沃斯老牌子 她家入的科沃斯三年没出过问题 [哭惹R]我也搞不懂了 哎,5a47b3294eacab4aa33ff724,🐰🐱,https://sns-avatar-qc.xhscdn.com/avatar/63aee8648957e35640afe186.jpg?imageView2/2/w/120/format/jpg,0,,674706c000000000070025b4,1763797960226,0
67470e7a0000000007000e35,1732710011000,,667aaf49000000001c02567f,看运气吧[失望R],5a8418e411be1019e878af7d,:),https://sns-avatar-qc.xhscdn.com/avatar/5d16ef9771ad6a00019e3ceb.jpg?imageView2/2/w/120/format/jpg,0,,67470e28000000001b025358,1763797962467,0
67488b92000000001a027565,1732807571000,,667aaf49000000001c02567f,四年半用了。售后我觉得可以。没有维修。送过刷子啥的。,5c2f1f110000000007018c3f,小红薯5C305D23,https://sns-avatar-qc.xhscdn.com/avatar/ae351b5abc78ae2e8d79998354db8440.jpg?imageView2/2/w/120/format/jpg,0,,673ec109000000000702004a,1763797962470,0
675546ef0000000007004d9b,1733641968000,,667aaf49000000001c02567f,十几分钟[石化R]。哇唔,5bdeebad9e814e00011cef5c,拔份饱青年,https://sns-avatar-qc.xhscdn.com/avatar/5bdeebad9e814e00011cef5c.jpg?imageView2/2/w/120/format/jpg,0,,67409d6a000000001b025588,1763797962475,0
6758648e00000000070001e6,1733846159000,,667aaf49000000001c02567f,都买的什么型号啊,5a8418e411be1019e878af7d,:),https://sns-avatar-qc.xhscdn.com/avatar/5d16ef9771ad6a00019e3ceb.jpg?imageView2/2/w/120/format/jpg,0,,67585d220000000007017be0,1763797962483,0
67587305000000001a018e6c,1733849862000,,667aaf49000000001c02567f,质量不好售后不好,5987408450c4b405bf46698b,天津鲶鱼的面包片,https://sns-avatar-qc.xhscdn.com/avatar/1040g2jo31n3qp1144q6g49nham088qcbgp5slvo?imageView2/2/w/120/format/jpg,0,,674054da00000000070010c7,1763797962488,0
67b1978100000000180313b3,1739691905000,,667aaf49000000001c02567f,用了第四年我来回修了很多次,61b84f29000000001000ce7e,妞妞家齐齐哈尔烤肉,https://sns-avatar-qc.xhscdn.com/avatar/1040g2jo31af2lvqt7g005odo9skk1jjupah9oao?imageView2/2/w/120/format/jpg,0,,67469be3000000001b0247e0,1763797964685,0
67f1d16f000000001203238c,1743901040000,,667aaf49000000001c02567f,不好。刚送回修理了拖布升降问题，花了200多，回到家就无法充电了，都不知道他们维修的时候对机器做了什么手脚？通过无限维修来赚钱吗？售后品质恶劣，不建议购买！,5e3e26710000000001000c11,Odie 秀,https://sns-avatar-qc.xhscdn.com/avatar/5e3e274e39a686000182adb4.jpg?imageView2/2/w/120/format/jpg,0,,673ec109000000000702004a,1763797964689,0
6746ee05000000001b023aca,1732701701000,,667aaf49000000001c02567f,我也不知道 我也在迷茫中 [哭惹R]想换一个…我现在都用添可 但是添可累啊,5a47b3294eacab4aa33ff724,🐰🐱,https://sns-avatar-qc.xhscdn.com/avatar/63aee8648957e35640afe186.jpg?imageView2/2/w/120/format/jpg,0,,6746ed560000000007017cad,1763797964694,0
674706c000000000070025b4,1732708032000,,667aaf49000000001c02567f,我也用着添可 挺干净的 我还是想尝试一下云鲸[笑哭R]科沃斯全是差评呢,5a8418e411be1019e878af7d,:),https://sns-avatar-qc.xhscdn.com/avatar/5d16ef9771ad6a00019e3ceb.jpg?imageView2/2/w/120/format/jpg,0,,6746ee05000000001b023aca,1763797964703,0
67585d220000000007017be0,1733844259000,,667aaf49000000001c02567f,云鲸买有4台拖地用，质保期售后服务好，过后原机配件都好贵。反正天天拖扫，总比自己做强，哪有十全十美，不干不净的地方自己再收拾下。但现感觉新品又大水箱又细超鸡肋，老人家不能手动功能操作。所谓智能烦人,5b5f0f9211be1056e0e4874a,帝君,https://sns-avatar-qc.xhscdn.com/avatar/63b66d93aa8a4a973d547e3d.jpg?imageView2/2/w/120/format/jpg,0,,673ec109000000000702004a,1763797964708,0
679f5ad9000000001b033640,1738496729000,,667aaf49000000001c02567f,我家是j2很好用。,5afa87c1e8ac2b417814c3f2,小红薯68183AA3,https://sns-avatar-qc.xhscdn.com/avatar/645b807d338379fac18930a8.jpg?imageView2/2/w/120/format/jpg,0,,673ec109000000000702004a,1763797966953,0
675e6573000000001200e030,1734239603000,,667aaf49000000001c02567f,那我跟你T50,64188e2200000000110218a1,是初七呀🥕,https://sns-avatar-qc.xhscdn.com/avatar/166ad12ae9a7f6fbb4bbbf88d417895f.jpg?imageView2/2/w/120/format/jpg,0,,675d2efb000000001102ea6a,1763797968958,1
675fe56d000000001100226a,1734337901000,,667aaf49000000001c02567f,宝子收到了吗。怎么样,548125a6d6e4a96176302830,好运复苏,https://sns-avatar-qc.xhscdn.com/avatar/1040g2jo31lqo1rj2kq00400pl3iqca1g9tfk7do?imageView2/2/w/120/format/jpg,0,,675d2efb000000001102ea6a,1763797969268,0
67655d80000000000d0386fb,1734696320000,,667aaf49000000001c02567f,我买的T50，用了三四天，今天申请退货了[笑哭R][笑哭R][笑哭R],5b9b234cb8251b00016982a4,刘静远小静坨,https://sns-avatar-qc.xhscdn.com/avatar/63786f037e3c883bde226dd1.jpg?imageView2/2/w/120/format/jpg,0,,675e6573000000001200e030,1763797969272,0
6766cc50000000001102e041,1734790224000,,667aaf49000000001c02567f,为啥呀,5bd3d68816cabd000124fee2,吉嗯嗯✌,https://sns-avatar-qc.xhscdn.com/avatar/5bd3d6b888258c000101cfb9.jpg?imageView2/2/w/120/format/jpg,0,,67655d80000000000d0386fb,1763797969278,1
676bb373000000001102fdc2,1735111539000,,667aaf49000000001c02567f,为啥呀？,5c656af900000000110241d7,Kelley,https://sns-avatar-qc.xhscdn.com/avatar/c94b2589011be6d87bfbbbf21db9e2a0.jpg?imageView2/2/w/120/format/jpg,0,,67655d80000000000d0386fb,1763797969283,0
676cdeaa000000001200e95d,1735188138000,,667aaf49000000001c02567f,T50拖地和扫地还可以，水箱和污水箱容量比较大，但是有水痕，我调到19还是有水痕。,5e017fa90000000001009e70,Jane,https://sns-avatar-qc.xhscdn.com/avatar/6467914a41bdee136e909fb9.jpg?imageView2/2/w/120/format/jpg,0,,675fe56d000000001100226a,1763797969298,0
676cee39000000001003e2e2,1735192121000,,667aaf49000000001c02567f,好的谢谢宝子[飞吻R],548125a6d6e4a96176302830,好运复苏,https://sns-avatar-qc.xhscdn.com/avatar/1040g2jo31lqo1rj2kq00400pl3iqca1g9tfk7do?imageView2/2/w/120/format/jpg,0,,676cdeaa000000001200e95d,1763797971533,0
67bccf8100000000190038f6,1740427138000,,667aaf49000000001c02567f,是很多水 有水珠的那种了吗？,5a031da6e8ac2b7b5754cd6d,酸辣小杨桃,https://sns-avatar-qc.xhscdn.com/avatar/61aac4b57083b82b6b8f1c6f.jpg?imageView2/2/w/120/format/jpg,0,,676cdeaa000000001200e95d,1763797971535,0
67bccff30000000019014b97,1740427252000,,667aaf49000000001c02567f,为啥退的,5a031da6e8ac2b7b5754cd6d,酸辣小杨桃,https://sns-avatar-qc.xhscdn.com/avatar/61aac4b57083b82b6b8f1c6f.jpg?imageView2/2/w/120/format/jpg,0,,676772b9000000000f039e70,1763797973545,0
67bdacc9000000001b03bdc5,1740483785000,,667aaf49000000001c02567f,有很多死角,5b7d20e27f63c500010c6147,小紫💋,https://sns-avatar-qc.xhscdn.com/avatar/5b7d20e27f63c500010c6147.jpg?imageView2/2/w/120/format/jpg,0,,67bccff30000000019014b97,1763797973738,0
67bebd450000000018036431,1740553542000,,667aaf49000000001c02567f,现在选好新的款了嘛？,5a031da6e8ac2b7b5754cd6d,酸辣小杨桃,https://sns-avatar-qc.xhscdn.com/avatar/61aac4b57083b82b6b8f1c6f.jpg?imageView2/2/w/120/format/jpg,0,,67bdacc9000000001b03bdc5,1763797973745,0
67c596a60000000015003db1,1741002407000,,667aaf49000000001c02567f,没[笑哭R],5b7d20e27f63c500010c6147,小紫💋,https://sns-avatar-qc.xhscdn.com/avatar/5b7d20e27f63c500010c6147.jpg?imageView2/2/w/120/format/jpg,0,,67bebd450000000018036431,1763797973761,1
676772b9000000000f039e70,1734832825000,,667aaf49000000001c02567f,我也买了T50用了半个月退了[笑哭R],5b7d20e27f63c500010c6147,小紫💋,https://sns-avatar-qc.xhscdn.com/avatar/5b7d20e27f63c500010c6147.jpg?imageView2/2/w/120/format/jpg,0,,6765270b000000001102cf9b,1763797973766,0
67904788000000000a036afe,1737508744000,,678fb6cc000000001800b130,我也是，然后自己改装了自动上下水彻底解放了[笑哭R],5b28c63e4eacab4a87e9cd8e,哦不呐呐,https://sns-avatar-qc.xhscdn.com/avatar/1040g2jo31g9ug0q9is004a6d2k33tjcesg1c7m0?imageView2/2/w/120/format/jpg,15,,0,1763797978174,86
67935548000000001b01e9cb,1737708872000,,678fb6cc000000001800b130,没看懂，为什么需要两台[笑哭R],5f1c4a3100000000010055cf,梓航,https://sns-avatar-qc.xhscdn.com/avatar/1040g2jo30o1l7odm1i6g5nos98og8lefh93aeto?imageView2/2/w/120/format/jpg,11,,0,1763797978179,15
6791b864000000001b038bfc,1737603173000,,678fb6cc000000001800b130,我家也这个搭配，但是二手市场的小米一代质量不稳定，太容易坏,5abfaa7411be101c2a88de86,英吉（无名之辈,https://sns-avatar-qc.xhscdn.com/avatar/1040g2jo314g7vjqdmg004a45d9l79nk62m4ja70?imageView2/2/w/120/format/jpg,11,,0,1763797978185,9
68536d8b00000000200267df,1750297995000,,678fb6cc000000001800b130,打开小红书 已经分不清是广还是什么 全是这两种搭配的[笑哭R],58db92476a6a697b8de22676,祝你鱼块.,https://sns-avatar-qc.xhscdn.com/avatar/1040g2jo30s8ssd542g0049bo2f94e9jmvm9ee3g?imageView2/2/w/120/format/jpg,5,,0,1763797978191,18
68628fcf000000002002d6a0,1751289807000,,678fb6cc000000001800b130,宝，你的云鲸买的是几成新呢,5a58695a11be103546c0804c,一只苏西,https://sns-avatar-qc.xhscdn.com/avatar/61b62a133d3805ab698e9c19.jpg?imageView2/2/w/120/format/jpg,8,,0,1763797978205,2
67cbfc8d000000001502b3ff,1741421710000,,678fb6cc000000001800b130,既然好用为什么要卖掉云鲸,5b033c41f7e8b92f2c37ee73,Mars,https://sns-avatar-qc.xhscdn.com/avatar/d784fc20c996f3d2f39d034c404f234e.jpg?imageView2/2/w/120/format/jpg,5,,0,1763797978209,7
67aad610000000001803c4f6,1739249169000,,678fb6cc000000001800b130,这个划算吗,5b7d6d065036e1000117b96a,🤫,https://sns-avatar-qc.xhscdn.com/avatar/1040g2jo31c4clpsu0s6g4ai745mgdeba4v1cs0g?imageView2/2/w/120/format/jpg,13,http://sns-webpic-qc.xhscdn.com/202511221552/bf635c238cb6041682224b2e927e4920/comment/1040g2h031dogs0un0s6g4ai745mgdebactd6jj0!nd_whgt34_webp_wm_1,0,1763797978223,1
6908a6440000000039027365,1762174533000,江苏,678fb6cc000000001800b130,请问是用小米扫 云鲸拖地吗,5dc12e210000000001008550,susuna🥔,https://sns-avatar-qc.xhscdn.com/avatar/1040g2jo317jp35v80o005ne15ogg91agaafj21g?imageView2/2/w/120/format/jpg,3,,0,1763797978228,0
67d22b5300000000150290b8,1741826899000,,678fb6cc000000001800b130,博主问一下 现在是云鲸2（拖地）+小米1s（扫地）是吗,5ad3808b4eacab5b855c75ea,闹闹,https://sns-avatar-qc.xhscdn.com/avatar/635deb576b1f6eb0057431a5.jpg?imageView2/2/w/120/format/jpg,2,,0,1763797978232,1
687bdb12000000000200795e,1752947476000,,678fb6cc000000001800b130,请问是这款吗,5eb2bebb000000000100755d,吹梦入西洲,https://sns-avatar-qc.xhscdn.com/avatar/1040g2jo310ffolsfmg005nlinqtg8tat3h7dmv8?imageView2/2/w/120/format/jpg,2,http://sns-webpic-qc.xhscdn.com/202511221552/a2405063bc12a954e170abe3f6954f71/comment/1040g2h031k4knj76j0005nlinqtg8tath6unod0!nd_whgt34_webp_wm_1,0,1763797978247,0
6790b24b000000001b03d252,1737536076000,,678fb6cc000000001800b130,强,642076ca000000001201004d,要饭给为为买迈巴赫,https://sns-avatar-qc.xhscdn.com/avatar/1040g2jo311lj24aq7a605p10er54i02d3ag0ico?imageView2/2/w/120/format/jpg,0,,67904788000000000a036afe,1763797980255,21
6790e96e000000000b03bb4c,1737550191000,,678fb6cc000000001800b130,怎么改装！,5bc864015a7bce000138128a,:D,https://sns-avatar-qc.xhscdn.com/avatar/1040g2jo310vdarqpmi004bgpbvi024karo0nuoo?imageView2/2/w/120/format/jpg,0,,67904788000000000a036afe,1763797980532,3
679141f0000000000a01bcc9,1737572849000,,678fb6cc000000001800b130,@装饭的桶 你会吗？,5ba524bbabaa3300013e91cd,momo（幸运版）,https://sns-avatar-qc.xhscdn.com/avatar/6452aadab2b360267e446bb5.jpg?imageView2/2/w/120/format/jpg,0,,67904788000000000a036afe,1763797980537,1
67914d5f000000001a03bdc1,1737575775000,,678fb6cc000000001800b130,我没买过这东西，等我买了告诉你,59e3a33f95c93537386cfa53,装饭的桶,https://sns-avatar-qc.xhscdn.com/avatar/1040g2jo30t32gdgjk60049ubhehjvuijnka5g40?imageView2/2/w/120/format/jpg,0,,679141f0000000000a01bcc9,1763797980541,2
67919e1b000000000a02db7f,1737596443000,,678fb6cc000000001800b130,Pdd买上下水模块，卖家会发教学视频，很简单,5b28c63e4eacab4a87e9cd8e,哦不呐呐,https://sns-avatar-qc.xhscdn.com/avatar/1040g2jo31g9ug0q9is004a6d2k33tjcesg1c7m0?imageView2/2/w/120/format/jpg,0,,6790e96e000000000b03bb4c,1763797980547,55
6791bf93000000000b008931,1737605012000,,678fb6cc000000001800b130,速速买一个试试。,5ba524bbabaa3300013e91cd,momo（幸运版）,https://sns-avatar-qc.xhscdn.com/avatar/6452aadab2b360267e446bb5.jpg?imageView2/2/w/120/format/jpg,0,,67914d5f000000001a03bdc1,1763797980553,1
67a2ec4e000000000b01ae41,1738730574000,,678fb6cc000000001800b130,太聪明了,56911a29b8c8b4352a38c617,好运常在,https://sns-avatar-qc.xhscdn.com/avatar/1040g2jo31li0jl7u5e00452u5id2jhgnmgscvf8?imageView2/2/w/120/format/jpg,0,,67919e1b000000000a02db7f,1763797982769,1
67ceab60000000001802f3ae,1741597536000,,678fb6cc000000001800b130,哇😯 你买的啥牌子,58be642bfb68a22e0b2dbafa,🈳白,https://sns-avatar-qc.xhscdn.com/avatar/1040g2jo31asc7srana60498n1ki2nenqt0p57f8?imageView2/2/w/120/format/jpg,0,,67904788000000000a036afe,1763797982772,0
67d041b3000000001802d7ac,1741701555000,,678fb6cc000000001800b130,买的j1吗,566d529cb8c8b42a15908fa5,Rosalie巧懿,https://sns-avatar-qc.xhscdn.com/avatar/1040g2jo3114slk1m6k00445uq399p3t5k2e8cio?imageView2/2/w/120/format/jpg,0,,67904788000000000a036afe,1763797982784,0
67d8e87d0000000018028c4f,1742268542000,,678fb6cc000000001800b130,学到了[合十R][合十R][合十R],5c4070d00000000006022a43,酷吃酷玩,https://sns-avatar-qc.xhscdn.com/avatar/1040g2jo3157has1b1c605n20e381kai38rl33no?imageView2/2/w/120/format/jpg,0,,67919e1b000000000a02db7f,1763797982787,0
681206840000000020013cec,1746011781000,,678fb6cc000000001800b130,就不用每天清理了吗,5a07a96711be103e932d8801,momo,https://sns-avatar-qc.xhscdn.com/avatar/1040g2jo31mjkm124kq0049vehhkmf2015ke709g?imageView2/2/w/120/format/jpg,0,,67904788000000000a036afe,1763797982790,0
6897641c000000002a009223,1754752029000,,678fb6cc000000001800b130,@文玄子,62d6703b0000000002002b8c,🍑。卖不掉拉倒手作,https://sns-avatar-qc.xhscdn.com/avatar/6507a2d19e93d5bdfb8a6673.jpg?imageView2/2/w/120/format/jpg,0,,67904788000000000a036afe,1763797984982,0
68976426000000002a00144f,1754752038000,,678fb6cc000000001800b130,@啊啊啊尼亚,62d6703b0000000002002b8c,🍑。卖不掉拉倒手作,https://sns-avatar-qc.xhscdn.com/avatar/6507a2d19e93d5bdfb8a6673.jpg?imageView2/2/w/120/format/jpg,0,,67904788000000000a036afe,1763797984986,0
6897e339000000002a0043a2,1754784569000,,678fb6cc000000001800b130,[点赞R],5f62358e000000000100269c,文玄子,https://sns-avatar-qc.xhscdn.com/avatar/1040g2jo3115rviin6e605nr26m7089ks035hguo?imageView2/2/w/120/format/jpg,0,,6897641c000000002a009223,1763797984991,0
68d9836c0000000001035111,1759085421000,,678fb6cc000000001800b130,学习,5ab69c8fe8ac2b6c45094574,YY🎏,https://sns-avatar-qc.xhscdn.com/avatar/1040g2jo311muubdrn80g4a3snve8uhbkosuus2o?imageView2/2/w/120/format/jpg,0,,67904788000000000a036afe,1763797984995,0
6793663c000000001b034bd4,1737713212000,,678fb6cc000000001800b130,云鲸扫地，小米拖地，扫拖一体的效果不如这样单独的好,642076ca000000001201004d,要饭给为为买迈巴赫,https://sns-avatar-qc.xhscdn.com/avatar/1040g2jo311lj24aq7a605p10er54i02d3ag0ico?imageView2/2/w/120/format/jpg,0,,67935548000000001b01e9cb,1763797987002,52
6793d3b6000000000a02cac8,1737741238000,,678fb6cc000000001800b130,反了吧,5a995aa9e8ac2b56b00bddca,momo,https://sns-avatar-qc.xhscdn.com/avatar/1040g2jo31hgp9pmnjo004a3150dajneat8bv0c8?imageView2/2/w/120/format/jpg,0,,6793663c000000001b034bd4,1763797987432,7
67940a16000000000902395c,1737755159000,,678fb6cc000000001800b130,牛逼可以帮忙找不！哈哈哈,5e647ceb0000000001005470,小红薯5E64FACB,https://sns-avatar-qc.xhscdn.com/avatar/1040g2jo31bi29lejgm005nj4fjlg8l3gs90ipro?imageView2/2/w/120/format/jpg,0,,6793663c000000001b034bd4,1763797987437,0
67941165000000001b03842e,1737757030000,,678fb6cc000000001800b130,前一个帖子写的小米扫地，云鲸拖地，到底是哪个扫地哪个拖地？,5bfa6c63f1a8c70001893c6a,hfwy,https://sns-avatar-qc.xhscdn.com/avatar/0dd6f7e91ce0bea602fbc47515b7c72f.jpg?imageView2/2/w/120/format/jpg,0,,6793663c000000001b034bd4,1763797987442,6
67941c2b0000000021016e88,1737759788000,,678fb6cc000000001800b130,他说反了[笑哭R]就是云鲸拖地，小米扫地，我家都有,5c66ce100000000010037b06,是谁呢,https://sns-avatar-qc.xhscdn.com/avatar/653bbf08bac0f9be9febe217.jpg?imageView2/2/w/120/format/jpg,0,,67941165000000001b03842e,1763797987448,33
67943bf1000000001b03b1bc,1737767921000,,678fb6cc000000001800b130,你家什么型号的？好用吗？,5bfa6c63f1a8c70001893c6a,hfwy,https://sns-avatar-qc.xhscdn.com/avatar/0dd6f7e91ce0bea602fbc47515b7c72f.jpg?imageView2/2/w/120/format/jpg,0,,67941c2b0000000021016e88,1763797987451,0
6794b7900000000021032f60,1737799568000,,678fb6cc000000001800b130,那为什么不云鲸先扫再拖呢,5f1c4a3100000000010055cf,梓航,https://sns-avatar-qc.xhscdn.com/avatar/1040g2jo30o1l7odm1i6g5nos98og8lefh93aeto?imageView2/2/w/120/format/jpg,0,,6793663c000000001b034bd4,1763797989624,1
6796017e000000001b03b609,1737884030000,,678fb6cc000000001800b130,为什么两机分开工作效果好，什么原理[捂脸R]有没科普一下,6436d372000000001400f85c,小红薯 029374017,https://sns-avatar-qc.xhscdn.com/avatar/1040g2jo316l6u9lcje6g5p1mqdp51u2sfirbkgg?imageView2/2/w/120/format/jpg,0,,6793663c000000001b034bd4,1763797989631,2
67cfc89b0000000015001f66,1741670555000,,678fb6cc000000001800b130,[害羞R],5e08926c0000000001003e2c,花,https://sns-avatar-qc.xhscdn.com/avatar/1040g2jo30tqm1pt0ku005ng8i9m08fhcvrgq1dg?imageView2/2/w/120/format/jpg,0,,6793663c000000001b034bd4,1763797989637,0
679f86fc000000001b03431a,1738508029000,,678fb6cc000000001800b130,云鲸1代和2代扫拖模块安装的位置是一样的，只能单扫或者单拖，用云鲸先扫后拖还要更换模块。小米1代清扫能力还行，我的18年用到现在，另外23年买了云鲸2代拖地[笑哭R],5befa735f7e8b92a67267b1f,克莱因的蓝,https://sns-avatar-qc.xhscdn.com/avatar/1040g2jo31617grq5gu604brf28jjauov5bfcphg?imageView2/2/w/120/format/jpg,0,,6794b7900000000021032f60,1763797989641,3
679f8704000000001b03095a,1738508036000,,678fb6cc000000001800b130,云鲸1代和2代扫拖模块安装的位置是一样的，只能单扫或者单拖，用云鲸先扫后拖还要更换模块。小米1代清扫能力还行，我的18年用到现在，另外23年买了云鲸2代拖地[笑哭R],5befa735f7e8b92a67267b1f,克莱因的蓝,https://sns-avatar-qc.xhscdn.com/avatar/1040g2jo31617grq5gu604brf28jjauov5bfcphg?imageView2/2/w/120/format/jpg,0,,6796017e000000001b03b609,1763797989650,3
6791cfcb000000001b0321d8,1737609163000,,678fb6cc000000001800b130,主要还是看使用时间买那种短的,642076ca000000001201004d,要饭给为为买迈巴赫,https://sns-avatar-qc.xhscdn.com/avatar/1040g2jo311lj24aq7a605p10er54i02d3ag0ico?imageView2/2/w/120/format/jpg,0,,6791b864000000001b038bfc,1763797991659,7
67941c7c00000000210170c8,1737759869000,,678fb6cc000000001800b130,你挑使用时长短的，我买2个都是几十个小时、非常新，嘎嘎好用,5c66ce100000000010037b06,是谁呢,https://sns-avatar-qc.xhscdn.com/avatar/653bbf08bac0f9be9febe217.jpg?imageView2/2/w/120/format/jpg,0,,6791b864000000001b038bfc,1763797991851,4
67a616f0000000001602be61,1738938096000,,678fb6cc000000001800b130,请问一代可以拖地吗？问了几个卖家说不能拖,5a9a49c8e8ac2b3e1a4427ef,你的背包,https://sns-avatar-qc.xhscdn.com/avatar/6368e99fe8a18e5d3564807d.jpg?imageView2/2/w/120/format/jpg,0,,67941c7c00000000210170c8,1763797991855,0
67ab4514000000001901603e,1739277588000,,678fb6cc000000001800b130,使用时间咋看[笑哭R],5b986ce5c612460001e2fdce,红豆生南国,https://sns-avatar-qc.xhscdn.com/avatar/1040g2jo319lkuvsrnc6g4audlbmebveeifn01sg?imageView2/2/w/120/format/jpg,0,,6791cfcb000000001b0321d8,1763797991861,0
67dbe14c0000000015028f0d,1742463308000,,678fb6cc000000001800b130,时长不是可以重置吗,5c57e570000000001002aa47,可可爱爱,https://sns-avatar-qc.xhscdn.com/avatar/1040g2jo31dl7k83ogm5g5n2nslo45ai7j5ff4r0?imageView2/2/w/120/format/jpg,0,,6791cfcb000000001b0321d8,1763797991866,0
681ec35200000000070365b7,1746846546000,,678fb6cc000000001800b130,几十个小时的多少钱啊,609514ee000000000100a5a5,会飞的猪🐷,https://sns-avatar-qc.xhscdn.com/avatar/67c1ac5b884b05f8f9fef2b9.jpg?imageView2/2/w/120/format/jpg,0,,67941c7c00000000210170c8,1763797991879,0
67c9911c000000001703242b,1741263132000,,678fb6cc000000001800b130,求门路[飞吻R][飞吻R],5b9fe8e7806b50000189e20d,无邪,https://sns-avatar-qc.xhscdn.com/avatar/1040g2jo31mvrlsni5i6g4b1kvbkefogduo5oejo?imageView2/2/w/120/format/jpg,0,,67941c7c00000000210170c8,1763797994081,0
67c9914700000000120157cf,1741263175000,,678fb6cc000000001800b130,去xian鱼找时常短的就行,5c66ce100000000010037b06,是谁呢,https://sns-avatar-qc.xhscdn.com/avatar/653bbf08bac0f9be9febe217.jpg?imageView2/2/w/120/format/jpg,0,,67c9911c000000001703242b,1763797994085,1
681ece7c0000000009038a8f,1746849404000,,678fb6cc000000001800b130,210-220,5c66ce100000000010037b06,是谁呢,https://sns-avatar-qc.xhscdn.com/avatar/653bbf08bac0f9be9febe217.jpg?imageView2/2/w/120/format/jpg,0,,681ec35200000000070365b7,1763797994092,0
681ecff800000000070348c8,1746849785000,,678fb6cc000000001800b130,真便宜，今天蹲的都是三百多，有些还一千个小时以上了,609514ee000000000100a5a5,会飞的猪🐷,https://sns-avatar-qc.xhscdn.com/avatar/67c1ac5b884b05f8f9fef2b9.jpg?imageView2/2/w/120/format/jpg,0,,681ece7c0000000009038a8f,1763797994098,0
681ed012000000000d01657b,1746849810000,,678fb6cc000000001800b130,我的是1代 不是s,5c66ce100000000010037b06,是谁呢,https://sns-avatar-qc.xhscdn.com/avatar/653bbf08bac0f9be9febe217.jpg?imageView2/2/w/120/format/jpg,0,,681ecff800000000070348c8,1763797994102,0
685383eb0000000020010707,1750303723000,,678fb6cc000000001800b130,这两种现在只能买二手，不会有广子费用的,642076ca000000001201004d,要饭给为为买迈巴赫,https://sns-avatar-qc.xhscdn.com/avatar/1040g2jo311lj24aq7a605p10er54i02d3ag0ico?imageView2/2/w/120/format/jpg,0,,68536d8b00000000200267df,1763797996110,38
685d04e2000000001101bca7,1750926562000,,678fb6cc000000001800b130,为什么只能买二手呀？都断货了嘛？,59c4d8bb44363b342b6a0fe7,小角落,https://sns-avatar-qc.xhscdn.com/avatar/1040g2jo31l6jrlim4q0049qu06cbm3v73ssu56g?imageView2/2/w/120/format/jpg,0,,685383eb0000000020010707,1763797996298,0
68692ba60000000020022933,1751722919000,,678fb6cc000000001800b130,停产了 都到5了[笑哭R]这个是j2,641bc5010000000011020389,caca,https://sns-avatar-qc.xhscdn.com/avatar/1040g2jo31lo39m8jle605p0rok0kc0s992h3cuo?imageView2/2/w/120/format/jpg,0,,685d04e2000000001101bca7,1763797996301,6
6901fa44000000003800cd61,1761737285000,广东,678fb6cc000000001800b130,5不好用吗大家都买旧版,61b49a5a000000001000670c,momo,https://sns-avatar-qc.xhscdn.com/avatar/1040g2jo31lg3s1bc58005odkj9d40pocq2t7d00?imageView2/2/w/120/format/jpg,0,,68692ba60000000020022933,1763797996307,0
690240bf000000003302490c,1761755327000,广西,678fb6cc000000001800b130,5很好用 这个就几百块 便宜才买这个[doge]不然多花8+倍的钱买新的肯定香,641bc5010000000011020389,caca,https://sns-avatar-qc.xhscdn.com/avatar/1040g2jo31lo39m8jle605p0rok0kc0s992h3cuo?imageView2/2/w/120/format/jpg,0,,6901fa44000000003800cd61,1763797996313,1
68662f68000000002000ee54,1751527273000,,678fb6cc000000001800b130,九成新吧。,642076ca000000001201004d,要饭给为为买迈巴赫,https://sns-avatar-qc.xhscdn.com/avatar/1040g2jo311lj24aq7a605p10er54i02d3ag0ico?imageView2/2/w/120/format/jpg,0,,68628fcf000000002002d6a0,1763797998320,0
68663d6900000000200221e1,1751530857000,,678fb6cc000000001800b130,那你的划算，跟着你的帖子抄作业，289买了一个使用15小时的小米1，500买的云鲸[叹气R]同城没蹲到靠谱又实惠的，不过已经比买新款划算了！,5a58695a11be103546c0804c,一只苏西,https://sns-avatar-qc.xhscdn.com/avatar/61b62a133d3805ab698e9c19.jpg?imageView2/2/w/120/format/jpg,0,,68662f68000000002000ee54,1763797998618,0
6867dc2e0000000020021bb4,1751637039000,,678fb6cc000000001800b130,也不错了,642076ca000000001201004d,要饭给为为买迈巴赫,https://sns-avatar-qc.xhscdn.com/avatar/1040g2jo311lj24aq7a605p10er54i02d3ag0ico?imageView2/2/w/120/format/jpg,0,,68663d6900000000200221e1,1763797998621,1
6868fb5800000000200325a9,1751710552000,,678fb6cc000000001800b130,嗯嗯，这几天感觉拖地机简直太棒了！！！！！！家里地板锃光瓦亮！从未有过的干净，对我来说，换换水箱都不算事儿，比自己拖地轻松多了[萌萌哒R],5a58695a11be103546c0804c,一只苏西,https://sns-avatar-qc.xhscdn.com/avatar/61b62a133d3805ab698e9c19.jpg?imageView2/2/w/120/format/jpg,0,,6867dc2e0000000020021bb4,1763797998629,1
6897cef6000000002b006cfd,1754779382000,,678fb6cc000000001800b130,姐妹哪里买到的！,5ff0bf28000000000100acff,啊书,https://sns-avatar-qc.xhscdn.com/avatar/643f8ee02b3ebad5e52d4bea.jpg?imageView2/2/w/120/format/jpg,0,,6868fb5800000000200325a9,1763797998640,0
689ac5640000000029024dc5,1754973540000,,678fb6cc000000001800b130,二手平台呀🐟，小红书看的攻略～,5a58695a11be103546c0804c,一只苏西,https://sns-avatar-qc.xhscdn.com/avatar/61b62a133d3805ab698e9c19.jpg?imageView2/2/w/120/format/jpg,0,,6897cef6000000002b006cfd,1763797998652,0
689af4c2000000002b00a8ce,1754985666000,,678fb6cc000000001800b130,我也买了，不干净[笑哭R][笑哭R] 扫了5次地，拖了6次。光脚踩还是有灰[笑哭R],5ff0bf28000000000100acff,啊书,https://sns-avatar-qc.xhscdn.com/avatar/643f8ee02b3ebad5e52d4bea.jpg?imageView2/2/w/120/format/jpg,0,,689ac5640000000029024dc5,1763798000809,0
68a036a1000000003001d66e,1755330209000,,678fb6cc000000001800b130,[笑哭R][笑哭R][笑哭R]这么不干净嘛[笑哭R]我是刚到家时用强力吸扫过一次，然后湿拖两遍，后面就是正常扫一次，然后拖一次，两三天来一回，感觉还可以[萌萌哒R],5a58695a11be103546c0804c,一只苏西,https://sns-avatar-qc.xhscdn.com/avatar/61b62a133d3805ab698e9c19.jpg?imageView2/2/w/120/format/jpg,0,,689af4c2000000002b00a8ce,1763798000814,0
67d1745d000000001801d359,1741780062000,,678fb6cc000000001800b130,是卖掉了小米扫拖一体机，换了个单纯的小米扫地机,642076ca000000001201004d,要饭给为为买迈巴赫,https://sns-avatar-qc.xhscdn.com/avatar/1040g2jo311lj24aq7a605p10er54i02d3ag0ico?imageView2/2/w/120/format/jpg,0,,67cbfc8d000000001502b3ff,1763798002822,11
67cc2a92000000001702900b,1741433490000,,678fb6cc000000001800b130,没看评论吗，他们说扫地不行，拖地行[笑哭R],5db39de20000000001002f5a,小孟汐,https://sns-avatar-qc.xhscdn.com/avatar/1040g2jo31olathtc066g5ndjjnh08bqqak0uqtg?imageView2/2/w/120/format/jpg,0,,67cbfc8d000000001502b3ff,1763798003037,1
67d123f10000000018004b8c,1741759474000,,678fb6cc000000001800b130,是卖了小米扫拖一体机啦,5b0271de11be104464f79ad7,Kordan,https://sns-avatar-qc.xhscdn.com/avatar/1040g2jo31eaqljgigm6g4a5gotott6mnn33po50?imageView2/2/w/120/format/jpg,0,,67cbfc8d000000001502b3ff,1763798003046,0
688c342200000000290340d8,1754018851000,,678fb6cc000000001800b130,小米扫地机，头发多的话会缠住吗,60222b270000000001001259,婚礼策划师-珈绮,https://sns-avatar-qc.xhscdn.com/avatar/1040g2jo31jiv6an932505o125cjg84ip3g6mhn8?imageView2/2/w/120/format/jpg,0,,67d1745d000000001801d359,1763798003049,0
68b71e87000000000b029ef2,1756831367000,,678fb6cc000000001800b130,会,656c1aea000000001c01858a,王颢环,https://sns-avatar-qc.xhscdn.com/avatar/1040g2jo310tkv1tk6m605pbc3bl731cahsfi378?imageView2/2/w/120/format/jpg,0,,688c342200000000290340d8,1763798003054,0
67ace51c000000001b039ea4,1739384093000,,678fb6cc000000001800b130,不是很划得来  我两百多买的小米扫拖一体机,5ba0b8d053f79f00015ac465,该用户已注销,https://sns-avatar-qc.xhscdn.com/avatar/1040g2jo314d5k8t85s5g4b1spcsd1h35cu9i1eo?imageView2/2/w/120/format/jpg,0,,67aad610000000001803c4f6,1763798005059,10
67ace69000000000180338e7,1739384465000,,678fb6cc000000001800b130,好的谢谢我110收了个小米一代,5b7d6d065036e1000117b96a,🤫,https://sns-avatar-qc.xhscdn.com/avatar/1040g2jo31c4clpsu0s6g4ai745mgdeba4v1cs0g?imageView2/2/w/120/format/jpg,0,,67ace51c000000001b039ea4,1763798005394,3
67ace6b8000000001b03b9a2,1739384504000,,678fb6cc000000001800b130,那还不赖嘞[赞R][赞R],5ba0b8d053f79f00015ac465,该用户已注销,https://sns-avatar-qc.xhscdn.com/avatar/1040g2jo314d5k8t85s5g4b1spcsd1h35cu9i1eo?imageView2/2/w/120/format/jpg,0,,67ace69000000000180338e7,1763798005398,0
67b1a6520000000016013239,1739695699000,,678fb6cc000000001800b130,好用吗会有问题,59fbd29be8ac2b5a9c0e6f03,💕极度恶毒却又过分美丽,https://sns-avatar-qc.xhscdn.com/avatar/1040g2jo31p10hgo3io0049v4qp99mro3o4e4aa0?imageView2/2/w/120/format/jpg,0,,67ace69000000000180338e7,1763798005405,0
67b1abd800000000190165f2,1739697112000,,678fb6cc000000001800b130,还没到几千公里[笑哭R],5b7d6d065036e1000117b96a,🤫,https://sns-avatar-qc.xhscdn.com/avatar/1040g2jo31c4clpsu0s6g4ai745mgdeba4v1cs0g?imageView2/2/w/120/format/jpg,0,,67b1a6520000000016013239,1763798005410,0
67b751400000000018034727,1740067137000,,678fb6cc000000001800b130,到了吗姐妹好用吗,607edc520000000001008892,橙Lynn,https://sns-avatar-qc.xhscdn.com/avatar/607edc520000000001008892.jpg?imageView2/2/w/120/format/jpg,0,,67b1abd800000000190165f2,1763798005416,0
681f1c87000000000401be56,1746869384000,,678fb6cc000000001800b130,我怎么一代也搜出来要200多啊,60b98a5a000000000100277f,长安,https://sns-avatar-qc.xhscdn.com/avatar/1040g2jo31etm89lime705o5ph9d089rvgr8lq1o?imageView2/2/w/120/format/jpg,0,,67ace69000000000180338e7,1763798007643,1
68287c9b000000000103c960,1747483804000,,678fb6cc000000001800b130,姐妹可以问下你买的什么型号嘛,5c04240f0000000007007351,樂0,https://sns-avatar-qc.xhscdn.com/avatar/63163443185ca4c66959d030.jpg?imageView2/2/w/120/format/jpg,0,,67ace51c000000001b039ea4,1763798007652,0
68287d71000000000d0155c3,1747484017000,,678fb6cc000000001800b130,哪一个？,5ba0b8d053f79f00015ac465,该用户已注销,https://sns-avatar-qc.xhscdn.com/avatar/1040g2jo314d5k8t85s5g4b1spcsd1h35cu9i1eo?imageView2/2/w/120/format/jpg,0,,68287c9b000000000103c960,1763798007671,0
686e84c0000000000901607b,1752073409000,,678fb6cc000000001800b130,姐妹，啥型号？,58632ea26a6a693edf9c54f2,暴食姐,https://sns-avatar-qc.xhscdn.com/avatar/1040g2jo317tp46c6466049075ana4l7i5ka1310?imageView2/2/w/120/format/jpg,0,,67ace51c000000001b039ea4,1763798007692,0
686f4e4f000000000602f300,1752125009000,,678fb6cc000000001800b130,,5ba0b8d053f79f00015ac465,该用户已注销,https://sns-avatar-qc.xhscdn.com/avatar/1040g2jo314d5k8t85s5g4b1spcsd1h35cu9i1eo?imageView2/2/w/120/format/jpg,0,http://sns-webpic-qc.xhscdn.com/202511221553/d074f322863c40b4bab32a0d19f35cc3/comment/1040g2h031jocho382a6g4b1spcsd1h3525u2lso!nd_whgt34_webp_wm_1,686e84c0000000000901607b,1763798007705,0
67b7663d000000001901506a,1740072510000,,678fb6cc000000001800b130,嘎嘎好用[扯脸H],5b7d6d065036e1000117b96a,🤫,https://sns-avatar-qc.xhscdn.com/avatar/1040g2jo31c4clpsu0s6g4ai745mgdeba4v1cs0g?imageView2/2/w/120/format/jpg,0,,67b751400000000018034727,1763798009914,1
67b7c96b0000000019002f95,1740097900000,,678fb6cc000000001800b130,👌[飞吻R],607edc520000000001008892,橙Lynn,https://sns-avatar-qc.xhscdn.com/avatar/607edc520000000001008892.jpg?imageView2/2/w/120/format/jpg,0,,67b7663d000000001901506a,1763798009917,0
690953ca0000000033020fb3,1762218955000,湖北,678fb6cc000000001800b130,对,642076ca000000001201004d,要饭给为为买迈巴赫,https://sns-avatar-qc.xhscdn.com/avatar/1040g2jo311lj24aq7a605p10er54i02d3ag0ico?imageView2/2/w/120/format/jpg,0,,6908a6440000000039027365,1763798011925,0
690999cb000000003902af65,1762236875000,江苏,678fb6cc000000001800b130,谢谢[吧唧R],5dc12e210000000001008550,susuna🥔,https://sns-avatar-qc.xhscdn.com/avatar/1040g2jo317jp35v80o005ne15ogg91agaafj21g?imageView2/2/w/120/format/jpg,0,,690953ca0000000033020fb3,1763798012149,0
69099bb4000000003902f3e5,1762237365000,江苏,678fb6cc000000001800b130,请问这俩需要定期跟换什么配件之类的吗？,5dc12e210000000001008550,susuna🥔,https://sns-avatar-qc.xhscdn.com/avatar/1040g2jo317jp35v80o005ne15ogg91agaafj21g?imageView2/2/w/120/format/jpg,0,,690953ca0000000033020fb3,1763798012154,0
6819c88b000000000400ea2f,1746520203000,,678fb6cc000000001800b130,对,642076ca000000001201004d,要饭给为为买迈巴赫,https://sns-avatar-qc.xhscdn.com/avatar/1040g2jo311lj24aq7a605p10er54i02d3ag0ico?imageView2/2/w/120/format/jpg,0,,67d22b5300000000150290b8,1763798014166,0
68185e64000000001e018d74,1746427493000,,678fb6cc000000001800b130,他这个好像是小米1不是1s,60cb2d5e000000000100611f,米粒,https://sns-avatar-qc.xhscdn.com/avatar/60cb2d5e000000000100611f.jpg?imageView2/2/w/120/format/jpg,0,,67d22b5300000000150290b8,1763798014329,0
687c3c7c0000000001022357,1752972412000,,678fb6cc000000001800b130,对,642076ca000000001201004d,要饭给为为买迈巴赫,https://sns-avatar-qc.xhscdn.com/avatar/1040g2jo311lj24aq7a605p10er54i02d3ag0ico?imageView2/2/w/120/format/jpg,0,,687bdb12000000000200795e,1763798016335,0
68a3e6cd000000002603a5b2,1755571918000,,678fb6cc000000001800b130,是一米一代还是1S还是G1呢[哭惹R],5e4405930000000001007ea0,璎珞。,https://sns-avatar-qc.xhscdn.com/avatar/5e4405930000000001007ea0.jpg?imageView2/2/w/120/format/jpg,0,,687c3c7c0000000001022357,1763798016581,0
68429060000000001c029924,1749192801000,,68415e84000000000303e7e1,618来临还有额外🎁！现在报【jojo爱家居】就可以获得价值270元季度配件礼包一份！,5cf3d38f0000000005035b2c,JoJo爱家居,https://sns-avatar-qc.xhscdn.com/avatar/621f1d5ee61c896a29b6f0f2.jpg?imageView2/2/w/120/format/jpg,0,,0,1763798020893,3
684307e6000000000802541f,1749223399000,,68415e84000000000303e7e1,"～好多专业名词，听不懂，你就说真的好用么，可以冲不

",5f7486ef0000000001000452,卡布达,https://sns-avatar-qc.xhscdn.com/avatar/1040g2jo31j68mhqj30005nrkgrng812iq0dl1co?imageView2/2/w/120/format/jpg,2,,0,1763798020896,0
684269e6000000000702aa18,1749182950000,,68415e84000000000303e7e1,有国补吗,677e490f0000000008014613,用户已注销,https://sns-avatar-qc.xhscdn.com/avatar/645b7efe1fc3de4c930effac.jpg?imageView2/2/w/120/format/jpg,1,,0,1763798020903,2
6842667e000000000b02fdbe,1749182079000,,68415e84000000000303e7e1,有总结侠吗,639d7e510000000026007826,李卯然,https://sns-avatar-qc.xhscdn.com/avatar/1040g2jo31lp526s3585g5ostfp8pgu16bvssbko?imageView2/2/w/120/format/jpg,1,,0,1763798020908,1
684789900000000003036bca,1749518737000,,68415e84000000000303e7e1,基站能智能清洗吗[doge][抓狂R],660cf4a2000000000b00d552,🌈  ᑋᵉᑊᑊᵒ,https://sns-avatar-qc.xhscdn.com/avatar/1040g2jo31o8o016kmm5g5pgcuih2plai9a3jjkg?imageView2/2/w/120/format/jpg,1,,0,1763798020913,0
6842e9a8000000000b017964,1749215657000,,68415e84000000000303e7e1,X50pro增强版有国补吗,5fb4e888000000000101eeb8,花,https://sns-avatar-qc.xhscdn.com/avatar/60e5753d06ca76963cf07baf.jpg?imageView2/2/w/120/format/jpg,1,,0,1763798020920,0
6841b51d000000000b016017,1749136669000,,68415e84000000000303e7e1,有国补吗[微笑R],622da629000000001000f7a6,Kudi,https://sns-avatar-qc.xhscdn.com/avatar/1040g2jo313i5c5tvhe005ohdkokk1tt61oh2qv0?imageView2/2/w/120/format/jpg,1,,0,1763798020926,0
6845d173000000000b01c8df,1749406067000,,68415e84000000000303e7e1,三角洲玩家出来吧，要不然出不了复苏呼吸机和心,6619cbd20000000003032446,三月妻,https://sns-avatar-qc.xhscdn.com/avatar/1040g2jo31lc5nkislo6g5pgppf90u926kp70810?imageView2/2/w/120/format/jpg,0,,0,1763798020929,3
68b86a69000000000b0283af,1756916329000,,68415e84000000000303e7e1,和科沃斯t80s哪个好,5a2a470c4eacab1f156e4753,哗姬爱,https://sns-avatar-qc.xhscdn.com/avatar/529594cd91bbf4c43608131bf9134bdc.jpg?imageView2/2/w/120/format/jpg,0,,0,1763798020934,0
68ae7dad0000000030020ab3,1756265901000,,68415e84000000000303e7e1,前年买的x30pro，挺好用的，就是当年老贵了。,5a536b90e8ac2b3bce7831c9,啥也不想买,https://sns-avatar-qc.xhscdn.com/avatar/5a536c13b46c5d20de6edf3a.jpg?imageView2/2/w/120/format/jpg,0,,0,1763798020941,0
68438285000000001c030f74,1749254790000,,68415e84000000000303e7e1,可以冲～,5cf3d38f0000000005035b2c,JoJo爱家居,https://sns-avatar-qc.xhscdn.com/avatar/621f1d5ee61c896a29b6f0f2.jpg?imageView2/2/w/120/format/jpg,0,,684307e6000000000802541f,1763798022948,0
68454e370000000007036526,1749372472000,,68415e84000000000303e7e1,我1、卜/0,639ee0c1000000002702810a,小鱼宝,https://sns-avatar-qc.xhscdn.com/avatar/1040g2jo31coil1snh26g5osus30pt08a1cbaud8?imageView2/2/w/120/format/jpg,0,,684307e6000000000802541f,1763798023183,0
6842ab88000000001c029886,1749199753000,,68415e84000000000303e7e1,有,5cf3d38f0000000005035b2c,JoJo爱家居,https://sns-avatar-qc.xhscdn.com/avatar/621f1d5ee61c896a29b6f0f2.jpg?imageView2/2/w/120/format/jpg,0,,684269e6000000000702aa18,1763798025187,0
6842ac25000000001c01d77c,1749199909000,,68415e84000000000303e7e1,结尾有哦～,5cf3d38f0000000005035b2c,JoJo爱家居,https://sns-avatar-qc.xhscdn.com/avatar/621f1d5ee61c896a29b6f0f2.jpg?imageView2/2/w/120/format/jpg,0,,6842667e000000000b02fdbe,1763798025190,0
6848f6f8000000001c01f78e,1749612281000,,68415e84000000000303e7e1,三款都能,5cf3d38f0000000005035b2c,JoJo爱家居,https://sns-avatar-qc.xhscdn.com/avatar/621f1d5ee61c896a29b6f0f2.jpg?imageView2/2/w/120/format/jpg,0,,684789900000000003036bca,1763798025197,0
6843829b000000001c015095,1749254812000,,68415e84000000000303e7e1,有,5cf3d38f0000000005035b2c,JoJo爱家居,https://sns-avatar-qc.xhscdn.com/avatar/621f1d5ee61c896a29b6f0f2.jpg?imageView2/2/w/120/format/jpg,0,,6842e9a8000000000b017964,1763798025206,0
6848f786000000001c0353a0,1749612423000,,68415e84000000000303e7e1,有,5cf3d38f0000000005035b2c,JoJo爱家居,https://sns-avatar-qc.xhscdn.com/avatar/621f1d5ee61c896a29b6f0f2.jpg?imageView2/2/w/120/format/jpg,0,,6841b51d000000000b016017,1763798025219,0
6844608d0000000003036343,1749311630000,,68415e84000000000303e7e1,[哭惹R],677caf23000000001801f164,大牛,https://sns-avatar-qc.xhscdn.com/avatar/1040g2jo31kn8gnjjio605prslshm3sb40tj1ob0?imageView2/2/w/120/format/jpg,0,,0,1763798025491,0
6843ab4a000000000b02e112,1749265227000,,68415e84000000000303e7e1,这个价格？,61bc7572000000001000cb68,元价,https://sns-avatar-qc.xhscdn.com/avatar/1040g2jo31nqlpkg3mg605odselp41ir8qagp8sg?imageView2/2/w/120/format/jpg,0,,0,1763798025495,1
68430ab0000000001c01c4a7,1749224113000,,68415e84000000000303e7e1,推荐下洗碗机,5715b0c21c07df499008f99e,优格tt,https://sns-avatar-qc.xhscdn.com/avatar/5f40a02b2dc06a00017bb5b7.jpg?imageView2/2/w/120/format/jpg,0,,0,1763798025500,0
6842cac4000000000103cdb3,1749207749000,,68415e84000000000303e7e1,我家用的就是诶，真的好用[派对R],670d1190000000001d033e89,舒.,https://sns-avatar-qc.xhscdn.com/avatar/1040g2jo31nqprrs45m6g5pod2687efk90ntv618?imageView2/2/w/120/format/jpg,0,,0,1763798025504,0
6842af79000000001c035d89,1749200761000,,68415e84000000000303e7e1,有没有不刮瓷砖的啊，会先用吸尘器吸，但是扫地机还是刮瓷砖[哭惹R][哭惹R],616e500a000000000201e13b,◤我想拥抱整个宇宙◢,https://sns-avatar-qc.xhscdn.com/avatar/63948f646978f0162eee9cbc.jpg?imageView2/2/w/120/format/jpg,0,,0,1763798025509,0
684289e8000000000702859b,1749191144000,,68415e84000000000303e7e1,俺选s50pro  俺喜欢白色,57d34f74a9b2ed79773cba47,快乐王子,https://sns-avatar-qc.xhscdn.com/avatar/1040g2jo31oblfr3q6g0048mdtt7n9ei782joooo?imageView2/2/w/120/format/jpg,0,,0,1763798025518,0
684266e2000000000b01f1ed,1749182178000,,68415e84000000000303e7e1,买哪个,60bb1b12000000002002d41f,平安,https://sns-avatar-qc.xhscdn.com/avatar/60bb1b12000000002002d41f.jpg?imageView2/2/w/120/format/jpg,0,,0,1763798025524,1
684266a3000000001c030319,1749182115000,,68415e84000000000303e7e1,科沃斯呢,5ff11f72000000000100bb9d,＠★清澄的琉璃色★＠,https://sns-avatar-qc.xhscdn.com/avatar/1000g2jo2ik8cmr0ii0505nvh3tp09ests6f41p0?imageView2/2/w/120/format/jpg,0,,0,1763798025530,1
68451300000000000103d07c,1749357312000,,68415e84000000000303e7e1,想看冰箱测评,66235f2c000000000303088e,大美,https://sns-avatar-qc.xhscdn.com/avatar/1040g2jo31fd93t9v6i605ph3bsm0u24eu39skb0?imageView2/2/w/120/format/jpg,0,,0,1763798025535,0
6842676b000000000b01d838,1749182316000,,68415e84000000000303e7e1,追觅的缠头发不,60834e900000000001001294,大海,https://sns-avatar-qc.xhscdn.com/avatar/60834e900000000001001294.jpg?imageView2/2/w/120/format/jpg,1,,0,1763798025540,1
6842ac0d000000001c034191,1749199886000,,68415e84000000000303e7e1,不缠,5cf3d38f0000000005035b2c,JoJo爱家居,https://sns-avatar-qc.xhscdn.com/avatar/621f1d5ee61c896a29b6f0f2.jpg?imageView2/2/w/120/format/jpg,0,,6842676b000000000b01d838,1763798027543,0
684266b8000000000d016b1a,1749182137000,,68415e84000000000303e7e1,怎么没有石头,63e5cc530000000026005cc3,兔兔,https://sns-avatar-qc.xhscdn.com/avatar/1040g2jo31m97tua9kq6g5ov5ph9pgn639ll59qo?imageView2/2/w/120/format/jpg,0,,0,1763798027793,1
64562cb4000000000a0006ab,1683369140000,,645622c7000000001303130f,感觉石头赢了,59d4dfb7de5fb47b33ed72c8,垂直起降的航班,https://sns-avatar-qc.xhscdn.com/avatar/1040g2jo31f8iq3vf6o6g49s50ifresm82am38qo?imageView2/2/w/120/format/jpg,11,,0,1763798032143,47
6468640c000000001801ece5,1684562956000,,645622c7000000001303130f,两百平房子买哪个可以用一次中途不用充电的？,5b1b23ba4eacab1accddacdf,爱吃桃子,https://sns-avatar-qc.xhscdn.com/avatar/1040g2jo31buc8u6lge004a62srhrlb6vg8idjgg?imageView2/2/w/120/format/jpg,11,,0,1763798032147,1
64581f340000000015006af0,1683496756000,,645622c7000000001303130f,我买的水渍特别严重,5f870c34000000000101e8f6,清蒸白龙马,https://sns-avatar-qc.xhscdn.com/avatar/604ccbeb3997371cd4f92c9a.jpg?imageView2/2/w/120/format/jpg,5,,0,1763798032152,2
6456270b000000001803b50d,1683367691000,,645622c7000000001303130f,好棒但是我还是不知道该选哪个,5f2f535e0000000001008e56,一只菠萝🍍,https://sns-avatar-qc.xhscdn.com/avatar/1040g2jo30p7qk22r446g5npfadf093imo49nl0g?imageView2/2/w/120/format/jpg,4,,0,1763798032161,4
6456d928000000000a00117c,1683413288000,,645622c7000000001303130f,哪款可以清洁地毯？,5f7b4ae7000000000101ede0,ZC,https://sns-avatar-qc.xhscdn.com/avatar/5f7b4ae7000000000101ede0.jpg?imageView2/2/w/120/format/jpg,5,,0,1763798032165,0
64566ce8000000000700be3a,1683385576000,,645622c7000000001303130f,那和云鲸3比呢,56a0463784edcd0f2c93540b,方方,https://sns-avatar-qc.xhscdn.com/avatar/1040g2jo30oq690tv3c00458a8i33el0bjm67vvo?imageView2/2/w/120/format/jpg,2,,0,1763798032174,6
64fea8d6000000002000a6fe,1694410966000,,645622c7000000001303130f,请问污水桶不能及时倒的话会臭么？因为想没人在家的时候每天拖，但污水倒不了，不知道一周不倒会不会臭死人[哭惹R],5b41a0cae8ac2b743ea6b708,花,https://sns-avatar-qc.xhscdn.com/avatar/5b41a0cae8ac2b743ea6b708.jpg?imageView2/2/w/120/format/jpg,3,,0,1763798032179,1
6458922f000000001403bc40,1683526191000,,645622c7000000001303130f,我想看石头p20和云鲸j3比较,5a542a9b4eacab7c3894a5c5,筱卉,https://sns-avatar-qc.xhscdn.com/avatar/5e5e432d4c69ae000170aaac.jpg?imageView2/2/w/120/format/jpg,2,,0,1763798032184,3
6456651e000000000702000f,1683383582000,,645622c7000000001303130f,追觅洗拖布没有石头干净吗,57cbfc4f82ec393c0368e1b0,一粒小星星🌠,https://sns-avatar-qc.xhscdn.com/avatar/639b25258fba6d38fbad2dad.jpg?imageView2/2/w/120/format/jpg,3,,0,1763798032190,0
65d3110a000000000503a6e4,1708331274000,,645622c7000000001303130f,我在纠结云鲸的J四和可沃斯的T 30Pro，用过的吗？可以帮推荐一下优缺点。,60b39f48000000000101e18b,宥成小宝,https://sns-avatar-qc.xhscdn.com/avatar/1040g2jo312ium8uani0g5o5jjt40bocbssaa88g?imageView2/2/w/120/format/jpg,2,,0,1763798032195,0
64567467000000000b033c82,1683387495000,,645622c7000000001303130f,如果是毛刷就更好了,5ac650954eacab4a8eed2398,老娘不开心,https://sns-avatar-qc.xhscdn.com/avatar/1040g2jo312vq0djb6a004a4acp89a8so6muh5f8?imageView2/2/w/120/format/jpg,0,,64562cb4000000000a0006ab,1763798034200,3
645681f1000000000602079c,1683390961000,,645622c7000000001303130f,有人说会刮花地板,5cc7a7d600000000160203da,小橙子🍊(装修过程),https://sns-avatar-qc.xhscdn.com/avatar/6409f3c32a05a5c7c47e7ed5.jpg?imageView2/2/w/120/format/jpg,0,,64562cb4000000000a0006ab,1763798034445,7
6456fc98000000000a007e15,1683422360000,,645622c7000000001303130f,双圆盘的一般不刮 但是哪台也能有小石子之类的卷进去,5dd376730000000001009984,土土不土,https://sns-avatar-qc.xhscdn.com/avatar/613eec374bd997a07591c582.jpg?imageView2/2/w/120/format/jpg,0,,645681f1000000000602079c,1763798034450,4
645cbebd0000000015006c25,1683799741000,,645622c7000000001303130f,如果石头也有55度洗抹布 语音操作 保留视频功能就好了 当然价格也会相应的上去[doge],624c16d600000000210295e7,喜当姥,https://sns-avatar-qc.xhscdn.com/avatar/62989d8d904622d829d02bed.jpg?imageView2/2/w/120/format/jpg,0,,64562cb4000000000a0006ab,1763798034456,7
645cc7680000000012025f86,1683801960000,,645622c7000000001303130f,老说实话[偷笑R],5dd376730000000001009984,土土不土,https://sns-avatar-qc.xhscdn.com/avatar/613eec374bd997a07591c582.jpg?imageView2/2/w/120/format/jpg,0,,645cbebd0000000015006c25,1763798034462,3
6465d10a000000001700a4e0,1684394250000,,645622c7000000001303130f,所以是不是石头P20最好,5f2fe94a000000000100ac52,momo,https://sns-avatar-qc.xhscdn.com/avatar/1040g2jo319hg8gne6q6g5npft5509b2ib51rc40?imageView2/2/w/120/format/jpg,0,,6456fc98000000000a007e15,1763798034470,1
6467a254000000001403bdef,1684513364000,,645622c7000000001303130f,石头都p20了 我家买的 可 优秀了,5e18437d0000000001005833,rull,https://sns-avatar-qc.xhscdn.com/avatar/1040g2jo312hcij2u76005ngo8dug8m1j7k6ceb8?imageView2/2/w/120/format/jpg,0,,64562cb4000000000a0006ab,1763798036686,1
646b1f7b000000000a0001bf,1684742011000,,645622c7000000001303130f,g20还是p20啊？,5f3791e3000000000101ce74,有灯,https://sns-avatar-qc.xhscdn.com/avatar/62836f536c6bc68de835cbda.jpg?imageView2/2/w/120/format/jpg,0,,6467a254000000001403bdef,1763798036692,1
646b35a5000000001202644a,1684747685000,,645622c7000000001303130f,g20 p10,5dd376730000000001009984,土土不土,https://sns-avatar-qc.xhscdn.com/avatar/613eec374bd997a07591c582.jpg?imageView2/2/w/120/format/jpg,0,,646b1f7b000000000a0001bf,1763798036702,0
646ed2ec000000001603595e,1684984556000,,645622c7000000001303130f,视频功能没啥用我觉得。55度那个可以，感觉洗的更干净。,5c2a39a600000000050337fb,菜菜,https://sns-avatar-qc.xhscdn.com/avatar/5c2a39a600000000050337fb.jpg?imageView2/2/w/120/format/jpg,0,,645cbebd0000000015006c25,1763798036714,1
64d8ccc0000000001803a90e,1691929792000,,645622c7000000001303130f,是不是另一款G20的会刮花地板啊？,592654196a6a69741ffd5c92,宇宙无敌超级美少女,https://sns-avatar-qc.xhscdn.com/avatar/5bed30b8ff319800015ca5a7.jpg?imageView2/2/w/120/format/jpg,0,,6456fc98000000000a007e15,1763798036721,0
64686730000000001a013eb9,1684563760000,,645622c7000000001303130f,这个我还真不知道[笑哭R] 房子没那么大,5dd376730000000001009984,土土不土,https://sns-avatar-qc.xhscdn.com/avatar/613eec374bd997a07591c582.jpg?imageView2/2/w/120/format/jpg,0,,6468640c000000001801ece5,1763798038728,3
646b4a280000000012025611,1684752936000,,645622c7000000001303130f,没有，带拖扫和自清洁的顶多100多平（实际清扫面积，不是套内面积）,5c6797d00000000011032cbf,andyyu,https://sns-avatar-qc.xhscdn.com/avatar/1040g2jo30vu3mp1alq005n37iv84eb5vj3akij8?imageView2/2/w/120/format/jpg,0,,6468640c000000001801ece5,1763798038933,1
646c4bae00000000170072e1,1684818862000,,645622c7000000001303130f,p10自动扫拖模式勉强走完 精细的不行,5d9052ab0000000001019166,点石成金,https://sns-avatar-qc.xhscdn.com/avatar/1040g2jo318tqsgh0jk005ncgaalgb4b6rv7661g?imageView2/2/w/120/format/jpg,0,,646b4a280000000012025611,1763798038941,1
646c5a37000000000a0053ae,1684822583000,,645622c7000000001303130f,这么屌吗,5c6797d00000000011032cbf,andyyu,https://sns-avatar-qc.xhscdn.com/avatar/1040g2jo30vu3mp1alq005n37iv84eb5vj3akij8?imageView2/2/w/120/format/jpg,0,,646c4bae00000000170072e1,1763798038946,0
646dd7be000000000a00688e,1684920254000,,645622c7000000001303130f,我家147平，追觅拖完还剩50%电量,592b935c7fc5b84198a729b5,小红薯17C2A6FF,https://sns-avatar-qc.xhscdn.com/avatar/645b7f83b46568f580649586.jpg?imageView2/2/w/120/format/jpg,0,,6468640c000000001801ece5,1763798038955,1
648080ff0000000019035cbc,1686143231000,,645622c7000000001303130f,买两个,5bdee609b86ade000113c28a,古屋古,https://sns-avatar-qc.xhscdn.com/avatar/6113cfdc6a7075fb66b0aa2e.jpg?imageView2/2/w/120/format/jpg,0,,6468640c000000001801ece5,1763798038960,0
6496b562000000001803a956,1687598434000,,645622c7000000001303130f,147事建筑面积吧？,5c6797d00000000011032cbf,andyyu,https://sns-avatar-qc.xhscdn.com/avatar/1040g2jo30vu3mp1alq005n37iv84eb5vj3akij8?imageView2/2/w/120/format/jpg,0,,646dd7be000000000a00688e,1763798041159,0
653fab3e000000002100a6d8,1698671422000,,645622c7000000001303130f,姐妹，你家是追觅哪款，扫拖都完成后还剩50%电吗？,5687919b5e87e76e75b23ac0,有一首歌叫_遇见,https://sns-avatar-qc.xhscdn.com/avatar/411309441983cdc4ce073ff8da73b5b6.jpg?imageView2/2/w/120/format/jpg,0,,646dd7be000000000a00688e,1763798041164,0
653fab5d000000002202f096,1698671453000,,645622c7000000001303130f,s10，2022年双十一买的了,592b935c7fc5b84198a729b5,小红薯17C2A6FF,https://sns-avatar-qc.xhscdn.com/avatar/645b7f83b46568f580649586.jpg?imageView2/2/w/120/format/jpg,0,,653fab3e000000002100a6d8,1763798041167,1
653fab79000000000403bea1,1698671481000,,645622c7000000001303130f,对，建筑面积,592b935c7fc5b84198a729b5,小红薯17C2A6FF,https://sns-avatar-qc.xhscdn.com/avatar/645b7f83b46568f580649586.jpg?imageView2/2/w/120/format/jpg,0,,6496b562000000001803a956,1763798041172,0
653fac330000000021006f2b,1698671667000,,645622c7000000001303130f,好的谢谢，求问噪音大吗[飞吻R]非常感谢,5687919b5e87e76e75b23ac0,有一首歌叫_遇见,https://sns-avatar-qc.xhscdn.com/avatar/411309441983cdc4ce073ff8da73b5b6.jpg?imageView2/2/w/120/format/jpg,0,,653fab5d000000002202f096,1763798041178,0
64585394000000000a00575f,1683510164000,,645622c7000000001303130f,瓷砖会明显点 但是也不会很严重呀 你调调看,5dd376730000000001009984,土土不土,https://sns-avatar-qc.xhscdn.com/avatar/613eec374bd997a07591c582.jpg?imageView2/2/w/120/format/jpg,0,,64581f340000000015006af0,1763798043185,0
64585929000000000a006a8d,1683511593000,,645622c7000000001303130f,你看看我主页视频,5f870c34000000000101e8f6,清蒸白龙马,https://sns-avatar-qc.xhscdn.com/avatar/604ccbeb3997371cd4f92c9a.jpg?imageView2/2/w/120/format/jpg,0,,64585394000000000a00575f,1763798043369,0
64586f09000000001803ab27,1683517193000,,645622c7000000001303130f,你的配音快把我吓死了[笑哭R][笑哭R][笑哭R][笑哭R],5dd376730000000001009984,土土不土,https://sns-avatar-qc.xhscdn.com/avatar/613eec374bd997a07591c582.jpg?imageView2/2/w/120/format/jpg,0,,64585929000000000a006a8d,1763798043382,4
6485c28a000000000a006815,1686487690000,,645622c7000000001303130f,哈哈哈哈哈为你这句评论特地去听了听，哈哈哈哈哈,592170b95e87e72c9655038e,太阳宝宝,https://sns-avatar-qc.xhscdn.com/avatar/6051d7ea603bb70001c4ea78.jpg?imageView2/2/w/120/format/jpg,0,,64586f09000000001803ab27,1763798043384,0
6485e8a3000000000a0069b7,1686497443000,,645622c7000000001303130f,哈哈哈哈哈哈,5dd376730000000001009984,土土不土,https://sns-avatar-qc.xhscdn.com/avatar/613eec374bd997a07591c582.jpg?imageView2/2/w/120/format/jpg,0,,6485c28a000000000a006815,1763798043391,0
6456277600000000150050d8,1683367798000,,645622c7000000001303130f,一看预算 二看想要的优点 三看不能接受的缺点,5dd376730000000001009984,土土不土,https://sns-avatar-qc.xhscdn.com/avatar/613eec374bd997a07591c582.jpg?imageView2/2/w/120/format/jpg,0,,6456270b000000001803b50d,1763798045399,1
645891470000000014034f58,1683525959000,,645622c7000000001303130f,还要看位置，我家的柜子留小留窄了，现在只能选择追觅[偷笑R],559e7e0ef5a2633b85df03aa,momo,https://sns-avatar-qc.xhscdn.com/avatar/1040g2jo31jrfluojio5g40uef0v0s0tamkj221g?imageView2/2/w/120/format/jpg,0,,6456277600000000150050d8,1763798045597,0
64589973000000001803be56,1683528051000,,645622c7000000001303130f,[笑哭R][笑哭R]对对对,5dd376730000000001009984,土土不土,https://sns-avatar-qc.xhscdn.com/avatar/613eec374bd997a07591c582.jpg?imageView2/2/w/120/format/jpg,0,,645891470000000014034f58,1763798045600,0
646e0bd1000000001801da00,1684933585000,,645622c7000000001303130f,请问哪个不刮地板啊？谢谢，都能进床底吗,5f164fa500000000010028e3,小花生的妈妈,https://sns-avatar-qc.xhscdn.com/avatar/1040g2jo30os7gt543a0g5nom9uig8a73fcds2fg?imageView2/2/w/120/format/jpg,0,,6456277600000000150050d8,1763798045609,0
6456fc5b0000000018039fc9,1683422299000,,645622c7000000001303130f,都行,5dd376730000000001009984,土土不土,https://sns-avatar-qc.xhscdn.com/avatar/613eec374bd997a07591c582.jpg?imageView2/2/w/120/format/jpg,0,,6456d928000000000a00117c,1763798047615,0
645786d7000000001501319a,1683457751000,,645622c7000000001303130f,可以代替人工清洗吗？,5f7b4ae7000000000101ede0,ZC,https://sns-avatar-qc.xhscdn.com/avatar/5f7b4ae7000000000101ede0.jpg?imageView2/2/w/120/format/jpg,0,,6456fc5b0000000018039fc9,1763798047812,0
645853740000000012027c66,1683510132000,,645622c7000000001303130f,不能 是大力吸尘,5dd376730000000001009984,土土不土,https://sns-avatar-qc.xhscdn.com/avatar/613eec374bd997a07591c582.jpg?imageView2/2/w/120/format/jpg,0,,645786d7000000001501319a,1763798047818,0
6458a7b0000000001403cc0a,1683531696000,,645622c7000000001303130f,看来还得拿喷枪洗啊,5f7b4ae7000000000101ede0,ZC,https://sns-avatar-qc.xhscdn.com/avatar/5f7b4ae7000000000101ede0.jpg?imageView2/2/w/120/format/jpg,0,,645853740000000012027c66,1763798047827,0
6458f2430000000015006cea,1683550787000,,645622c7000000001303130f,是的呀 洗只能是动手啦,5dd376730000000001009984,土土不土,https://sns-avatar-qc.xhscdn.com/avatar/613eec374bd997a07591c582.jpg?imageView2/2/w/120/format/jpg,0,,6458a7b0000000001403cc0a,1763798047830,0
6456fcc90000000015004c58,1683422409000,,645622c7000000001303130f,我选择有自动集尘的,5dd376730000000001009984,土土不土,https://sns-avatar-qc.xhscdn.com/avatar/613eec374bd997a07591c582.jpg?imageView2/2/w/120/format/jpg,0,,64566ce8000000000700be3a,1763798049837,7
64c5bead000000001501d7d5,1690681005000,,645622c7000000001303130f,真的要集尘！,57b154276a6a69042b55c6bd,欣欣洋,https://sns-avatar-qc.xhscdn.com/avatar/1040g2jo31hb5ttqgjo0048l2ila2fhltsfvkmfo?imageView2/2/w/120/format/jpg,0,,6456fcc90000000015004c58,1763798050040,0
64fed754000000001303e645,1694422868000,,645622c7000000001303130f,其实我经常一周才倒[笑哭R][笑哭R][笑哭R]密封的没事 平时不臭 倒的时候如果很脏的话会臭 加清洁液经常擦不是很脏的情况就不臭,5dd376730000000001009984,土土不土,https://sns-avatar-qc.xhscdn.com/avatar/613eec374bd997a07591c582.jpg?imageView2/2/w/120/format/jpg,0,,64fea8d6000000002000a6fe,1763798052045,1
64fedaa4000000002000bc65,1694423716000,,645622c7000000001303130f,如果是这样的话那就不必要上下水里，毕竟贵那么多还容易出问题,5b41a0cae8ac2b743ea6b708,花,https://sns-avatar-qc.xhscdn.com/avatar/5b41a0cae8ac2b743ea6b708.jpg?imageView2/2/w/120/format/jpg,0,,64fed754000000001303e645,1763798052214,0
654cfb89000000001900be4b,1699543945000,,645622c7000000001303130f,会,59d62f1f51783a3f8b9c4f0e,活在岸上的鱼,https://sns-avatar-qc.xhscdn.com/avatar/59d62f1f51783a3f8b9c4f0e.jpg?imageView2/2/w/120/format/jpg,0,,64fea8d6000000002000a6fe,1763798052218,0
6458f2e0000000001a011b96,1683550944000,,645622c7000000001303130f,人家是p10[笑哭R],5dd376730000000001009984,土土不土,https://sns-avatar-qc.xhscdn.com/avatar/613eec374bd997a07591c582.jpg?imageView2/2/w/120/format/jpg,0,,6458922f000000001403bc40,1763798054228,0
6462f880000000000b0324e7,1684207744000,,645622c7000000001303130f,说错了，是g20和云鲸j3[偷笑R],5a542a9b4eacab7c3894a5c5,筱卉,https://sns-avatar-qc.xhscdn.com/avatar/5e5e432d4c69ae000170aaac.jpg?imageView2/2/w/120/format/jpg,0,,6458f2e0000000001a011b96,1763798054407,0
64566539000000001803b8ac,1683383609000,,645622c7000000001303130f,对[笑哭R],5dd376730000000001009984,土土不土,https://sns-avatar-qc.xhscdn.com/avatar/613eec374bd997a07591c582.jpg?imageView2/2/w/120/format/jpg,0,,6456651e000000000702000f,1763798056426,3
6456656900000000150032e6,1683383657000,,645622c7000000001303130f,有没有比较过他俩扫地哪个干净呢,57cbfc4f82ec393c0368e1b0,一粒小星星🌠,https://sns-avatar-qc.xhscdn.com/avatar/639b25258fba6d38fbad2dad.jpg?imageView2/2/w/120/format/jpg,0,,64566539000000001803b8ac,1763798056640,1
6456fce0000000000a004525,1683422432000,,645622c7000000001303130f,日常清洁都可以的,5dd376730000000001009984,土土不土,https://sns-avatar-qc.xhscdn.com/avatar/613eec374bd997a07591c582.jpg?imageView2/2/w/120/format/jpg,0,,6456656900000000150032e6,1763798056644,0
65d37b82000000000200f778,1708358530000,,645622c7000000001303130f,云鲸安静 垃圾搞的挺好 有点傻 app不好用、t30可以伸腿+语音控制 操作方便,5dd376730000000001009984,土土不土,https://sns-avatar-qc.xhscdn.com/avatar/613eec374bd997a07591c582.jpg?imageView2/2/w/120/format/jpg,0,,65d3110a000000000503a6e4,1763798058651,0
65d38128000000000503b192,1708359976000,,645622c7000000001303130f,谢谢亲[微笑R][微笑R],60b39f48000000000101e18b,宥成小宝,https://sns-avatar-qc.xhscdn.com/avatar/1040g2jo312ium8uani0g5o5jjt40bocbssaa88g?imageView2/2/w/120/format/jpg,0,,65d37b82000000000200f778,1763798058835,0
65f3f04e000000000402b52f,1710485582000,,645622c7000000001303130f,这个基站清扫很重要,585688236a6a690623da4fbd,张予灿Candy,https://sns-avatar-qc.xhscdn.com/avatar/6246a0941aee6ebe02131aa1.jpg?imageView2/2/w/120/format/jpg,0,,0,1763798061073,0
65ce4a7e00000000050194a4,1708018302000,,645622c7000000001303130f,科沃斯t30por和石头p10por怎么选,58cfee835e87e76571c7cab3,慢慢,https://sns-avatar-qc.xhscdn.com/avatar/5e7240d7104030000100526a.jpg?imageView2/2/w/120/format/jpg,0,,0,1763798061076,0
67d2b152000000001201565b,1741861202000,,67d2ae81000000001d0150e9,"截至目前，2025年头部品牌的热门扫地机，隐藏柜及半隐藏柜的尺寸预留，都在这里了，包含每种型号的水箱版和上下水版，具体品牌型号如下[向右R]：
[红色心形R]石头P20ultra，石头P20pro，石头G30，石头G30U，石头G30space探索版；
[绿色心形R]科沃斯X8pro，科沃斯T80，科沃斯T50pro；
[黄色心形R]追觅S50pro，追觅S50ultra；
[蓝色心形R]云鲸J5，云鲸逍遥001max。

[彩虹R]扫地机预留空间尺寸，希望能为装修和想为扫地机安家的朋友们一些参考，如有疑问，欢迎评论区讨论[扯脸H]
",672c9347000000001c019cf7,躺躺家,https://sns-avatar-qc.xhscdn.com/avatar/1040g2jo31ekp3eqf4o005ppcid3n377ndpfce7o?imageView2/2/w/120/format/jpg,5,,0,1763798065325,3
680bbec8000000001f02b019,1745600201000,,67d2ae81000000001d0150e9,[哭惹R][哭惹R][哭惹R][哭惹R]只有400尺寸了，没空间了怎么选扫地机器人啊,5e230ce3000000000100b9f8,湫。,https://sns-avatar-qc.xhscdn.com/avatar/1040g2jo30qohrel20i005nh31jhg9efoa90ue9o?imageView2/2/w/120/format/jpg,15,,0,1763798065334,4
68269600000000000b0174ad,1747359232000,,67d2ae81000000001d0150e9,博主你好，我可否留一个大多数都能用的尺寸[笑哭R]等以后再买？,58c009406a6a692803f7d3a9,MM幸运星（许嵩见过版）,https://sns-avatar-qc.xhscdn.com/avatar/1040g2jo30qntgu4t0g5g498t2g4k1kt9k71fcl0?imageView2/2/w/120/format/jpg,13,,0,1763798065350,3
6863cc9c00000000200329ae,1751370908000,,67d2ae81000000001d0150e9,请问全隐藏上下水版，做柜子时候高度预留500是不是就可以适配目前所有机型了[抱拳R],5b8bfce04d7ac60001fe1ac9,点点,https://sns-avatar-qc.xhscdn.com/avatar/63f825ad0f2a0965811724d8.jpg?imageView2/2/w/120/format/jpg,7,,0,1763798065379,0
68038d62000000001f019b59,1745063266000,,67d2ae81000000001d0150e9,石头20ultra机身只有79.8，又能缩头，为什么会要求142那么高的柜门高度啊？,6163bfb1000000000202204f,Ashley🌻🌻🌻,https://sns-avatar-qc.xhscdn.com/avatar/1040g2jo31jho1mvl36005ob3nuogk82fa20eang?imageView2/2/w/120/format/jpg,6,,0,1763798065418,2
68aa801900000000260388b7,1756004378000,,67d2ae81000000001d0150e9,半隐藏柜是什么,5a0d55d6e8ac2b05cc1b5bcb,四二特二,https://sns-avatar-qc.xhscdn.com/avatar/5a0d55d6e8ac2b05cc1b5bcb.jpg?imageView2/2/w/120/format/jpg,6,,0,1763798065430,0
682f008d000000000901798c,1747910797000,,67d2ae81000000001d0150e9,如果想让扫拖机器人清理厨房，踢脚线要多高，或者缩进多少，才不会被识别为死角啊？,58b650a96a6a695f96d8ac9a,柠檬树下,https://sns-avatar-qc.xhscdn.com/avatar/58b650a96a6a695f96d8ac9a.jpg?imageView2/2/w/120/format/jpg,6,,0,1763798065437,0
6809ee2d00000000200112cb,1745481261000,,67d2ae81000000001d0150e9,什么是半隐藏柜，什么是全隐藏柜,5bd42628f7e8b94216b44547,米白雾屿,https://sns-avatar-qc.xhscdn.com/avatar/5bd42628f7e8b94216b44547.jpg?imageView2/2/w/120/format/jpg,4,,0,1763798065442,1
67f8ac0d000000001e02292e,1744350222000,,67d2ae81000000001d0150e9,[笑哭R]宽度不够，是影响散热吗？,5c811d51000000001601b0fc,我一直都在,https://sns-avatar-qc.xhscdn.com/avatar/1040g2jo315i8f5nu2o2g5n413l8ljc7seg388ng?imageView2/2/w/120/format/jpg,4,,0,1763798065449,1
67f3ab3f000000001e03b444,1744022335000,,67d2ae81000000001d0150e9,请问什么是半隐藏柜？既然把机器人放进阳台柜就肯定选择自动上下水版，为何还会选择水箱版？,5f57ae06000000000100a993,小红新手139,https://sns-avatar-qc.xhscdn.com/avatar/1040g2jo31k75s4n5iu6g5nqnlo309acjn9t8bh0?imageView2/2/w/120/format/jpg,4,,0,1763798065463,1
67e00889000000001f01a5ef,1742735498000,,67d2ae81000000001d0150e9,请问柜门离地高度什么意思?基站不是直接放地下吗？,5ff8e76b0000000001009081,大猫,https://sns-avatar-qc.xhscdn.com/avatar/6001a578af9939987cd837c1.jpg?imageView2/2/w/120/format/jpg,0,,67d2b152000000001201565b,1763798067496,4
67e00d680000000020016530,1742736744000,,67d2ae81000000001d0150e9,基站放在柜子里面隐藏，柜门不落地，留出一定高度，是为了让主机能进出哦[偷笑R],672c9347000000001c019cf7,躺躺家,https://sns-avatar-qc.xhscdn.com/avatar/1040g2jo31ekp3eqf4o005ppcid3n377ndpfce7o?imageView2/2/w/120/format/jpg,0,,67e00889000000001f01a5ef,1763798067713,1
688d75a5000000002a009400,1754101158000,,67d2ae81000000001d0150e9,[哭惹R][哭惹R][哭惹R][哭惹R][哭惹R],5fa643500000000001005e27,猫猫,https://sns-avatar-qc.xhscdn.com/avatar/2b4cefbb01e0a0824f5c173dde7f98b2.jpg?imageView2/2/w/120/format/jpg,0,,67d2b152000000001201565b,1763798067716,0
69108a2b000000003300f7d6,1762691628000,辽宁,67d2ae81000000001d0150e9,请问这个宽度不包括板材的厚度吧 就是面到面的距离,6172605b000000000202418b,忘忘,https://sns-avatar-qc.xhscdn.com/avatar/529594cd91bbf4c43608131bf9134bdc.jpg?imageView2/2/w/120/format/jpg,0,,67d2b152000000001201565b,1763798067725,0
69108cfd000000003902653f,1762692349000,北京,67d2ae81000000001d0150e9,内净，净空尺寸,672c9347000000001c019cf7,躺躺家,https://sns-avatar-qc.xhscdn.com/avatar/1040g2jo31ekp3eqf4o005ppcid3n377ndpfce7o?imageView2/2/w/120/format/jpg,0,,69108a2b000000003300f7d6,1763798067728,0
680bc5360000000020014780,1745601847000,,67d2ae81000000001d0150e9,表里大于400的尺寸，说明400是极限尺寸，也可以试试的，如果不合适，再退货就好了[大笑R],672c9347000000001c019cf7,躺躺家,https://sns-avatar-qc.xhscdn.com/avatar/1040g2jo31ekp3eqf4o005ppcid3n377ndpfce7o?imageView2/2/w/120/format/jpg,0,,680bbec8000000001f02b019,1763798069743,2
682b43e0000000001c01da1e,1747665889000,,67d2ae81000000001d0150e9,选好机器人了吗 你的还有400我的只有36.5[哭惹R],5f6eb9f00000000001006616,🐑,https://sns-avatar-qc.xhscdn.com/avatar/1040g2jo31h4vvi8ejo005nren7o08pgman0k51g?imageView2/2/w/120/format/jpg,0,,680bbec8000000001f02b019,1763798069987,1
682c5e52000000000b02d161,1747738195000,,67d2ae81000000001d0150e9,我是剩37[笑哭R]你选到了吗？,5f0d344800000000010030ba,M74,https://sns-avatar-qc.xhscdn.com/avatar/5f0d344800000000010030ba.jpg?imageView2/2/w/120/format/jpg,0,,682b43e0000000001c01da1e,1763798069992,0
682ca289000000001c01ff38,1747755657000,,67d2ae81000000001d0150e9,还没有 我现在想让装修公司给我从卫生间干区那里拉一个插座 扫地机器人也可以放在那边,5f6eb9f00000000001006616,🐑,https://sns-avatar-qc.xhscdn.com/avatar/1040g2jo31h4vvi8ejo005nren7o08pgman0k51g?imageView2/2/w/120/format/jpg,0,,682c5e52000000000b02d161,1763798069998,0
682cadd40000000003036957,1747758548000,,67d2ae81000000001d0150e9,那也不带上下水呀,600ac2870000000001009a4b,吃货一枚,https://sns-avatar-qc.xhscdn.com/avatar/ae351b5abc78ae2e8d79998354db8440.jpg?imageView2/2/w/120/format/jpg,0,,682ca289000000001c01ff38,1763798070009,0
682cb3a7000000001c03573b,1747760040000,,67d2ae81000000001d0150e9,卫生间干区有水龙头 有地漏 这不就是上下水……,5f6eb9f00000000001006616,🐑,https://sns-avatar-qc.xhscdn.com/avatar/1040g2jo31h4vvi8ejo005nren7o08pgman0k51g?imageView2/2/w/120/format/jpg,0,,682cadd40000000003036957,1763798070017,0
682ecc1a00000000090151c7,1747897370000,,67d2ae81000000001d0150e9,选好了，复尺结果有470，我又站起来了[笑哭R][笑哭R][笑哭R],5e230ce3000000000100b9f8,湫。,https://sns-avatar-qc.xhscdn.com/avatar/1040g2jo30qohrel20i005nh31jhg9efoa90ue9o?imageView2/2/w/120/format/jpg,0,,682b43e0000000001c01da1e,1763798072233,0
68539529000000000c0269fd,1750308138000,,67d2ae81000000001d0150e9,395路过,565afd14f53ee023fa21a5fe,三分糖谢谢,https://sns-avatar-qc.xhscdn.com/avatar/5f76b2ff3b41e50001f66999.jpg?imageView2/2/w/120/format/jpg,0,,680bbec8000000001f02b019,1763798072238,0
68936ece000000002b01bc10,1754492622000,,67d2ae81000000001d0150e9,宽度深度最大多少啊 因为我型号还没确认 想预留大些 这样有考虑空间 目前设计师催尺寸 我怕固定死了 后期我要换的,5b0e6797e8ac2b674a5e8efa,女王,https://sns-avatar-qc.xhscdn.com/avatar/1040g2jo3145ujsf11k004a5pm2jpf3nqgmjomjo?imageView2/2/w/120/format/jpg,0,,680bc5360000000020014780,1763798072250,0
6898970b0000000029028dc0,1754830604000,,67d2ae81000000001d0150e9,我也是,5f5ec28500000000010023d4,蜜桃乌龙🍑,https://sns-avatar-qc.xhscdn.com/avatar/1040g2jo30qh62t1r02005nquoa2g88ukk01ubcg?imageView2/2/w/120/format/jpg,0,,680bbec8000000001f02b019,1763798072254,0
6899c3e4000000002903bdaa,1754907621000,,67d2ae81000000001d0150e9,请问你选好了吗，我也是37[笑哭R],55f8d6d5a75c9525c30887db,想狸的365天,https://sns-avatar-qc.xhscdn.com/avatar/1040g2jo31bfptgoeh00g415s87bdb1uron6gtq8?imageView2/2/w/120/format/jpg,0,,682c5e52000000000b02d161,1763798072256,0
68b830e100000000300226ea,1756901601000,,67d2ae81000000001d0150e9,请问选好了吗？我36[哭惹R],6526776f000000002b003384,一颗小萝卜.,https://sns-avatar-qc.xhscdn.com/avatar/1040g2jo31nhqcq7558005p96etnqocs4o0sf5qg?imageView2/2/w/120/format/jpg,0,,6899c3e4000000002903bdaa,1763798074438,0
68b8348f0000000030005fb9,1756902543000,,67d2ae81000000001d0150e9,选到了吗？我测量也是37,5da1749b000000000100b2e8,二怪,https://sns-avatar-qc.xhscdn.com/avatar/1040g2jo31mjqkscl4s005nd1eidg9cn8iss5n98?imageView2/2/w/120/format/jpg,0,,682c5e52000000000b02d161,1763798074443,0
68b8374d0000000030032189,1756903246000,,67d2ae81000000001d0150e9,我把位置尺寸扩大到40+了，这样以后万一更换还有备选[笑哭R],55f8d6d5a75c9525c30887db,想狸的365天,https://sns-avatar-qc.xhscdn.com/avatar/1040g2jo31bfptgoeh00g415s87bdb1uron6gtq8?imageView2/2/w/120/format/jpg,0,,68b830e100000000300226ea,1763798074451,0
68e8a2270000000039033b85,1760076328000,,67d2ae81000000001d0150e9,柜子宽度同样36.5,612b134d0000000001003d99,淡然,https://sns-avatar-qc.xhscdn.com/avatar/612b134d0000000001003d99.jpg?imageView2/2/w/120/format/jpg,0,,682b43e0000000001c01da1e,1763798074456,0
6826bdca0000000009015ddd,1747369418000,,67d2ae81000000001d0150e9,可以的,672c9347000000001c019cf7,躺躺家,https://sns-avatar-qc.xhscdn.com/avatar/1040g2jo31ekp3eqf4o005ppcid3n377ndpfce7o?imageView2/2/w/120/format/jpg,0,,68269600000000000b0174ad,1763798076464,3
68294653000000000d017e6b,1747535444000,,67d2ae81000000001d0150e9,姐妹，你高度准备留多少哇[笑哭R]，我也是先留着，准备后期买,5f7aab2400000000010047de,karen.,https://sns-avatar-qc.xhscdn.com/avatar/1040g2jo31eaqtfkr086g5nrqlci08huue95mjt8?imageView2/2/w/120/format/jpg,0,,68269600000000000b0174ad,1763798076644,0
68295d210000000009038267,1747541282000,,67d2ae81000000001d0150e9,好的，谢谢,58c009406a6a692803f7d3a9,MM幸运星（许嵩见过版）,https://sns-avatar-qc.xhscdn.com/avatar/1040g2jo30qntgu4t0g5g498t2g4k1kt9k71fcl0?imageView2/2/w/120/format/jpg,0,,6826bdca0000000009015ddd,1763798076649,1
68295d49000000000900edb2,1747541321000,,67d2ae81000000001d0150e9,准备留最大尺寸，具体还没看[笑哭R],58c009406a6a692803f7d3a9,MM幸运星（许嵩见过版）,https://sns-avatar-qc.xhscdn.com/avatar/1040g2jo30qntgu4t0g5g498t2g4k1kt9k71fcl0?imageView2/2/w/120/format/jpg,0,,68294653000000000d017e6b,1763798076655,0
683956a90000000007034a52,1748588202000,,67d2ae81000000001d0150e9,最大尺寸留多少啊，扫地机器人还没看好,5c8b67d0000000001102432f,兰丫头,https://sns-avatar-qc.xhscdn.com/avatar/1040g2jo31legria14s6g5n4bcv84cgpf1kuipa0?imageView2/2/w/120/format/jpg,0,,68295d49000000000900edb2,1763798076660,1
6847e38f000000001c0296c0,1749541776000,,67d2ae81000000001d0150e9,你留多少尺寸了？,5ac77a174eacab55889c182d,麦冬~,https://sns-avatar-qc.xhscdn.com/avatar/1040g2jo31eslvofq66604a4aumt1e61dgda5dtg?imageView2/2/w/120/format/jpg,0,,683956a90000000007034a52,1763798076665,2
6847f0230000000007037d87,1749544996000,,67d2ae81000000001d0150e9,宽按40厘米留的，高度那里做了活动层板,5c8b67d0000000001102432f,兰丫头,https://sns-avatar-qc.xhscdn.com/avatar/1040g2jo31legria14s6g5n4bcv84cgpf1kuipa0?imageView2/2/w/120/format/jpg,0,,6847e38f000000001c0296c0,1763798078850,1
6881781d000000001902748c,1753315358000,,67d2ae81000000001d0150e9,你留好了吗？ 我也正愁着呢,6801fff3000000000d008f36,装修进行中,https://sns-avatar-qc.xhscdn.com/avatar/1040g2jo31nah8h9jl8005q01vvpj93pmem082u0?imageView2/2/w/120/format/jpg,0,,68269600000000000b0174ad,1763798078860,0
6884542e000000001101a46b,1753502767000,,67d2ae81000000001d0150e9,跟设计师说，他说他知道，我就没问了,58c009406a6a692803f7d3a9,MM幸运星（许嵩见过版）,https://sns-avatar-qc.xhscdn.com/avatar/1040g2jo30qntgu4t0g5g498t2g4k1kt9k71fcl0?imageView2/2/w/120/format/jpg,0,,6881781d000000001902748c,1763798078866,0
68936e6c000000002b0193f9,1754492525000,,67d2ae81000000001d0150e9,请问你预留好了吗 我型号都没确认好 设计师非催我 我想留大一点空间 这样就不会固定型号死了,5b0e6797e8ac2b674a5e8efa,女王,https://sns-avatar-qc.xhscdn.com/avatar/1040g2jo3145ujsf11k004a5pm2jpf3nqgmjomjo?imageView2/2/w/120/format/jpg,0,,68269600000000000b0174ad,1763798078876,0
68937203000000002a00387a,1754493443000,,67d2ae81000000001d0150e9,我也没确定，就留个大致的，可能会大点，现在非让我挑出来真的好难[哭惹R],58c009406a6a692803f7d3a9,MM幸运星（许嵩见过版）,https://sns-avatar-qc.xhscdn.com/avatar/1040g2jo30qntgu4t0g5g498t2g4k1kt9k71fcl0?imageView2/2/w/120/format/jpg,0,,68936e6c000000002b0193f9,1763798078884,0
68940806000000002b015735,1754531846000,,67d2ae81000000001d0150e9,我也是 着急要 都没时间研究 那请问你预留什么尺寸 我参考下[失望R],5b0e6797e8ac2b674a5e8efa,女王,https://sns-avatar-qc.xhscdn.com/avatar/1040g2jo3145ujsf11k004a5pm2jpf3nqgmjomjo?imageView2/2/w/120/format/jpg,0,,68937203000000002a00387a,1763798081057,0
68941e53000000002903f709,1754537557000,,67d2ae81000000001d0150e9,我没定尺寸，就是这样,58c009406a6a692803f7d3a9,MM幸运星（许嵩见过版）,https://sns-avatar-qc.xhscdn.com/avatar/1040g2jo30qntgu4t0g5g498t2g4k1kt9k71fcl0?imageView2/2/w/120/format/jpg,0,http://sns-webpic-qc.xhscdn.com/202511221554/b11e61b9c25042617a231752dd6d679b/comment/1040g2h031ksau9v5485g498t2g4k1kt9srjids8!nd_whgt34_webp_wm_1,68940806000000002b015735,1763798081060,0
6863d52d0000000011019f51,1751373102000,,67d2ae81000000001d0150e9,追觅s50pro常规款不太行,672c9347000000001c019cf7,躺躺家,https://sns-avatar-qc.xhscdn.com/avatar/1040g2jo31ekp3eqf4o005ppcid3n377ndpfce7o?imageView2/2/w/120/format/jpg,0,,6863cc9c00000000200329ae,1763798083070,0
6864019b000000002000ed51,1751384476000,,67d2ae81000000001d0150e9,谢谢[玫瑰R],5b8bfce04d7ac60001fe1ac9,点点,https://sns-avatar-qc.xhscdn.com/avatar/63f825ad0f2a0965811724d8.jpg?imageView2/2/w/120/format/jpg,0,,6863d52d0000000011019f51,1763798083266,0
68649bd0000000002002c045,1751423952000,,67d2ae81000000001d0150e9,最后留了50cm高吗？[捂脸R],5b11cc4d6b58b77333ee8b23,社会王的家（在装修）,https://sns-avatar-qc.xhscdn.com/avatar/1040g2jo30okjc9up2u6g4a5rta64r2p3kdue830?imageView2/2/w/120/format/jpg,0,,6863cc9c00000000200329ae,1763798083271,0
686577f20000000020011a95,1751480306000,,67d2ae81000000001d0150e9,还没定呢，看了些评论，倾向后面买石头或着云鲸，这样50也就够了,5b8bfce04d7ac60001fe1ac9,点点,https://sns-avatar-qc.xhscdn.com/avatar/63f825ad0f2a0965811724d8.jpg?imageView2/2/w/120/format/jpg,0,,68649bd0000000002002c045,1763798083275,1
68663a210000000020032cf3,1751530017000,,67d2ae81000000001d0150e9,留47够不够。我的浴室柜是43厘米。高度控制90厘米的话剩47,5b11cc4d6b58b77333ee8b23,社会王的家（在装修）,https://sns-avatar-qc.xhscdn.com/avatar/1040g2jo30okjc9up2u6g4a5rta64r2p3kdue830?imageView2/2/w/120/format/jpg,0,,686577f20000000020011a95,1763798083280,0
68936f26000000002b009458,1754492710000,,67d2ae81000000001d0150e9,定了吗 我也是石头或者云鲸 但是型号还没确认呢 设计师催要尺寸,5b0e6797e8ac2b674a5e8efa,女王,https://sns-avatar-qc.xhscdn.com/avatar/1040g2jo3145ujsf11k004a5pm2jpf3nqgmjomjo?imageView2/2/w/120/format/jpg,0,,686577f20000000020011a95,1763798083285,0
68976e260000000029026528,1754754599000,,67d2ae81000000001d0150e9,还没呢，瓦工还没进，得过一阵子才定柜子,5b8bfce04d7ac60001fe1ac9,点点,https://sns-avatar-qc.xhscdn.com/avatar/63f825ad0f2a0965811724d8.jpg?imageView2/2/w/120/format/jpg,0,,68936f26000000002b009458,1763798085507,0
68039668000000001f0282ae,1745065576000,,67d2ae81000000001d0150e9,基站底盘有坡度，雷达都是进去以后才会降下来[偷笑R],672c9347000000001c019cf7,躺躺家,https://sns-avatar-qc.xhscdn.com/avatar/1040g2jo31ekp3eqf4o005ppcid3n377ndpfce7o?imageView2/2/w/120/format/jpg,0,,68038d62000000001f019b59,1763798087511,1
680396a9000000001f019907,1745065641000,,67d2ae81000000001d0150e9,好吧…谢谢,6163bfb1000000000202204f,Ashley🌻🌻🌻,https://sns-avatar-qc.xhscdn.com/avatar/1040g2jo31jho1mvl36005ob3nuogk82fa20eang?imageView2/2/w/120/format/jpg,0,,68039668000000001f0282ae,1763798087729,1
6803970e000000001f01b578,1745065742000,,67d2ae81000000001d0150e9,[玫瑰R][玫瑰R][玫瑰R],672c9347000000001c019cf7,躺躺家,https://sns-avatar-qc.xhscdn.com/avatar/1040g2jo31ekp3eqf4o005ppcid3n377ndpfce7o?imageView2/2/w/120/format/jpg,0,,680396a9000000001f019907,1763798087732,0
685267ee00000000040141a8,1750231022000,,67d2ae81000000001d0150e9,进基站时遇到障碍不会自动降摄像头吗,5ad31ed711be101857508268,小红薯B1323A24,https://sns-avatar-qc.xhscdn.com/avatar/645b806f731e07eb8ca3d845.jpg?imageView2/2/w/120/format/jpg,0,,68039668000000001f0282ae,1763798087741,0
68526a1800000000070342a1,1750231577000,,67d2ae81000000001d0150e9,碰到障碍会降,672c9347000000001c019cf7,躺躺家,https://sns-avatar-qc.xhscdn.com/avatar/1040g2jo31ekp3eqf4o005ppcid3n377ndpfce7o?imageView2/2/w/120/format/jpg,0,,685267ee00000000040141a8,1763798087745,0
69060b12000000003901c7b2,1762003731000,中国澳门,67d2ae81000000001d0150e9,所以柜门高度如果只留了13 就肯定不行了是吧,5a799a064eacab5b4fc90041,聞子碩,https://sns-avatar-qc.xhscdn.com/avatar/1040g2jo31c1t9lvd0c004a1a9qd0c021r10ms88?imageView2/2/w/120/format/jpg,0,,68039668000000001f0282ae,1763798087749,0
68aa80f90000000030007589,1756004602000,,67d2ae81000000001d0150e9,,672c9347000000001c019cf7,躺躺家,https://sns-avatar-qc.xhscdn.com/avatar/1040g2jo31ekp3eqf4o005ppcid3n377ndpfce7o?imageView2/2/w/120/format/jpg,0,http://sns-webpic-qc.xhscdn.com/202511221554/5a697b1b6022842103c46300e4ae795b/comment/1040g2h031li6fkte50005ppcid3n377n64vfhj8!nd_whgt34_webp_wm_1,68aa801900000000260388b7,1763798089755,2
68aacf030000000027001320,1756024580000,,67d2ae81000000001d0150e9,天，半隐藏的那个，用洗水池的时候，脚怎么放呀,5a0d55d6e8ac2b05cc1b5bcb,四二特二,https://sns-avatar-qc.xhscdn.com/avatar/5a0d55d6e8ac2b05cc1b5bcb.jpg?imageView2/2/w/120/format/jpg,0,,68aa80f90000000030007589,1763798089937,1
68aacfa60000000030010d75,1756024742000,,67d2ae81000000001d0150e9,[捂脸R],672c9347000000001c019cf7,躺躺家,https://sns-avatar-qc.xhscdn.com/avatar/1040g2jo31ekp3eqf4o005ppcid3n377ndpfce7o?imageView2/2/w/120/format/jpg,0,,68aacf030000000027001320,1763798089940,0
68bc3976000000003000543a,1757165943000,,67d2ae81000000001d0150e9,会不会踢到,58e029193460940bd9643b89,伊索,https://sns-avatar-qc.xhscdn.com/avatar/58e029193460940bd9643b89.jpg?imageView2/2/w/120/format/jpg,0,,68aa80f90000000030007589,1763798089947,0
68bc3cbc000000003000df93,1757166780000,,67d2ae81000000001d0150e9,估计这个洗手盆用的少[笑哭R],672c9347000000001c019cf7,躺躺家,https://sns-avatar-qc.xhscdn.com/avatar/1040g2jo31ekp3eqf4o005ppcid3n377ndpfce7o?imageView2/2/w/120/format/jpg,0,,68bc3976000000003000543a,1763798089954,0
691a965600000000390056d1,1763350103000,浙江,67d2ae81000000001d0150e9,哈哈哈，用的时候让机器人先让让,621080980000000010009c4d,XU大丽的家（装修中）,https://sns-avatar-qc.xhscdn.com/avatar/1040g2jo31jfno6572o3g5oggg2c4172dcbm4rl0?imageView2/2/w/120/format/jpg,0,,68aacf030000000027001320,1763798089959,0
682f02990000000007034841,1747911322000,,67d2ae81000000001d0150e9,踢脚线一般也嵌入不了太多吧，买拖布可以伸缩的扫地机就行,672c9347000000001c019cf7,躺躺家,https://sns-avatar-qc.xhscdn.com/avatar/1040g2jo31ekp3eqf4o005ppcid3n377ndpfce7o?imageView2/2/w/120/format/jpg,0,,682f008d000000000901798c,1763798091968,0
6830350a000000000b01695f,1747989771000,,67d2ae81000000001d0150e9,有带这种功能，合适的推荐么,58b650a96a6a695f96d8ac9a,柠檬树下,https://sns-avatar-qc.xhscdn.com/avatar/58b650a96a6a695f96d8ac9a.jpg?imageView2/2/w/120/format/jpg,0,,682f02990000000007034841,1763798092209,0
683037c4000000000b01552e,1747990468000,,67d2ae81000000001d0150e9,石头P20系列就可以，P20ultra机身最薄，拖布也可以伸缩，报躺躺家，还可额外多领一套赠品～,672c9347000000001c019cf7,躺躺家,https://sns-avatar-qc.xhscdn.com/avatar/1040g2jo31ekp3eqf4o005ppcid3n377ndpfce7o?imageView2/2/w/120/format/jpg,0,,6830350a000000000b01695f,1763798092215,0
683038bd000000000900e477,1747990718000,,67d2ae81000000001d0150e9,好的[飞吻R],58b650a96a6a695f96d8ac9a,柠檬树下,https://sns-avatar-qc.xhscdn.com/avatar/58b650a96a6a695f96d8ac9a.jpg?imageView2/2/w/120/format/jpg,0,,683037c4000000000b01552e,1763798092221,0
6846929e000000001c02e656,1749455518000,,67d2ae81000000001d0150e9,ni,58dcfdae5e87e730afd5e3b2,一条小🐟游,https://sns-avatar-qc.xhscdn.com/avatar/64b50f4c8fae7f8c67ab31c7.jpg?imageView2/2/w/120/format/jpg,0,,682f008d000000000901798c,1763798092226,1
68c117a4000000003000c2c1,1757484964000,,67d2ae81000000001d0150e9,多少钱[哇R],5fd4d5a8000000000100bee5,心之,https://sns-avatar-qc.xhscdn.com/avatar/5fd4d5a8000000000100bee5.jpg?imageView2/2/w/120/format/jpg,0,,683037c4000000000b01552e,1763798092235,0
6809eecb000000001f00f5a3,1745481421000,,67d2ae81000000001d0150e9,看这个图片,672c9347000000001c019cf7,躺躺家,https://sns-avatar-qc.xhscdn.com/avatar/1040g2jo31ekp3eqf4o005ppcid3n377ndpfce7o?imageView2/2/w/120/format/jpg,0,http://sns-webpic-qc.xhscdn.com/202511221554/919c49b7380c74b64b8b062913842c03/comment/1040g2h031glcjo3m340g5ppcid3n377nitl1ibg!nd_whgt34_webp_wm_1,6809ee2d00000000200112cb,1763798094245,3
6809eefc000000001f01a3fe,1745481469000,,67d2ae81000000001d0150e9,全隐藏柜的机器人（主机）是全部嵌入柜子，柜子预留深度较大，半隐藏柜的机器人（主机）是半嵌入柜子，能看到主机外露，柜子预留深度较小[玫瑰R],672c9347000000001c019cf7,躺躺家,https://sns-avatar-qc.xhscdn.com/avatar/1040g2jo31ekp3eqf4o005ppcid3n377ndpfce7o?imageView2/2/w/120/format/jpg,0,,6809ee2d00000000200112cb,1763798094441,1
6809f843000000001f0028e1,1745483844000,,67d2ae81000000001d0150e9,意思是全隐藏的机器人主机比较靠后放置吗,5bd42628f7e8b94216b44547,米白雾屿,https://sns-avatar-qc.xhscdn.com/avatar/5bd42628f7e8b94216b44547.jpg?imageView2/2/w/120/format/jpg,0,,6809eefc000000001f01a3fe,1763798094444,0
6809f964000000001f02bce6,1745484133000,,67d2ae81000000001d0150e9,对，柜子给它全包起来了，半隐藏柜的深度尺寸比较小，故意将主机露出来，就是这意思,672c9347000000001c019cf7,躺躺家,https://sns-avatar-qc.xhscdn.com/avatar/1040g2jo31ekp3eqf4o005ppcid3n377ndpfce7o?imageView2/2/w/120/format/jpg,0,,6809f843000000001f0028e1,1763798094450,0
67f8aee3000000001f019c51,1744350947000,,67d2ae81000000001d0150e9,？没明白[微笑R],672c9347000000001c019cf7,躺躺家,https://sns-avatar-qc.xhscdn.com/avatar/1040g2jo31ekp3eqf4o005ppcid3n377ndpfce7o?imageView2/2/w/120/format/jpg,0,,67f8ac0d000000001e02292e,1763798096458,0
67fdc2ab000000001202286f,1744683692000,,67d2ae81000000001d0150e9,快速不够 是放不进去吧,5ad2a56f4eacab7c595f57d8,金小蹦,https://sns-avatar-qc.xhscdn.com/avatar/61eb96dcd90589dc728a8894.jpg?imageView2/2/w/120/format/jpg,0,,67f8ac0d000000001e02292e,1763798096679,0
6800a586000000001e0165f0,1744872839000,,67d2ae81000000001d0150e9,比机器宽，但是不到400，一般都要求＞400,5c811d51000000001601b0fc,我一直都在,https://sns-avatar-qc.xhscdn.com/avatar/1040g2jo315i8f5nu2o2g5n413l8ljc7seg388ng?imageView2/2/w/120/format/jpg,0,,67fdc2ab000000001202286f,1763798096685,0
6800a72f000000001200284f,1744873263000,,67d2ae81000000001d0150e9,好滴 感谢[赞R],5ad2a56f4eacab7c595f57d8,金小蹦,https://sns-avatar-qc.xhscdn.com/avatar/61eb96dcd90589dc728a8894.jpg?imageView2/2/w/120/format/jpg,0,,6800a586000000001e0165f0,1763798096691,0
67f3ad92000000002001685b,1744022930000,,67d2ae81000000001d0150e9,"全隐藏柜的机器人（主机）是全部嵌入柜子，柜子预留深度较大，半隐藏柜的机器人（主机）是半嵌入柜子，能看到主机外露，柜子预留深度较小，您看看这么说能理解吗？
笔记里分别是水箱版和上下水版的柜子预留尺寸，",672c9347000000001c019cf7,躺躺家,https://sns-avatar-qc.xhscdn.com/avatar/1040g2jo31ekp3eqf4o005ppcid3n377ndpfce7o?imageView2/2/w/120/format/jpg,0,,67f3ab3f000000001e03b444,1763798098697,1
67f3b199000000001f029c00,1744023962000,,67d2ae81000000001d0150e9,您看下图片,672c9347000000001c019cf7,躺躺家,https://sns-avatar-qc.xhscdn.com/avatar/1040g2jo31ekp3eqf4o005ppcid3n377ndpfce7o?imageView2/2/w/120/format/jpg,0,http://sns-webpic-qc.xhscdn.com/202511221554/44aedf4cc99840b40a2f183d73c23a3d/comment/1040g2h031fvllj0bge005ppcid3n377nesueffg!nd_whgt34_webp_wm_1,67f3ab3f000000001e03b444,1763798098954,1
67f3b42d0000000012032921,1744024621000,,67d2ae81000000001d0150e9,谢谢解答！把机器人（主机）隐藏到阳台柜里面就是为了美观，它上面一般是放洗漱盆，所以有点难想象半隐藏是啥样子[偷笑R] 。而且为了节约柜体的高度空间，肯定会选择自动上下水（阳台有这个条件）而不是水箱版吧，选水箱版的机器人一般是放在客厅那些没有上下水条件的地方，手动换水箱是吗？,5f57ae06000000000100a993,小红新手139,https://sns-avatar-qc.xhscdn.com/avatar/1040g2jo31k75s4n5iu6g5nqnlo309acjn9t8bh0?imageView2/2/w/120/format/jpg,0,,67f3ad92000000002001685b,1763798098958,0
67f3bbf9000000002001594b,1744026618000,,67d2ae81000000001d0150e9,太对了[点赞R][点赞R][点赞R][点赞R][点赞R][点赞R],672c9347000000001c019cf7,躺躺家,https://sns-avatar-qc.xhscdn.com/avatar/1040g2jo31ekp3eqf4o005ppcid3n377ndpfce7o?imageView2/2/w/120/format/jpg,0,,67f3b42d0000000012032921,1763798098968,0
634f88f5000000000b00f168,1666156789000,,63317ea600000000170303bb,感觉博主的意思就是说科沃斯最好用？,54e2feff2e1d937b7428a8c8,HK🥦炒🥔,https://sns-avatar-qc.xhscdn.com/avatar/1040g2jo31na2l5f9586g401dajvfva689gg0g0g?imageView2/2/w/120/format/jpg,0,,0,1763798103344,33
633d6fc0000000000d02087c,1664970688000,,63317ea600000000170303bb,石头和科沃斯纠结，到底买哪个啊宝子们,6109f2390000000001009e55,Cc:)/mn,https://sns-avatar-qc.xhscdn.com/avatar/be4e54a984a21be925a215a08fb36c8b.jpg?imageView2/2/w/120/format/jpg,11,,0,1763798103346,3
634eb128000000001a0318de,1666101544000,,63317ea600000000170303bb,石头和云鲸推荐那个,598fb83c6a6a6940a3a60549,愿你-,https://sns-avatar-qc.xhscdn.com/avatar/5eef2d44d121900001d85858.jpg?imageView2/2/w/120/format/jpg,10,,0,1763798103356,1
634ce820000000001600f45f,1665984544000,,63317ea600000000170303bb,科沃斯别墅的话 能够坐电梯去楼上吗 如果远离主机会不会不运作了,5b3898e011be107ddac356ed,西里的cc,https://sns-avatar-qc.xhscdn.com/avatar/1040g2jo30oegn5hlic0g4a6o43ce0lnddnk6voo?imageView2/2/w/120/format/jpg,9,,0,1763798103360,1
633a2c2a00000000120376c5,1664756778000,,63317ea600000000170303bb,噪音大吗,5bc553ef08d215000144edbc,我爱我家鹦鹉,https://sns-avatar-qc.xhscdn.com/avatar/1040g2jo31mfm4m5u68004bfngg9uvrdsvs09qgo?imageView2/2/w/120/format/jpg,3,,0,1763798103372,2
634ab92b000000000e005e98,1665841451000,,63317ea600000000170303bb,所以是石头还是科沃斯？,578e29a182ec390d81efb918,草莓馅的包子🍓,https://sns-avatar-qc.xhscdn.com/avatar/166ad12ae9a7f6fbb4bbbf88d417895f.jpg?imageView2/2/w/120/format/jpg,7,,0,1763798103378,4
6339737b000000001400ecf9,1664709499000,,63317ea600000000170303bb,你好  如果有地毯  地毯区域可以设置避让么？ 不打扫地毯,59fb22734eacab7abe4cdd15,宝子,https://sns-avatar-qc.xhscdn.com/avatar/613ea3913a21affcdf8c0566.jpg?imageView2/2/w/120/format/jpg,1,,0,1763798103379,1
633738aa000000000a017a9c,1664563370000,,63317ea600000000170303bb,烘干那么久，费电吗,52e62d20b4c4d61c32e52ea2,兔纸飞爱吃辣椒,https://sns-avatar-qc.xhscdn.com/avatar/1040g2jo31ompii2il86g4001irmi0bl2huvqm10?imageView2/2/w/120/format/jpg,1,,0,1763798103393,0
6331900a0000000009006035,1664192522000,,63317ea600000000170303bb,很中肯,56235d770bf90c73dfaafabc,珂珂阿珂,https://sns-avatar-qc.xhscdn.com/avatar/5ffe8c70aacf06f7bbf568b7.jpg?imageView2/2/w/120/format/jpg,0,,0,1763798103399,8
635686ab000000001903a129,1666614955000,,63317ea600000000170303bb,科沃斯刮地板 之前还跟我朋友说买科沃斯从来不刮 直到昨天 它刮了很长很深的三道[石化R][石化R][石化R],58e5df385e87e75083663ce9,橙c美式了,https://sns-avatar-qc.xhscdn.com/avatar/1040g2jo30r4g5grr1g0049cbeifjgf79b7pl3so?imageView2/2/w/120/format/jpg,1,,0,1763798103411,5
63402d420000000016007180,1665150274000,,63317ea600000000170303bb,那肯定石头啊,54e5702fb4c4d663024c9d89,Cici,https://sns-avatar-qc.xhscdn.com/avatar/1040g2jo31odvgeg35m60401eego2v7c9k70gtoo?imageView2/2/w/120/format/jpg,0,,633d6fc0000000000d02087c,1763798105422,6
634269f900000000160075d1,1665296889000,,63317ea600000000170303bb,我们家科沃斯拖地老干净了[微笑R],56d0e6784775a70381e6aac8,安吉拉杯杯,https://sns-avatar-qc.xhscdn.com/avatar/648eb8f741038acac7822754.jpg?imageView2/2/w/120/format/jpg,0,,633d6fc0000000000d02087c,1763798105632,2
63436601000000000d021a91,1665361409000,,63317ea600000000170303bb,哪一款,5a5b5bc34eacab06037fc395,一一,https://sns-avatar-qc.xhscdn.com/avatar/5a5b5bfed1d3b961ad314393.jpg?imageView2/2/w/120/format/jpg,0,,634269f900000000160075d1,1763798105635,0
634a6a5d0000000012007330,1665821277000,,63317ea600000000170303bb,石头感觉广好多，我当时买手持吸尘器的时候也全是推荐石头，现在想买扫地机器人也全是石头，搞得我不太想买它[捂脸R][捂脸R],5feb191f00000000010030a2,不知所措了,https://sns-avatar-qc.xhscdn.com/avatar/6285bedec60040280d3cdaf3.jpg?imageView2/2/w/120/format/jpg,0,,633d6fc0000000000d02087c,1763798105641,5
634aa255000000000d0319da,1665835605000,,63317ea600000000170303bb,哈哈哈哈好多都因为石头的颜值被劝退了,5feb191f00000000010030a2,不知所措了,https://sns-avatar-qc.xhscdn.com/avatar/6285bedec60040280d3cdaf3.jpg?imageView2/2/w/120/format/jpg,0,,634a7c99000000001a00b2d6,1763798105643,3
6352b6150000000018039cd1,1666364949000,,63317ea600000000170303bb,是呢，3台在一起比较，石头这外观是挺丑，为什么不搞个白色外壳罩起来，没难度的呀,5cb1fed5000000001001bece,Jane,https://sns-avatar-qc.xhscdn.com/avatar/0dd6f7e91ce0bea602fbc47515b7c72f.jpg?imageView2/2/w/120/format/jpg,0,,634aa255000000000d0319da,1763798105648,0
6369e656000000000b03158f,1667884630000,,63317ea600000000170303bb,石头昨天刚退，正在纠结还能下单哪个牌子,5b7229b36b58b744a15aa32a,Emma,https://sns-avatar-qc.xhscdn.com/avatar/5c43dc467fa6120001fb8aa5.jpg?imageView2/2/w/120/format/jpg,0,,633d6fc0000000000d02087c,1763798107830,0
637499da000000000e00bef6,1668585946000,,63317ea600000000170303bb,会不会刮伤地板？,5b0abfcfe8ac2b2e2e0811d2,不可碰触的伤,https://sns-avatar-qc.xhscdn.com/avatar/5da47c4d5a5d370001a5e57a.jpg?imageView2/2/w/120/format/jpg,0,,634269f900000000160075d1,1763798107839,0
6401757c000000000a00b22f,1677817212000,,63317ea600000000170303bb,我也想买，真的很好用吗,5c2d6117000000000600d37b,气球,https://sns-avatar-qc.xhscdn.com/avatar/1040g2jo31ghqgj2e3s6g5n1dc4bhhkrrt3d7u18?imageView2/2/w/120/format/jpg,0,,634269f900000000160075d1,1763798107845,0
6346beaa00000000170158a7,1665580714000,,63317ea600000000170303bb,T10omni啊锃亮[笑哭R],56d0e6784775a70381e6aac8,安吉拉杯杯,https://sns-avatar-qc.xhscdn.com/avatar/648eb8f741038acac7822754.jpg?imageView2/2/w/120/format/jpg,0,,63436601000000000d021a91,1763798107852,2
634a7c99000000001a00b2d6,1665825945000,,63317ea600000000170303bb,我家还用的石头s50，hin好用…所以我一直觉得除了石头是智能机器人，其他只能算智障…现在用了三年了，家里多了个小宝宝，想换一台新款了……原本准备无脑入石头的，但…颜值让我犹豫了…,5b90974d8fcfdd0001fcf054,你算哪块小饼干🍪,https://sns-avatar-qc.xhscdn.com/avatar/640ac3c296f1673aea63a6df.jpg?imageView2/2/w/120/format/jpg,0,,634a6a5d0000000012007330,1763798107861,1
63528fe8000000000e022684,1666355176000,,63317ea600000000170303bb,别买云鲸,5aabab2511be104a4c672c26,大宝宝也是宝宝,https://sns-avatar-qc.xhscdn.com/avatar/624246ebb97ea661780b7fcb.jpg?imageView2/2/w/120/format/jpg,0,,634eb128000000001a0318de,1763798109872,3
63529004000000000b033b10,1666355204000,,63317ea600000000170303bb,浙江人不骗浙江人,5aabab2511be104a4c672c26,大宝宝也是宝宝,https://sns-avatar-qc.xhscdn.com/avatar/624246ebb97ea661780b7fcb.jpg?imageView2/2/w/120/format/jpg,0,,63528fe8000000000e022684,1763798110067,1
6352a8fe000000001103f20e,1666361598000,,63317ea600000000170303bb,哈哈哈哈哈哈 石头外观有点不好看,598fb83c6a6a6940a3a60549,愿你-,https://sns-avatar-qc.xhscdn.com/avatar/5eef2d44d121900001d85858.jpg?imageView2/2/w/120/format/jpg,0,,63529004000000000b033b10,1763798110080,1
6355163d000000001a001060,1666520637000,,63317ea600000000170303bb,你的评价太逗了,56303bb20bf90c3e8d374e58,Eric★小宇♂,https://sns-avatar-qc.xhscdn.com/avatar/0dd6f7e91ce0bea602fbc47515b7c72f.jpg?imageView2/2/w/120/format/jpg,0,,63529004000000000b033b10,1763798110094,0
637b89d60000000026016774,1669040598000,,63317ea600000000170303bb,为什么？我刚下单云鲸了,5c54e031000000001103140d,小华么么,https://sns-avatar-qc.xhscdn.com/avatar/5e1197729a02a800018a0bc3.jpg?imageView2/2/w/120/format/jpg,0,,63528fe8000000000e022684,1763798110103,0
6382a3b5000000002301ca5e,1669505973000,,63317ea600000000170303bb,为啥 我也浙江人 展开说说[偷笑R],5594f651484fb61606f3080d,天才小约,https://sns-avatar-qc.xhscdn.com/avatar/1040g2jo31o015n2rmg7g5nk37k6g9e885qbnal0?imageView2/2/w/120/format/jpg,0,,63529004000000000b033b10,1763798110120,0
63a328dd000000001e03b483,1671637213000,,63317ea600000000170303bb,我的石头 我觉得很麻烦要自己洗抹布 准备买个能自动洗抹布烘干的,58f45e415e87e76b86aa6ac8,风秋娅（佐茶半退坑）,https://sns-avatar-qc.xhscdn.com/avatar/1040g2jo31afhgfmkmq0049dj4qf42qm86a07cf8?imageView2/2/w/120/format/jpg,0,,634eb128000000001a0318de,1763798112392,0
63cd6bdf000000001e0309f0,1674406879000,,63317ea600000000170303bb,为啥呢,5b05175d11be107745102adc,ImAngelaAngelaAngela,https://sns-avatar-qc.xhscdn.com/avatar/66fac13e707e23c8b8656f82.jpg?imageView2/2/w/120/format/jpg,0,,63528fe8000000000e022684,1763798112396,0
6403f5660000000015011942,1677981030000,,63317ea600000000170303bb,云鲸拖地很干净，扫地和拖地不能一起不太方便。,5e1eb92c0000000001002ad4,由由,https://sns-avatar-qc.xhscdn.com/avatar/5e1eb94f776e9200012b43fc.jpg?imageView2/2/w/120/format/jpg,0,,637b89d60000000026016774,1763798112401,0
6403f58000000000150031af,1677981056000,,63317ea600000000170303bb,拖地方面云鲸非常好,5e1eb92c0000000001002ad4,由由,https://sns-avatar-qc.xhscdn.com/avatar/5e1eb94f776e9200012b43fc.jpg?imageView2/2/w/120/format/jpg,0,,63528fe8000000000e022684,1763798112407,0
634f86d9000000000e005b0d,1666156249000,,63317ea600000000170303bb,住别墅坐电梯的人家还用搬机子按个扫吗   一层一个不香吗[笑哭R],5cd0481d00000000110372bf,小黑裙,https://sns-avatar-qc.xhscdn.com/avatar/63edd817dae449d06030045e.jpg?imageView2/2/w/120/format/jpg,0,,634ce820000000001600f45f,1763798114414,13
634f455a00000000160113bf,1666139482000,,63317ea600000000170303bb,它可能按不到电梯按钮[偷笑R],554cb40ba46e966633cbb40f,pearr_z,https://sns-avatar-qc.xhscdn.com/avatar/625ac230901c6cddfdc92b26.jpg?imageView2/2/w/120/format/jpg,0,,634ce820000000001600f45f,1763798114645,1
635115ff000000001902fef7,1666258431000,,63317ea600000000170303bb,钱包说不允许❎[笑哭R],5b3898e011be107ddac356ed,西里的cc,https://sns-avatar-qc.xhscdn.com/avatar/1040g2jo30oegn5hlic0g4a6o43ce0lnddnk6voo?imageView2/2/w/120/format/jpg,0,,634f86d9000000000e005b0d,1763798114658,1
63511610000000001a000238,1666258448000,,63317ea600000000170303bb,我可以当他的助手,5b3898e011be107ddac356ed,西里的cc,https://sns-avatar-qc.xhscdn.com/avatar/1040g2jo30oegn5hlic0g4a6o43ce0lnddnk6voo?imageView2/2/w/120/format/jpg,0,,634f455a00000000160113bf,1763798114663,0
63516c2a00000000060262b4,1666280490000,,63317ea600000000170303bb,不敢想象的画面   搬主机   搬基站[笑哭R],5cd0481d00000000110372bf,小黑裙,https://sns-avatar-qc.xhscdn.com/avatar/63edd817dae449d06030045e.jpg?imageView2/2/w/120/format/jpg,0,,635115ff000000001902fef7,1763798114671,0
6352197b0000000018017dd9,1666324859000,,63317ea600000000170303bb,我想着搬圆盘进电梯然后上楼 离基站那么远他能不能运作,5b3898e011be107ddac356ed,西里的cc,https://sns-avatar-qc.xhscdn.com/avatar/1040g2jo30oegn5hlic0g4a6o43ce0lnddnk6voo?imageView2/2/w/120/format/jpg,0,,63516c2a00000000060262b4,1763798114677,0
63521a4b00000000070055c2,1666325067000,,63317ea600000000170303bb,应该会清扫   但是他要回去洗抹布呀,5cd0481d00000000110372bf,小黑裙,https://sns-avatar-qc.xhscdn.com/avatar/63edd817dae449d06030045e.jpg?imageView2/2/w/120/format/jpg,0,,6352197b0000000018017dd9,1763798116857,0
635e5e47000000000d038e95,1667128903000,,63317ea600000000170303bb,一层放一个,54839fc3e779895b7b18fc83,樱桃妈,https://sns-avatar-qc.xhscdn.com/avatar/1040g2jo31eag1v9ags60400qdrfs7v4376vtko0?imageView2/2/w/120/format/jpg,0,,634ce820000000001600f45f,1763798116861,0
6360bdeb000000001903eda7,1667284459000,,63317ea600000000170303bb,一般就是一层一个,5edf7fce000000000100123f,吴家小姐在德国,https://sns-avatar-qc.xhscdn.com/avatar/1040g2jo30v6qg4ca58005nmvfv7084hvta0o6j8?imageView2/2/w/120/format/jpg,0,,634ce820000000001600f45f,1763798116869,0
633a86db000000001700bb68,1664779995000,,63317ea600000000170303bb,用下来三台差不多，不算特别响,5ba37a52eac2750001cf1f3e,梨戈戈,https://sns-avatar-qc.xhscdn.com/avatar/5f0ad7ca625ab80001137b8e.jpg?imageView2/2/w/120/format/jpg,0,,633a2c2a00000000120376c5,1763798118875,2
6342699c000000000c037a5b,1665296796000,,63317ea600000000170303bb,石头基站噪音老大了[笑哭R],56d0e6784775a70381e6aac8,安吉拉杯杯,https://sns-avatar-qc.xhscdn.com/avatar/648eb8f741038acac7822754.jpg?imageView2/2/w/120/format/jpg,0,,633a2c2a00000000120376c5,1763798119085,0
635406ac000000001a01e1b7,1666451116000,,63317ea600000000170303bb,集尘的时候才有噪音啊，也就一会会。,5bf5526e30a8d00001775a0c,喵喵,https://sns-avatar-qc.xhscdn.com/avatar/7121a416be8e543266fd62c1cc9d575e.jpg?imageView2/2/w/120/format/jpg,0,,6342699c000000000c037a5b,1763798119087,0
63523fe3000000000e0219bd,1666334691000,,63317ea600000000170303bb,我买了这两个牌子，我还是给不了你答案，石头就是会臭，但感觉拖得很干净,5b18aa85e8ac2b1b184e7562,chen.N,https://sns-avatar-qc.xhscdn.com/avatar/5b18aae3d2c8a5119ab5dad4.jpg?imageView2/2/w/120/format/jpg,0,,634ab92b000000000e005e98,1763798121095,4
63529202000000000b0329f8,1666355714000,,63317ea600000000170303bb,请问石头会臭是什么意思啊,5a6f3a7d4eacab5748370859,momo,https://sns-avatar-qc.xhscdn.com/avatar/63f5561ae43ebb5082a64eed.jpg?imageView2/2/w/120/format/jpg,0,,63523fe3000000000e0219bd,1763798121325,0
6353a11c000000001902820e,1666425116000,,63317ea600000000170303bb,？,5b92225220fa5900018c8135,咖啡菠萝,https://sns-avatar-qc.xhscdn.com/avatar/5b92225220fa5900018c8135.jpg?imageView2/2/w/120/format/jpg,0,,63529202000000000b0329f8,1763798121331,1
63566b1000000000060104ef,1666607888000,,63317ea600000000170303bb,基站底吧,5a8f6e26e8ac2b6b97adaeb7,千与千寻,https://sns-avatar-qc.xhscdn.com/avatar/63d694b0dcd74778ab679b28.jpg?imageView2/2/w/120/format/jpg,0,,63529202000000000b0329f8,1763798121339,1
6358cffd000000000a03524f,1666764797000,,63317ea600000000170303bb,每天清理还会臭吗,5a61e7454eacab473b5865c4,眼里有星星,https://sns-avatar-qc.xhscdn.com/avatar/60b111675d3ffcd848cea790.jpg?imageView2/2/w/120/format/jpg,0,,63523fe3000000000e0219bd,1763798121349,0
638954f40000000023019732,1669944564000,,63317ea600000000170303bb,是拖布会臭还是基站会臭呀,5801016d50c4b42988a0d46c,墩墩的蹲蹲,https://sns-avatar-qc.xhscdn.com/avatar/5fe54b64093fb50001f01b59.jpg?imageView2/2/w/120/format/jpg,0,,63523fe3000000000e0219bd,1763798121362,0
63fcbe8e0000000019034fae,1677508238000,,63317ea600000000170303bb,应该是拖布吧 毕竟是自然风干 如果是在南方 潮湿的环境估计很容易臭 北方应该不影响,5e630fee0000000001002170,乱乱的也挺好,https://sns-avatar-qc.xhscdn.com/avatar/1040g2jo31i2udq977e005nj31vn088bgh97blbo?imageView2/2/w/120/format/jpg,0,,638954f40000000023019732,1763798123592,0
633a86e5000000000603d3f1,1664780005000,,63317ea600000000170303bb,可以设置成禁区,5ba37a52eac2750001cf1f3e,梨戈戈,https://sns-avatar-qc.xhscdn.com/avatar/5f0ad7ca625ab80001137b8e.jpg?imageView2/2/w/120/format/jpg,0,,6339737b000000001400ecf9,1763798125596,4
633a871c00000000170080d3,1664780060000,,63317ea600000000170303bb,烘干可以问下对应型号的耗电量，不过烘干好处能让拖布没异味,5ba37a52eac2750001cf1f3e,梨戈戈,https://sns-avatar-qc.xhscdn.com/avatar/5f0ad7ca625ab80001137b8e.jpg?imageView2/2/w/120/format/jpg,0,,633738aa000000000a017a9c,1763798125599,4
63f72ec6000000001802cc51,1677143750000,,63317ea600000000170303bb,刮地板是因为地上有颗粒，机器人走路拖动颗粒，滑地板。每一品牌都这样,5d04bb000000000012019bf4,慕十一,https://sns-avatar-qc.xhscdn.com/avatar/1040g2jo30n2dqav35m005n84nc04j6vkiqssm4g?imageView2/2/w/120/format/jpg,0,,635686ab000000001903a129,1763798125606,0
66e9927b000000000403054b,1726583420000,,63317ea600000000170303bb,烘干是不是最费电？,5a5ad545e8ac2b59e3ef3207,丫头,https://sns-avatar-qc.xhscdn.com/avatar/5a5ad595d2c8a503cfa23999.jpg?imageView2/2/w/120/format/jpg,0,,0,1763798125870,0
6677792e000000000d00e2d8,1719105839000,,63317ea600000000170303bb,石头机器人的售后真的是我见过最垃圾的,5cb4ffca0000000011018197,修改名字,https://sns-avatar-qc.xhscdn.com/avatar/1040g2jo31o50gehol8005n5kvv54b0cn9vf0lgo?imageView2/2/w/120/format/jpg,0,,0,1763798125873,0
642270d2000000001603e363,1679978706000,,63317ea600000000170303bb,我买过科沃斯不好用想换,5fd7708a00000000010063b8,和布恋爱,https://sns-avatar-qc.xhscdn.com/avatar/1040g2jo3155bcehfgo6g5nune2508otohnq3nb0?imageView2/2/w/120/format/jpg,0,,0,1763798125876,0
63f02683000000001402e4d1,1676682883000,,63317ea600000000170303bb,我想知道尺寸，,5c01de83f7e8b9743b6f9f4d,端姐羽绒服直销,https://sns-avatar-qc.xhscdn.com/avatar/1040g2jo31dna99m90s004bunmcf877qd2cuop9o?imageView2/2/w/120/format/jpg,0,,0,1763798125883,0
63ef2f6a000000000a001955,1676619626000,,63317ea600000000170303bb,你好 我想知道快没有电会不会自己回到充电那里,5a604c484eacab15a44f6a8c,我家didi,https://sns-avatar-qc.xhscdn.com/avatar/1040g2jo31id2hgam0c004a0ts164gqkcl4pdri0?imageView2/2/w/120/format/jpg,0,,0,1763798125888,0
6648a8840000000002000e6d,1716037764000,,664723630000000016011ca8,云鲸，石头选哪款,562b8961e00dd819f97d5612,大白,https://sns-avatar-qc.xhscdn.com/avatar/616e93a722e350d37e924bd4.jpg?imageView2/2/w/120/format/jpg,4,,0,1763798130257,4
66475d54000000001c037164,1715952981000,,664723630000000016011ca8,5000以内，推荐哪款,596c85f382ec395f0860791e,你是谁（装修中）,https://sns-avatar-qc.xhscdn.com/avatar/64946ad6a39e66800de1065f.jpg?imageView2/2/w/120/format/jpg,2,,0,1763798130260,5
665c45140000000012025255,1717323029000,,664723630000000016011ca8,别墅有必要每层放一个机器人么,5e2d9f090000000001005953,阿飞,https://sns-avatar-qc.xhscdn.com/avatar/0dd6f7e91ce0bea602fbc47515b7c72f.jpg?imageView2/2/w/120/format/jpg,3,,0,1763798130271,0
66474b35000000001c03475e,1715948341000,,664723630000000016011ca8,我只想要净热一体热水器啊,5ab21e9e4eacab62435206ae,你说呢,https://sns-avatar-qc.xhscdn.com/avatar/1040g2jo31mhlhd0hkq5g4a3pe3f9s1leq13k4ho?imageView2/2/w/120/format/jpg,1,,0,1763798130272,4
66511ef60000000010029a9d,1716592374000,,664723630000000016011ca8,我关注的是美的的，主要是喜欢它加压拖地的功能，为啥其他品牌不把这项功能作为卖点呢？,5f5b207d0000000001005ab3,霓蜡,https://sns-avatar-qc.xhscdn.com/avatar/6274ce5633e6cd3153fe890a.jpg?imageView2/2/w/120/format/jpg,2,,0,1763798130279,1
6653c0cb000000000e0324f2,1716764875000,,664723630000000016011ca8,@Rita_银酱。 [微笑R],5668e84b0bf90c2b89a6472c,大力金刚,https://sns-avatar-qc.xhscdn.com/avatar/6447e59fc5fb9dcd402971af.jpg?imageView2/2/w/120/format/jpg,2,,0,1763798130293,0
6673b83f000000001303c3ae,1718859839000,,664723630000000016011ca8,洗地机可以也出一期吗,5bc1347212c57b0001a2e473,子木,https://sns-avatar-qc.xhscdn.com/avatar/5f6b620df06d54000138c38e.jpg?imageView2/2/w/120/format/jpg,1,,0,1763798130307,2
6649c06200000000100293fb,1716109410000,,664723630000000016011ca8,云鲸逍遥001还是石头v20？ 纠结,59c6130d51783a33037eb048,想当美少女不想当暴龙妈,https://sns-avatar-qc.xhscdn.com/avatar/66c06c093c4fd2842f35a023.jpg?imageView2/2/w/120/format/jpg,1,,0,1763798130321,1
66474b30000000000d03181a,1715948336000,,664723630000000016011ca8,求洗地机！,5c5683ed000000001003ec27,momo,https://sns-avatar-qc.xhscdn.com/avatar/1040g2jo31e356vtagu005n2mgfmk7r17llt5b70?imageView2/2/w/120/format/jpg,0,,0,1763798130339,3
664be373000000001c035c66,1716249460000,,664723630000000016011ca8,石头p10spro和v20哪个更好呢,568d50ca82ec39657536703f,呱毛,https://sns-avatar-qc.xhscdn.com/avatar/62614b3d5e64ec56154bbade.jpg?imageView2/2/w/120/format/jpg,0,,0,1763798130355,2
66497ad5000000000d033284,1716091606000,,664723630000000016011ca8,同纠结！,58cb4da45e87e742c89f56e6,鸡丁儿,https://sns-avatar-qc.xhscdn.com/avatar/60583377ef969d7e097f5396.jpg?imageView2/2/w/120/format/jpg,0,,6648a8840000000002000e6d,1763798132378,0
6649c073000000000800071b,1716109427000,,664723630000000016011ca8,同纠结,59c6130d51783a33037eb048,想当美少女不想当暴龙妈,https://sns-avatar-qc.xhscdn.com/avatar/66c06c093c4fd2842f35a023.jpg?imageView2/2/w/120/format/jpg,0,,6648a8840000000002000e6d,1763798132566,0
664e09d6000000001c00f79c,1716390359000,,664723630000000016011ca8,云鲸  石头后期发臭,5a3cc77d4eacab57c64ba939,账号找回,https://sns-avatar-qc.xhscdn.com/avatar/1040g2jo30u81loh85a004a0dv03nra9phpb99l0?imageView2/2/w/120/format/jpg,0,,6648a8840000000002000e6d,1763798132568,0
664eb0dc000000001c00ceff,1716433116000,,664723630000000016011ca8,同纠结,5667cea70cdc2b24079c2dc7,lucky aura,https://sns-avatar-qc.xhscdn.com/avatar/63552091f74c5e73240b1ca2.jpg?imageView2/2/w/120/format/jpg,0,,6648a8840000000002000e6d,1763798132576,0
6647f4180000000002000063,1715991576000,,664723630000000016011ca8,同问题,5ac1079811be1048944a3d55,IIIusion,https://sns-avatar-qc.xhscdn.com/avatar/1040g2jo30nn2au9ong004a475e3pgfalmurkplo?imageView2/2/w/120/format/jpg,0,,66475d54000000001c037164,1763798134582,0
664eb108000000001c00f0ba,1716433160000,,664723630000000016011ca8,同问，不想刮地板。[笑哭R],5667cea70cdc2b24079c2dc7,lucky aura,https://sns-avatar-qc.xhscdn.com/avatar/63552091f74c5e73240b1ca2.jpg?imageView2/2/w/120/format/jpg,0,,66475d54000000001c037164,1763798134822,1
66670561000000000502ee95,1718027618000,,664723630000000016011ca8,有,5c939569000000001102d38c,豆沙包的妈妈,https://sns-avatar-qc.xhscdn.com/avatar/5c93965b4ab84d0001a28059.jpg?imageView2/2/w/120/format/jpg,0,,665c45140000000012025255,1763798136829,0
667b68f5000000001701037c,1719363829000,,664723630000000016011ca8,都住別墅了建议每个房间装一台[偷笑R],5e46b2040000000001003561,地中海的狼,https://sns-avatar-qc.xhscdn.com/avatar/63eee8664dfe1e3b8b59fb96.jpg?imageView2/2/w/120/format/jpg,0,,665c45140000000012025255,1763798137051,0
670b8994000000002a02edfd,1728809364000,,664723630000000016011ca8,机器人不会上下楼梯[哭惹R]手动拎着走太痛苦了,608e43bd00000000010031e0,juan,https://sns-avatar-qc.xhscdn.com/avatar/62e7ab195fce95f2f9d881d5.jpg?imageView2/2/w/120/format/jpg,0,,665c45140000000012025255,1763798137054,0
664755b9000000001c036fba,1715951034000,,664723630000000016011ca8,+1,5ccd8575000000001102dca5,陶陶,https://sns-avatar-qc.xhscdn.com/avatar/5e418eb4b58ac600019fffd2.jpg?imageView2/2/w/120/format/jpg,0,,66474b35000000001c03475e,1763798139062,0
666920d0000000002101eab1,1718165712000,,664723630000000016011ca8,同问，看配置美的的确更好，但不明白没人讲,60f28ddf0000000001016dfb,小红薯60F2D1CD,https://sns-avatar-qc.xhscdn.com/avatar/53ba1722242c3e9344db7b0fc2e1005f.jpg?imageView2/2/w/120/format/jpg,0,,66511ef60000000010029a9d,1763798139067,0
6669baf3000000002100eee3,1718205171000,,664723630000000016011ca8,大品牌，有自信，所以没给广告费,627d98d6000000002102b257,闲人马大姐,https://sns-avatar-qc.xhscdn.com/avatar/63da8622905230158dfb7c79.jpg?imageView2/2/w/120/format/jpg,0,,666920d0000000002101eab1,1763798139306,0
6653eabc000000001002bdd5,1716775613000,,664723630000000016011ca8,所以还是追觅？,5644fdb7b7ba227241ea6403,Rita_银酱。,https://sns-avatar-qc.xhscdn.com/avatar/62ac5980dcee0d53de59be23.jpg?imageView2/2/w/120/format/jpg,0,,6653c0cb000000000e0324f2,1763798141312,0
66548787000000000e0311cf,1716815752000,,664723630000000016011ca8,可以，扫地机器人+送的戴森,5668e84b0bf90c2b89a6472c,大力金刚,https://sns-avatar-qc.xhscdn.com/avatar/6447e59fc5fb9dcd402971af.jpg?imageView2/2/w/120/format/jpg,0,,6653eabc000000001002bdd5,1763798141558,0
67389327000000001a031702,1731760935000,,664723630000000016011ca8,洗地机和扫地机器人选哪个啊？好纠结,5a7547cce8ac2b7f7b63436b,贝壳壳呀,https://sns-avatar-qc.xhscdn.com/avatar/5a754893d2c8a55f38b7ad5c.jpg?imageView2/2/w/120/format/jpg,0,,6673b83f000000001303c3ae,1763798143566,0
664e09ec000000001c035362,1716390380000,,664723630000000016011ca8,001我准备买这个,5a3cc77d4eacab57c64ba939,账号找回,https://sns-avatar-qc.xhscdn.com/avatar/1040g2jo30u81loh85a004a0dv03nra9phpb99l0?imageView2/2/w/120/format/jpg,0,,6649c06200000000100293fb,1763798143569,1
67d7e8e7000000001702bdaa,1742203111000,,664723630000000016011ca8,学长。麻烦多出点扫地机和洗地机的测评品牌推荐，谢谢[飞吻R],5ad8a9a5e8ac2b6a2a70e2b0,嘻嘻💭,https://sns-avatar-qc.xhscdn.com/avatar/1040g2jo319is2d9on2004a4lo9kqbolguaucef0?imageView2/2/w/120/format/jpg,0,,0,1763798143841,0
670ca51f0000000027010943,1728881952000,,664723630000000016011ca8,[害羞R]学长，云鲸J5怎么样？是否能买？,58b9086a50c4b410d1dda7b3,梓🔅紫李李,https://sns-avatar-qc.xhscdn.com/avatar/1040g2jo31ojsints6m6049816c46l9tjv3fsc4o?imageView2/2/w/120/format/jpg,0,,0,1763798143843,1
66dec96500000000200266d2,1725876582000,,664723630000000016011ca8,请问家里没有预留上下水，但是想要个机器人，有推荐的吗,5c0771060000000007019183,雇了加菲猫的鱼,https://sns-avatar-qc.xhscdn.com/avatar/5c08e6d47569ba0001e640e1.jpg?imageView2/2/w/120/format/jpg,0,,0,1763798143853,0
668ccd4d0000000005023e8b,1720503629000,,664723630000000016011ca8,家里200平，小孩东西多，选哪个好？,5a07178de8ac2b7ca2d15c31,Lena.Lan,https://sns-avatar-qc.xhscdn.com/avatar/1040g2jo30p8c5a2ik67049veb1boqn1h6ko33j0?imageView2/2/w/120/format/jpg,0,,0,1763798143856,0
66853c7b000000002300db6c,1720007803000,,664723630000000016011ca8,1.2K的性价比高的有吗 家里不常住人 要是没有动物,570b2c141c07df6c54debe34,Sara wu,https://sns-avatar-qc.xhscdn.com/avatar/5bfbeb8638fee70001b80c62.jpg?imageView2/2/w/120/format/jpg,0,,0,1763798143868,0
666bf8e600000000120278a6,1718352102000,,664723630000000016011ca8,科沃斯的T30pro怎么样？,56b3ff0bb8ce1a335bd21fc0,小熊🐻 麻麻,https://sns-avatar-qc.xhscdn.com/avatar/be4e54a984a21be925a215a08fb36c8b.jpg?imageView2/2/w/120/format/jpg,0,,0,1763798143874,2
666ae4320000000015009bf0,1718281267000,,664723630000000016011ca8,科沃斯灵尘呢？,626e9e76000000002102731e,昵称,https://sns-avatar-qc.xhscdn.com/avatar/c94b2589011be6d87bfbbbf21db9e2a0.jpg?imageView2/2/w/120/format/jpg,0,,0,1763798143885,1
66696601000000002101fd82,1718183425000,,664723630000000016011ca8,看完这个视频果断关注,5fddb5ea0000000001000992,米嘉,https://sns-avatar-qc.xhscdn.com/avatar/5fddb5ea0000000001000992.jpg?imageView2/2/w/120/format/jpg,0,,0,1763798143898,2
6665d3ea000000000502deb1,1717949418000,,664723630000000016011ca8,扫地机出了，洗地机也出一个吧[doge],60757788000000000100b0a9,橙子🍊,https://sns-avatar-qc.xhscdn.com/avatar/1040g2jo31co51tqah0605o3leu409c59q3b1ejg?imageView2/2/w/120/format/jpg,0,,0,1763798143907,1
6660d5650000000005025922,1717622117000,,664723630000000016011ca8,石头v20和科沃斯X5pro，推荐哪个。,5b5064e111be10652cc5fd40,两只小肥杨,https://sns-avatar-qc.xhscdn.com/avatar/1040g2jo30ni1pqi2n20g4a79tcie3va0sg916vo?imageView2/2/w/120/format/jpg,0,,0,1763798143921,0
665c7b8f000000000f006a45,1717336975000,,664723630000000016011ca8,拖地能力强的是哪个,63db31ef0000000026010126,暴雨星空,https://sns-avatar-qc.xhscdn.com/avatar/53ba1722242c3e9344db7b0fc2e1005f.jpg?imageView2/2/w/120/format/jpg,0,,0,1763798146159,0
665bd65d000000000e030034,1717294685000,,664723630000000016011ca8,@烟囱,58384f8482ec3950026dc057,瀞瀞瀞之呀,https://sns-avatar-qc.xhscdn.com/avatar/63bbfd6544c34144957a365a.jpg?imageView2/2/w/120/format/jpg,0,,0,1763798146167,0
6652b3a6000000000e031c91,1716695975000,,664723630000000016011ca8,科沃斯x2s怎么没有,59a8167b50c4b46dfa340d7a,咯嘣脆～,https://sns-avatar-qc.xhscdn.com/avatar/63c157972d4e251353c9e9fb.jpg?imageView2/2/w/120/format/jpg,0,,0,1763798146171,0
6651ecc1000000001c00d0c8,1716645058000,,664723630000000016011ca8,刚问一下支持homekit的，有吗？[拔草R][拔草R],5c0210d90000000005000c3c,PuushgzO,https://sns-avatar-qc.xhscdn.com/avatar/1040g2jo31f45fvhtms004bunnk8di31skhjljb0?imageView2/2/w/120/format/jpg,0,,0,1763798146176,1
6650beea000000001c00cacf,1716567786000,,664723630000000016011ca8,求测即热净水机,5f2ebd85000000000100b8e4,Daisy,https://sns-avatar-qc.xhscdn.com/avatar/1040g2jo30vohvsndm0005npenm2g9e74154s23g?imageView2/2/w/120/format/jpg,0,,0,1763798146188,0
664d6602000000000d0301ed,1716348418000,,664723630000000016011ca8,求推荐？,55faa837b7ba223669aec623,依然,https://sns-avatar-qc.xhscdn.com/avatar/672ae5799595d870d1e35e7a.jpg?imageView2/2/w/120/format/jpg,0,,0,1763798146195,0
664c6e850000000008002c73,1716285062000,,664723630000000016011ca8,云鲸001看评论有点塌房啦,5bcbf1c6f7e8b9255a619aa8,小红薯_2022,https://sns-avatar-qc.xhscdn.com/avatar/1040g2jo30v2a2rnn5i604bi0qnosd6l8ffrk4p0?imageView2/2/w/120/format/jpg,0,,0,1763798146207,1
664c6c58000000001c036807,1716284504000,,664723630000000016011ca8,能把视频里的表格放在评论区就好了，看着会方便很多,621f5ae80000000021025af1,臭咸鱼🐟,https://sns-avatar-qc.xhscdn.com/avatar/621f5ae80000000021025af1.jpg?imageView2/2/w/120/format/jpg,0,,0,1763798146212,2
664c40b3000000001002bf51,1716273331000,,664723630000000016011ca8,女生容易掉发，5000左右预算。哪一款方便清理？,61efa3b9000000000201ce86,康斯藤,https://sns-avatar-qc.xhscdn.com/avatar/61f63903996724000142d6a7.jpg?imageView2/2/w/120/format/jpg,0,,0,1763798146222,2
664bf62c000000001c00d588,1716254253000,,664723630000000016011ca8,想要洗地机测评,5b219f2e11be1072fd43a9f0,袁碌碌的慢生活,https://sns-avatar-qc.xhscdn.com/avatar/5b219f2e11be1072fd43a9f0.jpg?imageView2/2/w/120/format/jpg,0,,0,1763798146230,2
664b61c6000000001c035987,1716216262000,,664723630000000016011ca8,扫地机器人都来了 洗地机还会远吗,5f4379bc000000000101e832,frank,https://sns-avatar-qc.xhscdn.com/avatar/5f4379bc000000000101e832.jpg?imageView2/2/w/120/format/jpg,0,,0,1763798148433,0
664b35af000000001c00f1c4,1716204975000,,664723630000000016011ca8,科沃斯T30和云鲸就4哪款性价比高,5b5a7a6b6b58b7707a2c9ec5,still岚,https://sns-avatar-qc.xhscdn.com/avatar/1040g2jo30usp4vvple304a7iest6n7m5cg98k2g?imageView2/2/w/120/format/jpg,0,,0,1763798148437,2
664a9aeb000000001c00d1c3,1716165356000,,664723630000000016011ca8,学长永远说的最全面,568c94c64775a76bfe70e018,左左妈,https://sns-avatar-qc.xhscdn.com/avatar/568c94c64775a76bfe70e018.jpg?imageView2/2/w/120/format/jpg,0,,0,1763798148445,0
664945d7000000001c035a2a,1716078040000,,664723630000000016011ca8,学长，求更电视呀[偷笑R][偷笑R][偷笑R],5773e7085e87e71fdf8debf5,纯墨,https://sns-avatar-qc.xhscdn.com/avatar/63d9de51f8ac785749bb8c80.jpg?imageView2/2/w/120/format/jpg,0,,0,1763798148453,0
6648c65e000000001c03565b,1716045406000,,664723630000000016011ca8,石头刮地板的事说说吧,6277a9cb00000000210260aa,VAE,https://sns-avatar-qc.xhscdn.com/avatar/1040g2jo3119uqbhe6e505ojnl75oco5a43phe10?imageView2/2/w/120/format/jpg,0,,0,1763798148458,0
6648b9c9000000001c035a8a,1716042186000,,664723630000000016011ca8,石頭就是噁心,619712ff0000000010006d34,Momo,https://sns-avatar-qc.xhscdn.com/avatar/1040g2jo312ld05v120005ocn2bvk0r9kp6ca9mo?imageView2/2/w/120/format/jpg,0,,0,1763798148469,0
6647c1c0000000000200045b,1715978689000,,664723630000000016011ca8,净水器呢,5839a9f482ec395834171138,不发胖只发财💰的柒柒🎈,https://sns-avatar-qc.xhscdn.com/avatar/1040g2jo31dep2bel100048ter2kv849or27bnbg?imageView2/2/w/120/format/jpg,0,,0,1763798148480,0
664786e90000000002002243,1715963625000,,664723630000000016011ca8,5000以内，有推荐款吗,5df7611f00000000010066d3,想吃兔子的小狮子,https://sns-avatar-qc.xhscdn.com/avatar/1040g2jo31j1lesmohc005nfnc4fg8pmjvc2bm3g?imageView2/2/w/120/format/jpg,0,,0,1763798148487,1
664757c2000000001c00eeb3,1715951555000,,664723630000000016011ca8,3k多推荐哪个呢[哭惹R],5ee82dba000000000101e64c,脆脆薯条,https://sns-avatar-qc.xhscdn.com/avatar/1040g2jo31p1870q6240g5nn85mt0bpicj9mp0k8?imageView2/2/w/120/format/jpg,0,,0,1763798148492,1
66474824000000000d031b22,1715947556000,,664723630000000016011ca8,没链接呢,5f9cf406000000000101ea75,到处溜达的土豆🥔,https://sns-avatar-qc.xhscdn.com/avatar/1040g2jo31neuhgttlm005nssug30bqjl1luui88?imageView2/2/w/120/format/jpg,0,,0,1763798148500,2
6858fd1f000000001e01fc71,1750662432000,,664723630000000016011ca8,客服叫的顺丰上门取机寄回厂里维修5天过去了跟客服联系追踪进度，客服居然说没收到，顺丰的时效性不可能这么差，向客服要快递单号居然给个假的，到顺丰APP查居然没有这个单号，追问客服才给个真的顺丰单号，结果一查前天就收到了，追觅居然连这种白纸黑字的事情都要明目张胆的耍赖，真是无耻至极！追觅不仅产品质量查，品德也同样恶劣，大家千万别买这种无赖公司的产品，买追觅的扫地机简直就是经历一场噩梦。,5ac1e62a11be103195212eb8,小红薯_3311,https://sns-avatar-qc.xhscdn.com/avatar/5ac1e62a11be103195212eb8.jpg?imageView2/2/w/120/format/jpg,0,,0,1763798150721,0
66dbdda20000000015038e30,1725685154000,,664723630000000016011ca8,家有宠物，掉毛厉害，选哪款合适？,6048ed8a0000000001006884,超有钱,https://sns-avatar-qc.xhscdn.com/avatar/1040g2jo31icfq41k08dg5o28tm508q447o0nkc0?imageView2/2/w/120/format/jpg,1,,0,1763798150729,0
6724e9d10000000019003de9,1730472401000,,664723630000000016011ca8,同问,6574767e000000001c01b36b,嘉慧🎶,https://sns-avatar-qc.xhscdn.com/avatar/1040g2jo30th037jekk5g5pbkepv73crb5o8lnfg?imageView2/2/w/120/format/jpg,0,,66dbdda20000000015038e30,1763798152738,0
68eeede30000000037026c5a,1760488931000,,68d144e7000000000e031db3,请问80平方无越障，主要打扫灰尘，推荐哪款呢,5c4d92040000000010020693,达拉崩吧啦,https://sns-avatar-qc.xhscdn.com/avatar/1040g2jo31jtvm8m6iuc05n2di82441kj6tr2fs8?imageView2/2/w/120/format/jpg,17,,0,1763798155025,2
68e5b42d00000000320031d5,1759884333000,,68d144e7000000000e031db3,套内134 3室一厅 预算最好2500以内 打算双11买 自己一个人住 柔光转 目前感觉灰尘有点多 有推荐吗,5d00b87200000000170351ef,未来,https://sns-avatar-qc.xhscdn.com/avatar/1040g2jo31adgds847e005n80n1p5ukff9815c00?imageView2/2/w/120/format/jpg,17,,0,1763798155034,1
68d146c7000000003002621d,1758545608000,,68d144e7000000000e031db3,p20plus出的比p20pro晚，商品描述也是主打性价比，为啥不选[笑哭R],5ef6c2bd000000000100353a,不是没有人。,https://sns-avatar-qc.xhscdn.com/avatar/5ef6c2bd000000000100353a.jpg?imageView2/2/w/120/format/jpg,12,,0,1763798155039,3
68ea076500000000390001e6,1760167782000,,68d144e7000000000e031db3,请问你家的p20 pro处理污渍效果怎么样？重污复拖自己能识别拖干净吗？,59d466296eea8857fbabd23a,Kelly_小花儿,https://sns-avatar-qc.xhscdn.com/avatar/d784fc20c996f3d2f39d034c404f234e.jpg?imageView2/2/w/120/format/jpg,9,,0,1763798155051,0
68e79b220000000038032a2c,1760008996000,,68d144e7000000000e031db3,这个价格可以入么[呃R],6313b77b0000000012000c9a,A  阿 卡卡,https://sns-avatar-qc.xhscdn.com/avatar/1040g2jo31el9h98h5edg5oojmttkg34qq8h7id0?imageView2/2/w/120/format/jpg,7,http://sns-webpic-qc.xhscdn.com/202511221555/a29b9286f241bb085fe48c67e1eac1bb/comment/1040g2h031ndrtqvpmm405oojmttkg34q6dn901o!nd_whgt34_webp_wm_1,0,1763798155057,1
68ef6ea70000000039032757,1760521896000,,68d144e7000000000e031db3,p20ultra上下水2986是好价吗,5a9b756ee8ac2b553b7273ec,momo,https://sns-avatar-qc.xhscdn.com/avatar/1040g2jo31kqpbufd2a004a32qgqmssvc9jc1p0g?imageView2/2/w/120/format/jpg,5,,0,1763798155065,2
68f085630000000033025c95,1760593251000,,68d144e7000000000e031db3,极光增强是哪个？这个怎么样？,554d7b914fac6328e53d30f0,Jolin(⊙o⊙)…,https://sns-avatar-qc.xhscdn.com/avatar/554d7b914fac6328e53d30f0.jpg?imageView2/2/w/120/format/jpg,5,,0,1763798155071,0
68e7f799000000003802f693,1760032665000,,68d144e7000000000e031db3,您家那个100m2是指的套内面积吗,5fb148ff000000000100097e,水水稻,https://sns-avatar-qc.xhscdn.com/avatar/5fb149ccc78f0e00015109bc.jpg?imageView2/2/w/120/format/jpg,4,,0,1763798155079,0
68e9b714000000003800436b,1760147221000,,68d144e7000000000e031db3,套内110，磨砂砖，打扫日常灰尘，不需要越障，有点头发，哪个好一些？要水箱版。,57a97c755e87e70bf005532d,💋太阳的宝宝是阳光,https://sns-avatar-qc.xhscdn.com/avatar/57a97c755e87e70bf005532d.jpg?imageView2/2/w/120/format/jpg,3,,0,1763798155085,1
68e950be0000000033006c40,1760121023000,,68d144e7000000000e031db3,143 3室2厅 客厅瓷砖，卧室木地板，客厅和阳台有2cm高低差，请问有推荐吗,5886963482ec390d2d7664e5,song a song,https://sns-avatar-qc.xhscdn.com/avatar/529594cd91bbf4c43608131bf9134bdc.jpg?imageView2/2/w/120/format/jpg,3,,0,1763798155092,1
68eef20d000000003900b2f8,1760489998000,,68d144e7000000000e031db3,plus或者加钱ultra/ultra plus,5b02fc4be8ac2b1bd3c8b5d7,星屑,https://sns-avatar-qc.xhscdn.com/avatar/1040g2jo30ovdcsm4k4604a5hcnu4ndenk6pjqf0?imageView2/2/w/120/format/jpg,0,,68eeede30000000037026c5a,1763798157104,1
68eef3240000000033021fc3,1760490276000,,68d144e7000000000e031db3,请问新出的那个活水版怎么样呀,5c4d92040000000010020693,达拉崩吧啦,https://sns-avatar-qc.xhscdn.com/avatar/1040g2jo31jtvm8m6iuc05n2di82441kj6tr2fs8?imageView2/2/w/120/format/jpg,0,,68eef20d000000003900b2f8,1763798157379,0
68eef4b10000000038015f56,1760490673000,,68d144e7000000000e031db3,石头的第一个滚筒，肯定很快就换代了。要滚筒就等换代，或者看其他牌子,5b02fc4be8ac2b1bd3c8b5d7,星屑,https://sns-avatar-qc.xhscdn.com/avatar/1040g2jo30ovdcsm4k4604a5hcnu4ndenk6pjqf0?imageView2/2/w/120/format/jpg,0,,68eef3240000000033021fc3,1763798157380,1
68ef5ec40000000039025422,1760517829000,,68d144e7000000000e031db3,博主，我和他情况差不多，主要需求就是拖得干净➕方便不发臭➕性价比高点，看到你前面说不推荐plus，因为没有除臭，但是这里还是推荐了plus，而不是pro是为啥呀。,62ce8ac7000000001501c0c8,Ann的平行宇宙,https://sns-avatar-qc.xhscdn.com/avatar/1040g2jo31cgem27uh65g5omehb3lbg68ieenb98?imageView2/2/w/120/format/jpg,0,,68eef20d000000003900b2f8,1763798157385,0
68ef76d30000000039006a37,1760523987000,,68d144e7000000000e031db3,没门槛，便宜,5b02fc4be8ac2b1bd3c8b5d7,星屑,https://sns-avatar-qc.xhscdn.com/avatar/1040g2jo30ovdcsm4k4604a5hcnu4ndenk6pjqf0?imageView2/2/w/120/format/jpg,0,,68ef5ec40000000039025422,1763798157390,0
68ef85ea0000000033026156,1760527852000,,68d144e7000000000e031db3,我下手了，不保价，希望双11不会更便宜[笑哭R],5da1bddb00000000010005db,家の炼金术士,https://sns-avatar-qc.xhscdn.com/avatar/1040g2jo31hlctltcji605nd1nndg81er339dg8g?imageView2/2/w/120/format/jpg,0,http://sns-webpic-qc.xhscdn.com/202511221555/b63e56e4bd9bcbd5a1e9ff40dd1a3665/comment/1040g2h031nljaunn6g6g5nd1nndg81ert9ka39o!nd_whgt34_webp_wm_1,68eeede30000000037026c5a,1763798157396,2
